date,fund,daily_return,growth,drawdown
2021-01-04,Combined Minimum-Variance,-0.007852714344468827,0.9921472856555311,0.0
2021-01-05,Combined Minimum-Variance,-0.01939993161655496,0.9728996961602632,-0.019399931616554955
2021-01-06,Combined Minimum-Variance,-0.0022985154041214166,0.9706634712219738,-0.02165385597901681
2021-01-07,Combined Minimum-Variance,-0.008868055577715675,0.962055573611919,-0.03032988395843872
2021-01-08,Combined Minimum-Variance,0.001474607325970558,0.9634742278087579,-0.028900001301549016
2021-01-11,Combined Minimum-Variance,0.005931915544564108,0.9691894755574836,-0.023139518123943548
2021-01-12,Combined Minimum-Variance,-0.003210489213202376,0.966077903200657,-0.026275718163810247
2021-01-13,Combined Minimum-Variance,-0.014125878072943791,0.9524312045310793,-0.04003042864569306
2021-01-14,Combined Minimum-Variance,-0.004060165919628731,0.9485641758136513,-0.043928064383186416
2021-01-15,Combined Minimum-Variance,0.0032203222476431662,0.9516188581323414,-0.040849204658572225
2021-01-19,Combined Minimum-Variance,-0.01999569548366533,0.9325905772286138,-0.060028091885134804
2021-01-20,Combined Minimum-Variance,0.02119789162160028,0.9523595312120315,-0.04010266924956718
2021-01-21,Combined Minimum-Variance,-0.0036957763055976297,0.9488398234221681,-0.04365023506036092
2021-01-22,Combined Minimum-Variance,-0.005796284894451915,0.9433400774864118,-0.049193510756693204
2021-01-25,Combined Minimum-Variance,-0.002583926800976658,0.9409025557777593,-0.05165032512679146
2021-01-26,Combined Minimum-Variance,0.013218931218931676,0.9533402819463025,-0.03911415600314638
2021-01-27,Combined Minimum-Variance,-0.019305507738139285,0.9349355637561082,-0.05766454509989616
2021-01-28,Combined Minimum-Variance,0.0025885444458019543,0.9373556860168518,-0.05522526789203219
2021-01-29,Combined Minimum-Variance,-0.018082447575874513,0.9204060009645042,-0.07230910745638541
2021-02-01,Combined Minimum-Variance,-0.0032981755536423867,0.9173703403926973,-0.07536879487950954
2021-02-02,Combined Minimum-Variance,0.0046027679958382745,0.921592783235788,-0.07111293196062762
2021-02-03,Combined Minimum-Variance,-0.011803019803910879,0.9107152053641147,-0.08207660442029296
2021-02-04,Combined Minimum-Variance,0.010661317947130253,0.9204246297277875,-0.07229033124890838
2021-02-05,Combined Minimum-Variance,0.019310397506978248,0.9381983952030443,-0.0543758887742577
2021-02-08,Combined Minimum-Variance,-0.004503314366262986,0.9339733928915216,-0.0586343314194252
2021-02-09,Combined Minimum-Variance,-0.0015501767577931437,0.932525569045464,-0.06009361459944318
2021-02-10,Combined Minimum-Variance,-0.019295062284283262,0.9145324301090452,-0.07822916684714232
2021-02-11,Combined Minimum-Variance,-0.0034265969966047476,0.9113986960307359,-0.08138770401558182
2021-02-12,Combined Minimum-Variance,-0.0008266464920890159,0.9106452914957676,-0.08214707164764712
2021-02-16,Combined Minimum-Variance,-0.010235063391483064,0.9013247792101529,-0.09154135455339174
2021-02-17,Combined Minimum-Variance,0.014934581001630814,0.9147856871340438,-0.07797390532633763
2021-02-18,Combined Minimum-Variance,-0.01391078175928058,0.9020603030838086,-0.09080000910570485
2021-02-19,Combined Minimum-Variance,-0.00940060479221394,0.893580390675773,-0.09934703889718655
2021-02-22,Combined Minimum-Variance,0.007035484617797903,0.8998671617691382,-0.0930105088433737
2021-02-23,Combined Minimum-Variance,0.00047426518361341736,0.9002939374338422,-0.09258035530581488
2021-02-24,Combined Minimum-Variance,-0.011315090630844666,0.8901070299373783,-0.10284789082573842
2021-02-25,Combined Minimum-Variance,0.013865187345272005,0.9024485306648037,-0.09040870875483142
2021-02-26,Combined Minimum-Variance,-0.01857806872914858,0.8856827798375938,-0.10730715827901915
2021-03-01,Combined Minimum-Variance,0.00280907834797861,0.8881707321576131,-0.10479951414594524
2021-03-02,Combined Minimum-Variance,0.0106049196948888,0.8975897114474951,-0.09530598488263764
2021-03-03,Combined Minimum-Variance,-0.00113980904480549,0.8965666305758629,-0.09633716330384978
2021-03-04,Combined Minimum-Variance,0.009816509698867259,0.9053677856005915,-0.08746634830291622
2021-03-05,Combined Minimum-Variance,0.016302646086499072,0.9201276761873552,-0.07258963513727812
2021-03-08,Combined Minimum-Variance,-0.006482530893222146,0.914162920100762,-0.07860160147819506
2021-03-09,Combined Minimum-Variance,-0.0061409859184666255,0.9085490584812389,-0.08425989606881523
2021-03-10,Combined Minimum-Variance,0.010232491565023056,0.9178457790585579,-0.07488959317958599
2021-03-11,Combined Minimum-Variance,-0.014259354789722043,0.904757890452713,-0.0880810706901024
2021-03-12,Combined Minimum-Variance,0.006101045108651086,0.9102778591547731,-0.08251741216694986
2021-03-15,Combined Minimum-Variance,0.010717004906352625,0.9200333114374789,-0.07268474677165004
2021-03-16,Combined Minimum-Variance,0.012456174049491547,0.9314934064960741,-0.061133946578689424
2021-03-17,Combined Minimum-Variance,-0.018953632021427302,0.9138382232389618,-0.07892886827264667
2021-03-18,Combined Minimum-Variance,-0.0010685158425651198,0.9128617726198894,-0.07991304736902671
2021-03-19,Combined Minimum-Variance,-0.013832249987879644,0.9002348403766322,-0.09263992010840472
2021-03-22,Combined Minimum-Variance,0.008222220255468333,0.9076367695158551,-0.08517940568051674
2021-03-23,Combined Minimum-Variance,0.004847751301986127,0.9120367668470062,-0.08074458295332065
2021-03-24,Combined Minimum-Variance,-0.0034402590872142876,0.9088991240719873,-0.08390705975528645
2021-03-25,Combined Minimum-Variance,-0.01239075764474254,0.8976371753020925,-0.09525814535791821
2021-03-26,Combined Minimum-Variance,0.012380360666544058,0.9087502472800303,-0.08405711488733125
2021-03-29,Combined Minimum-Variance,0.00685294770324595,0.9149778651999522,-0.07778020619649395
2021-03-30,Combined Minimum-Variance,-0.002558287842428512,0.91263708845132,-0.08013950988302831
2021-03-31,Combined Minimum-Variance,-0.008146803071590276,0.9052020138158775,-0.08763343214934782
2021-04-01,Combined Minimum-Variance,0.014083774532833427,0.9179506748851272,-0.07478386711644414
2021-04-05,Combined Minimum-Variance,0.01483520540557124,0.9315686616992307,-0.06105809574056831
2021-04-06,Combined Minimum-Variance,-0.0012302674784052526,0.9304225830708406,-0.06221324542949069
2021-04-07,Combined Minimum-Variance,0.0026917012180985547,0.9329270026710387,-0.0596890036798966
2021-04-08,Combined Minimum-Variance,8.05000149540513e-05,0.9330021033087047,-0.05961330863063141
2021-04-09,Combined Minimum-Variance,0.003499860135313975,0.936267480176239,-0.05632208673772798
2021-04-12,Combined Minimum-Variance,-0.0032647614274167376,0.9332107902212149,-0.05940296998885175
2021-04-13,Combined Minimum-Variance,-0.0010716474946890935,0.9322107172158575,-0.060410958439575224
2021-04-14,Combined Minimum-Variance,-0.002806581004560061,0.9295943923246721,-0.06304799119571147
2021-04-15,Combined Minimum-Variance,0.009431511497128477,0.9383618725235483,-0.054211117552416366
2021-04-16,Combined Minimum-Variance,0.012347997249946303,0.9499487623449235,-0.042532519032923766
2021-04-19,Combined Minimum-Variance,0.0007138449734392525,0.9506268784939482,-0.04184903568440401
2021-04-20,Combined Minimum-Variance,0.001653375600426877,0.9521986217799601,-0.04026485225847909
2021-04-21,Combined Minimum-Variance,-0.007368034871733792,0.9451827891298685,-0.04733621429466717
2021-04-22,Combined Minimum-Variance,0.0010671315645339255,0.9461914235184031,-0.04631959669855268
2021-04-23,Combined Minimum-Variance,-0.0017680201143548213,0.9445185380495925,-0.04800572283425575
2021-04-26,Combined Minimum-Variance,-0.0013961587073554643,0.943199840268436,-0.049334857933673204
2021-04-27,Combined Minimum-Variance,-0.009068599606770802,0.9346463385678714,-0.05795605946718663
2021-04-28,Combined Minimum-Variance,-0.00291435428750414,0.931922448003766,-0.06070150926429574
2021-04-29,Combined Minimum-Variance,0.0047209127655481005,0.9363219725850478,-0.05626716302872159
2021-04-30,Combined Minimum-Variance,0.008264961875917897,0.9440606379920474,-0.048467247110102085
2021-05-03,Combined Minimum-Variance,-0.0047075794295221435,0.9396163975524146,-0.052946663124123106
2021-05-04,Combined Minimum-Variance,-0.013104432487727835,0.9273032579063268,-0.06535725963949046
2021-05-05,Combined Minimum-Variance,0.004759363542284947,0.9317166312246482,-0.06090895505595739
2021-05-06,Combined Minimum-Variance,0.005130076187809505,0.9364964085282799,-0.05609134644810487
2021-05-07,Combined Minimum-Variance,-0.003860258288008097,0.9328812905055688,-0.05973507765110109
2021-05-10,Combined Minimum-Variance,0.002881782039129226,0.9355696510531873,-0.05702543908585289
2021-05-11,Combined Minimum-Variance,-0.006090998277160769,0.9298710979204585,-0.06276909551178733
2021-05-12,Combined Minimum-Variance,-0.015594917255733151,0.9153698350898912,-0.07738513391679702
2021-05-13,Combined Minimum-Variance,0.012724912563149733,0.9270178362043549,-0.0656449404164261
2021-05-14,Combined Minimum-Variance,-0.00645078925301789,0.9210378395092119,-0.07167226799329074
2021-05-17,Combined Minimum-Variance,-0.003814254508486702,0.917524766777377,-0.07521314623045061
2021-05-18,Combined Minimum-Variance,-0.0055291171890097315,0.9124516648180461,-0.08032640111979805
2021-05-19,Combined Minimum-Variance,0.0012520035529277644,0.9135940575442731,-0.07917496650646616
2021-05-20,Combined Minimum-Variance,0.013415527750906856,0.925850403976322,-0.06682161271590381
2021-05-21,Combined Minimum-Variance,-0.00768606096660748,0.9187342613254018,-0.07399407869328989
2021-05-24,Combined Minimum-Variance,-0.0048895858370698155,0.9142420312931944,-0.07852186413115392
2021-05-25,Combined Minimum-Variance,-0.0030995010866058203,0.9114083371237803,-0.08137798661456297
2021-05-26,Combined Minimum-Variance,0.001710055652111792,0.9129668961020606,-0.07980709184841894
2021-05-27,Combined Minimum-Variance,-0.005099251296950259,0.9083114484730396,-0.08449938672875523
2021-05-28,Combined Minimum-Variance,-0.003699860500306766,0.9049508228228578,-0.0878866112858041
2021-06-01,Combined Minimum-Variance,-0.015721160454544494,0.8907239457337875,-0.10222609222251833
2021-06-02,Combined Minimum-Variance,0.0030303410661353188,0.8934231430851348,-0.09950553108167537
2021-06-03,Combined Minimum-Variance,0.002400539883601594,0.8955678409730433,-0.09734385819407432
2021-06-04,Combined Minimum-Variance,0.006268026593418645,0.9011812840164729,-0.09168598549252216
2021-06-07,Combined Minimum-Variance,-0.008903237119597998,0.8931578533571305,-0.09977292054273612
2021-06-08,Combined Minimum-Variance,-0.007207898862352901,0.8867200618820161,-0.10626166628461531
2021-06-09,Combined Minimum-Variance,0.012096933085751566,0.8974466551363964,-0.09545017346548923
2021-06-10,Combined Minimum-Variance,0.007882734952132795,0.9045209892525149,-0.08831984693191985
2021-06-11,Combined Minimum-Variance,0.0026499993238172466,0.9069179692624125,-0.08590389514275187
2021-06-14,Combined Minimum-Variance,0.0056673197334684245,0.9120577633662506,-0.0807234202494077
2021-06-15,Combined Minimum-Variance,-0.00494423681249203,0.907548333797496,-0.08526854135587236
2021-06-16,Combined Minimum-Variance,-0.010743539643833273,0.8977980522946478,-0.09509599504527688
2021-06-17,Combined Minimum-Variance,-0.0019294170580459096,0.89606582541787,-0.09684193226833071
2021-06-18,Combined Minimum-Variance,-0.011659753542238251,0.8856179187358754,-0.10737253274776615
2021-06-21,Combined Minimum-Variance,0.006603440353886841,0.8914660438385811,-0.10147812050952498
2021-06-22,Combined Minimum-Variance,-0.0008460558209728323,0.8907118138029918,-0.10223832017593937
2021-06-23,Combined Minimum-Variance,-0.007733560232671607,0.8838234403409942,-0.10918121420144311
2021-06-24,Combined Minimum-Variance,0.008709614821616318,0.8915212020766802,-0.10142252570127763
2021-06-25,Combined Minimum-Variance,0.01252778426803161,0.902689987366673,-0.0901653409551505
2021-06-28,Combined Minimum-Variance,0.002373888992914081,0.9048328731916966,-0.08800549447267214
2021-06-29,Combined Minimum-Variance,-0.0021982021411634366,0.9028438676324516,-0.09001024274745151
2021-06-30,Combined Minimum-Variance,0.008311280633391968,0.910347656384482,-0.08244706250141332
2021-07-01,Combined Minimum-Variance,0.0008204345665319857,0.9110945370693412,-0.08169427035486654
2021-07-02,Combined Minimum-Variance,0.007162104517067706,0.9176198913687613,-0.07511726874052582
2021-07-06,Combined Minimum-Variance,-0.0011393020703423442,0.9165744451267376,-0.0761709895510736
2021-07-07,Combined Minimum-Variance,0.0031859285861240154,0.9194945858527775,-0.07322773629799384
2021-07-08,Combined Minimum-Variance,-0.0054802058951396,0.9144555662028382,-0.07830663912098546
2021-07-09,Combined Minimum-Variance,0.009184591231989173,0.9228544667782285,-0.06984126236007338
2021-07-12,Combined Minimum-Variance,0.0038595722922845476,0.9264162903080168,-0.06625124746885203
2021-07-13,Combined Minimum-Variance,-0.0006640700826668004,0.925801084965528,-0.06687132208013535
2021-07-14,Combined Minimum-Variance,0.003877499567534198,0.9293908782721045,-0.06325311603504735
2021-07-15,Combined Minimum-Variance,-0.0010794198417838226,0.9283876753173247,-0.06426425920832834
2021-07-16,Combined Minimum-Variance,0.001789314289950948,0.9300488526513844,-0.06258993387571188
2021-07-19,Combined Minimum-Variance,-0.012131147174537187,0.918766293140361,-0.07396179335075825
2021-07-20,Combined Minimum-Variance,0.005086896029166268,0.9234399617486685,-0.06925113327449806
2021-07-21,Combined Minimum-Variance,-0.0024062840835961563,0.921217902866556,-0.07149077945832472
2021-07-22,Combined Minimum-Variance,-0.0040662916786147595,0.9174719621739389,-0.07526636877533033
2021-07-23,Combined Minimum-Variance,0.011870614646273987,0.9283629182856665,-0.06428921218861272
2021-07-26,Combined Minimum-Variance,-0.0025809353996136585,0.9259668735661744,-0.06670422128467557
2021-07-27,Combined Minimum-Variance,0.0004690181384337796,0.9264011688254656,-0.06626648863593443
2021-07-28,Combined Minimum-Variance,-0.0025138122125494644,0.9240723702535522,-0.0686137193400681
2021-07-29,Combined Minimum-Variance,-0.0027091404233302242,0.9215689284412156,-0.07113697556273912
2021-07-30,Combined Minimum-Variance,-0.0031218033484399664,0.9186919714745897,-0.07403670326266942
2021-08-02,Combined Minimum-Variance,0.0017705371720368036,0.9203185497597374,-0.07239725082585402
2021-08-03,Combined Minimum-Variance,0.00030917989396464214,0.9206030937513658,-0.07211045470622302
2021-08-04,Combined Minimum-Variance,-0.0027790802145122094,0.9180446639081027,-0.07468913418280165
2021-08-05,Combined Minimum-Variance,0.002874032459132433,0.920683154071108,-0.07202976071965506
2021-08-06,Combined Minimum-Variance,0.00032292625287965414,0.9209804668321416,-0.07173009476750036
2021-08-09,Combined Minimum-Variance,-0.001575810445271231,0.9195291761926168,-0.07319287218019666
2021-08-10,Combined Minimum-Variance,0.001631986843525852,0.9210298357104013,-0.07168033514110872
2021-08-11,Combined Minimum-Variance,0.008223939638784263,0.928604329484803,-0.06404589025181284
2021-08-12,Combined Minimum-Variance,0.0024379417262195935,0.9308682127268022,-0.061764088673830986
2021-08-13,Combined Minimum-Variance,0.004191990117805274,0.934770403075532,-0.057831013005381626
2021-08-16,Combined Minimum-Variance,0.00860096988385426,0.942810335160703,-0.049727445922739366
2021-08-17,Combined Minimum-Variance,0.004758774473243555,0.947296956916776,-0.04520531314977261
2021-08-18,Combined Minimum-Variance,-0.013156670553718046,0.9348336829380823,-0.05776723229110137
2021-08-19,Combined Minimum-Variance,0.0007480655102223704,0.9355329997740824,-0.057062380454977024
2021-08-20,Combined Minimum-Variance,0.0028517610420558,0.9382009163363957,-0.05437334768646973
2021-08-23,Combined Minimum-Variance,-0.003398118691536031,0.9350127982661767,-0.057586699288911136
2021-08-24,Combined Minimum-Variance,-0.00358376417721321,0.9316619328945145,-0.06096408631612871
2021-08-25,Combined Minimum-Variance,-0.00038772507394851713,0.931300704202688,-0.06132817408520208
2021-08-26,Combined Minimum-Variance,-0.005962768337299817,0.9257475738511631,-0.0669252567278823
2021-08-27,Combined Minimum-Variance,-0.0006966764586888079,0.9251026273097728,-0.06757530793571709
2021-08-30,Combined Minimum-Variance,0.003645794132427931,0.9284753610403124,-0.06417587946445824
2021-08-31,Combined Minimum-Variance,0.005522590096269537,0.9336029498738238,-0.059007706444538566
2021-09-01,Combined Minimum-Variance,-0.003739267959815652,0.9301119582761712,-0.06252632877826392
2021-09-02,Combined Minimum-Variance,0.006796519859372278,0.9364334826720349,-0.05615477035416683
2021-09-03,Combined Minimum-Variance,-0.007724498149635786,0.9292000039678777,-0.06344550108410862
2021-09-07,Combined Minimum-Variance,-0.015088778816059264,0.915179510632125,-0.0775769647674357
2021-09-08,Combined Minimum-Variance,0.005891295142588839,0.920571103237709,-0.07214269842055798
2021-09-09,Combined Minimum-Variance,-0.0077536577698594485,0.9134333099503817,-0.07933698639627029
2021-09-10,Combined Minimum-Variance,-0.006685727364129496,0.9073263438747391,-0.08549228829946265
2021-09-13,Combined Minimum-Variance,-0.0014071551850340488,0.9060495949054377,-0.08677914256773578
2021-09-14,Combined Minimum-Variance,-0.0019754267497509538,0.9042597602990605,-0.08858314347793794
2021-09-15,Combined Minimum-Variance,-0.0006249022093079199,0.9036946863770614,-0.08915268988517899
2021-09-16,Combined Minimum-Variance,-0.0034011364375685043,0.9006210974507873,-0.0922506058606718
2021-09-17,Combined Minimum-Variance,-0.008747629266711087,0.8927427979805094,-0.10019126102768428
2021-09-20,Combined Minimum-Variance,-0.010519886480684823,0.8833512450893055,-0.10965714681600114
2021-09-21,Combined Minimum-Variance,-0.005570285127847466,0.878430726786119,-0.11461661036977722
2021-09-22,Combined Minimum-Variance,-0.007857777363992804,0.8715282137053433,-0.12157375592726882
2021-09-23,Combined Minimum-Variance,0.003139785876921657,0.8742646256820742,-0.1188156856122119
2021-09-24,Combined Minimum-Variance,-0.0073207216488442245,0.8678643777100248,-0.12526659069917245
2021-09-27,Combined Minimum-Variance,-0.0019347158839664752,0.8661853067133406,-0.12695895132038282
2021-09-28,Combined Minimum-Variance,-0.008942947681764185,0.8584390568326903,-0.13476651174275722
2021-09-29,Combined Minimum-Variance,0.0018759862396072538,0.8600494766908497,-0.1331433456247394
2021-09-30,Combined Minimum-Variance,-0.013473929442292185,0.8484612307250369,-0.1448233110223731
2021-10-01,Combined Minimum-Variance,0.010167516706353977,0.8570879744631273,-0.1361282877503086
2021-10-04,Combined Minimum-Variance,0.004458883487125245,0.8609096298794746,-0.13227638443756384
2021-10-05,Combined Minimum-Variance,0.0025935154248323032,0.8631424122839536,-0.1300259298561115
2021-10-06,Combined Minimum-Variance,0.0047421167035759035,0.8672355343348102,-0.12590041128640428
2021-10-07,Combined Minimum-Variance,0.006208409300315815,0.8726196874917388,-0.12047364327043253
2021-10-08,Combined Minimum-Variance,-0.0008728185671309434,0.871858048826452,-0.12124131020486706
2021-10-11,Combined Minimum-Variance,-0.005618738895440518,0.866959306096208,-0.12617882583492535
2021-10-12,Combined Minimum-Variance,0.0001250196139592227,0.8670676930139746,-0.12606958104906174
2021-10-13,Combined Minimum-Variance,0.00045939772134627525,0.8674660219363982,-0.12566809940598034
2021-10-14,Combined Minimum-Variance,0.012951027823441326,0.8787005985223865,-0.11434460263446489
2021-10-15,Combined Minimum-Variance,-0.006367274756110598,0.8731056703832355,-0.1199838138887237
2021-10-18,Combined Minimum-Variance,0.003283077129591369,0.8759721436413872,-0.11709465287443155
2021-10-19,Combined Minimum-Variance,0.013381203341507527,0.8876937050169488,-0.10528031689324013
2021-10-20,Combined Minimum-Variance,0.005644024201330503,0.8927038697714331,-0.10023049734837886
2021-10-21,Combined Minimum-Variance,0.00783785627771326,0.8997007544012601,-0.09317823330352593
2021-10-22,Combined Minimum-Variance,0.0007736989405115212,0.9003968519217178,-0.09247662626340003
2021-10-25,Combined Minimum-Variance,0.002171770838322019,0.9023523075476383,-0.0905056934652233
2021-10-26,Combined Minimum-Variance,-0.004178492835312412,0.8985818348956228,-0.09430600890883634
2021-10-27,Combined Minimum-Variance,-0.0036019483206715074,0.8953451895644347,-0.09756827185908934
2021-10-28,Combined Minimum-Variance,0.017078177655292907,0.910636053774628,-0.08215638248412593
2021-10-29,Combined Minimum-Variance,-0.005760656167357755,0.9053901925752328,-0.08744376398003872
2021-11-01,Combined Minimum-Variance,0.005840348330948642,0.9106779866752968,-0.0821141176901028
2021-11-02,Combined Minimum-Variance,0.007309017292336333,0.9173341478276564,-0.0754052739039085
2021-11-03,Combined Minimum-Variance,0.0011916901449004124,0.9184273258912033,-0.07430344348079287
2021-11-04,Combined Minimum-Variance,-0.005123937396354395,0.9137213617702357,-0.07904665468441807
2021-11-05,Combined Minimum-Variance,-0.01993617321596576,0.8955052544308562,-0.09740694010045259
2021-11-08,Combined Minimum-Variance,0.0015378739164204729,0.8968824286036629,-0.09601886577649099
2021-11-09,Combined Minimum-Variance,-0.0004773186519051692,0.8964543298919243,-0.09645035283282621
2021-11-10,Combined Minimum-Variance,-0.002065716323501126,0.8946025095493932,-0.09831683008807324
2021-11-11,Combined Minimum-Variance,-0.0016338899706387472,0.8931408274813323,-0.09979008117608601
2021-11-12,Combined Minimum-Variance,0.0030315897433031078,0.8958484640532499,-0.09706101401935974
2021-11-15,Combined Minimum-Variance,-0.004081177163106835,0.8921923477601514,-0.10074606798862273
2021-11-16,Combined Minimum-Variance,-0.005615087205600449,0.8871826099233088,-0.1057954572368458
2021-11-17,Combined Minimum-Variance,-0.0016823535133751641,0.8856900551424989,-0.10729982539103944
2021-11-18,Combined Minimum-Variance,-0.0023199481039496116,0.883635300178384,-0.109370843468519
2021-11-19,Combined Minimum-Variance,-0.005124829605730647,0.8791068198313611,-0.11393516613763854
2021-11-22,Combined Minimum-Variance,0.009161068379253344,0.8871603775205041,-0.10581786560617368
2021-11-23,Combined Minimum-Variance,0.0024112741217030284,0.8892995643806196,-0.10366174736542066
2021-11-24,Combined Minimum-Variance,-0.0016357690614319928,0.8878448756668609,-0.10512794974765827
2021-11-26,Combined Minimum-Variance,-0.010028833999833661,0.878940826791195,-0.11410247299072984
2021-11-29,Combined Minimum-Variance,-0.006972278792017699,0.8728126063051203,-0.12027919753019745
2021-11-30,Combined Minimum-Variance,-0.02127462505311215,0.8542438453643492,-0.13899492775416555
2021-12-01,Combined Minimum-Variance,-0.015152343892395288,0.8413000488514264,-0.15204117270193107
2021-12-02,Combined Minimum-Variance,0.013693907842442395,0.85282073418824,-0.14042930266672593
2021-12-03,Combined Minimum-Variance,0.00855010898945155,0.8601124444140135,-0.13307987952038758
2021-12-06,Combined Minimum-Variance,0.013078274906177504,0.8713612314122843,-0.12174205986305864
2021-12-07,Combined Minimum-Variance,0.0012583678083816657,0.8724577243353654,-0.12063688834373465
2021-12-08,Combined Minimum-Variance,0.003309697778149032,0.8753452957271272,-0.11772646220689964
2021-12-09,Combined Minimum-Variance,-0.0033645170218984037,0.8724001815796145,-0.12069488654277505
2021-12-10,Combined Minimum-Variance,0.0112606826428172,0.8822240031619186,-0.11079331071392695
2021-12-13,Combined Minimum-Variance,0.0095064993144123,0.8906108650431355,-0.10234006793185813
2021-12-14,Combined Minimum-Variance,-0.004355533640610246,0.8867317794597471,-0.10624985596380876
2021-12-15,Combined Minimum-Variance,0.010739482054433086,0.8962548194923506,-0.09665144233078504
2021-12-16,Combined Minimum-Variance,0.006989199933475052,0.9025189236171233,-0.09033775865161853
2021-12-17,Combined Minimum-Variance,-0.01744451391812133,0.8867749196927165,-0.10620637428160984
2021-12-20,Combined Minimum-Variance,0.00238330720348689,0.8888883767466916,-0.10407618949500452
2021-12-21,Combined Minimum-Variance,0.002256325076393051,0.8908939978812594,-0.1020546941348246
2021-12-22,Combined Minimum-Variance,0.007912285261476788,0.8979430053302335,-0.09494989472561521
2021-12-23,Combined Minimum-Variance,-0.0002889550969258248,0.8976835401220945,-0.09521141356650753
2021-12-27,Combined Minimum-Variance,0.011231938719851323,0.9077662666345652,-0.08504888360926555
2021-12-28,Combined Minimum-Variance,0.008882349496920006,0.9158293638763275,-0.07692196802088602
2021-12-29,Combined Minimum-Variance,0.00031506039346979937,0.9161179054360616,-0.07663114269292726
2021-12-30,Combined Minimum-Variance,0.0006894852813328181,0.9167495552478253,-0.07599449345657283
2021-12-31,Combined Minimum-Variance,-0.0011191313553775297,0.915723592075519,-0.07702857699148724
2022-01-03,Combined Minimum-Variance,-0.0035114358772842663,0.9125080874006294,-0.08026953195994746
2022-01-04,Combined Minimum-Variance,-0.0009871666816719886,0.9116072898199913,-0.08117745923411512
2022-01-05,Combined Minimum-Variance,-0.005257424156822889,0.9068145836329559,-0.086008099055771
2022-01-06,Combined Minimum-Variance,-0.00216378357024949,0.9048524331356282,-0.08798577971437527
2022-01-07,Combined Minimum-Variance,0.002728627891508044,0.9073214387223809,-0.08549723227545203
2022-01-10,Combined Minimum-Variance,0.004959343533455805,0.9118211574322747,-0.08096189888800975
2022-01-11,Combined Minimum-Variance,-0.0007768092764509887,0.911112846298717,-0.08167581621036546
2022-01-12,Combined Minimum-Variance,-0.0042125514519353036,0.9072747365551644,-0.08554430408413582
2022-01-13,Combined Minimum-Variance,-0.004337534988865445,0.9033394006408427,-0.08951078766093812
2022-01-14,Combined Minimum-Variance,-0.009048553505817455,0.895165485740231,-0.09774939801525773
2022-01-18,Combined Minimum-Variance,-0.014985678746679998,0.8817508233458121,-0.1112702356855998
2022-01-19,Combined Minimum-Variance,-0.006741044917351084,0.8758069014397267,-0.11726120294622988
2022-01-20,Combined Minimum-Variance,-0.018558142162856145,0.8595535524555977,-0.1336431950346224
2022-01-21,Combined Minimum-Variance,-0.0008624708766603808,0.8588122125496748,-0.13439040254770163
2022-01-24,Combined Minimum-Variance,0.00714634422407364,0.864949580244393,-0.12820445840064576
2022-01-25,Combined Minimum-Variance,-0.002153793117101229,0.863086657791823,-0.13008212563766197
2022-01-26,Combined Minimum-Variance,-0.016690473429504343,0.8486813328625888,-0.14460146680555752
2022-01-27,Combined Minimum-Variance,0.0018887460409424998,0.8502842763700549,-0.14298583621255845
2022-01-28,Combined Minimum-Variance,0.0021642000132110683,0.8521244616122082,-0.14113108614796754
2022-01-31,Combined Minimum-Variance,0.010480220076849074,0.8610549135027706,-0.132129950913634
2022-02-01,Combined Minimum-Variance,-0.0019536454913138697,0.8593727174532323,-0.13382546132207784
2022-02-02,Combined Minimum-Variance,0.008004245199035349,0.8662513474010893,-0.12689238792933843
2022-02-03,Combined Minimum-Variance,-0.0005393714370571828,0.8657841161669889,-0.12736331723676653
2022-02-04,Combined Minimum-Variance,0.0006164368739280582,0.8663178174210555,-0.12682539180796892
2022-02-07,Combined Minimum-Variance,-0.0020083331866520638,0.8645779625981408,-0.12857901735134292
2022-02-08,Combined Minimum-Variance,-0.0039050308043793087,0.8612017590214075,-0.1319819431321685
2022-02-09,Combined Minimum-Variance,0.00465460607293702,0.8652103139589726,-0.12794166101325244
2022-02-10,Combined Minimum-Variance,-0.018342353716642057,0.8493403203410502,-0.14393726352849467
2022-02-11,Combined Minimum-Variance,-0.0013183711458433862,0.8482205745697111,-0.14506587193929055
2022-02-14,Combined Minimum-Variance,-0.006963500024622598,0.8423139905778095,-0.15101920576109196
2022-02-15,Combined Minimum-Variance,-0.0017109113482037647,0.8408728660125792,-0.15247173663636238
2022-02-16,Combined Minimum-Variance,-0.0038400609252115113,0.8376438629767337,-0.15572629680351746
2022-02-17,Combined Minimum-Variance,-0.007864093016458528,0.831056553723619,-0.16236574373680446
2022-02-18,Combined Minimum-Variance,-0.004162419261259254,0.8275973479172041,-0.16585232869896493
2022-02-22,Combined Minimum-Variance,-0.005422299747288929,0.8231098670267356,-0.17037532740626227
2022-02-23,Combined Minimum-Variance,0.0029710240883983963,0.8255553462690705,-0.16791049251965662
2022-02-24,Combined Minimum-Variance,0.0007563122927154137,0.8261797239257707,-0.16728117299650969
2022-02-25,Combined Minimum-Variance,0.021044808361585624,0.8435665178880163,-0.14975676486313683
2022-02-28,Combined Minimum-Variance,-0.0028846125874078666,0.8411331552922007,-0.15220938720157107
2022-03-01,Combined Minimum-Variance,0.0015240588781539994,0.8424150917452334,-0.15091730439132
2022-03-02,Combined Minimum-Variance,0.014569720088694314,0.8546888438304532,-0.13854640718414757
2022-03-03,Combined Minimum-Variance,0.006595751057937263,0.8603261586763551,-0.1328644737379685
2022-03-04,Combined Minimum-Variance,0.0062337865761892975,0.8656892483354562,-0.12745893593461943
2022-03-07,Combined Minimum-Variance,-0.008525212674663774,0.8583090633832267,-0.1348975340731542
2022-03-08,Combined Minimum-Variance,-0.006118981129206452,0.8530570864213578,-0.14019107973699052
2022-03-09,Combined Minimum-Variance,0.00456592383289642,0.8569520801030702,-0.13626525769622477
2022-03-10,Combined Minimum-Variance,-0.0016556312968450484,0.8555332834193551,-0.13769528396775532
2022-03-11,Combined Minimum-Variance,-0.003154398348906338,0.8528345906427027,-0.1404153365402615
2022-03-14,Combined Minimum-Variance,-0.0010774875065278106,0.8519156720261505,-0.14134152827594226
2022-03-15,Combined Minimum-Variance,0.004238347045557901,0.8555263862977469,-0.1377022356791674
2022-03-16,Combined Minimum-Variance,0.007770863731078917,0.8621745652640092,-0.13100143725701618
2022-03-17,Combined Minimum-Variance,0.0045884189505698385,0.8661305833779658,-0.12701410778370836
2022-03-18,Combined Minimum-Variance,8.167880495877688e-05,0.8662013278889542,-0.12694280333928643
2022-03-21,Combined Minimum-Variance,-0.0011781217427369874,0.8651808372709806,-0.1279713710053254
2022-03-22,Combined Minimum-Variance,0.0064334096907678676,0.8707469000537464,-0.12236125357292393
2022-03-23,Combined Minimum-Variance,-0.01351403123873885,0.8589795992453851,-0.13422169100846704
2022-03-24,Combined Minimum-Variance,0.005839808522781856,0.8639958756299541,-0.1291657114607786
2022-03-25,Combined Minimum-Variance,0.006478480731299916,0.8695932562621452,-0.12352402830232212
2022-03-28,Combined Minimum-Variance,0.010036563737325244,0.8783209844041684,-0.11472722134814439
2022-03-29,Combined Minimum-Variance,0.015438902625787803,0.8918812965565703,-0.10105958112127789
2022-03-30,Combined Minimum-Variance,-0.001247995225974023,0.8907682329563321,-0.10218145447247373
2022-03-31,Combined Minimum-Variance,-0.010520642809744407,0.8813967785511313,-0.11162708269793309
2022-04-01,Combined Minimum-Variance,0.0043832139879299925,0.8852601292397931,-0.10773315410031636
2022-04-04,Combined Minimum-Variance,0.008886534159667541,0.8931270236184743,-0.09980399429469
2022-04-05,Combined Minimum-Variance,-0.007468689190099933,0.8864565354717889,-0.10652727847147236
2022-04-06,Combined Minimum-Variance,0.013243121700985832,0.8981959872536761,-0.094694910483759
2022-04-07,Combined Minimum-Variance,0.002534087110116776,0.9004720941273342,-0.09240078852569289
2022-04-08,Combined Minimum-Variance,0.008160569166691327,0.9078204589341357,-0.08499426238482233
2022-04-11,Combined Minimum-Variance,-0.017283205980963844,0.8921304109486439,-0.10080849502178912
2022-04-12,Combined Minimum-Variance,0.0073680004673981015,0.8987036282334936,-0.09418325159282925
2022-04-13,Combined Minimum-Variance,0.006192606955018824,0.904268946572193,-0.08857388449667047
2022-04-14,Combined Minimum-Variance,0.006024849665543815,0.9097170310325101,-0.08308267916951229
2022-04-18,Combined Minimum-Variance,-0.005342965320792709,0.904856444483969,-0.0879817366167438
2022-04-19,Combined Minimum-Variance,0.00529976206655942,0.9096519683441269,-0.08314825682045579
2022-04-20,Combined Minimum-Variance,0.0043654818355262906,0.9136230374885839,-0.07914575718973493
2022-04-21,Combined Minimum-Variance,-0.015744310563549895,0.8992386726483499,-0.09364397237230226
2022-04-22,Combined Minimum-Variance,-0.016325103519516326,0.8845585082286131,-0.10844032834886197
2022-04-25,Combined Minimum-Variance,0.0035252625914784634,0.8876768092476456,-0.10529734639031929
2022-04-26,Combined Minimum-Variance,-0.013395859843545981,0.8757856151245981,-0.11728265773972324
2022-04-27,Combined Minimum-Variance,0.0004135261629560566,0.8761477753895927,-0.1169176310242035
2022-04-28,Combined Minimum-Variance,0.017747010198019535,0.8916967788944038,-0.10124555921629896
2022-04-29,Combined Minimum-Variance,-0.028504678019265418,0.8662792493212027,-0.12686426516922333
2022-05-02,Combined Minimum-Variance,0.007483596916403764,0.8727621340401674,-0.12033006927644174
2022-05-03,Combined Minimum-Variance,0.001235325971532592,0.8738402797713174,-0.11924339016464269
2022-05-04,Combined Minimum-Variance,0.030041351603784728,0.9000916228614771,-0.09278427117122134
2022-05-05,Combined Minimum-Variance,-0.008689436841701969,0.8922703335528773,-0.10066746494867762
2022-05-06,Combined Minimum-Variance,-0.0007997905566066734,0.8915567041661614,-0.10138674261746083
2022-05-09,Combined Minimum-Variance,-0.008297577267132651,0.8841589435253125,-0.1088430555538622
2022-05-10,Combined Minimum-Variance,-0.00024065842216060377,0.8839461632290245,-0.10905751997801016
2022-05-11,Combined Minimum-Variance,0.02317306695262141,0.9044299068520435,-0.08841165023752606
2022-05-12,Combined Minimum-Variance,0.011240203395250455,0.9145958829618079,-0.07816521177345503
2022-05-13,Combined Minimum-Variance,0.0069973691708548605,0.9209956479970357,-0.07171479344569709
2022-05-16,Combined Minimum-Variance,0.013815411296601306,0.9337195816764946,-0.05889015151659882
2022-05-17,Combined Minimum-Variance,-0.009804630207611156,0.9245648064605512,-0.06811738556571956
2022-05-18,Combined Minimum-Variance,-0.016954980239938758,0.9088888284364697,-0.08391743687939535
2022-05-19,Combined Minimum-Variance,-0.008902184918988592,0.9007977320149253,-0.09207257325735607
2022-05-20,Combined Minimum-Variance,0.006188985998292735,0.9063727565656594,-0.08645342312577997
2022-05-23,Combined Minimum-Variance,0.017370141506101024,0.9221165796044797,-0.0705849898130606
2022-05-24,Combined Minimum-Variance,0.015715703314904673,0.9366082901912983,-0.05597857925654359
2022-05-25,Combined Minimum-Variance,0.00919652846106235,0.9452218349889097,-0.0472968593928238
2022-05-26,Combined Minimum-Variance,0.004577535797428028,0.949548621775082,-0.04293582666237228
2022-05-27,Combined Minimum-Variance,0.007960761119261903,0.9571077515241577,-0.03531686740262774
2022-05-31,Combined Minimum-Variance,-0.01306016153607713,0.9446077696818206,-0.047915784945478324
2022-06-01,Combined Minimum-Variance,0.003068076687613597,0.9475058987589201,-0.044994717560624675
2022-06-02,Combined Minimum-Variance,0.0037028674707163516,0.9510143875297463,-0.04145845956591765
2022-06-03,Combined Minimum-Variance,-0.0066421171863568764,0.9446976385218623,-0.04782520480547192
2022-06-06,Combined Minimum-Variance,-0.0010176240387451774,0.9437362914955566,-0.048794160766149175
2022-06-07,Combined Minimum-Variance,0.006774599816552634,0.9501297272027965,-0.042350121862171686
2022-06-08,Combined Minimum-Variance,-0.0023386993166072943,0.9479076594590992,-0.044589776977721596
2022-06-09,Combined Minimum-Variance,-0.02482307726916789,0.9243776743843098,-0.0683059987675565
2022-06-10,Combined Minimum-Variance,-0.00849336663248306,0.9165265958888819,-0.07621921750930882
2022-06-13,Combined Minimum-Variance,-0.03062901862697486,0.8884542857112834,-0.10451371630345763
2022-06-14,Combined Minimum-Variance,-0.021891292224990196,0.8690048733142327,-0.12411706822332913
2022-06-15,Combined Minimum-Variance,-0.0012531258715754758,0.8679159008249575,-0.12521465978560986
2022-06-16,Combined Minimum-Variance,0.0010544806452784388,0.8688311013441068,-0.12429221557558046
2022-06-17,Combined Minimum-Variance,-0.0031439247356421117,0.8660995617534959,-0.12704537494022672
2022-06-21,Combined Minimum-Variance,0.023246109198485333,0.8862330067427778,-0.10675257640076463
2022-06-22,Combined Minimum-Variance,-0.00044705735568351286,0.885836809758264,-0.10715190923192996
2022-06-23,Combined Minimum-Variance,0.01176627334171541,0.8962598077980328,-0.09664641454332412
2022-06-24,Combined Minimum-Variance,0.013181433938286526,0.908073797246064,-0.08473891893371266
2022-06-27,Combined Minimum-Variance,-0.005079868301667324,0.903460901947859,-0.08938832468717106
2022-06-28,Combined Minimum-Variance,-0.00972013655578144,0.8946791386081163,-0.0982395945205008
2022-06-29,Combined Minimum-Variance,0.002412398398906745,0.8968374611296299,-0.09606418916212434
2022-06-30,Combined Minimum-Variance,-0.011401838043465234,0.8866118656465173,-0.1063707188789863
2022-07-01,Combined Minimum-Variance,0.02067523719858328,0.9049427762718374,-0.08789472152420996
2022-07-05,Combined Minimum-Variance,-0.004690788613696394,0.9006978810008546,-0.09217321457897665
2022-07-06,Combined Minimum-Variance,-0.0005716412122641797,0.9001830049722754,-0.09269216578312067
2022-07-07,Combined Minimum-Variance,0.001730472570779148,0.9017407469710615,-0.09112209446275532
2022-07-08,Combined Minimum-Variance,-0.0023349865442227127,0.8996351944605068,-0.09324431214252604
2022-07-11,Combined Minimum-Variance,0.0024945217649057034,0.9018793540335637,-0.09098239034371358
2022-07-12,Combined Minimum-Variance,-0.004073714545218821,0.8982053549910046,-0.09468546860203042
2022-07-13,Combined Minimum-Variance,-0.0028034019287209166,0.8956873243664354,-0.09722342910545057
2022-07-14,Combined Minimum-Variance,-0.004091087722141989,0.8920229889508416,-0.10091676725047471
2022-07-15,Combined Minimum-Variance,0.0069782524297083435,0.8982477505408436,-0.09464273749703023
2022-07-18,Combined Minimum-Variance,-0.013642644289015723,0.8859932759968063,-0.10699420458383535
2022-07-19,Combined Minimum-Variance,0.017352590829031147,0.9013675547924517,-0.09149824040802523
2022-07-20,Combined Minimum-Variance,-0.005130158833961902,0.8967433960685866,-0.09615899873566591
2022-07-21,Combined Minimum-Variance,0.0016188078744664232,0.898195051339518,-0.09469585380555368
2022-07-22,Combined Minimum-Variance,-0.010265208269963865,0.888974892070467,-0.10398898941390156
2022-07-25,Combined Minimum-Variance,-0.006999464759144263,0.8827525436416557,-0.11026058690630414
2022-07-26,Combined Minimum-Variance,-0.007287910236656505,0.876319122342415,-0.11674492788294644
2022-07-27,Combined Minimum-Variance,-0.003909817838436867,0.8728928742057173,-0.12019829431979967
2022-07-28,Combined Minimum-Variance,0.009187631384546055,0.8809126921721163,-0.11211500055651513
2022-07-29,Combined Minimum-Variance,0.006696211203286515,0.8868114696105565,-0.10616953507601168
2022-08-01,Combined Minimum-Variance,-0.0008236061920364493,0.8860810861930163,-0.10690569938155381
2022-08-02,Combined Minimum-Variance,-0.007184688815470332,0.8797148693234456,-0.11332230401436749
2022-08-03,Combined Minimum-Variance,0.0162145768054735,0.8939790736390077,-0.09894520041110799
2022-08-04,Combined Minimum-Variance,-0.010920894689351606,0.884216022321312,-0.1087855249867532
2022-08-05,Combined Minimum-Variance,-0.010692619848004441,0.8747614365311157,-0.11831494257110853
2022-08-08,Combined Minimum-Variance,0.007935481954322374,0.8817030901250456,-0.11131834670848584
2022-08-09,Combined Minimum-Variance,-0.002841858563029628,0.879197414648324,-0.11384385427469967
2022-08-10,Combined Minimum-Variance,0.012631511848607961,0.8903030072087198,-0.10265036242025383
2022-08-11,Combined Minimum-Variance,-0.005354747335120788,0.885535659553419,-0.10745544300075549
2022-08-12,Combined Minimum-Variance,0.013667551301729877,0.8976387636098766,-0.09525654447888843
2022-08-15,Combined Minimum-Variance,0.014813874430447687,0.9109362715378957,-0.08185378853702929
2022-08-16,Combined Minimum-Variance,0.012199407898129087,0.9220491546835874,-0.07065294839327063
2022-08-17,Combined Minimum-Variance,-0.01010222801829638,0.9127344038788964,-0.08004142421673321
2022-08-18,Combined Minimum-Variance,-0.004771298378115217,0.908379475698019,-0.08443082107730115
2022-08-19,Combined Minimum-Variance,-0.006063873745917395,0.9028711772440036,-0.08998271698394167
2022-08-22,Combined Minimum-Variance,-0.018383183157152688,0.886273531025413,-0.1067117313738003
2022-08-23,Combined Minimum-Variance,-0.00769202686185519,0.8794562912178142,-0.11358292873145315
2022-08-24,Combined Minimum-Variance,-0.005466727727651366,0.8746485431253563,-0.11842872951322048
2022-08-25,Combined Minimum-Variance,0.0071199277336587066,0.8808759775447587,-0.11215200577528495
2022-08-26,Combined Minimum-Variance,-0.008484630083677272,0.8734020707256938,-0.11968506757681652
2022-08-29,Combined Minimum-Variance,-0.006227263512463639,0.8679631658789535,-0.12516702063497231
2022-08-30,Combined Minimum-Variance,-0.008458516175825085,0.8606214854003461,-0.13256680954207656
2022-08-31,Combined Minimum-Variance,0.0027579058608710426,0.8629949984389234,-0.13017451046219852
2022-09-01,Combined Minimum-Variance,0.009008697879641588,0.8707694596515013,-0.12233851541894114
2022-09-02,Combined Minimum-Variance,-0.0085110026415722,0.8633583384802069,-0.12980829463261678
2022-09-06,Combined Minimum-Variance,-0.005190936405980906,0.8588767002495828,-0.1343254044361909
2022-09-07,Combined Minimum-Variance,0.009992848674245039,0.8674593251450119,-0.12567484920158345
2022-09-08,Combined Minimum-Variance,-0.003332953236224371,0.8645681237799768,-0.12858893404244942
2022-09-09,Combined Minimum-Variance,0.015795097645545327,0.8782240617163076,-0.11482491116624105
2022-09-12,Combined Minimum-Variance,0.012204031420537964,0.888941935759766,-0.10402220656943628
2022-09-13,Combined Minimum-Variance,-0.028664519995712325,0.863460841867153,-0.1297049799449408
2022-09-14,Combined Minimum-Variance,0.01279953496477439,0.8745127391033453,-0.118565608406077
2022-09-15,Combined Minimum-Variance,-0.004937276625410248,0.8701950277979469,-0.12291749382452621
2022-09-16,Combined Minimum-Variance,0.004524488380853108,0.8741322150902948,-0.11894914421628577
2022-09-19,Combined Minimum-Variance,0.0038875787078322607,0.8775304728775102,-0.1155239896688236
2022-09-20,Combined Minimum-Variance,-0.009650855445987334,0.8690615531343204,-0.12405993978997332
2022-09-21,Combined Minimum-Variance,-0.007311497541518602,0.8627074117251505,-0.13046437338671657
2022-09-22,Combined Minimum-Variance,0.0042353185424104205,0.866361252422705,-0.1267816130240349
2022-09-23,Combined Minimum-Variance,-0.018529436854253713,0.8503080663029664,-0.14296185798547922
2022-09-26,Combined Minimum-Variance,-0.009953654893229693,0.8418443932580572,-0.15149251988142654
2022-09-27,Combined Minimum-Variance,-0.008372991015282737,0.8347956377170412,-0.15859706538885965
2022-09-28,Combined Minimum-Variance,0.02419286815477945,0.8549917385165146,-0.13824111512676795
2022-09-29,Combined Minimum-Variance,-0.01932472975632601,0.8384692542257915,-0.15489437269205597
2022-09-30,Combined Minimum-Variance,-0.022211201258509578,0.81984584487111,-0.17366518386489183
2022-10-03,Combined Minimum-Variance,0.0242207944164247,0.8397031625328932,-0.1536506981641491
2022-10-04,Combined Minimum-Variance,0.021902217217884493,0.8580945235972331,-0.13511377191313556
2022-10-05,Combined Minimum-Variance,-0.001229011529964755,0.8570399155339326,-0.13617672705956196
2022-10-06,Combined Minimum-Variance,0.0029187237744883678,0.8595413783110869,-0.13365546553587448
2022-10-07,Combined Minimum-Variance,-0.007955143239741932,0.852703603526137,-0.14054736040250404
2022-10-10,Combined Minimum-Variance,-0.0018177088030550516,0.8511536366796107,-0.14210959503130938
2022-10-11,Combined Minimum-Variance,0.004588744406639575,0.8550593631691151,-0.13817295523399964
2022-10-12,Combined Minimum-Variance,-0.005051710362249474,0.8507398509238553,-0.14252665584651092
2022-10-13,Combined Minimum-Variance,0.010823691204413748,0.8599479963655441,-0.13324562915337756
2022-10-14,Combined Minimum-Variance,-0.009155219774816497,0.8520749834639044,-0.14118095590926116
2022-10-17,Combined Minimum-Variance,0.006374851654804487,0.8575068350822569,-0.1357061119048616
2022-10-18,Combined Minimum-Variance,0.012234487127916482,0.8679979914181712,-0.1251319194562247
2022-10-19,Combined Minimum-Variance,-0.0006201063681464022,0.8674597403361546,-0.12567443072425788
2022-10-20,Combined Minimum-Variance,-0.010591686214911444,0.8582718789624455,-0.13493501280370035
2022-10-21,Combined Minimum-Variance,0.018330978335559845,0.8740048421817264,-0.11907752526455362
2022-10-24,Combined Minimum-Variance,0.017174689123831608,0.889015603638921,-0.1039479556187759
2022-10-25,Combined Minimum-Variance,0.004925656611006163,0.8933945892242726,-0.09953431094256404
2022-10-26,Combined Minimum-Variance,0.012894374950641213,0.9049143540366045,-0.08792336871766993
2022-10-27,Combined Minimum-Variance,0.0014989591861380106,0.9062707837202558,-0.08655620307274747
2022-10-28,Combined Minimum-Variance,0.0228361883263346,0.9269665540119465,-0.06569662850059443
2022-10-31,Combined Minimum-Variance,-0.010308897307693604,0.9174105509989707,-0.0753282660116138
2022-11-01,Combined Minimum-Variance,0.0003306918073264683,0.917713931152141,-0.07502248464471739
2022-11-02,Combined Minimum-Variance,-0.015454324594141701,0.9035312821755499,-0.08931738740930073
2022-11-03,Combined Minimum-Variance,-0.016790777046130377,0.888360289862336,-0.10460845611709868
2022-11-04,Combined Minimum-Variance,0.02330564592997967,0.9090641002361216,-0.083740777826666
2022-11-07,Combined Minimum-Variance,0.01999114359339491,0.9272373311995422,-0.0654237081474266
2022-11-08,Combined Minimum-Variance,0.008179451547724259,0.93482162402333,-0.05777938665056659
2022-11-09,Combined Minimum-Variance,-0.018534129141173604,0.91749551931972,-0.07524262517786084
2022-11-10,Combined Minimum-Variance,0.014685191786463138,0.9309691169841507,-0.061662385772651485
2022-11-11,Combined Minimum-Variance,-0.004663288174937897,0.9266277397096861,-0.06603812447317736
2022-11-14,Combined Minimum-Variance,0.007537718337019677,0.933612398614887,-0.058998182917941455
2022-11-15,Combined Minimum-Variance,0.00885922371519089,0.9418834797174923,-0.0506616373040103
2022-11-16,Combined Minimum-Variance,0.0008336342443879695,0.9426686660404081,-0.0498702363353557
2022-11-17,Combined Minimum-Variance,0.005576654517875537,0.947925603515742,-0.04457169089624735
2022-11-18,Combined Minimum-Variance,0.006352839173813356,0.9539476224236175,-0.03850200850640273
2022-11-21,Combined Minimum-Variance,0.005554141107155185,0.9592459821273934,-0.033161712987401004
2022-11-22,Combined Minimum-Variance,0.007488476171134301,0.9664292728068107,-0.025921567513766952
2022-11-23,Combined Minimum-Variance,0.006466834742165908,0.9726790112040439,-0.019622363264970466
2022-11-25,Combined Minimum-Variance,-0.0019341620249058308,0.9707976923981501,-0.02151857246001032
2022-11-28,Combined Minimum-Variance,-0.014090060698960214,0.9571190939858496,-0.03530543516685403
2022-11-29,Combined Minimum-Variance,-0.0004827833568119059,0.9566570128167863,-0.035771173647162424
2022-11-30,Combined Minimum-Variance,0.01831224203591099,0.9741755475808389,-0.018113982000986795
2022-12-01,Combined Minimum-Variance,0.004922782022568217,0.9789712014532953,-0.01328037116337033
2022-12-02,Combined Minimum-Variance,0.006831864649932482,0.9856594001978061,-0.0065392362117266956
2022-12-05,Combined Minimum-Variance,-0.003660392433712556,0.9820514999871044,-0.010175692474687636
2022-12-06,Combined Minimum-Variance,-0.017058689971768806,0.9652989879125138,-0.027060798463282687
2022-12-07,Combined Minimum-Variance,0.0026350705497473386,0.967842618847263,-0.024497035026618597
2022-12-08,Combined Minimum-Variance,0.0025090191701028367,0.9702709545315934,-0.022049479387008186
2022-12-09,Combined Minimum-Variance,-0.01125290016671756,0.9593525923455837,-0.033054258963455596
2022-12-12,Combined Minimum-Variance,0.0005578720523352979,0.9598877883451887,-0.03251482695840657
2022-12-13,Combined Minimum-Variance,-0.0031324541393015163,0.9568809838693219,-0.03554542989341358
2022-12-14,Combined Minimum-Variance,0.0020775684974675716,0.9588689696572346,-0.03354170946132151
2022-12-15,Combined Minimum-Variance,-0.007012699234610965,0.952144709967627,-0.04031919077566559
2022-12-16,Combined Minimum-Variance,-0.0007741923393925569,0.9514075668271769,-0.04106216830642917
2022-12-19,Combined Minimum-Variance,0.0006502656793798901,0.9520262345149869,-0.040438603945819884
2022-12-20,Combined Minimum-Variance,-0.0026187863882848723,0.949533081170749,-0.04295149026853018
2022-12-21,Combined Minimum-Variance,-0.003573756816728261,0.9461396808492061,-0.046371748904122545
2022-12-22,Combined Minimum-Variance,-0.0022390895312669585,0.9440211893947004,-0.04850700793787177
2022-12-23,Combined Minimum-Variance,0.004746387101445226,0.9485018793915344,-0.04399085387323243
2022-12-27,Combined Minimum-Variance,0.0007869622332276865,0.949248314548761,-0.04323851078061047
2022-12-28,Combined Minimum-Variance,-0.008335908016596678,0.9413354679137731,-0.05121398654856535
2022-12-29,Combined Minimum-Variance,0.002479204022860544,0.9436692305926861,-0.04886175244718283
2022-12-30,Combined Minimum-Variance,0.0022124999257922126,0.9457570986953449,-0.04675735914505408
2023-01-03,Combined Minimum-Variance,0.004803168387639689,0.9502997292941842,-0.04217877422674943
2023-01-04,Combined Minimum-Variance,-0.0004813911023585505,0.9498422634599282,-0.04263986084248694
2023-01-05,Combined Minimum-Variance,0.00424223065612873,0.9538717134284646,-0.038578518311197296
2023-01-06,Combined Minimum-Variance,0.007562915572663623,0.961085764664276,-0.03130736881543972
2023-01-09,Combined Minimum-Variance,-0.01554786731512821,0.9461429307168172,-0.046368473314239766
2023-01-10,Combined Minimum-Variance,-0.005738276694640582,0.940713700787686,-0.05184067487909516
2023-01-11,Combined Minimum-Variance,-0.0026690502337073287,0.938202888664747,-0.054371359747400816
2023-01-12,Combined Minimum-Variance,-0.0022944478640754846,0.9360502310507807,-0.05654105536123699
2023-01-13,Combined Minimum-Variance,-0.0015073688292821697,0.9346392581098524,-0.057963195966092895
2023-01-17,Combined Minimum-Variance,-0.0136945876539638,0.9218397588648313,-0.07086400155219519
2023-01-18,Combined Minimum-Variance,-0.02122800552299254,0.9022709393723345,-0.09058770565885643
2023-01-19,Combined Minimum-Variance,0.004223846851165529,0.9060819936385005,-0.0867464874029924
2023-01-20,Combined Minimum-Variance,0.006827127453698631,0.9122679308925719,-0.08051158927495472
2023-01-23,Combined Minimum-Variance,0.0012465769546963915,0.913405143071731,-0.07936537621203454
2023-01-24,Combined Minimum-Variance,0.0011105273361306403,0.9144195044520745,-0.07834298629572956
2023-01-25,Combined Minimum-Variance,-0.004727257311474908,0.9100968081638982,-0.08269989615243534
2023-01-26,Combined Minimum-Variance,-0.001041296764994197,0.9091491273017255,-0.08365507778310066
2023-01-27,Combined Minimum-Variance,-0.0098397618499115,0.9002033164030216,-0.09267169359009064
2023-01-30,Combined Minimum-Variance,0.0005152604648974277,0.9006671555823337,-0.09220418318511525
2023-01-31,Combined Minimum-Variance,0.007745312285901118,0.9076431039679731,-0.08517302109204927
2023-02-01,Combined Minimum-Variance,-0.03284724431109495,0.8778295291846565,-0.11522256637061967
2023-02-02,Combined Minimum-Variance,-0.012827655858068386,0.8665690340822256,-0.1265721868002022
2023-02-03,Combined Minimum-Variance,-0.00258469097115623,0.8643292209239497,-0.12882972778293655
2023-02-06,Combined Minimum-Variance,0.0012137955915965948,0.8653783399219952,-0.12777230514698956
2023-02-07,Combined Minimum-Variance,0.010240756732985194,0.8742404689831309,-0.11884003350822747
2023-02-08,Combined Minimum-Variance,-0.008466811399131902,0.8668384398147622,-0.12630064875697866
2023-02-09,Combined Minimum-Variance,-0.0010581644537602326,0.8659211821905972,-0.12722516635373737
2023-02-10,Combined Minimum-Variance,0.013201500811205347,0.8773526413797264,-0.11570322867935656
2023-02-13,Combined Minimum-Variance,0.008197025201848507,0.8845443230920245,-0.10845462575892784
2023-02-14,Combined Minimum-Variance,-0.012599605277943382,0.8733994137702193,-0.11968774556174155
2023-02-15,Combined Minimum-Variance,0.007140013777815879,0.879635497618075,-0.11340230393627226
2023-02-16,Combined Minimum-Variance,-0.008344458585627566,0.872295415637753,-0.12080048169318891
2023-02-17,Combined Minimum-Variance,0.01188997222878512,0.8826669839049824,-0.1103468238369597
2023-02-21,Combined Minimum-Variance,0.00028579256292910854,0.8829192435645256,-0.11009256757562613
2023-02-22,Combined Minimum-Variance,0.000413924148341323,0.8832847051604722,-0.10972421339955718
2023-02-23,Combined Minimum-Variance,-0.006543304736570947,0.877505104165455,-0.11554955917087428
2023-02-24,Combined Minimum-Variance,0.0010584442121966628,0.8784338943641319,-0.11461341772080402
2023-02-27,Combined Minimum-Variance,-0.006391912563439197,0.8728190217185949,-0.12027273133957495
2023-02-28,Combined Minimum-Variance,-0.014304501810107319,0.8603337804425252,-0.13285679164652875
2023-03-01,Combined Minimum-Variance,-0.0043827424882395835,0.856563159028912,-0.13665725702916787
2023-03-02,Combined Minimum-Variance,-0.0025411396320828214,0.8543865124381216,-0.1388511314894021
2023-03-03,Combined Minimum-Variance,-0.0011902357506429072,0.8533695910661506,-0.13987610165932907
2023-03-06,Combined Minimum-Variance,0.013225214544162185,0.8646555869934645,-0.1285007785692125
2023-03-07,Combined Minimum-Variance,-0.013090446426424589,0.8533368593546179,-0.13990909243802296
2023-03-08,Combined Minimum-Variance,-0.010344693940167349,0.8445093507167307,-0.14880646963747235
2023-03-09,Combined Minimum-Variance,-0.01428559070629511,0.8324450357847525,-0.16096627202407776
2023-03-10,Combined Minimum-Variance,-0.01310303143736708,0.8215374823109847,-0.1719601573387577
2023-03-13,Combined Minimum-Variance,0.004834281725610833,0.825509025948625,-0.16795717945930277
2023-03-14,Combined Minimum-Variance,0.0014489075226801925,0.8267051121863623,-0.16675162635742924
2023-03-15,Combined Minimum-Variance,-0.003902801020083091,0.8234786466312135,-0.17000362896006405
2023-03-16,Combined Minimum-Variance,-0.005786780462611655,0.8187133564875102,-0.17480663574403643
2023-03-17,Combined Minimum-Variance,-0.006313098074923481,0.8135447387727547,-0.1800161623833605
2023-03-20,Combined Minimum-Variance,0.011477148562236415,0.8228819126016754,-0.1706050860604016
2023-03-21,Combined Minimum-Variance,0.009213680491973844,0.8304636836270116,-0.16296330632169398
2023-03-22,Combined Minimum-Variance,-0.009341786267393635,0.8227056693917356,-0.17078272421200258
2023-03-23,Combined Minimum-Variance,0.006526100869042525,0.8280747295757191,-0.1653711686278575
2023-03-24,Combined Minimum-Variance,0.009494868046919258,0.835937189866029,-0.15744647800582456
2023-03-27,Combined Minimum-Variance,0.010936031484839836,0.8450790252937526,-0.14823228616163342
2023-03-28,Combined Minimum-Variance,-0.0004912227184461742,0.844663903277646,-0.14865069381350982
2023-03-29,Combined Minimum-Variance,0.000550816693595266,0.8451291582560486,-0.14818175640358144
2023-03-30,Combined Minimum-Variance,0.0024061876854152807,0.8471626976292298,-0.14613212183562763
2023-03-31,Combined Minimum-Variance,0.006152684015043265,0.852375022017074,-0.14087854259068688
2023-04-03,Combined Minimum-Variance,0.008262803661544811,0.8594180294700061,-0.13377979066669343
2023-04-04,Combined Minimum-Variance,0.00537574748506193,0.8640380437805464,-0.12912320955486
2023-04-05,Combined Minimum-Variance,0.01810333651024937,0.8796800152447632,-0.11335743395846565
2023-04-06,Combined Minimum-Variance,0.0014877671549908046,0.8809887742783463,-0.11203831627049221
2023-04-10,Combined Minimum-Variance,-0.004648186255022783,0.8768937743669163,-0.11616572756379062
2023-04-11,Combined Minimum-Variance,-0.0009435030441508991,0.8760664224214041,-0.11699962789035923
2023-04-12,Combined Minimum-Variance,-0.0018015464340554188,0.8744881480820952,-0.11859039406200289
2023-04-13,Combined Minimum-Variance,0.0055265996160436615,0.8793210939455204,-0.11371919607224878
2023-04-14,Combined Minimum-Variance,-0.001513238043163376,0.877990471814006,-0.11506034990167757
2023-04-17,Combined Minimum-Variance,-0.0025586462170880428,0.8757440048146597,-0.11732459738975287
2023-04-18,Combined Minimum-Variance,-0.005568298935558023,0.870867600404829,-0.12223959789455074
2023-04-19,Combined Minimum-Variance,-0.005745003065829508,0.8658644633705718,-0.12728233409571021
2023-04-20,Combined Minimum-Variance,0.00549826969700966,0.8706252197112396,-0.1224838969992238
2023-04-21,Combined Minimum-Variance,0.006167397881382297,0.8759947118467647,-0.11707190604469797
2023-04-24,Combined Minimum-Variance,0.005380490612930521,0.8807079931708329,-0.11232131972327886
2023-04-25,Combined Minimum-Variance,0.0009181780258167948,0.8815166398973235,-0.11150627266506274
2023-04-26,Combined Minimum-Variance,-0.015001178757566605,0.8682928512044543,-0.12483472589379085
2023-04-27,Combined Minimum-Variance,0.0010329999240370625,0.8691897976537905,-0.12393068023211917
2023-04-28,Combined Minimum-Variance,0.003262005580982892,0.8720250996246705,-0.12107293722170853
2023-05-01,Combined Minimum-Variance,0.0005049841255011027,0.8724654584570195,-0.1206290930075321
2023-05-02,Combined Minimum-Variance,-0.010067468541621593,0.863681939900352,-0.12948213195009606
2023-05-03,Combined Minimum-Variance,-0.02476815834418061,0.8422901288538911,-0.15104325634739446
2023-05-04,Combined Minimum-Variance,0.005368046074989089,0.8468115810740874,-0.14648601743179446
2023-05-05,Combined Minimum-Variance,0.014493407666998743,0.8590847665357298,-0.13411569133294987
2023-05-08,Combined Minimum-Variance,-0.0029536673086926557,0.8565473159454174,-0.13667322550856964
2023-05-09,Combined Minimum-Variance,-0.00018641765195099818,0.8563876404059939,-0.13683416485873678
2023-05-10,Combined Minimum-Variance,-0.003698602966799412,0.853220202538458,-0.14002667257743018
2023-05-11,Combined Minimum-Variance,0.0027077160610038276,0.8555304805844444,-0.13769810898673307
2023-05-12,Combined Minimum-Variance,0.0031747429641185237,0.8582465699582688,-0.13496052212529264
2023-05-15,Combined Minimum-Variance,0.00028005293593260614,0.8584869244299397,-0.13471826527981623
2023-05-16,Combined Minimum-Variance,-0.013678754351105363,0.8467438926770267,-0.1465542415735519
2023-05-17,Combined Minimum-Variance,-0.0006821927607607347,0.846166250123224,-0.14713645609165238
2023-05-18,Combined Minimum-Variance,0.002897034144924338,0.8486176226421136,-0.1446656812839887
2023-05-19,Combined Minimum-Variance,-0.007279300659650324,0.842440279821824,-0.1508919169544396
2023-05-22,Combined Minimum-Variance,-0.013017536137883515,0.8314737830352348,-0.1619452121104542
2023-05-23,Combined Minimum-Variance,-0.00029899538755502137,0.8312251762092343,-0.16219578662655154
2023-05-24,Combined Minimum-Variance,-0.007540134281173624,0.8249576267627244,-0.16851294289672047
2023-05-25,Combined Minimum-Variance,-0.0075246733904235875,0.8187500900603959,-0.1747696114297872
2023-05-26,Combined Minimum-Variance,-0.0024470550296733554,0.8167465635344681,-0.17678899560277728
2023-05-30,Combined Minimum-Variance,-0.0026509837829493755,0.8145813816397586,-0.17897131462537974
2023-05-31,Combined Minimum-Variance,0.0020168257154577155,0.8162242503175828,-0.17731544285958767
2023-06-01,Combined Minimum-Variance,-0.003534835703410407,0.8133390316955709,-0.18022349760481193
2023-06-02,Combined Minimum-Variance,0.006023981013134608,0.8182385705797462,-0.1752851795193694
2023-06-05,Combined Minimum-Variance,0.0027911701788275347,0.8205224136771149,-0.17298326010640686
2023-06-06,Combined Minimum-Variance,-0.006160611593626206,0.8154674937825854,-0.1780781890223183
2023-06-07,Combined Minimum-Variance,0.005716225879775644,0.8201288901746612,-0.17337989829525569
2023-06-08,Combined Minimum-Variance,0.008557048986007822,0.827146773262726,-0.16630646959214934
2023-06-09,Combined Minimum-Variance,0.00436344366875772,0.8307559816136526,-0.16266869483520696
2023-06-12,Combined Minimum-Variance,-0.0004145048672533063,0.8304116292157739,-0.16301577273670131
2023-06-13,Combined Minimum-Variance,0.0027607066132837605,0.8327041520922976,-0.16070510484528144
2023-06-14,Combined Minimum-Variance,-0.010409007372271236,0.824036528434248,-0.16944133159645647
2023-06-15,Combined Minimum-Variance,0.007334124375763756,0.8300801148239575,-0.16334991102101604
2023-06-16,Combined Minimum-Variance,-0.000952914103946169,0.8292891197751365,-0.16414716669087193
2023-06-20,Combined Minimum-Variance,-0.011437702829699442,0.8198039572632455,-0.173707403007624
2023-06-21,Combined Minimum-Variance,-0.0020058779133909892,0.8181595306120606,-0.1753648450779296
2023-06-22,Combined Minimum-Variance,0.007352995439549496,0.824175453909475,-0.16930130654449538
2023-06-23,Combined Minimum-Variance,0.002489009487069209,0.8262268344332654,-0.1672336896155885
2023-06-26,Combined Minimum-Variance,0.011060609449060755,0.8353654067652656,-0.1580227866940912
2023-06-27,Combined Minimum-Variance,0.002994877069966197,0.8378672234670298,-0.15550116844452733
2023-06-28,Combined Minimum-Variance,1.2524285649895668e-05,0.8378777171554732,-0.15549059169992985
2023-06-29,Combined Minimum-Variance,-0.007556912937862413,0.8315459481943543,-0.16187247577365926
2023-06-30,Combined Minimum-Variance,0.013834249435097614,0.8430497622584198,-0.15027761054509126
2023-07-03,Combined Minimum-Variance,0.00511166817440942,0.8473591528975996,-0.1459341116498315
2023-07-05,Combined Minimum-Variance,0.004988250157564181,0.8515859923255544,-0.14167381734769857
2023-07-06,Combined Minimum-Variance,-0.009544391361680924,0.8434581223366739,-0.14986601835090985
2023-07-07,Combined Minimum-Variance,-0.01647225552218603,0.829564464623281,-0.16386964252472702
2023-07-10,Combined Minimum-Variance,0.0006468949204016352,0.8301011056615916,-0.16332875404368263
2023-07-11,Combined Minimum-Variance,0.0022258665901614605,0.8319487999791398,-0.16146643547035966
2023-07-12,Combined Minimum-Variance,-0.0036109624943182735,0.828944664065222,-0.16449434872210322
2023-07-13,Combined Minimum-Variance,-0.0024583648026389295,0.8269068156797488,-0.16654832640761064
2023-07-14,Combined Minimum-Variance,0.0008376592391415988,0.8275994818138122,-0.16585017791284795
2023-07-17,Combined Minimum-Variance,-0.000698053138274409,0.8270217733982977,-0.16643245881394686
2023-07-18,Combined Minimum-Variance,0.007047959110471588,0.8328505890406785,-0.16055750886785136
2023-07-19,Combined Minimum-Variance,0.009335417058226032,0.8406255966365626,-0.15272096311673644
2023-07-20,Combined Minimum-Variance,0.018165752615363403,0.8558961932672046,-0.1373295017365318
2023-07-21,Combined Minimum-Variance,0.005283003237320014,0.8604178956270452,-0.13277201070146527
2023-07-24,Combined Minimum-Variance,0.0044089084666433095,0.8642113993719266,-0.12894848187693708
2023-07-25,Combined Minimum-Variance,-0.0009242002965258419,0.863412694940366,-0.12975350794827567
2023-07-26,Combined Minimum-Variance,-0.004842247506226443,0.8592318369714468,-0.1339674568542154
2023-07-27,Combined Minimum-Variance,0.0024282424862522925,0.8613182602235214,-0.1318645198384718
2023-07-28,Combined Minimum-Variance,-0.003971814655636575,0.8578972637343982,-0.13531259306165544
2023-07-31,Combined Minimum-Variance,-0.006559470868738278,0.8522699116245621,-0.1409844849180324
2023-08-01,Combined Minimum-Variance,-0.010637460964155018,0.843203923708732,-0.1501222289273203
2023-08-02,Combined Minimum-Variance,-0.01390434791393475,0.8314797229910909,-0.1619392251406343
2023-08-03,Combined Minimum-Variance,-0.0002749669149946382,0.8312510935767794,-0.16216966412647538
2023-08-04,Combined Minimum-Variance,-0.007341234509958892,0.8251486843621725,-0.16832037310168058
2023-08-07,Combined Minimum-Variance,0.014941058090235375,0.837477278788309,-0.1558941994837275
2023-08-08,Combined Minimum-Variance,-0.00235319118422321,0.8355065346388771,-0.15788054181205402
2023-08-09,Combined Minimum-Variance,0.004440415137932724,0.8392165305031293,-0.15414118182196856
2023-08-10,Combined Minimum-Variance,-0.0012779925531829948,0.8381440180266383,-0.15522218309264424
2023-08-11,Combined Minimum-Variance,0.0070293000127439114,0.8440355837832342,-0.1492839863734916
2023-08-14,Combined Minimum-Variance,-0.0007289388905600021,0.843420333421198,-0.1499041063606461
2023-08-15,Combined Minimum-Variance,-0.00937762167802125,0.8355110566188235,-0.15787598404123537
2023-08-16,Combined Minimum-Variance,-0.001987448737220053,0.833850521224413,-0.15954966235333523
2023-08-17,Combined Minimum-Variance,-0.0016404175029626226,0.832482658234542,-0.1609283517975817
2023-08-18,Combined Minimum-Variance,0.005187441955193058,0.8368011137028386,-0.15657571632628342
2023-08-21,Combined Minimum-Variance,-0.007338686208430104,0.8306600929105086,-0.16276534248473484
2023-08-22,Combined Minimum-Variance,-0.0052183970088614026,0.8263253787662839,-0.16713436531722758
2023-08-23,Combined Minimum-Variance,0.0083420869275915,0.8332186569064272,-0.16018652779370024
2023-08-24,Combined Minimum-Variance,-0.006713272153781571,0.8276250332990059,-0.16582442419103338
2023-08-25,Combined Minimum-Variance,0.004007501632174828,0.8309417419707804,-0.16248146420945864
2023-08-28,Combined Minimum-Variance,-0.00036348234463096817,0.8306397093181571,-0.1627858874105197
2023-08-29,Combined Minimum-Variance,0.0031076073166123814,0.8332210113563029,-0.16018415470866554
2023-08-30,Combined Minimum-Variance,-0.0022248281157821615,0.8313672378235769,-0.16205260061334914
2023-08-31,Combined Minimum-Variance,-0.002940064075199488,0.8289229648743539,-0.16451621965919272
2023-09-01,Combined Minimum-Variance,0.0029950974816790716,0.831405669958955,-0.16201386429271025
2023-09-05,Combined Minimum-Variance,-0.0053643700907236485,0.8269457022497692,-0.16650913205553952
2023-09-06,Combined Minimum-Variance,-0.0011660999736006908,0.8259814008882065,-0.16748106573464605
2023-09-07,Combined Minimum-Variance,0.008840404732223571,0.8332834107733471,-0.16012126140850103
2023-09-08,Combined Minimum-Variance,0.0049940354062164944,0.8374448576301621,-0.1559268772510466
2023-09-11,Combined Minimum-Variance,0.00404112127031506,0.8408290738570473,-0.15251587540100453
2023-09-12,Combined Minimum-Variance,0.007263190728275759,0.8469361757903506,-0.1463604365648561
2023-09-13,Combined Minimum-Variance,0.0068320061962174675,0.852722448991151,-0.14052836577813077
2023-09-14,Combined Minimum-Variance,0.008432364505833248,0.8599129155033512,-0.13328098767594776
2023-09-15,Combined Minimum-Variance,-0.0027057831200771655,0.857586177651846,-0.13562614134934414
2023-09-18,Combined Minimum-Variance,0.0031544545094330484,0.8602913942371673,-0.13289951333308747
2023-09-19,Combined Minimum-Variance,0.0054857504334595375,0.8650107381260054,-0.12814281646250147
2023-09-20,Combined Minimum-Variance,0.003394787737275293,0.867947265972407,-0.12518304638717292
2023-09-21,Combined Minimum-Variance,-0.018552949330407464,0.8518442843253552,-0.1414134810009332
2023-09-22,Combined Minimum-Variance,-0.0024049272529325424,0.8497956607907263,-0.14347831911947462
2023-09-25,Combined Minimum-Variance,0.0006490928097732426,0.8503472570439221,-0.14292235705500012
2023-09-26,Combined Minimum-Variance,-0.004317717014348025,0.8466756982240794,-0.14662297577656103
2023-09-27,Combined Minimum-Variance,-0.0030737075707873616,0.8440732647204463,-0.1492460071966527
2023-09-28,Combined Minimum-Variance,0.004746484068076984,0.8480796450237317,-0.14520791692395862
2023-09-29,Combined Minimum-Variance,-0.007902441950514975,0.8413777448595183,-0.15196286174022677
2023-10-02,Combined Minimum-Variance,0.0007733962904760986,0.8420284632862819,-0.15130699296331063
2023-10-03,Combined Minimum-Variance,-0.008793420788182425,0.834624152692979,-0.1587699076941722
2023-10-04,Combined Minimum-Variance,0.010131254062823275,0.8430799420308802,-0.15024719190372948
2023-10-05,Combined Minimum-Variance,-0.010843687434078379,0.8339378466575564,-0.15946164575095578
2023-10-06,Combined Minimum-Variance,0.004075970026905909,0.8373369523248352,-0.1560356366125718
2023-10-09,Combined Minimum-Variance,0.002286461599015346,0.8392514911117623,-0.15410594450474913
2023-10-10,Combined Minimum-Variance,0.008765656331086705,0.8466080812582001,-0.14669112792176864
2023-10-11,Combined Minimum-Variance,-0.009408648352532897,0.8386426435292291,-0.15471961103524912
2023-10-12,Combined Minimum-Variance,-0.004851065198072575,0.8345743333875849,-0.15882012131276924
2023-10-13,Combined Minimum-Variance,-0.006128278213693434,0.829459829682578,-0.16397510563712558
2023-10-16,Combined Minimum-Variance,0.001767757517101268,0.830926113531633,-0.16249721634563163
2023-10-17,Combined Minimum-Variance,0.008969067940694821,0.8383787462975958,-0.15498559697851455
2023-10-18,Combined Minimum-Variance,-0.008256810771851125,0.8314564116342748,-0.16196272100375175
2023-10-19,Combined Minimum-Variance,6.552047458979575e-05,0.8315108890529658,-0.16190781240350793
2023-10-20,Combined Minimum-Variance,0.009078966121635836,0.8390601482444491,-0.1542988018255116
2023-10-23,Combined Minimum-Variance,-0.012128539501859121,0.8288835740920305,-0.16455592221434046
2023-10-24,Combined Minimum-Variance,0.015718029602427457,0.841911990646575,-0.1514243874685327
2023-10-25,Combined Minimum-Variance,-0.0033231999919293826,0.8391141487260529,-0.15424437393724888
2023-10-26,Combined Minimum-Variance,-0.008042696030392574,0.8323654086930478,-0.1610465293536658
2023-10-27,Combined Minimum-Variance,-0.018898880737678266,0.816634634103989,-0.17690181093987223
2023-10-30,Combined Minimum-Variance,-0.0048267692750561895,0.812692927143149,-0.18087471598918214
2023-10-31,Combined Minimum-Variance,0.0035441389531864695,0.8155732238032162,-0.17797162216257945
2023-11-01,Combined Minimum-Variance,0.012508064163413676,0.825774466016509,-0.1676896384684421
2023-11-02,Combined Minimum-Variance,0.000466185615910605,0.8261594301945521,-0.16730162734992282
2023-11-03,Combined Minimum-Variance,0.0031888049775041847,0.8287938914977685,-0.16464631463445656
2023-11-06,Combined Minimum-Variance,0.0035645035206312856,0.83174813024189,-0.16166869348199875
2023-11-07,Combined Minimum-Variance,0.0031801321581939736,0.8343931992183898,-0.15900268913492022
2023-11-08,Combined Minimum-Variance,0.00420655111383348,0.837903116859937,-0.15546499096016975
2023-11-09,Combined Minimum-Variance,-0.016915602261452403,0.823729481001503,-0.1697508092689597
2023-11-10,Combined Minimum-Variance,0.008973998372441882,0.831121628023343,-0.16230015438261802
2023-11-13,Combined Minimum-Variance,0.01137162447320416,0.8405728310687824,-0.15277414631699615
2023-11-14,Combined Minimum-Variance,0.004048971063485089,0.8439762861385316,-0.14934375335119732
2023-11-15,Combined Minimum-Variance,0.004391454869543585,0.847682569910074,-0.1456081348345437
2023-11-16,Combined Minimum-Variance,-0.009098726129500963,0.8399697383617107,-0.15338201242295768
2023-11-17,Combined Minimum-Variance,3.6979802211600384e-05,0.840000800276499,-0.15335070465722833
2023-11-20,Combined Minimum-Variance,0.0025553211871916673,0.8421472721187034,-0.15118724377471815
2023-11-21,Combined Minimum-Variance,0.0036038278210283534,0.845182225887368,-0.14812826874898966
2023-11-22,Combined Minimum-Variance,-0.001425445052931327,0.8439774650646514,-0.14934256509403343
2023-11-24,Combined Minimum-Variance,0.004703138162771213,0.8479468076891158,-0.1453418056484822
2023-11-27,Combined Minimum-Variance,-3.196863190664003e-05,0.8479196999897444,-0.14536912790170342
2023-11-28,Combined Minimum-Variance,-0.0035169349451602797,0.8449376215661606,-0.14837480908099876
2023-11-29,Combined Minimum-Variance,-0.001655098610659949,0.8435391664826122,-0.14978433275129166
2023-11-30,Combined Minimum-Variance,0.0076023988830574134,0.8499520876996948,-0.14332065411224226
2023-12-01,Combined Minimum-Variance,-0.0006006395882422492,0.8494415728277132,-0.14383520964181196
2023-12-04,Combined Minimum-Variance,0.0030417744715942377,0.8520253825190514,-0.1412309494390226
2023-12-05,Combined Minimum-Variance,0.00376128134096177,0.855230089692346,-0.13800087743295208
2023-12-06,Combined Minimum-Variance,-0.00508063305871371,0.8508849794258484,-0.14238037867164843
2023-12-07,Combined Minimum-Variance,-7.457443438173864e-05,0.8508215251597838,-0.1424443351698237
2023-12-08,Combined Minimum-Variance,0.0011016967666337655,0.8517588724830347,-0.14149956886667192
2023-12-11,Combined Minimum-Variance,0.002709788657973497,0.8540669590150175,-0.13917321413552142
2023-12-12,Combined Minimum-Variance,0.004450738241997333,0.857868187490732,-0.1353418994399388
2023-12-13,Combined Minimum-Variance,0.014235918059424757,0.8700807287136373,-0.12303269757094792
2023-12-14,Combined Minimum-Variance,-0.005981113192979148,0.8648766773881713,-0.12827793827331757
2023-12-15,Combined Minimum-Variance,-0.004288681661775108,0.8611674966421596,-0.1320164766936096
2023-12-18,Combined Minimum-Variance,0.010691086788631562,0.8703743130883096,-0.1227367895148388
2023-12-19,Combined Minimum-Variance,0.004026317276032391,0.8738787162217119,-0.11920464949483467
2023-12-20,Combined Minimum-Variance,-0.004348687897892582,0.8700784904242527,-0.1230349535760965
2023-12-21,Combined Minimum-Variance,0.011800916539853549,0.8803462140728711,-0.11268596225487926
2023-12-22,Combined Minimum-Variance,0.003827129412025014,0.8837154129615143,-0.10929009660332212
2023-12-26,Combined Minimum-Variance,0.0036964295687552697,0.8869820047443502,-0.10599765017922336
2023-12-27,Combined Minimum-Variance,0.004553405947312317,0.8910207938799121,-0.10192689456263826
2023-12-28,Combined Minimum-Variance,0.0001408293288815828,0.8911462757403337,-0.10180041952991292
2023-12-29,Combined Minimum-Variance,-0.0008395743762911192,0.8903980921616949,-0.10255452488247108
2021-01-04,Combined Maximum-Sharpe,-0.0031308835285688095,0.9968691164714312,0.0
2021-01-05,Combined Maximum-Sharpe,0.05636759856769375,1.0530602346532243,0.0
2021-01-06,Combined Maximum-Sharpe,0.12674966324758016,1.1865352647749383,0.0
2021-01-07,Combined Maximum-Sharpe,0.0337978704156347,1.2266376298973825,0.0
2021-01-08,Combined Maximum-Sharpe,0.007562545917403087,1.2359141332974959,0.0
2021-01-11,Combined Maximum-Sharpe,-0.04074661364497238,1.185554817609662,-0.04074661364497234
2021-01-12,Combined Maximum-Sharpe,-0.01934620385932078,1.1626188324217857,-0.0593045252101404
2021-01-13,Combined Maximum-Sharpe,0.05901139064195606,1.2312265865095224,-0.003792777072195719
2021-01-14,Combined Maximum-Sharpe,0.02376805654677677,1.2604904496395757,0.0
2021-01-15,Combined Maximum-Sharpe,-0.045984871981636234,1.2025269576788247,-0.045984871981636255
2021-01-19,Combined Maximum-Sharpe,-0.008392378611500249,1.1924348961594484,-0.05399132813706531
2021-01-20,Combined Maximum-Sharpe,0.0008969973140432182,1.1935045070584747,-0.05314276089934278
2021-01-21,Combined Maximum-Sharpe,-0.08140404321076103,1.0963484145936486,-0.13022076850551445
2021-01-22,Combined Maximum-Sharpe,0.04062632123301971,1.1408890174682422,-0.09488483804501036
2021-01-25,Combined Maximum-Sharpe,-0.0026620791630101947,1.1378518805875328,-0.09729432625777534
2021-01-26,Combined Maximum-Sharpe,-0.000402072812894671,1.1373943812812475,-0.09765727966723292
2021-01-27,Combined Maximum-Sharpe,-0.05683074138598998,1.072755415344775,-0.14893808544799503
2021-01-28,Combined Maximum-Sharpe,0.08071809303256175,1.159346186761759,-0.08024199065271609
2021-01-29,Combined Maximum-Sharpe,0.011839970020991882,1.1730728108569695,-0.06935208339547705
2021-02-01,Combined Maximum-Sharpe,0.01665417573568249,1.1926093715997323,-0.05385290944429866
2021-02-02,Combined Maximum-Sharpe,0.04120041031094668,1.2417453670503216,-0.01487126109889536
2021-02-03,Combined Maximum-Sharpe,0.02363092082798482,1.2710889535076046,0.0
2021-02-04,Combined Maximum-Sharpe,-0.009034796603173304,1.259604923348123,-0.0090347966031733
2021-02-05,Combined Maximum-Sharpe,0.026558763357330192,1.2930584724310537,0.0
2021-02-08,Combined Maximum-Sharpe,0.09619235403633958,1.41744081080083,0.0
2021-02-09,Combined Maximum-Sharpe,0.0032426681523995055,1.4220371009759254,0.0
2021-02-10,Combined Maximum-Sharpe,-0.00015220345394179914,1.4218206620175233,-0.000152203453941957
2021-02-11,Combined Maximum-Sharpe,0.04670230485368531,1.4882229640223341,0.0
2021-02-12,Combined Maximum-Sharpe,0.01878121144641533,1.5161735941890486,0.0
2021-02-16,Combined Maximum-Sharpe,0.012407338933745939,1.534985273854548,0.0
2021-02-17,Combined Maximum-Sharpe,0.019675889517282004,1.5651874745135648,0.0
2021-02-18,Combined Maximum-Sharpe,-0.003482114586788118,1.559737312377503,-0.0034821145867881542
2021-02-19,Combined Maximum-Sharpe,0.03889031515168294,1.6203959880097027,0.0
2021-02-22,Combined Maximum-Sharpe,-0.04152403662290343,1.5531106056599822,-0.04152403662290338
2021-02-23,Combined Maximum-Sharpe,-0.07188628854210158,1.4414632485237107,-0.110425316286898
2021-02-24,Combined Maximum-Sharpe,0.021285857695654185,1.472146030105302,-0.09148995615972422
2021-02-25,Combined Maximum-Sharpe,-0.05477413518765333,1.3915105044363472,-0.14125280812037222
2021-02-26,Combined Maximum-Sharpe,0.008577411345652706,1.4034460624246945,-0.1338869802136965
2021-03-01,Combined Maximum-Sharpe,0.05572498627946953,1.481653074997286,-0.08562284406963483
2021-03-02,Combined Maximum-Sharpe,-0.016164778056837747,1.4577024818827238,-0.10040354785549177
2021-03-03,Combined Maximum-Sharpe,0.011725687997332274,1.4747950463782173,-0.08985516053413822
2021-03-04,Combined Maximum-Sharpe,-0.029616647995263822,1.431116560624475,-0.11681059986930453
2021-03-05,Combined Maximum-Sharpe,0.018652017215817603,1.4578097713510842,-0.10033733597323924
2021-03-08,Combined Maximum-Sharpe,-0.002468350166740222,1.4542113863588944,-0.10255801845999957
2021-03-09,Combined Maximum-Sharpe,0.03454575394996955,1.504448215103293,-0.07155520858134556
2021-03-10,Combined Maximum-Sharpe,0.004015390107155444,1.5104891615829463,-0.06782714055084316
2021-03-11,Combined Maximum-Sharpe,0.01693089002391707,1.536063087460026,-0.05204462438422908
2021-03-12,Combined Maximum-Sharpe,-0.012815914778378752,1.5163770338369251,-0.06419353969182673
2021-03-15,Combined Maximum-Sharpe,-0.03506065959082257,1.4632118548422275,-0.09700353143958418
2021-03-16,Combined Maximum-Sharpe,0.028590424791286442,1.505045703331813,-0.07118647881841034
2021-03-17,Combined Maximum-Sharpe,0.020655141653177576,1.5361326355286378,-0.05200170396901793
2021-03-18,Combined Maximum-Sharpe,-0.01841716599065301,1.5078414257964476,-0.06946114594587671
2021-03-19,Combined Maximum-Sharpe,0.008271204637948356,1.5203130907907858,-0.06176446866043317
2021-03-22,Combined Maximum-Sharpe,-0.02279786256730463,1.4856532018876634,-0.08315423335967465
2021-03-23,Combined Maximum-Sharpe,-0.0002845683451559366,1.4852304320145266,-0.0834151386422507
2021-03-24,Combined Maximum-Sharpe,-0.024201004741726647,1.4492863632867865,-0.1055974132181643
2021-03-25,Combined Maximum-Sharpe,0.0024594151393449964,1.4528507601099,-0.10339770595556386
2021-03-26,Combined Maximum-Sharpe,0.05195633053397324,1.5283355544187043,-0.056813540808672514
2021-03-29,Combined Maximum-Sharpe,0.015112691231143806,1.5514328177502132,-0.04255945507751813
2021-03-30,Combined Maximum-Sharpe,0.007689922964426885,1.563363216603196,-0.03519681104404537
2021-03-31,Combined Maximum-Sharpe,0.0019014866554631484,1.5663359308972091,-0.033362250655097236
2021-04-01,Combined Maximum-Sharpe,0.005848139504926625,1.575496081932675,-0.027709218246199985
2021-04-05,Combined Maximum-Sharpe,0.006062105676694674,1.5850469056745695,-0.021815088778732283
2021-04-06,Combined Maximum-Sharpe,-0.0027791794761285278,1.5806417758456177,-0.024533640207856977
2021-04-07,Combined Maximum-Sharpe,-0.01959785105441815,1.5496645937522042,-0.04365068463565891
2021-04-08,Combined Maximum-Sharpe,0.01955099010566292,1.57996207089175,-0.024953108633413046
2021-04-09,Combined Maximum-Sharpe,0.0013858845218972064,1.5821517158709835,-0.023601806238544132
2021-04-12,Combined Maximum-Sharpe,0.006463363998274174,1.5923777383111515,-0.0172909893050065
2021-04-13,Combined Maximum-Sharpe,0.02057101392088624,1.6251345629332596,0.0
2021-04-14,Combined Maximum-Sharpe,-0.0021834130227370093,1.621586222964851,-0.0021834130227370574
2021-04-15,Combined Maximum-Sharpe,0.015135088982005246,1.6461290747414177,0.0
2021-04-16,Combined Maximum-Sharpe,-0.009644130623932153,1.630253590920759,-0.009644130623932101
2021-04-19,Combined Maximum-Sharpe,-0.007550674156924317,1.6179440772625604,-0.017121985092988345
2021-04-20,Combined Maximum-Sharpe,0.0011751345573253072,1.6198453792595713,-0.015966971172035938
2021-04-21,Combined Maximum-Sharpe,-0.005154883723198148,1.6114952646799283,-0.02103954701543065
2021-04-22,Combined Maximum-Sharpe,-0.020114064353295123,1.579081545221126,-0.040730420566093106
2021-04-23,Combined Maximum-Sharpe,0.009101563857168728,1.5934536567406328,-0.03199956723263597
2021-04-26,Combined Maximum-Sharpe,0.03244237801878801,1.6451490826280324,-0.0005953312704468638
2021-04-27,Combined Maximum-Sharpe,0.020219653527399472,1.6784134270796904,0.0
2021-04-28,Combined Maximum-Sharpe,0.0038277669387753485,1.6848380025054628,0.0
2021-04-29,Combined Maximum-Sharpe,0.001602489426138078,1.6875379375892334,0.0
2021-04-30,Combined Maximum-Sharpe,0.015872405709046418,1.7143232243840574,0.0
2021-05-03,Combined Maximum-Sharpe,0.012946797000291598,1.7365182191630433,0.0
2021-05-04,Combined Maximum-Sharpe,-0.00987229195525246,1.7193748043178507,-0.00987229195525241
2021-05-05,Combined Maximum-Sharpe,0.027364134718532766,1.7664240080948552,0.0
2021-05-06,Combined Maximum-Sharpe,0.0075754055473434305,1.7798053863247376,0.0
2021-05-07,Combined Maximum-Sharpe,0.008913326559830733,1.7956693729459956,0.0
2021-05-10,Combined Maximum-Sharpe,-0.0137785574479404,1.770927639333352,-0.013778557447940432
2021-05-11,Combined Maximum-Sharpe,-0.0010618454954911796,1.7690471877966851,-0.014825772244271174
2021-05-12,Combined Maximum-Sharpe,-0.038770891617166445,1.7004596510129668,-0.053021855452614064
2021-05-13,Combined Maximum-Sharpe,0.025314778748518212,1.7435064108491425,-0.029049313243714736
2021-05-14,Combined Maximum-Sharpe,0.008557260670964687,1.7584260496882766,-0.020740635118489115
2021-05-17,Combined Maximum-Sharpe,-0.012400110105499417,1.7366213730597635,-0.03288355906486129
2021-05-18,Combined Maximum-Sharpe,-0.00826938263031239,1.7222605864419538,-0.04088101496301988
2021-05-19,Combined Maximum-Sharpe,-0.04133597905254372,1.6510692589177676,-0.08052713723740546
2021-05-20,Combined Maximum-Sharpe,0.030888112984417366,1.7020676727323178,-0.05212635556628875
2021-05-21,Combined Maximum-Sharpe,-0.02004841797359927,1.667943908610029,-0.07112972257605465
2021-05-24,Combined Maximum-Sharpe,0.034743188298166014,1.725893597897646,-0.038857807622944884
2021-05-25,Combined Maximum-Sharpe,-0.005137729286928213,1.7170264238136053,-0.04379589601362299
2021-05-26,Combined Maximum-Sharpe,0.015115767755555582,1.7429805964661238,-0.029342136850855738
2021-05-27,Combined Maximum-Sharpe,-0.007820181526027481,1.729350171805415,-0.03693285754034814
2021-05-28,Combined Maximum-Sharpe,-0.010505471706987311,1.7111825325040395,-0.047050332157387076
2021-06-01,Combined Maximum-Sharpe,-0.0018134086905652017,1.7080794592284532,-0.048778419366724224
2021-06-02,Combined Maximum-Sharpe,-0.0037655688054054138,1.7016475684996286,-0.05236030967778538
2021-06-03,Combined Maximum-Sharpe,0.007406390629319947,1.7142506351053695,-0.04534171995541114
2021-06-04,Combined Maximum-Sharpe,-0.00038708679623210046,1.7135870713190877,-0.04571125557053002
2021-06-07,Combined Maximum-Sharpe,-0.0069198284103655725,1.7017293428193387,-0.05231476993592521
2021-06-08,Combined Maximum-Sharpe,3.920638861114753e-05,1.7017960614812644,-0.05227761462051428
2021-06-09,Combined Maximum-Sharpe,-0.008311775314188401,1.6876511149876614,-0.06015487014801513
2021-06-10,Combined Maximum-Sharpe,-0.007743313525130108,1.6745831032832765,-0.06743238565352572
2021-06-11,Combined Maximum-Sharpe,-0.0025978150560585786,1.6702328460849458,-0.06985502384286768
2021-06-14,Combined Maximum-Sharpe,-0.006688867703608977,1.6590608795432613,-0.07607664053355923
2021-06-15,Combined Maximum-Sharpe,-0.0038087345397147766,1.6527419570678554,-0.0795956193448083
2021-06-16,Combined Maximum-Sharpe,-0.014986009833161031,1.6279739498475587,-0.0933888084437916
2021-06-17,Combined Maximum-Sharpe,-0.013327903680816,1.6062764698491128,-0.1054720350808026
2021-06-18,Combined Maximum-Sharpe,-0.011082789732042264,1.588474445482248,-0.11538590042543373
2021-06-21,Combined Maximum-Sharpe,0.004109843136527758,1.595002826279563,-0.1117502752398214
2021-06-22,Combined Maximum-Sharpe,-0.0015092463907427907,1.592595574020776,-0.11309086293099402
2021-06-23,Combined Maximum-Sharpe,0.006182350070826835,1.6024415573806219,-0.10760768016461852
2021-06-24,Combined Maximum-Sharpe,0.014915754368567175,1.6263431820404954,-0.09429697552155814
2021-06-25,Combined Maximum-Sharpe,-0.006862870598852183,1.6151817992328261,-0.10051269817954267
2021-06-28,Combined Maximum-Sharpe,0.0008799046459279277,1.6166030052019895,-0.09972123512371756
2021-06-29,Combined Maximum-Sharpe,0.017052282539410088,1.6441697764007535,-0.08436942726081598
2021-06-30,Combined Maximum-Sharpe,0.004644449382998524,1.6518060397043026,-0.08011682741220294
2021-07-01,Combined Maximum-Sharpe,-0.0009169351471676592,1.650291440690194,-0.08096030062443671
2021-07-02,Combined Maximum-Sharpe,0.005128982512940915,1.65875575663075,-0.07624656207764102
2021-07-06,Combined Maximum-Sharpe,-0.0016132220324074206,1.6560798152977707,-0.07773678147620944
2021-07-07,Combined Maximum-Sharpe,0.0002895500128523865,1.6565593332295747,-0.07746974014943264
2021-07-08,Combined Maximum-Sharpe,-0.012766202261954967,1.6354113617226367,-0.08924694803945887
2021-07-09,Combined Maximum-Sharpe,0.01841547102643413,1.6655282322707412,-0.07247500159884301
2021-07-12,Combined Maximum-Sharpe,0.006512156360618457,1.6763744125423128,-0.06643481378087224
2021-07-13,Combined Maximum-Sharpe,-0.012290256239731389,1.6557713414584387,-0.07790856913599775
2021-07-14,Combined Maximum-Sharpe,-0.0006589323962351783,1.654680300080794,-0.07851616505208492
2021-07-15,Combined Maximum-Sharpe,-0.005724824745444275,1.6452075453530923,-0.08379149851292156
2021-07-16,Combined Maximum-Sharpe,-0.014692323966113826,1.6210356231052698,-0.09725273063727746
2021-07-19,Combined Maximum-Sharpe,-0.014532076045049984,1.597478610158569,-0.11037152260511784
2021-07-20,Combined Maximum-Sharpe,0.01408992958038547,1.6199869712818755,-0.09783672000591825
2021-07-21,Combined Maximum-Sharpe,0.01337203241859407,1.6416494895795566,-0.08577296337897233
2021-07-22,Combined Maximum-Sharpe,0.0025565651014321494,1.6458464733733995,-0.08343568244236133
2021-07-23,Combined Maximum-Sharpe,0.008229419871363636,1.6593908350465925,-0.0758928898340695
2021-07-26,Combined Maximum-Sharpe,0.004379336325597563,1.6666578656088755,-0.07184591399777696
2021-07-27,Combined Maximum-Sharpe,-0.003921859103090053,1.6601214682869008,-0.07548600354903501
2021-07-28,Combined Maximum-Sharpe,0.0031332998271015144,1.6653231265964514,-0.0725892240038023
2021-07-29,Combined Maximum-Sharpe,0.008234484534019456,1.6790362041265547,-0.06495247431217877
2021-07-30,Combined Maximum-Sharpe,0.00021768056659198073,1.6794016976787973,-0.06474893263699666
2021-08-02,Combined Maximum-Sharpe,-0.001682403497021593,1.6765762663897184,-0.06632240230332143
2021-08-03,Combined Maximum-Sharpe,0.006072436724991616,1.6867571696819925,-0.0606527041697662
2021-08-04,Combined Maximum-Sharpe,-0.0018660884764923082,1.6836095315650081,-0.06240560933393924
2021-08-05,Combined Maximum-Sharpe,0.007256767840434399,1.695827095069518,-0.055601704512382
2021-08-06,Combined Maximum-Sharpe,0.0029420590862637764,1.7008163185832998,-0.05282322892609048
2021-08-09,Combined Maximum-Sharpe,0.01006334402104737,1.7179322183138148,-0.04329146323002897
2021-08-10,Combined Maximum-Sharpe,0.013549487437139665,1.7412093193237153,-0.030328552930060093
2021-08-11,Combined Maximum-Sharpe,0.007257207605303818,1.7538456368383373,-0.023291445929738086
2021-08-12,Combined Maximum-Sharpe,0.0059745141939134844,1.7643240124895614,-0.017456086810128446
2021-08-13,Combined Maximum-Sharpe,0.003150357978714072,1.7698822647193446,-0.014360721753773786
2021-08-16,Combined Maximum-Sharpe,-0.0010742899681701903,1.7679808979575145,-0.015419584142628118
2021-08-17,Combined Maximum-Sharpe,-0.01029989385135758,1.7497708823773244,-0.02556065791408446
2021-08-18,Combined Maximum-Sharpe,-0.004081711910921752,1.7426288217253407,-0.029538038583147408
2021-08-19,Combined Maximum-Sharpe,-0.0010241069674075567,1.7408441834074067,-0.03053189543943835
2021-08-20,Combined Maximum-Sharpe,0.010940076597148582,1.7598891521175843,-0.01992584011705334
2021-08-23,Combined Maximum-Sharpe,0.008301820176602784,1.7744994353892185,-0.011789440681969965
2021-08-24,Combined Maximum-Sharpe,-0.00019108317838841085,1.7741603583970558,-0.011978271096561577
2021-08-25,Combined Maximum-Sharpe,0.0013764215639360182,1.776602350972234,-0.010618336683261509
2021-08-26,Combined Maximum-Sharpe,-0.008228260596225794,1.761984003852567,-0.018759226838159004
2021-08-27,Combined Maximum-Sharpe,0.01334894213883451,1.7855046263695467,-0.00566070053295642
2021-08-30,Combined Maximum-Sharpe,0.0005733813666203842,1.7865284014523215,-0.005090564906543582
2021-08-31,Combined Maximum-Sharpe,-0.0006737298037562413,1.785324764023006,-0.005760865045004393
2021-09-01,Combined Maximum-Sharpe,0.007186431387150918,1.798154877943439,0.0
2021-09-02,Combined Maximum-Sharpe,0.004840520704271773,1.8068588838596118,0.0
2021-09-03,Combined Maximum-Sharpe,-0.002737486058093525,1.8019126328561037,-0.002737486058093541
2021-09-07,Combined Maximum-Sharpe,-0.016776710110815423,1.7716824669696607,-0.019468270158879863
2021-09-08,Combined Maximum-Sharpe,-0.0004425294962607082,1.7708984452200187,-0.019902184371354048
2021-09-09,Combined Maximum-Sharpe,-0.006755431556197053,1.758935261980359,-0.026523168083211646
2021-09-10,Combined Maximum-Sharpe,-0.00582363298719979,1.7486918685663413,-0.03219233987383707
2021-09-13,Combined Maximum-Sharpe,-0.00466057866920997,1.7405419525446801,-0.03670288361051899
2021-09-14,Combined Maximum-Sharpe,-0.009501515947106187,1.7240041654259697,-0.04585566652369499
2021-09-15,Combined Maximum-Sharpe,0.008537644687069114,1.7387231004294037,-0.03770952122429394
2021-09-16,Combined Maximum-Sharpe,-0.00798312065665484,1.7248426641301629,-0.04539160222311056
2021-09-17,Combined Maximum-Sharpe,-0.01842093023235518,1.6930694577524315,-0.06297637691777902
2021-09-20,Combined Maximum-Sharpe,-0.019761833014407124,1.659611301846535,-0.08149368128768464
2021-09-21,Combined Maximum-Sharpe,-0.006822191446330144,1.6482891158188449,-0.08775990723860394
2021-09-22,Combined Maximum-Sharpe,0.013030481954287878,1.6697671173979716,-0.07587297917189861
2021-09-23,Combined Maximum-Sharpe,0.0066308443257099775,1.6808390832136269,-0.06974523675960542
2021-09-24,Combined Maximum-Sharpe,-0.007720087309124769,1.6678628587386284,-0.0769268847515504
2021-09-27,Combined Maximum-Sharpe,-0.00578752063944501,1.6582100680199148,-0.08226918945776762
2021-09-28,Combined Maximum-Sharpe,-0.007252306610983269,1.646184220181215,-0.08892485468216615
2021-09-29,Combined Maximum-Sharpe,0.0018789694606906355,1.6492773500576063,-0.08721297230771963
2021-09-30,Combined Maximum-Sharpe,-0.012187114636429068,1.6291774179251883,-0.09833721245285076
2021-10-01,Combined Maximum-Sharpe,0.009717115322704768,1.6450083227763137,-0.08957565116406374
2021-10-04,Combined Maximum-Sharpe,-0.00743178175382589,1.632782979938213,-0.09634172622798143
2021-10-05,Combined Maximum-Sharpe,0.007207405572335271,1.6445511090862337,-0.08982869455011022
2021-10-06,Combined Maximum-Sharpe,0.008917937391033963,1.6592171129134201,-0.08171184383299246
2021-10-07,Combined Maximum-Sharpe,0.0038573727671738804,1.665617331819601,-0.07816966410697568
2021-10-08,Combined Maximum-Sharpe,-0.0004223848112079641,1.6649138003573558,-0.07855903123936758
2021-10-11,Combined Maximum-Sharpe,-0.0034755965884006004,1.6591272316328527,-0.08176158832680458
2021-10-12,Combined Maximum-Sharpe,0.010624004261029217,1.6767538064113099,-0.07200621952854769
2021-10-13,Combined Maximum-Sharpe,0.011463254259641559,1.6959748616250245,-0.06136839087163748
2021-10-14,Combined Maximum-Sharpe,0.020212994758215412,1.7302555926131165,-0.04239583507643052
2021-10-15,Combined Maximum-Sharpe,-0.002386419307860736,1.7261264772593705,-0.044681080144891916
2021-10-18,Combined Maximum-Sharpe,0.0051950708807156284,1.7350938266578129,-0.03971813064255603
2021-10-19,Combined Maximum-Sharpe,0.0004606929202082863,1.735893172099651,-0.03927573558393871
2021-10-20,Combined Maximum-Sharpe,0.0037695670818199936,1.7424367378587542,-0.03565422102209004
2021-10-21,Combined Maximum-Sharpe,-0.004346135685824882,1.734863871372054,-0.039845398625580675
2021-10-22,Combined Maximum-Sharpe,0.011487837235280218,1.7547937051517442,-0.028815298844285908
2021-10-25,Combined Maximum-Sharpe,0.009354516415273339,1.7712089516720044,-0.019730335615062544
2021-10-26,Combined Maximum-Sharpe,0.00770540658226657,1.7848568367867874,-0.012176959290714495
2021-10-27,Combined Maximum-Sharpe,-0.02366411999601748,1.7426197704253528,-0.03555292226088991
2021-10-28,Combined Maximum-Sharpe,0.023112964689695304,1.7828968796467588,-0.0132616910080261
2021-10-29,Combined Maximum-Sharpe,0.004197487057511294,1.7903805662239531,-0.009119869726881724
2021-11-01,Combined Maximum-Sharpe,0.0057566511350397595,1.8006871625426595,-0.0034157185002566814
2021-11-02,Combined Maximum-Sharpe,0.010526621484576514,1.8196423147148821,0.0
2021-11-03,Combined Maximum-Sharpe,-0.004153519647396709,1.8120843946094793,-0.004153519647396742
2021-11-04,Combined Maximum-Sharpe,0.0044346840769833844,1.820120416420404,0.0
2021-11-05,Combined Maximum-Sharpe,-0.019428466797672402,1.7847582673422144,-0.019428466797672406
2021-11-08,Combined Maximum-Sharpe,0.012498188610637114,1.8070645127918512,-0.007173098829488134
2021-11-09,Combined Maximum-Sharpe,-2.5463163959173898e-05,1.8070184992118772,-0.0071983793436557475
2021-11-10,Combined Maximum-Sharpe,-0.008520584397749434,1.7916216455810479,-0.015657629342680557
2021-11-11,Combined Maximum-Sharpe,0.007918852577225275,1.80580923326657,-0.007862767223928757
2021-11-12,Combined Maximum-Sharpe,0.002246413112398706,1.8098658268066707,-0.005634017134921621
2021-11-15,Combined Maximum-Sharpe,0.001412370929873985,1.8124220286874246,-0.0042296035270674714
2021-11-16,Combined Maximum-Sharpe,-0.006640288120770241,1.8003870242205093,-0.010841805861781295
2021-11-17,Combined Maximum-Sharpe,-0.006028331391658408,1.7895336946052665,-0.016804779254820823
2021-11-18,Combined Maximum-Sharpe,0.007253768875291849,1.80251455842048,-0.009672908364243837
2021-11-19,Combined Maximum-Sharpe,-0.009548095548680849,1.785303977188793,-0.019128646059629162
2021-11-22,Combined Maximum-Sharpe,0.0008687066261804398,1.7868548825835235,-0.01827655661503047
2021-11-23,Combined Maximum-Sharpe,0.011086654667505035,1.8066651256076722,-0.00739252781922739
2021-11-24,Combined Maximum-Sharpe,0.005080495028944679,1.8158438787972897,-0.002349590491119713
2021-11-26,Combined Maximum-Sharpe,-0.031065338127301553,1.7594340747160613,-0.03334193779535388
2021-11-29,Combined Maximum-Sharpe,0.01170382118443863,1.7800261765123464,-0.02202834468881465
2021-11-30,Combined Maximum-Sharpe,-0.016159576661289,1.751261707053894,-0.037831952625383414
2021-12-01,Combined Maximum-Sharpe,-0.010353026847442562,1.733130847583867,-0.04779330425160422
2021-12-02,Combined Maximum-Sharpe,0.027973690722301332,1.7816129138954582,-0.02115656864103399
2021-12-03,Combined Maximum-Sharpe,-0.009796025947687708,1.7641601875622028,-0.030745344293350074
2021-12-06,Combined Maximum-Sharpe,0.008418292475426338,1.7790114039946046,-0.02258587511844279
2021-12-07,Combined Maximum-Sharpe,0.019252310501197033,1.8132614839294792,-0.00376839489796732
2021-12-08,Combined Maximum-Sharpe,-0.0008176981663534986,1.8117787833389507,-0.004583011654722524
2021-12-09,Combined Maximum-Sharpe,-0.009845620532861333,1.7939406969487062,-0.014383509593933863
2021-12-10,Combined Maximum-Sharpe,0.004243927186595461,1.801554050643627,-0.010200624974742611
2021-12-13,Combined Maximum-Sharpe,-0.007987586235262164,1.787163982306625,-0.018106732838365502
2021-12-14,Combined Maximum-Sharpe,0.0009191460691077509,1.7888066470558133,-0.01720422950157041
2021-12-15,Combined Maximum-Sharpe,0.02195472580143657,1.8280794065037107,0.0
2021-12-16,Combined Maximum-Sharpe,-0.0008326572524043694,1.8265572429279144,-0.0008326572524043341
2021-12-17,Combined Maximum-Sharpe,-0.015405856721936643,1.7984175637489515,-0.016225686176011833
2021-12-20,Combined Maximum-Sharpe,-0.003150286686694934,1.792752032840755,-0.019324857299564013
2021-12-21,Combined Maximum-Sharpe,0.00871747063161351,1.8083802960368096,-0.010775850543919496
2021-12-22,Combined Maximum-Sharpe,0.009869893789761823,1.826228817490191,-0.0010123132545204472
2021-12-23,Combined Maximum-Sharpe,0.002455749534213996,1.8307135780581105,0.0
2021-12-27,Combined Maximum-Sharpe,0.020186558871812237,1.8676693854790065,0.0
2021-12-28,Combined Maximum-Sharpe,-0.003898946092352068,1.8603874432266876,-0.0038989460923520847
2021-12-29,Combined Maximum-Sharpe,0.0003291144826723828,1.8609997236776354,-0.00357111480930572
2021-12-30,Combined Maximum-Sharpe,-0.0030243705301061944,1.8553713709568092,-0.006584684965022958
2021-12-31,Combined Maximum-Sharpe,-0.0008252815411405099,1.853840167212398,-0.00740453228720761
2022-01-03,Combined Maximum-Sharpe,-0.0008844189667682339,1.8522005958071586,-0.008282402545180978
2022-01-04,Combined Maximum-Sharpe,0.0019843859065145544,1.855876076565516,-0.006314452121549241
2022-01-05,Combined Maximum-Sharpe,-0.009938943603629815,1.8374306289052056,-0.016190636741655218
2022-01-06,Combined Maximum-Sharpe,0.004841487026593611,1.8463265254573158,-0.011427536472798594
2022-01-07,Combined Maximum-Sharpe,-0.014567202231343676,1.819430713575885,-0.025828271469336972
2022-01-10,Combined Maximum-Sharpe,0.003264899522925581,1.8253709720446352,-0.022647698657609516
2022-01-11,Combined Maximum-Sharpe,0.008470651546191154,1.8408330534913575,-0.01436888787507018
2022-01-12,Combined Maximum-Sharpe,0.010597629775574484,1.8603415206708993,-0.0039235342534823525
2022-01-13,Combined Maximum-Sharpe,-0.01341345805075944,1.8353879077232942,-0.017284364142121977
2022-01-14,Combined Maximum-Sharpe,0.0018885884957144895,1.838854200210994,-0.015428418697681967
2022-01-18,Combined Maximum-Sharpe,-0.011443325291521662,1.8178115934342987,-0.026695191575312305
2022-01-19,Combined Maximum-Sharpe,-0.011686307726791073,1.796568087764097,-0.03806953107852862
2022-01-20,Combined Maximum-Sharpe,-0.016492525561620144,1.7669381426534565,-0.0539341939257173
2022-01-21,Combined Maximum-Sharpe,-0.0124560357622231,1.744929097958929,-0.065718423439595
2022-01-24,Combined Maximum-Sharpe,-0.002667548165193683,1.7402744155452756,-0.06821066454492297
2022-01-25,Combined Maximum-Sharpe,0.00010416857947026116,1.7404556974590315,-0.06811360137348299
2022-01-26,Combined Maximum-Sharpe,-0.00806252803240845,1.726423224609103,-0.07562696158542948
2022-01-27,Combined Maximum-Sharpe,-0.0023997752141114693,1.7222801969456196,-0.07784524909160973
2022-01-28,Combined Maximum-Sharpe,0.03329577077415322,1.7796248435919846,-0.04714139588706745
2022-01-31,Combined Maximum-Sharpe,0.0070491560565379766,1.7921696968365566,-0.04042454688686048
2022-02-01,Combined Maximum-Sharpe,0.0051010823586744875,1.8013117020608407,-0.035529673471167866
2022-02-02,Combined Maximum-Sharpe,0.0272290333680537,1.8503596785025207,-0.009268078767616705
2022-02-03,Combined Maximum-Sharpe,-0.007305898297109409,1.8368411388783092,-0.01650626542384037
2022-02-04,Combined Maximum-Sharpe,-0.0019234930476634048,1.8333079877180147,-0.01839800878471809
2022-02-07,Combined Maximum-Sharpe,0.006724264151452961,1.845635634898399,-0.011797457704194492
2022-02-08,Combined Maximum-Sharpe,0.0019766413446033137,1.8492837946014127,-0.00984413570225029
2022-02-09,Combined Maximum-Sharpe,0.01992512147085292,1.8861309988429256,0.0
2022-02-10,Combined Maximum-Sharpe,-0.017311687576335694,1.8534788882629147,-0.01731168757633572
2022-02-11,Combined Maximum-Sharpe,-0.006312669871247224,1.8417784879279846,-0.023515074478999476
2022-02-14,Combined Maximum-Sharpe,-0.007469425577630033,1.8280214605819265,-0.030808855957856207
2022-02-15,Combined Maximum-Sharpe,0.002246830611871289,1.8321287151587196,-0.0286312476266678
2022-02-16,Combined Maximum-Sharpe,0.0014086505948891746,1.8347095443632413,-0.027262928455780377
2022-02-17,Combined Maximum-Sharpe,-0.01574164865884487,1.8058281913248457,-0.04257541367346318
2022-02-18,Combined Maximum-Sharpe,-0.008753737136580782,1.7900204460241609,-0.050956456830265284
2022-02-22,Combined Maximum-Sharpe,-0.0062592714887660175,1.7788162220820536,-0.05689677802162507
2022-02-23,Combined Maximum-Sharpe,0.011444071981242145,1.7991731229689618,-0.04610383686356323
2022-02-24,Combined Maximum-Sharpe,0.00010476897417654101,1.7993616204914211,-0.046003898141080524
2022-02-25,Combined Maximum-Sharpe,0.035046303176855136,1.8624225933679608,-0.012569861525794868
2022-02-28,Combined Maximum-Sharpe,-0.0021410668583749957,1.8584350220770118,-0.014684015470242673
2022-03-01,Combined Maximum-Sharpe,0.0027813693854670364,1.8636040163522967,-0.011943487755860183
2022-03-02,Combined Maximum-Sharpe,0.018135404746251915,1.8974012294755862,0.0
2022-03-03,Combined Maximum-Sharpe,0.0091646413338234,1.9147902312100853,0.0
2022-03-04,Combined Maximum-Sharpe,0.008917161816824523,1.9318647255470602,0.0
2022-03-07,Combined Maximum-Sharpe,-0.008609982965710455,1.915231403168043,-0.008609982965710472
2022-03-08,Combined Maximum-Sharpe,-0.02152061658834978,1.8740144424624965,-0.029945307411822997
2022-03-09,Combined Maximum-Sharpe,0.007815806830670891,1.8886613773426706,-0.02236354731936807
2022-03-10,Combined Maximum-Sharpe,0.007659046531196986,1.9031267227134128,-0.014875784237692646
2022-03-11,Combined Maximum-Sharpe,-0.007002529120087733,1.889800022418395,-0.021774145245471832
2022-03-14,Combined Maximum-Sharpe,-0.010046264614850895,1.8708145913240286,-0.0316016610354245
2022-03-15,Combined Maximum-Sharpe,0.005533916844700688,1.8811675237042684,-0.02624262515504827
2022-03-16,Combined Maximum-Sharpe,0.006544859844604631,1.893479501491135,-0.019869519614037934
2022-03-17,Combined Maximum-Sharpe,0.02013561379887711,1.9316058734692507,-0.00013399078847831092
2022-03-18,Combined Maximum-Sharpe,0.006722004067446113,1.9445901360074138,0.0
2022-03-21,Combined Maximum-Sharpe,0.014252383778933604,1.9723051809185204,0.0
2022-03-22,Combined Maximum-Sharpe,0.006426862874241446,1.9849809158624396,0.0
2022-03-23,Combined Maximum-Sharpe,0.0004984653262753824,1.9859703600223155,0.0
2022-03-24,Combined Maximum-Sharpe,0.018697682707238036,2.023103403679992,0.0
2022-03-25,Combined Maximum-Sharpe,0.011112588276939526,2.0455853188467628,0.0
2022-03-28,Combined Maximum-Sharpe,0.0012699962391022502,2.048183204508461,0.0
2022-03-29,Combined Maximum-Sharpe,0.010129925605595648,2.068931147996762,0.0
2022-03-30,Combined Maximum-Sharpe,0.001390077925617108,2.071807123515214,0.0
2022-03-31,Combined Maximum-Sharpe,-0.012213084102358478,2.0465039688718574,-0.01221308410235833
2022-04-01,Combined Maximum-Sharpe,0.008941496599648597,2.0648027771506925,-0.0033807907526821612
2022-04-04,Combined Maximum-Sharpe,-0.003840366381683055,2.056873177980517,-0.007208173659215222
2022-04-05,Combined Maximum-Sharpe,-0.0025224500130371155,2.051684818205904,-0.009712441414511774
2022-04-06,Combined Maximum-Sharpe,0.01637938720501924,2.085290158265958,0.0
2022-04-07,Combined Maximum-Sharpe,0.01549399752058194,2.1175996388078246,0.0
2022-04-08,Combined Maximum-Sharpe,0.005749433320886551,2.1297746367314834,0.0
2022-04-11,Combined Maximum-Sharpe,-0.02727362005717976,2.071687972481851,-0.027273620057179704
2022-04-12,Combined Maximum-Sharpe,0.003331905008818709,2.0785906400140726,-0.024032588159638157
2022-04-13,Combined Maximum-Sharpe,-0.009043749509764049,2.059792386932445,-0.03285899296201522
2022-04-14,Combined Maximum-Sharpe,0.006571784163150597,2.0733288979202658,-0.026503151008429482
2022-04-18,Combined Maximum-Sharpe,0.0010514280305308071,2.0755088540400486,-0.025479589133766356
2022-04-19,Combined Maximum-Sharpe,-0.003705147737693158,2.06781878710494,-0.029090331229423283
2022-04-20,Combined Maximum-Sharpe,0.005549141496880092,2.079293406144492,-0.023702616096726414
2022-04-21,Combined Maximum-Sharpe,-0.015707621492659286,2.0466326523485923,-0.03903792586735244
2022-04-22,Combined Maximum-Sharpe,-0.025151543833075968,1.995156681482842,-0.06320760559682337
2022-04-25,Combined Maximum-Sharpe,-0.006773796889156759,1.9816418953604331,-0.06955324700381738
2022-04-26,Combined Maximum-Sharpe,-0.010152164593597404,1.9615239406731657,-0.07899929558581287
2022-04-27,Combined Maximum-Sharpe,0.00314940967517088,1.9677015831500013,-0.07609868705649148
2022-04-28,Combined Maximum-Sharpe,0.016928278638115194,2.001011383826225,-0.06045862819686321
2022-04-29,Combined Maximum-Sharpe,-0.054425439724167954,1.892105459368417,-0.11159358049629697
2022-05-02,Combined Maximum-Sharpe,-0.004944337508851587,1.8827502513749588,-0.11598616167935372
2022-05-03,Combined Maximum-Sharpe,0.008418761293279247,1.8986006763161463,-0.10854386019457651
2022-05-04,Combined Maximum-Sharpe,0.01793167188072034,1.9326457606763612,-0.0925585611995321
2022-05-05,Combined Maximum-Sharpe,-0.02049836349721113,1.8930296853626731,-0.11115962566449633
2022-05-06,Combined Maximum-Sharpe,0.0004546029883478196,1.8938902623146703,-0.11075555617415911
2022-05-09,Combined Maximum-Sharpe,-0.0532579482779377,1.7930255526802257,-0.15811489076987917
2022-05-10,Combined Maximum-Sharpe,-0.0031308793843046238,1.7874118059418076,-0.1607507315023209
2022-05-11,Combined Maximum-Sharpe,-0.0008996741166226829,1.7858037178042558,-0.16150578234658286
2022-05-12,Combined Maximum-Sharpe,0.005238575815236678,1.795158785971105,-0.15711326681676785
2022-05-13,Combined Maximum-Sharpe,0.01776720950461558,1.8270537482155047,-0.14213752163964044
2022-05-16,Combined Maximum-Sharpe,0.007474522313780938,1.8407101022250185,-0.1357254094029806
2022-05-17,Combined Maximum-Sharpe,0.006900684231857154,1.8534122614028627,-0.12976132336365298
2022-05-18,Combined Maximum-Sharpe,-0.031528916390329335,1.7949761811762808,-0.1571990058389512
2022-05-19,Combined Maximum-Sharpe,0.0003429662358970794,1.7955917974006639,-0.15690995355437343
2022-05-20,Combined Maximum-Sharpe,0.0012089468368888816,1.7977625724244752,-0.15589070250951031
2022-05-23,Combined Maximum-Sharpe,0.01443602269450758,1.823715113719331,-0.14370512153429293
2022-05-24,Combined Maximum-Sharpe,0.002935101477156303,1.829067902643521,-0.14119180917162677
2022-05-25,Combined Maximum-Sharpe,0.012507551368680592,1.8519450633926398,-0.13045022160899722
2022-05-26,Combined Maximum-Sharpe,0.009154514209665829,1.8688987207909882,-0.12248991580670499
2022-05-27,Combined Maximum-Sharpe,0.018409365574048018,1.9033039605629003,-0.10633551187187695
2022-05-31,Combined Maximum-Sharpe,-0.016388387037027184,1.8721118786080888,-0.1209812313845674
2022-06-01,Combined Maximum-Sharpe,-0.0007841045868592181,1.8706439470969587,-0.12167047403297404
2022-06-02,Combined Maximum-Sharpe,0.0014774593312133655,1.873407747451975,-0.12037277787895384
2022-06-03,Combined Maximum-Sharpe,0.003674592964818353,1.8802917583809982,-0.11714050587688518
2022-06-06,Combined Maximum-Sharpe,-0.003117669199074977,1.8744296306806192,-0.11989296972882368
2022-06-07,Combined Maximum-Sharpe,0.015280131981568745,1.9030711628275823,-0.10644481814837359
2022-06-08,Combined Maximum-Sharpe,-0.007345786549539715,1.8890916082768665,-0.1130086837844908
2022-06-09,Combined Maximum-Sharpe,-0.02473008259316335,1.8423742167781278,-0.13494405229391893
2022-06-10,Combined Maximum-Sharpe,-0.012534143468730824,1.8192816340219402,-0.14578678765094588
2022-06-13,Combined Maximum-Sharpe,-0.04131183121532325,1.7441237782240884,-0.18107589970140903
2022-06-14,Combined Maximum-Sharpe,-0.00812222623944931,1.7299576103077492,-0.18772738651697174
2022-06-15,Combined Maximum-Sharpe,-0.004977347649756798,1.721347009861905,-0.19177034970065332
2022-06-16,Combined Maximum-Sharpe,-0.022064761356534183,1.6833658988775184,-0.20960374405578341
2022-06-17,Combined Maximum-Sharpe,-0.02284740327647524,1.6449053593239975,-0.22766224606355712
2022-06-21,Combined Maximum-Sharpe,0.036767979626804156,1.7053852060636432,-0.19926494726181032
2022-06-22,Combined Maximum-Sharpe,-0.005453495974509051,1.6960848947073879,-0.20363175264856626
2022-06-23,Combined Maximum-Sharpe,0.0005329018206742002,1.6969887414357954,-0.20320736655962557
2022-06-24,Combined Maximum-Sharpe,0.019098572741324146,1.729398804355315,-0.1879897644901134
2022-06-27,Combined Maximum-Sharpe,0.01244893977763535,1.7509279859222489,-0.1778810979694273
2022-06-28,Combined Maximum-Sharpe,0.0026858557844325883,1.7556307259813628,-0.17567300516091722
2022-06-29,Combined Maximum-Sharpe,-0.00691518741215442,1.7434902104846648,-0.18137338081912768
2022-06-30,Combined Maximum-Sharpe,-0.00698272485835164,1.7313158980516208,-0.18708962526259032
2022-07-01,Combined Maximum-Sharpe,0.011986785581333984,1.7520688104951203,-0.17734544290377108
2022-07-05,Combined Maximum-Sharpe,-0.013703195618626495,1.7280598688476114,-0.18861843922621524
2022-07-06,Combined Maximum-Sharpe,-0.0028739246461903195,1.7230935550004378,-0.19095028869118746
2022-07-07,Combined Maximum-Sharpe,0.0033520838327216595,1.7288695090484216,-0.18823828623404104
2022-07-08,Combined Maximum-Sharpe,0.00039146717142380906,1.7295463047048896,-0.18792050817208295
2022-07-11,Combined Maximum-Sharpe,0.00019271273263544943,1.729879610299489,-0.1877640101140956
2022-07-12,Combined Maximum-Sharpe,-0.007958013449830641,1.716113205094138,-0.19422779504604404
2022-07-13,Combined Maximum-Sharpe,-0.0033511672342463315,1.710362222750969,-0.19692807245755217
2022-07-14,Combined Maximum-Sharpe,-0.0022133558148749216,1.7065765825797008,-0.19870555637814102
2022-07-15,Combined Maximum-Sharpe,0.015208076811684741,1.7325303303325952,-0.18651940893076369
2022-07-18,Combined Maximum-Sharpe,-0.011480294786626325,1.7126403714136058,-0.1958584059194376
2022-07-19,Combined Maximum-Sharpe,0.011116948834996887,1.731679706795361,-0.186918804961951
2022-07-20,Combined Maximum-Sharpe,-0.00839680279817755,1.7171391337877946,-0.19374608741559207
2022-07-21,Combined Maximum-Sharpe,-0.003454799814623095,1.7112067618267026,-0.19653153328332773
2022-07-22,Combined Maximum-Sharpe,0.0032723109951620743,1.7168063625284238,-0.19390233458542483
2022-07-25,Combined Maximum-Sharpe,0.01736085265840351,1.7466115848312893,-0.1799077917878793
2022-07-26,Combined Maximum-Sharpe,0.001905825977399064,1.7499403225620869,-0.17834483875360618
2022-07-27,Combined Maximum-Sharpe,0.0023479945375216283,1.7540491728804513,-0.17641559692327324
2022-07-28,Combined Maximum-Sharpe,0.005848982756084492,1.7643085762459534,-0.1715984659514973
2022-07-29,Combined Maximum-Sharpe,0.0014078557767511948,1.7667924682669929,-0.17043219606631754
2022-08-01,Combined Maximum-Sharpe,-0.012954119989413744,1.7439052266366697,-0.18117851693782905
2022-08-02,Combined Maximum-Sharpe,-0.005772911634489362,1.7338378158643721,-0.1859055010039684
2022-08-03,Combined Maximum-Sharpe,-0.008690960105120943,1.7187691005779449,-0.1929807638165414
2022-08-04,Combined Maximum-Sharpe,-0.01639205277232374,1.6905949467778318,-0.20620946572434096
2022-08-05,Combined Maximum-Sharpe,0.003953004467800818,1.6972778761556861,-0.20307160819585124
2022-08-08,Combined Maximum-Sharpe,0.00721861059294022,1.7095298642116665,-0.19731889246495904
2022-08-09,Combined Maximum-Sharpe,0.015032074387344356,1.7352276442978831,-0.18525293034717638
2022-08-10,Combined Maximum-Sharpe,0.0033662111304818415,1.7410687869080383,-0.18251031969278353
2022-08-11,Combined Maximum-Sharpe,0.012880463814464676,1.763494560416301,-0.17198067344688828
2022-08-12,Combined Maximum-Sharpe,0.006330481681873663,1.7746583304271002,-0.1667389122679065
2022-08-15,Combined Maximum-Sharpe,-0.006996378026320389,1.7622421498798737,-0.1725687218323031
2022-08-16,Combined Maximum-Sharpe,0.0006815577204410115,1.763443219622411,-0.1720047796565335
2022-08-17,Combined Maximum-Sharpe,-0.0013548419759340925,1.7610540327262902,-0.17312658233692757
2022-08-18,Combined Maximum-Sharpe,0.010949050238662892,1.7803359018036102,-0.16407310374591977
2022-08-19,Combined Maximum-Sharpe,0.020101204537447282,1.8161227979111254,-0.1472699662259629
2022-08-22,Combined Maximum-Sharpe,-0.014682086548041184,1.7894583258103236,-0.15978982238394734
2022-08-23,Combined Maximum-Sharpe,0.014840287898204017,1.8160144025471867,-0.14732086145312417
2022-08-24,Combined Maximum-Sharpe,0.0025857565868099073,1.8207101737503149,-0.14511604075419116
2022-08-25,Combined Maximum-Sharpe,0.004783687131132417,1.829419881578006,-0.1410265433597354
2022-08-26,Combined Maximum-Sharpe,-0.01361422707551699,1.8045137438937378,-0.1527208030502777
2022-08-29,Combined Maximum-Sharpe,0.005779554950107987,1.8149430302347969,-0.14782390637342335
2022-08-30,Combined Maximum-Sharpe,-0.018297554991888326,1.7817340103319312,-0.1634166453093282
2022-08-31,Combined Maximum-Sharpe,-0.010563182498887299,1.7629132288163207,-0.17225362796045707
2022-09-01,Combined Maximum-Sharpe,0.0055052186495800895,1.7726184516011918,-0.16769670319598273
2022-09-02,Combined Maximum-Sharpe,-0.0032165132033980946,1.7669168009470295,-0.17037381773938465
2022-09-06,Combined Maximum-Sharpe,-0.0038292246736959063,1.7601508795364753,-0.17355064278644117
2022-09-07,Combined Maximum-Sharpe,0.0018269584390040476,1.763366602039765,-0.17204075415887032
2022-09-08,Combined Maximum-Sharpe,0.0029497698034944586,1.7685681275949523,-0.16959846497696418
2022-09-09,Combined Maximum-Sharpe,0.011786446700327687,1.7894132615667486,-0.15981098154454487
2022-09-12,Combined Maximum-Sharpe,0.010220962912795263,1.8077027881488863,-0.15122344074717375
2022-09-13,Combined Maximum-Sharpe,-0.0236477566728156,1.764954672477971,-0.17129510228997435
2022-09-14,Combined Maximum-Sharpe,0.01820181668811345,1.7970800538892444,-0.15621116765331455
2022-09-15,Combined Maximum-Sharpe,-0.009105698061884899,1.780716385525493,-0.163894453988654
2022-09-16,Combined Maximum-Sharpe,-0.003276414848942764,1.7748820199182016,-0.16663388261488898
2022-09-19,Combined Maximum-Sharpe,0.0007550061115935622,1.7762220666905972,-0.1660046861030683
2022-09-20,Combined Maximum-Sharpe,-0.007824214003985567,1.7623245251222084,-0.17253004391731896
2022-09-21,Combined Maximum-Sharpe,-0.013833215367101899,1.7379459104194672,-0.18397661402961718
2022-09-22,Combined Maximum-Sharpe,0.0030770677735999894,1.743293687772679,-0.18146565476614362
2022-09-23,Combined Maximum-Sharpe,-0.027598675360496278,1.6951810912258385,-0.20405611843166926
2022-09-26,Combined Maximum-Sharpe,-0.01777938933203775,1.6650418066166257,-0.21820751458852594
2022-09-27,Combined Maximum-Sharpe,-0.0007128136033803113,1.6638549421666726,-0.21876478690714762
2022-09-28,Combined Maximum-Sharpe,0.028059741314686495,1.7105422814290323,-0.1968435289218381
2022-09-29,Combined Maximum-Sharpe,-0.013155137888575258,1.6880398618525954,-0.2074091630449728
2022-09-30,Combined Maximum-Sharpe,-0.029442711454471648,1.6383393912764233,-0.23074518635889785
2022-10-03,Combined Maximum-Sharpe,0.03804873349471386,1.7006761301489917,-0.20147601496514178
2022-10-04,Combined Maximum-Sharpe,0.029577129057554708,1.750977247535511,-0.17785796800421294
2022-10-05,Combined Maximum-Sharpe,0.009540592478832485,1.7676826078939551,-0.1700142459172218
2022-10-06,Combined Maximum-Sharpe,-0.0024354956015423417,1.7633774246775065,-0.17203567257063324
2022-10-07,Combined Maximum-Sharpe,-0.01115742030905955,1.7437026815868726,-0.18127361857267055
2022-10-10,Combined Maximum-Sharpe,-0.016806378606164005,1.7143973541435402,-0.19503344411379286
2022-10-11,Combined Maximum-Sharpe,0.0074949985232599485,1.7272467597811267,-0.1890002209661521
2022-10-12,Combined Maximum-Sharpe,-0.003991473126672755,1.7203525007563276,-0.1922373047899033
2022-10-13,Combined Maximum-Sharpe,0.037805261284553554,1.785390876548956,-0.16169962504157032
2022-10-14,Combined Maximum-Sharpe,-0.010653101259969967,1.7663709267524532,-0.17063012382227327
2022-10-17,Combined Maximum-Sharpe,0.009974821697429399,1.783990161798332,-0.16235730718618135
2022-10-18,Combined Maximum-Sharpe,0.004725925621741013,1.7924211666129088,-0.15839867012234832
2022-10-19,Combined Maximum-Sharpe,0.0022554197495405688,1.7964638287115822,-0.15650050586170272
2022-10-20,Combined Maximum-Sharpe,0.0004784603141156294,1.797323365359365,-0.1560969248287808
2022-10-21,Combined Maximum-Sharpe,0.0287120979651878,1.848928289900684,-0.13186669706134158
2022-10-24,Combined Maximum-Sharpe,0.013003731607239888,1.8729712571435857,-0.12057772459062055
2022-10-25,Combined Maximum-Sharpe,-0.0001315628085160727,1.872724843784726,-0.120693423855045
2022-10-26,Combined Maximum-Sharpe,0.01598476332607323,1.9026599071874823,-0.10663791634430808
2022-10-27,Combined Maximum-Sharpe,0.002238427982328511,1.9069188743645853,-0.10463818965790195
2022-10-28,Combined Maximum-Sharpe,-0.017151265183431186,1.8742128030670684,-0.11999477750219611
2022-10-31,Combined Maximum-Sharpe,-0.0023189195568957925,1.8698666543442517,-0.12203543882281676
2022-11-01,Combined Maximum-Sharpe,0.006732370943195003,1.8824552902756082,-0.11612465572199249
2022-11-02,Combined Maximum-Sharpe,-0.01763918195318692,1.8492503188916976,-0.131715493743648
2022-11-03,Combined Maximum-Sharpe,0.0020121569940404903,1.8529713008545872,-0.12996836900156716
2022-11-04,Combined Maximum-Sharpe,0.01088077666429678,1.8731330677445377,-0.1205017491337993
2022-11-07,Combined Maximum-Sharpe,0.022286434453222356,1.9148785250809897,-0.10090086901414597
2022-11-08,Combined Maximum-Sharpe,0.02054376592828266,1.9542173412813484,-0.08242998692085035
2022-11-09,Combined Maximum-Sharpe,-0.025533772175949997,1.9043188009067797,-0.10585901059029679
2022-11-10,Combined Maximum-Sharpe,0.012840577339415257,1.9287713537487259,-0.09437772406344014
2022-11-11,Combined Maximum-Sharpe,0.005934475492798497,1.9402176000787597,-0.08900333086116219
2022-11-14,Combined Maximum-Sharpe,0.002273472404410566,1.9446286312510905,-0.08693220507336508
2022-11-15,Combined Maximum-Sharpe,0.003015206707548966,1.9504920885437307,-0.08417911693365521
2022-11-16,Combined Maximum-Sharpe,-0.005530422812181264,1.9397050426022693,-0.08924399363723745
2022-11-17,Combined Maximum-Sharpe,0.005521244802856912,1.9504146289878126,-0.08421548677043622
2022-11-18,Combined Maximum-Sharpe,0.001081151059683688,1.9525233218307654,-0.08322538537351609
2022-11-21,Combined Maximum-Sharpe,-0.0007075277146665478,1.9511418574670374,-0.0838740288214671
2022-11-22,Combined Maximum-Sharpe,0.014681021418120997,1.9797866128663033,-0.0704243638168981
2022-11-23,Combined Maximum-Sharpe,-0.009051362947948775,1.9618668456737602,-0.07883829028756173
2022-11-25,Combined Maximum-Sharpe,-0.0007289685423700677,1.9604367064589454,-0.07950978819637788
2022-11-28,Combined Maximum-Sharpe,-0.014781796839071746,1.9314579293482104,-0.0931162874996132
2022-11-29,Combined Maximum-Sharpe,0.0031263272229913592,1.9374962988527942,-0.0902810722611358
2022-11-30,Combined Maximum-Sharpe,0.013948680693868185,1.9645218160710434,-0.07759169341693817
2022-12-01,Combined Maximum-Sharpe,-0.0022748984173819238,1.9600527285007512,-0.07969007861376387
2022-12-02,Combined Maximum-Sharpe,-0.0006979482400466557,1.9586847131484955,-0.08033240730369284
2022-12-05,Combined Maximum-Sharpe,-0.007813284797184765,1.9433809516567742,-0.08751803212417031
2022-12-06,Combined Maximum-Sharpe,-0.013189885848874526,1.9177479787435443,-0.09955356511960889
2022-12-07,Combined Maximum-Sharpe,0.0062349741280755076,1.9297050877751796,-0.09393930489441171
2022-12-08,Combined Maximum-Sharpe,0.0021329769588154072,1.9338211042647129,-0.0920066983084632
2022-12-09,Combined Maximum-Sharpe,-0.017934166600231595,1.8991396344057856,-0.1082908014528936
2022-12-12,Combined Maximum-Sharpe,0.006033046800420144,1.9105972327006886,-0.10291107812569378
2022-12-13,Combined Maximum-Sharpe,0.004480712516387314,1.9191580696350254,-0.09889148056513919
2022-12-14,Combined Maximum-Sharpe,0.002612520803485745,1.9241719100171244,-0.09653731581191749
2022-12-15,Combined Maximum-Sharpe,-0.015030287713363493,1.895251052599595,-0.11011661989355193
2022-12-16,Combined Maximum-Sharpe,-0.00261212705810794,1.890300416043192,-0.11244110834928855
2022-12-19,Combined Maximum-Sharpe,-3.015763766337702e-05,1.8902434090481701,-0.11246787502874778
2022-12-20,Combined Maximum-Sharpe,0.0016078837987452323,1.8932827008012636,-0.1110408265041406
2022-12-21,Combined Maximum-Sharpe,0.011478095203994038,1.9150139798891357,-0.10083726847829122
2022-12-22,Combined Maximum-Sharpe,-0.0065955543821433725,1.9023834010422123,-0.10676774517243914
2022-12-23,Combined Maximum-Sharpe,0.008387915057706651,1.9183404314173453,-0.09927538889214182
2022-12-27,Combined Maximum-Sharpe,0.0034477392695679877,1.924954369055143,-0.09616992527935886
2022-12-28,Combined Maximum-Sharpe,-0.01222050981669718,1.9014304452914104,-0.10721518958010867
2022-12-29,Combined Maximum-Sharpe,0.0024287224681940173,1.9060484921355978,-0.10504686305177946
2022-12-30,Combined Maximum-Sharpe,0.0024604761171366316,1.9107382789286018,-0.10284485223236184
2023-01-03,Combined Maximum-Sharpe,-0.008451724851515286,1.8945892447318395,-0.11042736069041437
2023-01-04,Combined Maximum-Sharpe,0.006663823904888986,1.9072144538308293,-0.10449940527144796
2023-01-05,Combined Maximum-Sharpe,0.01592990438988705,1.9375961977313652,-0.09023416641633508
2023-01-06,Combined Maximum-Sharpe,0.012769674945215059,1.9623386713514794,-0.07861675244520894
2023-01-09,Combined Maximum-Sharpe,-0.029952776856333997,1.9035611790119336,-0.10621473925838198
2023-01-10,Combined Maximum-Sharpe,0.006155532414894227,1.915278611553076,-0.10071301511393227
2023-01-11,Combined Maximum-Sharpe,0.0037722794107841926,1.922503577625353,-0.09732065333646034
2023-01-12,Combined Maximum-Sharpe,0.0099010894653856,1.9415384575449457,-0.08838314436658867
2023-01-13,Combined Maximum-Sharpe,0.0022197650562275316,1.9458482167683258,-0.08635956912578568
2023-01-17,Combined Maximum-Sharpe,-0.012282064373728063,1.9219491837084732,-0.09758095971222347
2023-01-18,Combined Maximum-Sharpe,-0.015262382824543027,1.8926156594973964,-0.11135402457325227
2023-01-19,Combined Maximum-Sharpe,0.009792442291787756,1.9111489891235582,-0.10265201014105652
2023-01-20,Combined Maximum-Sharpe,0.005902194755216039,1.9224289626635997,-0.09735568754170743
2023-01-23,Combined Maximum-Sharpe,-0.0022494920328504204,1.918104474028367,-0.09938617873108002
2023-01-24,Combined Maximum-Sharpe,-0.009530217220137227,1.8998245217399596,-0.10796922407923071
2023-01-25,Combined Maximum-Sharpe,-0.0008385966767616136,1.8982313352095983,-0.10871727812348697
2023-01-26,Combined Maximum-Sharpe,0.0011889403860294687,1.9004882191060557,-0.10765759610007763
2023-01-27,Combined Maximum-Sharpe,-0.014030354793189778,1.8738236951117202,-0.12017747662380152
2023-01-30,Combined Maximum-Sharpe,-0.0027699459151724294,1.868633304821692,-0.12261453742850414
2023-01-31,Combined Maximum-Sharpe,0.013855851469801174,1.8945248103448253,-0.11045761477735061
2023-02-01,Combined Maximum-Sharpe,-0.007474372935154734,1.8803644253774048,-0.1171063863061318
2023-02-02,Combined Maximum-Sharpe,-0.025141768292210022,1.8330887386896515,-0.13930389296829493
2023-02-03,Combined Maximum-Sharpe,-0.002651784581165994,1.8282277822364852,-0.14158627363399123
2023-02-06,Combined Maximum-Sharpe,-0.0020175927296747494,1.8245391631548555,-0.1433182029273603
2023-02-07,Combined Maximum-Sharpe,0.013529731004344604,1.8492246872392326,-0.13172752865664905
2023-02-08,Combined Maximum-Sharpe,0.002380656637298147,1.8536270562647643,-0.12966047003476222
2023-02-09,Combined Maximum-Sharpe,-0.0030315608270189967,1.8480076730930897,-0.13229895726001084
2023-02-10,Combined Maximum-Sharpe,0.01845309514155337,1.8821091345069971,-0.11628718736390475
2023-02-13,Combined Maximum-Sharpe,0.00900502782164674,1.899057579626608,-0.1083293288997711
2023-02-14,Combined Maximum-Sharpe,-0.000819102371213828,1.8975020570600643,-0.1090596984608111
2023-02-15,Combined Maximum-Sharpe,-0.00957360876116047,1.879336114742274,-0.11758921233729769
2023-02-16,Combined Maximum-Sharpe,-0.007920995199196115,1.8644499023997247,-0.1245787839500927
2023-02-17,Combined Maximum-Sharpe,0.008327596816205088,1.8799762894709227,-0.11728862901847703
2023-02-21,Combined Maximum-Sharpe,-0.008811262284232593,1.863411325296256,-0.12506643042946974
2023-02-22,Combined Maximum-Sharpe,-0.0033982731753809275,1.8570789445748008,-0.12803969370918156
2023-02-23,Combined Maximum-Sharpe,0.004991201567462972,1.866347999913865,-0.12368756406165737
2023-02-24,Combined Maximum-Sharpe,-0.005274837761831606,1.8565033170072005,-0.1283099699899075
2023-02-27,Combined Maximum-Sharpe,-0.0013233971481363572,1.8540464258119675,-0.1294635620896818
2023-02-28,Combined Maximum-Sharpe,-0.014475200126495327,1.827208732754526,-0.14206475124583995
2023-03-01,Combined Maximum-Sharpe,0.005327827273281833,1.8369437852748742,-0.13749382042881775
2023-03-02,Combined Maximum-Sharpe,0.003931634203135584,1.8441659762902984,-0.13410276163279977
2023-03-03,Combined Maximum-Sharpe,0.005293072661773053,1.8539272808031726,-0.12951950463249362
2023-03-06,Combined Maximum-Sharpe,0.025023637843748177,1.9003192856666362,-0.10773691596637058
2023-03-07,Combined Maximum-Sharpe,-0.00555770478153116,1.889757872086251,-0.11269585077488797
2023-03-08,Combined Maximum-Sharpe,-0.018582899397768332,1.8546406916631313,-0.12918453451516065
2023-03-09,Combined Maximum-Sharpe,-0.009184723683527555,1.837606329377979,-0.13718273394498137
2023-03-10,Combined Maximum-Sharpe,-0.0029481887947538656,1.832188718988538,-0.13972648214068495
2023-03-13,Combined Maximum-Sharpe,-0.013795120205458731,1.8069134553710058,-0.151594058729127
2023-03-14,Combined Maximum-Sharpe,0.014376299771624898,1.8328901848668018,-0.13939712058938936
2023-03-15,Combined Maximum-Sharpe,-0.00825763606994571,1.8177548447639962,-0.14650366596830966
2023-03-16,Combined Maximum-Sharpe,-0.002056044057852241,1.8140174607167872,-0.1482584920342941
2023-03-17,Combined Maximum-Sharpe,-0.026278548407686897,1.7663477150629519,-0.17064102248220714
2023-03-20,Combined Maximum-Sharpe,0.020776782497008543,1.803046737352903,-0.15340961139437836
2023-03-21,Combined Maximum-Sharpe,0.0069591559593933615,1.8155944208002173,-0.14751805684634844
2023-03-22,Combined Maximum-Sharpe,-0.014739225366618595,1.7888339654576675,-0.16008298032746304
2023-03-23,Combined Maximum-Sharpe,-0.0009717092631049255,1.7870957389232756,-0.16089913547571832
2023-03-24,Combined Maximum-Sharpe,0.006097328723650046,1.7979922491041251,-0.15578286167241484
2023-03-27,Combined Maximum-Sharpe,0.015614031973650754,1.8260661575700134,-0.14260122828186383
2023-03-28,Combined Maximum-Sharpe,-0.0026067748465023336,1.821306014242411,-0.1448362738334006
2023-03-29,Combined Maximum-Sharpe,0.0008892526287301075,1.8229256154032978,-0.14407581724191243
2023-03-30,Combined Maximum-Sharpe,0.007422560999028991,1.8364563919803214,-0.13772266778484643
2023-03-31,Combined Maximum-Sharpe,0.006969724734584115,1.8492559875194918,-0.1317128321344352
2023-04-03,Combined Maximum-Sharpe,0.025635699751648214,1.8966629587794792,-0.10945368300082459
2023-04-04,Combined Maximum-Sharpe,-0.00785000115857394,1.881774152355636,-0.11644447262103197
2023-04-05,Combined Maximum-Sharpe,0.019931938227349868,1.9192815585182124,-0.09883349842888067
2023-04-06,Combined Maximum-Sharpe,-0.0032029629914305177,1.9131341707161433,-0.10171990138252995
2023-04-10,Combined Maximum-Sharpe,-0.0019582826959261518,1.9093877131746448,-0.10347898775574738
2023-04-11,Combined Maximum-Sharpe,0.0002281669323875843,1.9098233723118985,-0.10327443130656255
2023-04-12,Combined Maximum-Sharpe,0.0031690907068210607,1.915875775812762,-0.10043262664024732
2023-04-13,Combined Maximum-Sharpe,0.011914612785991088,1.9387026938276313,-0.08971462971175481
2023-04-14,Combined Maximum-Sharpe,-0.0004485131879556972,1.9378331601019243,-0.09012290470513218
2023-04-17,Combined Maximum-Sharpe,0.0003664504607578359,1.9385432799563156,-0.08978947982432839
2023-04-18,Combined Maximum-Sharpe,0.005119648845133453,1.9484679408207852,-0.0851295215858826
2023-04-19,Combined Maximum-Sharpe,-0.001368986828812835,1.9458005138734376,-0.08638196722090119
2023-04-20,Combined Maximum-Sharpe,0.0014646790008111552,1.9486504870258758,-0.08504381007352713
2023-04-21,Combined Maximum-Sharpe,0.011636411216079421,1.9713257854093222,-0.07439700360284551
2023-04-24,Combined Maximum-Sharpe,0.006599180332656241,1.9843349197616533,-0.06828878251317383
2023-04-25,Combined Maximum-Sharpe,-0.006066753077795855,1.9722964497798117,-0.07394124440947891
2023-04-26,Combined Maximum-Sharpe,-0.021445879442801526,1.9299988178923684,-0.09380138883882394
2023-04-27,Combined Maximum-Sharpe,0.009522811310264955,1.9483778324641918,-0.0851718304551119
2023-04-28,Combined Maximum-Sharpe,-0.0006588114609776262,1.9470942188178497,-0.08577452973803323
2023-05-01,Combined Maximum-Sharpe,-0.0036879316193943975,1.9399134684823314,-0.08914613075706812
2023-05-02,Combined Maximum-Sharpe,0.005012683456823266,1.9496376406334617,-0.08458030863513044
2023-05-03,Combined Maximum-Sharpe,-0.01106347737155797,1.9280678687135757,-0.0947080336760242
2023-05-04,Combined Maximum-Sharpe,-0.011251014894663038,1.906375148404758,-0.10489348707315416
2023-05-05,Combined Maximum-Sharpe,0.009014531927612524,1.9235602280460595,-0.09682452083376125
2023-05-08,Combined Maximum-Sharpe,0.0035195440848573107,1.9303302830685456,-0.09364575491847371
2023-05-09,Combined Maximum-Sharpe,-0.0036611677561450865,1.9232630200774645,-0.09696406985621142
2023-05-10,Combined Maximum-Sharpe,-0.003460959148086702,1.9166066853339505,-0.10008944031969358
2023-05-11,Combined Maximum-Sharpe,-0.0020792757433999724,1.9126215315434976,-0.10196060251766625
2023-05-12,Combined Maximum-Sharpe,-0.0038237263162612823,1.9053081902602869,-0.10539445939485881
2023-05-15,Combined Maximum-Sharpe,0.008071685943163652,1.9206872395970052,-0.09817348442808005
2023-05-16,Combined Maximum-Sharpe,-0.005964999170641536,1.9092303418057472,-0.1035528788455291
2023-05-17,Combined Maximum-Sharpe,0.0036300576274724116,1.916160957970621,-0.10029872413575669
2023-05-18,Combined Maximum-Sharpe,-0.00017521896207842942,1.9158252102363902,-0.10045636885949416
2023-05-19,Combined Maximum-Sharpe,0.005599504418066151,1.9265528819653512,-0.09541937032267978
2023-05-22,Combined Maximum-Sharpe,-0.0066689652957546966,1.9137047676550882,-0.10145198714920967
2023-05-23,Combined Maximum-Sharpe,-0.01624123043501727,1.882623847539011,-0.11604551248284611
2023-05-24,Combined Maximum-Sharpe,-0.0010572558415231337,1.8806334324788094,-0.1169800785284143
2023-05-25,Combined Maximum-Sharpe,-0.006927816017256498,1.8676047500626947,-0.12309747808394167
2023-05-26,Combined Maximum-Sharpe,-0.001839663837442032,1.8641689851413694,-0.12471068394247242
2023-05-30,Combined Maximum-Sharpe,-0.010806729563948236,1.8440234150574468,-0.13416969887131924
2023-05-31,Combined Maximum-Sharpe,0.0026722312211967776,1.8489510719997815,-0.13185600010838494
2023-06-01,Combined Maximum-Sharpe,0.011014257948134997,1.8693158960402676,-0.1222940381574531
2023-06-02,Combined Maximum-Sharpe,0.012096063205212011,1.8919272592692782,-0.11167725136741424
2023-06-05,Combined Maximum-Sharpe,-0.008541461223372685,1.8757674359467877,-0.11926482567869934
2023-06-06,Combined Maximum-Sharpe,-0.005298909265295544,1.8658279145009096,-0.12393176145418228
2023-06-07,Combined Maximum-Sharpe,-0.007463152321926524,1.8519029565684868,-0.1304699921628515
2023-06-08,Combined Maximum-Sharpe,0.011459321317384296,1.8731245075964191,-0.12050576840793792
2023-06-09,Combined Maximum-Sharpe,0.004859076536028512,1.882226162940341,-0.11623223862363641
2023-06-12,Combined Maximum-Sharpe,0.00017305089151926575,1.8825518838558786,-0.11607930182463433
2023-06-13,Combined Maximum-Sharpe,0.0058151883621059925,1.8934992776619382,-0.11093913646758025
2023-06-14,Combined Maximum-Sharpe,-0.009887249058436024,1.8747777787117257,-0.11972950265343363
2023-06-15,Combined Maximum-Sharpe,0.004673680734660941,1.8835398914978612,-0.11561539938869447
2023-06-16,Combined Maximum-Sharpe,0.0022023426056471014,1.8876880916503427,-0.11366768150299011
2023-06-20,Combined Maximum-Sharpe,-0.0025038663883544384,1.8829615728859626,-0.11588693920418702
2023-06-21,Combined Maximum-Sharpe,0.006118272870992015,1.8944820455944713,-0.11047769424943021
2023-06-22,Combined Maximum-Sharpe,0.0065921994902995865,1.9069708491698207,-0.10461378575885127
2023-06-23,Combined Maximum-Sharpe,-0.002438028147590877,1.9023216005629096,-0.106796762552136
2023-06-26,Combined Maximum-Sharpe,-0.009224420377152608,1.8847737864267795,-0.11503604469658868
2023-06-27,Combined Maximum-Sharpe,0.007515826553697797,1.8989394192985196,-0.10838480910225379
2023-06-28,Combined Maximum-Sharpe,-0.0007736930620110462,1.8974702230446292,-0.10907464558943503
2023-06-29,Combined Maximum-Sharpe,0.00723044419864958,1.9111897756109524,-0.10263285952920742
2023-06-30,Combined Maximum-Sharpe,0.017773423720753453,1.9451581613036575,-0.08668357310853914
2023-07-03,Combined Maximum-Sharpe,-0.007817505769770812,1.9299518761545493,-0.09382342954538958
2023-07-05,Combined Maximum-Sharpe,-0.0011494003390312205,1.9277335888137834,-0.09486498920269226
2023-07-06,Combined Maximum-Sharpe,-0.011173804904494463,1.9061934697845373,-0.10497879122556886
2023-07-07,Combined Maximum-Sharpe,-0.004750979242043476,1.897137184178272,-0.10923101840964489
2023-07-10,Combined Maximum-Sharpe,0.014064465626730242,1.923819404894339,-0.09670282868670987
2023-07-11,Combined Maximum-Sharpe,-0.0008039900235494106,1.9222726732856932,-0.09742907060074613
2023-07-12,Combined Maximum-Sharpe,0.001539407013979511,1.9252318333217304,-0.09603964658141484
2023-07-13,Combined Maximum-Sharpe,0.016626497282490615,1.9572416951666185,-0.08100995222182161
2023-07-14,Combined Maximum-Sharpe,-0.00615755688507722,1.945189868090785,-0.08666868571783559
2023-07-17,Combined Maximum-Sharpe,-0.0014231921602248852,1.9424214891203693,-0.08796853168400987
2023-07-18,Combined Maximum-Sharpe,0.004698165966861089,1.951547307653854,-0.08368365647886145
2023-07-19,Combined Maximum-Sharpe,-0.004111945812833733,1.9435226508735999,-0.08745149963083432
2023-07-20,Combined Maximum-Sharpe,0.009994128959065707,1.962946466881296,-0.0783313722367428
2023-07-21,Combined Maximum-Sharpe,-0.00022751563293160087,1.9624998658734727,-0.07854106625794144
2023-07-24,Combined Maximum-Sharpe,-0.007163790955761218,1.9484409270836456,-0.0851422054335883
2023-07-25,Combined Maximum-Sharpe,0.025096309440356398,1.9973396035159918,-0.06218265112722754
2023-07-26,Combined Maximum-Sharpe,-0.009022253081486277,1.979319100123395,-0.07064387659296623
2023-07-27,Combined Maximum-Sharpe,-0.001761826879436035,1.9758318825298165,-0.07228124119175316
2023-07-28,Combined Maximum-Sharpe,0.0011594948267286372,1.9781228493760952,-0.07120555609025603
2023-07-31,Combined Maximum-Sharpe,-0.0008524000404277377,1.976436697379316,-0.07199726051179367
2023-08-01,Combined Maximum-Sharpe,-0.0091688331413454,1.958315079086613,-0.08050596278487254
2023-08-02,Combined Maximum-Sharpe,-0.01402398610282793,1.9308516956325439,-0.09340093438441077
2023-08-03,Combined Maximum-Sharpe,0.00010428199776337096,1.9310530487047495,-0.0933063924226778
2023-08-04,Combined Maximum-Sharpe,0.0011443033408150677,1.9332627591596736,-0.09226885989843137
2023-08-07,Combined Maximum-Sharpe,0.014948275738884144,1.9621617039593084,-0.07869984451942136
2023-08-08,Combined Maximum-Sharpe,-0.0036006762346241193,1.9550965949433725,-0.0820171480942159
2023-08-09,Combined Maximum-Sharpe,-0.011360422778248728,1.9328858710525012,-0.09244582139504809
2023-08-10,Combined Maximum-Sharpe,0.0014165286110825062,1.9356238591908044,-0.09116024493494668
2023-08-11,Combined Maximum-Sharpe,0.0038748549016025782,1.9431241207892487,-0.08763862275526157
2023-08-14,Combined Maximum-Sharpe,0.016716971363611863,1.9756072710724262,-0.07238670373859568
2023-08-15,Combined Maximum-Sharpe,-0.010001574727257195,1.9558480873190827,-0.08166429743915149
2023-08-16,Combined Maximum-Sharpe,-0.008876474569434047,1.9384870515103185,-0.08981588094913628
2023-08-17,Combined Maximum-Sharpe,-0.02336269384104673,1.8931987720110497,-0.11108023386150434
2023-08-18,Combined Maximum-Sharpe,0.00389557663538381,1.9005738729134334,-0.10761737878980437
2023-08-21,Combined Maximum-Sharpe,0.009813849881381292,1.9192258195906813,-0.09885966970849391
2023-08-22,Combined Maximum-Sharpe,-0.011367060082904152,1.8974098643867332,-0.10910298598604551
2023-08-23,Combined Maximum-Sharpe,0.02473983673633211,1.944351474653567,-0.08706233931045448
2023-08-24,Combined Maximum-Sharpe,-0.015851948411646766,1.9135297153832496,-0.10153418001075454
2023-08-25,Combined Maximum-Sharpe,0.0031045870002394532,1.9194704348622005,-0.09874481470585639
2023-08-28,Combined Maximum-Sharpe,0.00670052293563579,1.9323318905352695,-0.09270593366593227
2023-08-29,Combined Maximum-Sharpe,0.022047204063344053,1.9749344060440082,-0.07270263624000373
2023-08-30,Combined Maximum-Sharpe,-0.004705442235038872,1.9656414662783772,-0.07706598041988033
2023-08-31,Combined Maximum-Sharpe,-0.006180310022204763,1.9534931926242758,-0.08276999879092495
2023-09-01,Combined Maximum-Sharpe,-0.002989519759206682,1.9476531861254498,-0.0855120760032767
2023-09-05,Combined Maximum-Sharpe,-0.012496514081987594,1.9233143106582051,-0.09693998722330932
2023-09-06,Combined Maximum-Sharpe,-0.009131057344641284,1.9057524173958158,-0.10518587998562579
2023-09-07,Combined Maximum-Sharpe,-0.0009419620640738592,1.903957270915112,-0.10602876094107694
2023-09-08,Combined Maximum-Sharpe,0.0007984892581285182,1.9054775603438734,-0.10531493450961249
2023-09-11,Combined Maximum-Sharpe,0.0037924843146749446,1.9127040541034428,-0.10192185543216625
2023-09-12,Combined Maximum-Sharpe,0.005493212898229471,1.9232109446839396,-0.09698852098480826
2023-09-13,Combined Maximum-Sharpe,-0.006657874401749225,1.9104064477661644,-0.10300065799542923
2023-09-14,Combined Maximum-Sharpe,0.012932812850323726,1.9351133768231759,-0.09139993337842056
2023-09-15,Combined Maximum-Sharpe,-0.007974086028275427,1.9196826162819214,-0.09864518847495785
2023-09-18,Combined Maximum-Sharpe,0.0065602166168116025,1.9322761500802583,-0.09273210566274814
2023-09-19,Combined Maximum-Sharpe,-0.00397782305680416,1.9245898974583562,-0.09634105681154115
2023-09-20,Combined Maximum-Sharpe,-0.009931487697597309,1.9054758565688283,-0.10531573448864118
2023-09-21,Combined Maximum-Sharpe,-0.015076943144382838,1.876747105416346,-0.11880483829192978
2023-09-22,Combined Maximum-Sharpe,-0.004497944658564305,1.8683056007980625,-0.1227684053626873
2023-09-25,Combined Maximum-Sharpe,0.003797782658518696,1.8754010194095867,-0.11943687042506901
2023-09-26,Combined Maximum-Sharpe,-0.009056536025046543,1.8584163825158948,-0.1274117221303921
2023-09-27,Combined Maximum-Sharpe,0.002641004472781972,1.8633244684944108,-0.12510721258564128
2023-09-28,Combined Maximum-Sharpe,0.0104902107961261,1.8828711349504965,-0.11592940282165443
2023-09-29,Combined Maximum-Sharpe,-0.009921587687199937,1.8641900638813875,-0.1247007867732346
2023-10-02,Combined Maximum-Sharpe,-0.002852954793930808,1.858871613901839,-0.1271979758597337
2023-10-03,Combined Maximum-Sharpe,-0.016145671859304992,1.8288588827952033,-0.14128995093963959
2023-10-04,Combined Maximum-Sharpe,0.008987536395765012,1.8452958185670432,-0.13357226312030057
2023-10-05,Combined Maximum-Sharpe,0.0032661761819819542,1.8513228798183576,-0.13074235748269558
2023-10-06,Combined Maximum-Sharpe,0.017947384497670173,1.8845492833717916,-0.11514145634489925
2023-10-09,Combined Maximum-Sharpe,-0.005510205756329627,1.8741650290624694,-0.12001720898568513
2023-10-10,Combined Maximum-Sharpe,0.0046375562044187685,1.8828565747211028,-0.11593623933343489
2023-10-11,Combined Maximum-Sharpe,0.016343274043576717,1.9136286157065199,-0.10148774302086627
2023-10-12,Combined Maximum-Sharpe,-0.0071455655555876995,1.8999546569839405,-0.10790812125560967
2023-10-13,Combined Maximum-Sharpe,-0.012688251988388712,1.8758475535296155,-0.11922720780991358
2023-10-16,Combined Maximum-Sharpe,0.006809985201477809,1.8886220476093805,-0.11322915812923484
2023-10-17,Combined Maximum-Sharpe,-0.005912571803014006,1.8774554341441347,-0.11847225440461495
2023-10-18,Combined Maximum-Sharpe,-0.021832452353810202,1.836465977831781,-0.13771816690888783
2023-10-19,Combined Maximum-Sharpe,-0.007202190766411209,1.8232393995234126,-0.14392848516522072
2023-10-20,Combined Maximum-Sharpe,-0.0016218541093472958,1.8202823712109717,-0.14531690826945076
2023-10-23,Combined Maximum-Sharpe,0.012011336052999198,1.8421463944829368,-0.13505102243585876
2023-10-24,Combined Maximum-Sharpe,0.0321315884509909,1.9013374842969393,-0.10725883785766244
2023-10-25,Combined Maximum-Sharpe,-0.018155912033356737,1.8668169681863203,-0.12346736786607537
2023-10-26,Combined Maximum-Sharpe,-0.01601801414788274,1.8369142675784043,-0.1375076799686774
2023-10-27,Combined Maximum-Sharpe,-0.019174444554089325,1.8016924568041066,-0.15404549113744592
2023-10-30,Combined Maximum-Sharpe,0.019091974606764765,1.8360903234386103,-0.13789454913576382
2023-10-31,Combined Maximum-Sharpe,-0.0112564567510241,1.8154224521218498,-0.14759880185823915
2023-11-01,Combined Maximum-Sharpe,0.0034925192867887667,1.8217628500495546,-0.1446217742336473
2023-11-02,Combined Maximum-Sharpe,0.006240670306271108,1.8331318713729268,-0.1392836407394763
2023-11-03,Combined Maximum-Sharpe,0.01369543902256562,1.8582374171376363,-0.12749575232549915
2023-11-06,Combined Maximum-Sharpe,0.01899918770593172,1.8935424186280199,-0.11091888034970865
2023-11-07,Combined Maximum-Sharpe,0.0017784553997690924,1.8969099993671206,-0.1093376892316339
2023-11-08,Combined Maximum-Sharpe,0.011405153840466387,1.9185445497314217,-0.09917954855741529
2023-11-09,Combined Maximum-Sharpe,-0.004964217453654993,1.9090204773920305,-0.10365141716507587
2023-11-10,Combined Maximum-Sharpe,0.017282920370349286,1.942013926288163,-0.08815989598386442
2023-11-13,Combined Maximum-Sharpe,0.0038377372987196297,1.9494668655677123,-0.08466049320621327
2023-11-14,Combined Maximum-Sharpe,0.010373776168073714,1.969690198478188,-0.0751649660449395
2023-11-15,Combined Maximum-Sharpe,-0.0037144225605579553,1.9623739367676507,-0.07860019415985664
2023-11-16,Combined Maximum-Sharpe,0.0007772699722687166,1.9638992311030632,-0.07788401775832277
2023-11-17,Combined Maximum-Sharpe,0.0003899927640594368,1.9646651375925352,-0.07752439919762488
2023-11-20,Combined Maximum-Sharpe,0.0049831884990131185,1.9744554343105982,-0.07292752939308644
2023-11-21,Combined Maximum-Sharpe,-0.006557216932359602,1.9615085017045475,-0.07900654469487445
2023-11-22,Combined Maximum-Sharpe,-0.00546327669950302,1.950792238011308,-0.08403818677963759
2023-11-24,Combined Maximum-Sharpe,-0.0014032454682125315,1.9480547976438944,-0.08532350604309491
2023-11-27,Combined Maximum-Sharpe,0.0012739427697461665,1.950536507968422,-0.08415826053696174
2023-11-28,Combined Maximum-Sharpe,-0.005486995430415333,1.9398339230623411,-0.0891834799763791
2023-11-29,Combined Maximum-Sharpe,-2.9406186831558114e-05,1.9397768799435773,-0.08921026361713624
2023-11-30,Combined Maximum-Sharpe,0.004328385456680896,1.948172981979931,-0.0852680145680823
2023-12-01,Combined Maximum-Sharpe,0.003510897042851442,1.9550128167413274,-0.08205648474542782
2023-12-04,Combined Maximum-Sharpe,-0.0009799739516478132,1.9530969551057833,-0.08295604547946134
2023-12-05,Combined Maximum-Sharpe,0.0038198076260727697,1.9605574097493557,-0.07945311398853994
2023-12-06,Combined Maximum-Sharpe,-0.008015003415748826,1.944843535413443,-0.08683130042427867
2023-12-07,Combined Maximum-Sharpe,0.003759412349293517,1.9521550042179199,-0.08339832273810543
2023-12-08,Combined Maximum-Sharpe,0.012031607919794308,1.9756425678273344,-0.07237013073866438
2023-12-11,Combined Maximum-Sharpe,-0.012235746011746478,1.9514691071574044,-0.08372037421185574
2023-12-12,Combined Maximum-Sharpe,0.013539435487698478,1.9778908972399987,-0.07131446532980468
2023-12-13,Combined Maximum-Sharpe,0.0034931140549622577,1.9847998957323298,-0.06807046083600798
2023-12-14,Combined Maximum-Sharpe,-0.003215677246541838,1.9784174198686848,-0.07106724545047782
2023-12-15,Combined Maximum-Sharpe,0.004562818788578295,1.9874445800437122,-0.06682869362469346
2023-12-18,Combined Maximum-Sharpe,0.011841025432918121,2.010977961862525,-0.05577898845263396
2023-12-19,Combined Maximum-Sharpe,0.007038766652331031,2.025132766479056,-0.04913283708412408
2023-12-20,Combined Maximum-Sharpe,-0.013897369466008875,1.996988748205576,-0.06234738936026163
2023-12-21,Combined Maximum-Sharpe,0.020022616936209457,2.0369736889368166,-0.04357313031818533
2023-12-22,Combined Maximum-Sharpe,0.00019618479958639787,2.0373733122117432,-0.04338549390443791
2023-12-26,Combined Maximum-Sharpe,0.0019794004959027616,2.0414060899562743,-0.04149197067668453
2023-12-27,Combined Maximum-Sharpe,0.012678765164751174,2.0672885983767224,-0.029339272464365962
2023-12-28,Combined Maximum-Sharpe,-0.0011086364966283156,2.0649967267874985,-0.03041538237275565
2023-12-29,Combined Maximum-Sharpe,-0.005397770462812615,2.0538503484498403,-0.03564897758298147
2021-01-04,Combined Risk Parity,-0.004713195650901454,0.9952868043490986,0.0
2021-01-05,Combined Risk Parity,0.012742999836006698,1.0079697439336988,0.0
2021-01-06,Combined Risk Parity,0.029255005564341362,1.037457904401167,0.0
2021-01-07,Combined Risk Parity,0.010496544460087178,1.0483476274201826,0.0
2021-01-08,Combined Risk Parity,0.0017422164702281895,1.0501740759231986,0.0
2021-01-11,Combined Risk Parity,-0.016258054123883377,1.03310028895734,-0.01625805412388337
2021-01-12,Combined Risk Parity,-0.0025748082474151314,1.0304402538129256,-0.018791000999453522
2021-01-13,Combined Risk Parity,0.01009167497095526,1.0408391219313942,-0.00888895870296369
2021-01-14,Combined Risk Parity,0.004020799101855411,1.045024126938032,-0.0049039003182774765
2021-01-15,Combined Risk Parity,-0.011193269325175228,1.0333268904339086,-0.01604227896644639
2021-01-19,Combined Risk Parity,0.007325769524805333,1.040896805077011,-0.008834031480001947
2021-01-20,Combined Risk Parity,0.007982382220735084,1.0492056412274777,-0.0009221658750903083
2021-01-21,Combined Risk Parity,-0.02103835571848303,1.027132079725495,-0.021941120739861653
2021-01-22,Combined Risk Parity,0.004919472419603855,1.032185027662995,-0.0171295870585928
2021-01-25,Combined Risk Parity,0.00028787337357141606,1.0324821662490582,-0.016846644837035796
2021-01-26,Combined Risk Parity,-0.003543049174681931,1.0288240311620556,-0.0203300055206318
2021-01-27,Combined Risk Parity,-0.03100274886391898,0.9969276580987736,-0.0507024683289925
2021-01-28,Combined Risk Parity,0.019306650520330995,1.0161749919877385,-0.03237471264520764
2021-01-29,Combined Risk Parity,-0.0072673877494399165,1.0087900542996797,-0.039406820804578024
2021-02-01,Combined Risk Parity,0.007796764082880476,1.0166553523622104,-0.03191730240676738
2021-02-02,Combined Risk Parity,0.018054304467622836,1.0350103576323961,-0.014439242634581406
2021-02-03,Combined Risk Parity,0.004175743197228139,1.0393322950923405,-0.010323794006557585
2021-02-04,Combined Risk Parity,0.005083094063687331,1.0446153189117229,-0.005293176758899731
2021-02-05,Combined Risk Parity,0.016281916793827306,1.061623658615801,0.0
2021-02-08,Combined Risk Parity,0.018650433756740956,1.081423400335404,0.0
2021-02-09,Combined Risk Parity,0.005511002938240582,1.0873831278721344,0.0
2021-02-10,Combined Risk Parity,0.004607208358394538,1.0923929285076441,0.0
2021-02-11,Combined Risk Parity,0.008253433671134952,1.1014089210858988,0.0
2021-02-12,Combined Risk Parity,0.009931415060472487,1.1123474702325102,0.0
2021-02-16,Combined Risk Parity,-0.0030059990834775774,1.1090037547564828,-0.0030059990834774286
2021-02-17,Combined Risk Parity,0.007333510735018633,1.1171366456971654,0.0
2021-02-18,Combined Risk Parity,-0.003523260651589263,1.1132006821109321,-0.003523260651589255
2021-02-19,Combined Risk Parity,0.00439234590501021,1.1180902445684566,0.0
2021-02-22,Combined Risk Parity,-0.0067901755337410885,1.1104982155452734,-0.006790175533741061
2021-02-23,Combined Risk Parity,-0.0193677930941868,1.0889903158751288,-0.026026457913117085
2021-02-24,Combined Risk Parity,0.012833354126607216,1.1029657142392002,-0.013527110537570164
2021-02-25,Combined Risk Parity,-0.02064870516901365,1.0801909003943444,-0.03389649838930486
2021-02-26,Combined Risk Parity,-0.011940801565895933,1.067292555199449,-0.045432548594155575
2021-03-01,Combined Risk Parity,0.023857056908586236,1.0927550144269527,-0.02265937858288214
2021-03-02,Combined Risk Parity,-0.0032206479146473102,1.0892356352685182,-0.02580704861714922
2021-03-03,Combined Risk Parity,-0.0044504170854300805,1.08438808238726,-0.03014261357248893
2021-03-04,Combined Risk Parity,-0.008141126901495387,1.075559941398076,-0.038038345631747905
2021-03-05,Combined Risk Parity,0.01380463195452078,1.0904076505341025,-0.024758819038832258
2021-03-08,Combined Risk Parity,0.0024671300004407122,1.0930978279614452,-0.02235277226361787
2021-03-09,Combined Risk Parity,0.012246083867763654,1.1064839956383312,-0.010380422319671512
2021-03-10,Combined Risk Parity,0.004073457459770711,1.110991211124481,-0.006349249068634433
2021-03-11,Combined Risk Parity,0.004398500524978733,1.1158779065498587,-0.001978675719017442
2021-03-12,Combined Risk Parity,0.003285156252125662,1.1195437398311698,0.0
2021-03-15,Combined Risk Parity,0.0029192144208753336,1.1228119280612858,0.0
2021-03-16,Combined Risk Parity,0.006963511533554344,1.1306306418723528,0.0
2021-03-17,Combined Risk Parity,0.003426390508228723,1.134504623971977,0.0
2021-03-18,Combined Risk Parity,-0.012558098852171422,1.1202574027558914,-0.012558098852171296
2021-03-19,Combined Risk Parity,-0.0014024354327891696,1.1186863140804222,-0.01394292236216177
2021-03-22,Combined Risk Parity,0.0033468041318202362,1.1224303380585974,-0.010642782460512756
2021-03-23,Combined Risk Parity,-0.004192965605569763,1.1177240262564696,-0.014791123245278093
2021-03-24,Combined Risk Parity,-0.011975136214792396,1.104339128791502,-0.026589133744438498
2021-03-25,Combined Risk Parity,0.005400473875579483,1.1103030834063208,-0.021332253791020217
2021-03-26,Combined Risk Parity,0.0275008700575705,1.1408373842275978,0.0
2021-03-29,Combined Risk Parity,0.007380756046901049,1.1492576266497665,0.0
2021-03-30,Combined Risk Parity,-0.0030514697076448444,1.1457507018157649,-0.003051469707644916
2021-03-31,Combined Risk Parity,0.007573268741936113,1.1544277797918776,0.0
2021-04-01,Combined Risk Parity,0.013290598612827307,1.1697708160405889,0.0
2021-04-05,Combined Risk Parity,0.01877762117841244,1.1917363292897616,0.0
2021-04-06,Combined Risk Parity,0.004109260014207928,1.1966334837351909,0.0
2021-04-07,Combined Risk Parity,-0.008437301861097568,1.1865371258158202,-0.008437301861097701
2021-04-08,Combined Risk Parity,0.005690125214108324,1.1932886706329005,-0.002795185951048107
2021-04-09,Combined Risk Parity,-3.2288958123471295e-06,1.1932848176281088,-0.0027984058214963747
2021-04-12,Combined Risk Parity,0.0008094710974921879,1.1942507471990549,-0.001991199952635858
2021-04-13,Combined Risk Parity,0.013341125458281334,1.2101833962460837,0.0
2021-04-14,Combined Risk Parity,0.0026394156353342193,1.2133775732237575,0.0
2021-04-15,Combined Risk Parity,0.01573950109721514,1.232475530868849,0.0
2021-04-16,Combined Risk Parity,0.00696076022120679,1.2410544975177316,0.0
2021-04-19,Combined Risk Parity,-0.009029355387980123,1.2298485754037929,-0.00902935538798011
2021-04-20,Combined Risk Parity,-0.0005507262675618732,1.2291712654881943,-0.009575108952350808
2021-04-21,Combined Risk Parity,0.003437756588279322,1.23339685710425,-0.00617026925795594
2021-04-22,Combined Risk Parity,-0.01179891175542994,1.2188441164278523,-0.01789637855090398
2021-04-23,Combined Risk Parity,0.00484828445855504,1.2247534194149308,-0.013134860826341632
2021-04-26,Combined Risk Parity,0.01401004957404045,1.2419122755369096,0.0
2021-04-27,Combined Risk Parity,0.003644200615143667,1.2464380530153756,0.0
2021-04-28,Combined Risk Parity,-0.0014980848438398207,1.244570783059368,-0.001498084843839842
2021-04-29,Combined Risk Parity,0.006504876829444287,1.2526665627086941,0.0
2021-04-30,Combined Risk Parity,0.0034799577232627705,1.2570257893882653,0.0
2021-05-03,Combined Risk Parity,0.01063829900637658,1.2703984055945041,0.0
2021-05-04,Combined Risk Parity,-0.0055682510160890136,1.2633245083817146,-0.005568251016089043
2021-05-05,Combined Risk Parity,0.02047247718303017,1.2891878905543221,0.0
2021-05-06,Combined Risk Parity,0.013753554605682172,1.3069188066040451,0.0
2021-05-07,Combined Risk Parity,0.004339091335851332,1.312589646674442,0.0
2021-05-10,Combined Risk Parity,-0.007404215483946516,1.3028709500884672,-0.007404215483946541
2021-05-11,Combined Risk Parity,0.001992218273877917,1.305466553403738,-0.005426748023459549
2021-05-12,Combined Risk Parity,-0.028800795162387198,1.2678680786078094,-0.03407124852762522
2021-05-13,Combined Risk Parity,0.014073654011307796,1.2857116152781172,-0.020477101479828508
2021-05-14,Combined Risk Parity,0.013760357433394736,1.3034034666606114,-0.006998516281996103
2021-05-17,Combined Risk Parity,-0.0035622741483067725,1.298760386186513,-0.01053585979667504
2021-05-18,Combined Risk Parity,-0.004146095522859618,1.2933756015640776,-0.014638272638402117
2021-05-19,Combined Risk Parity,-0.026858220553993617,1.2586378343981155,-0.041103335237343996
2021-05-20,Combined Risk Parity,0.020365017419643833,1.284270015820656,-0.02157538795581415
2021-05-21,Combined Risk Parity,-0.01034741543087505,1.2709811404415432,-0.03169955388442802
2021-05-24,Combined Risk Parity,0.023893445319758958,1.3013492588231281,-0.008563520122067403
2021-05-25,Combined Risk Parity,-0.004328762307455827,1.295716027202699,-0.012855212986399578
2021-05-26,Combined Risk Parity,0.007654819644717423,1.3056344997017055,-0.00529879767858743
2021-05-27,Combined Risk Parity,-0.0031461120838129613,1.3015268272251508,-0.008428239150994221
2021-05-28,Combined Risk Parity,-0.0037096262736179848,1.2966986491110577,-0.0121065998072174
2021-06-01,Combined Risk Parity,-0.0011690578406596144,1.2951827333883417,-0.01326150433244866
2021-06-02,Combined Risk Parity,0.004037570823586451,1.3004121254038834,-0.009277477771831744
2021-06-03,Combined Risk Parity,0.003988075293003482,1.3055982668719288,-0.005326401758711463
2021-06-04,Combined Risk Parity,0.0019705688117786805,1.3081710380973388,-0.0033663289881176173
2021-06-07,Combined Risk Parity,-0.006450689800979973,1.299732432523947,-0.00979530364502712
2021-06-08,Combined Risk Parity,-0.003597359920942883,1.2950568271632357,-0.01335742633322401
2021-06-09,Combined Risk Parity,0.0034918651384715804,1.2995789909503468,-0.00991220352610489
2021-06-10,Combined Risk Parity,0.002286895670590362,1.3025509925183414,-0.007647976030844328
2021-06-11,Combined Risk Parity,-0.0023091860117541137,1.2995431599868217,-0.009939501443329779
2021-06-14,Combined Risk Parity,0.0006400079929086549,1.300374877996343,-0.00930585481079027
2021-06-15,Combined Risk Parity,-0.0022596883101853693,1.297436436085676,-0.011544514789643467
2021-06-16,Combined Risk Parity,-0.013022704817525715,1.2805403043590295,-0.024416878798802166
2021-06-17,Combined Risk Parity,-0.003599410038707683,1.2759311147325498,-0.027928402478847536
2021-06-18,Combined Risk Parity,-0.01675703132880732,1.2545502970695763,-0.04421743669235345
2021-06-21,Combined Risk Parity,0.001875574821287332,1.2569033000187986,-0.042424794981988145
2021-06-22,Combined Risk Parity,-0.0022317356614856695,1.2540982241011076,-0.0445618497155813
2021-06-23,Combined Risk Parity,0.0010154926543416523,1.2553717516355054,-0.043591609292289446
2021-06-24,Combined Risk Parity,0.009907088610719563,1.2678088308183526,-0.034116386617512484
2021-06-25,Combined Risk Parity,0.0026206088011310204,1.2711312617985469,-0.031585183519414084
2021-06-28,Combined Risk Parity,0.0019139234045489474,1.2735641096707568,-0.029731711736839972
2021-06-29,Combined Risk Parity,0.003575058358990459,1.2781171756867455,-0.026262945982421404
2021-06-30,Combined Risk Parity,0.00395974247720119,1.2831781905581527,-0.022407198008003282
2021-07-01,Combined Risk Parity,0.0016085383175903538,1.2852422318459618,-0.020834702526998594
2021-07-02,Combined Risk Parity,0.004517747545048863,1.291048631783677,-0.016411080908143028
2021-07-06,Combined Risk Parity,-0.0038270059148815382,1.2861077810334411,-0.020175281519319355
2021-07-07,Combined Risk Parity,0.0008009550050142642,1.2871378954976478,-0.01939048600701554
2021-07-08,Combined Risk Parity,-0.008571954031245877,1.2761046086255674,-0.027796225683565767
2021-07-09,Combined Risk Parity,0.010928925186822754,1.290051060423796,-0.017171083367714668
2021-07-12,Combined Risk Parity,0.0026199374632004976,1.293430913526442,-0.014596133069112893
2021-07-13,Combined Risk Parity,-0.005189772436467469,1.2867183014229475,-0.0197101548964993
2021-07-14,Combined Risk Parity,0.0014943781421103584,1.2886411451276474,-0.018245231179043753
2021-07-15,Combined Risk Parity,-0.0013599636132863994,1.2868886400596902,-0.019580381941810665
2021-07-16,Combined Risk Parity,-0.006230215209996462,1.2788710468808187,-0.0256886071584157
2021-07-19,Combined Risk Parity,-0.016599227506215838,1.2576427754225317,-0.041861423630091044
2021-07-20,Combined Risk Parity,0.006450132736350271,1.265754738258919,-0.03568130263268743
2021-07-21,Combined Risk Parity,0.009433272058499925,1.2776949470642507,-0.026584622009323322
2021-07-22,Combined Risk Parity,0.0008207443871801974,1.278743608020582,-0.025785696801442715
2021-07-23,Combined Risk Parity,0.00832051109816897,1.28938340840283,-0.01767973587968419
2021-07-26,Combined Risk Parity,0.0045835319933834155,1.295293338506982,-0.013177239521339867
2021-07-27,Combined Risk Parity,0.0011888626541876931,1.296833264383351,-0.012004042795104475
2021-07-28,Combined Risk Parity,0.002566820104989898,1.30016200207919,-0.009468034908502121
2021-07-29,Combined Risk Parity,0.00498757282225115,1.3066466547452837,-0.0045276845998407644
2021-07-30,Combined Risk Parity,-0.0026719877659745796,1.3031553108693528,-0.007187574447956369
2021-08-02,Combined Risk Parity,-0.0010428686407287849,1.3017962910616478,-0.008222947392690472
2021-08-03,Combined Risk Parity,0.0034915953593305737,1.3063416369503125,-0.004760063238316237
2021-08-04,Combined Risk Parity,-0.00496432004012392,1.2998565389827517,-0.009700752801114043
2021-08-05,Combined Risk Parity,0.0052150854494561845,1.306635401905581,-0.00453625760643972
2021-08-06,Combined Risk Parity,0.002510784079901086,1.3099160812709207,-0.0020368630899192386
2021-08-09,Combined Risk Parity,0.0013869935730852728,1.3117329264569246,-0.0006526946328488936
2021-08-10,Combined Risk Parity,0.005100739740740436,1.3184237347241414,0.0
2021-08-11,Combined Risk Parity,0.011499870323873531,1.333585436705386,0.0
2021-08-12,Combined Risk Parity,0.0009018655659448923,1.3347881514899964,0.0
2021-08-13,Combined Risk Parity,0.008237348047847997,1.345783266063963,0.0
2021-08-16,Combined Risk Parity,-0.0008148295342702045,1.3446866821120473,-0.0008148295342703671
2021-08-17,Combined Risk Parity,-0.005756720451729459,1.3369456967879647,-0.0065668592401552095
2021-08-18,Combined Risk Parity,-0.010362190290799211,1.3230920110693827,-0.01686100248589495
2021-08-19,Combined Risk Parity,0.002089839336675116,1.325857060800156,-0.014806399935470616
2021-08-20,Combined Risk Parity,0.007051601656622647,1.3352064766465392,-0.007859207113161681
2021-08-23,Combined Risk Parity,0.006259101373718428,1.3435636693387152,-0.0016492973134816236
2021-08-24,Combined Risk Parity,-0.004577098054647601,1.3374140466814899,-0.006218846372604059
2021-08-25,Combined Risk Parity,0.00041413341207703386,1.337967914524002,-0.0058072883925943675
2021-08-26,Combined Risk Parity,-0.008973454465156384,1.3259617203671805,-0.014728631419793858
2021-08-27,Combined Risk Parity,0.011663428130358509,1.3414269795962896,-0.0032369896234586415
2021-08-30,Combined Risk Parity,-0.0006004902174280778,1.340621465817648,-0.0038355360602838617
2021-08-31,Combined Risk Parity,0.00305806262316158,1.3447211702140731,-0.0007892027465880025
2021-09-01,Combined Risk Parity,0.002952885630142752,1.348691978034147,0.0
2021-09-02,Combined Risk Parity,0.006615264478190453,1.3576139321684568,0.0
2021-09-03,Combined Risk Parity,0.00013583849826117136,1.3577983484062213,0.0
2021-09-07,Combined Risk Parity,-0.0238204075471746,1.3254550383803045,-0.023820407547174627
2021-09-08,Combined Risk Parity,0.0005072718258440562,1.326127404377698,-0.023325219142959264
2021-09-09,Combined Risk Parity,-0.007834054503089657,1.3157384500137623,-0.030976542607986435
2021-09-10,Combined Risk Parity,-0.006977409488961759,1.3065580040676446,-0.0377378160746199
2021-09-13,Combined Risk Parity,-0.0008681400381550471,1.3054237287521415,-0.038573194403688116
2021-09-14,Combined Risk Parity,-0.004691109061652385,1.2992998436688963,-0.043083352403536446
2021-09-15,Combined Risk Parity,0.007306128702438859,1.3087926955498002,-0.03609199621869019
2021-09-16,Combined Risk Parity,-0.006281952489871145,1.3005709220172659,-0.042147220503050975
2021-09-17,Combined Risk Parity,-0.012037302442485657,1.2849155564810415,-0.05367718410523137
2021-09-20,Combined Risk Parity,-0.021487980095368786,1.2573053165791472,-0.07401174993697146
2021-09-21,Combined Risk Parity,-0.005790679817564943,1.2500246640579151,-0.07937385140791375
2021-09-22,Combined Risk Parity,0.014509647905017346,1.268162081805983,-0.06601589013969034
2021-09-23,Combined Risk Parity,0.007418037065501761,1.2775693551338836,-0.05908756139415705
2021-09-24,Combined Risk Parity,-0.00737547240165376,1.2681466776138952,-0.06602723511746711
2021-09-27,Combined Risk Parity,-0.003132511133679098,1.2641741940271316,-0.06895291520201463
2021-09-28,Combined Risk Parity,-0.011679081593289616,1.2494098004669576,-0.07982669007256471
2021-09-29,Combined Risk Parity,0.007863249984462006,1.259234222061066,-0.0725911373075756
2021-09-30,Combined Risk Parity,-0.006573814612491831,1.2509562497315312,-0.07868775124089744
2021-10-01,Combined Risk Parity,0.016596108342157426,1.2717172551833746,-0.06339755334353459
2021-10-04,Combined Risk Parity,-0.002337676703152459,1.2687443913829355,-0.06558702706319908
2021-10-05,Combined Risk Parity,0.005486066510326659,1.2757048074986663,-0.060460775345555606
2021-10-06,Combined Risk Parity,0.003969421948796419,1.2807686181617366,-0.05673134772545707
2021-10-07,Combined Risk Parity,0.006404709724340675,1.2889715693851074,-0.050689985815568606
2021-10-08,Combined Risk Parity,-0.002831089667372345,1.2853223752934846,-0.053377567587859165
2021-10-11,Combined Risk Parity,-0.007502000765034558,1.2756798858507168,-0.06047912980001402
2021-10-12,Combined Risk Parity,-0.0006292565802474657,1.274877155888256,-0.061070329489867126
2021-10-13,Combined Risk Parity,0.0049861722947270575,1.2812339130421264,-0.056388664380072284
2021-10-14,Combined Risk Parity,0.012279330053711084,1.2969666071363786,-0.04480174934757197
2021-10-15,Combined Risk Parity,0.0034586846055969147,1.3014524055744543,-0.04149801986274737
2021-10-18,Combined Risk Parity,-0.0014105418194341648,1.2996166525303885,-0.042850026989741274
2021-10-19,Combined Risk Parity,0.010957089880327007,1.3138566690021338,-0.03236244870651528
2021-10-20,Combined Risk Parity,0.011582035267067834,1.3290738032783889,-0.021155236461694926
2021-10-21,Combined Risk Parity,0.001477800523281939,1.331037909240354,-0.01970869915792628
2021-10-22,Combined Risk Parity,0.0011872445768749092,1.3326181767797143,-0.018544853627244007
2021-10-25,Combined Risk Parity,0.0050637492552929935,1.3393662210799724,-0.013575010860695458
2021-10-26,Combined Risk Parity,0.0039867019308858186,1.3447058749797152,-0.00964242845181984
2021-10-27,Combined Risk Parity,-0.01643533616068103,1.322605181887181,-0.025919288059489842
2021-10-28,Combined Risk Parity,0.010660784109192047,1.336705190192979,-0.015534823884563842
2021-10-29,Combined Risk Parity,-0.0016628520296847454,1.3344824472543764,-0.017171843800821374
2021-11-01,Combined Risk Parity,0.005048609529342867,1.3412197280543257,-0.01220992820572775
2021-11-02,Combined Risk Parity,0.006074149102932754,1.3493664966623227,-0.006209944027252612
2021-11-03,Combined Risk Parity,0.005227012234336026,1.35641965184898,-0.0010153912463214398
2021-11-04,Combined Risk Parity,0.002442177464657509,1.359732269355344,0.0
2021-11-05,Combined Risk Parity,-0.00041244790920285615,1.3591714506237729,-0.0004124479092026956
2021-11-08,Combined Risk Parity,0.003902327820794846,1.3644753831887722,0.0
2021-11-09,Combined Risk Parity,0.002159392392395871,1.3674218209508415,0.0
2021-11-10,Combined Risk Parity,-0.005299940309743047,1.360174566921562,-0.005299940309743012
2021-11-11,Combined Risk Parity,0.0009844967240206152,1.3615136543267925,-0.004320661359594746
2021-11-12,Combined Risk Parity,0.0013095748306596812,1.3632966583400985,-0.003016744758303269
2021-11-15,Combined Risk Parity,-0.002156993264820185,1.360356036630107,-0.005167230924998156
2021-11-16,Combined Risk Parity,-0.004509835932036337,1.35422105409575,-0.009653763493339795
2021-11-17,Combined Risk Parity,-0.004017906058428436,1.3487799211180473,-0.013632881636941763
2021-11-18,Combined Risk Parity,-0.004650104138854106,1.3425079540244529,-0.01821959145647145
2021-11-19,Combined Risk Parity,-0.003716236611727453,1.337518876814172,-0.021868119755377724
2021-11-22,Combined Risk Parity,-0.0013894649955218967,1.3356604411539887,-0.023227199763981687
2021-11-23,Combined Risk Parity,0.007082710140507317,1.3451205369048245,-0.016309001146778357
2021-11-24,Combined Risk Parity,0.0002819729565687963,1.345499824519557,-0.016031626887481498
2021-11-26,Combined Risk Parity,-0.02051415908290083,1.3178980270733478,-0.03621691062605481
2021-11-29,Combined Risk Parity,0.007215857296652842,1.3274077911682494,-0.029262389388205245
2021-11-30,Combined Risk Parity,-0.02123726637909499,1.2992172783135232,-0.04987820260897402
2021-12-01,Combined Risk Parity,-0.011504477086206635,1.2842704629051616,-0.06080885705616457
2021-12-02,Combined Risk Parity,0.018607532196820063,1.3081675668930943,-0.0433328276248689
2021-12-03,Combined Risk Parity,-0.0007026056799894631,1.3072484409302172,-0.04400498741403924
2021-12-06,Combined Risk Parity,0.014252136909944374,1.325879524685666,-0.030380015609440036
2021-12-07,Combined Risk Parity,0.010940926594277684,1.3403858752381077,-0.019771474535878242
2021-12-08,Combined Risk Parity,0.0018842629967704926,1.3429115147442128,-0.017924466196967193
2021-12-09,Combined Risk Parity,-0.007670957130923444,1.3326100980839863,-0.025457925516099156
2021-12-10,Combined Risk Parity,0.0036812586948674906,1.3375157805944264,-0.02187038403089092
2021-12-13,Combined Risk Parity,-0.004494909785518675,1.331503767823947,-0.026266988413216064
2021-12-14,Combined Risk Parity,-0.0017685195873746755,1.3291489773298872,-0.02798905431708054
2021-12-15,Combined Risk Parity,0.01182589540176057,1.3448673541091474,-0.016494154544068107
2021-12-16,Combined Risk Parity,0.004770578754205177,1.3512831497358846,-0.011802262453099455
2021-12-17,Combined Risk Parity,-0.011950000000960808,1.3351353160952424,-0.023611225417734416
2021-12-20,Combined Risk Parity,-0.003985787931298201,1.3298137498657,-0.02750290401171951
2021-12-21,Combined Risk Parity,0.011673691939588829,1.3453375859186614,-0.016150272501007645
2021-12-22,Combined Risk Parity,0.005870781313547594,1.353235768678486,-0.010374305905467618
2021-12-23,Combined Risk Parity,0.0060088651480892565,1.3613671799260458,-0.004427778562569373
2021-12-27,Combined Risk Parity,0.011603423821413756,1.3771637002912906,0.0
2021-12-28,Combined Risk Parity,-0.000494884215769064,1.3764821637134863,-0.0004948842157691535
2021-12-29,Combined Risk Parity,-4.817365149931889e-05,1.3764158535414366,-0.0005430340268887113
2021-12-30,Combined Risk Parity,0.0003283408277245871,1.3768677870620816,-0.0002148714994060219
2021-12-31,Combined Risk Parity,-0.001660038049317327,1.374582134146679,-0.0018745528538586242
2022-01-03,Combined Risk Parity,0.0026374222804630425,1.378207487693604,0.0
2022-01-04,Combined Risk Parity,0.003883292314459498,1.3835594702382952,0.0
2022-01-05,Combined Risk Parity,-0.010977380327446341,1.3683716117278493,-0.010977380327446329
2022-01-06,Combined Risk Parity,-0.001084687617321352,1.366887355984714,-0.012050160916255992
2022-01-07,Combined Risk Parity,0.00011787072289998025,1.3670484719854865,-0.011933710554534294
2022-01-10,Combined Risk Parity,-0.007057790199997696,1.3574001306769854,-0.018907275129130707
2022-01-11,Combined Risk Parity,0.007734104561741157,1.3678984052197622,-0.011319401410215923
2022-01-12,Combined Risk Parity,0.0049500766398114186,1.3746696071610758,-0.006425356674901961
2022-01-13,Combined Risk Parity,-0.005481247995979714,1.36713470213169,-0.011871385697483805
2022-01-14,Combined Risk Parity,0.00036039991296085683,1.3676274173593441,-0.011515264230894995
2022-01-18,Combined Risk Parity,-0.009553011047257922,1.3545624575327775,-0.020958269831743093
2022-01-19,Combined Risk Parity,-0.0049025225243797006,1.3479216845740438,-0.02575804396620074
2022-01-20,Combined Risk Parity,-0.01170583468805153,1.3321431361619802,-0.03716235924969624
2022-01-21,Combined Risk Parity,-0.01353928449603831,1.3141068712520383,-0.0501984919913091
2022-01-24,Combined Risk Parity,-0.000414280566815552,1.3135624623125597,-0.05059197629840928
2022-01-25,Combined Risk Parity,-0.004471658129778205,1.3076886600489883,-0.0548374044060711
2022-01-26,Combined Risk Parity,-0.010210812164838394,1.2943360967711388,-0.06448828213491187
2022-01-27,Combined Risk Parity,-0.0028851477637752516,1.290601745875966,-0.06718737167569588
2022-01-28,Combined Risk Parity,0.01800773838643661,1.3138425644767786,-0.05038952590126755
2022-01-31,Combined Risk Parity,0.012690136615295843,1.3305154061109796,-0.03833883925363868
2022-02-01,Combined Risk Parity,0.006709711907144405,1.3394427811740015,-0.03188636991274063
2022-02-02,Combined Risk Parity,0.007860557672697919,1.3499715484046988,-0.02427645688971458
2022-02-03,Combined Risk Parity,-0.007332861777595359,1.3400723936365606,-0.03143130276448802
2022-02-04,Combined Risk Parity,0.0011671758183812023,1.3416364937292933,-0.03030081280263386
2022-02-07,Combined Risk Parity,0.005379146205753689,1.348853352584038,-0.025084659099098627
2022-02-08,Combined Risk Parity,0.0034978845384182255,1.3535714858706351,-0.021674517801894777
2022-02-09,Combined Risk Parity,0.010247146600797495,1.3674417313210108,-0.011649473162514967
2022-02-10,Combined Risk Parity,-0.018507434953993446,1.342133892425211,-0.029941306249704813
2022-02-11,Combined Risk Parity,-0.010569285849936846,1.3279484956672807,-0.0401941338751679
2022-02-14,Combined Risk Parity,-0.006122392689241824,1.3198182735057176,-0.04607044229302215
2022-02-15,Combined Risk Parity,0.009481577201755013,1.332332232358249,-0.03702568554658747
2022-02-16,Combined Risk Parity,-0.0014750790808739696,1.3303669369535231,-0.0384461488132567
2022-02-17,Combined Risk Parity,-0.015103857355039222,1.3102732645079167,-0.05296932102076979
2022-02-18,Combined Risk Parity,-0.006856370738320848,1.3012895452379405,-0.05946251445641515
2022-02-22,Combined Risk Parity,-0.0033319356310285955,1.296953732235877,-0.06259632481681598
2022-02-23,Combined Risk Parity,-0.01066488980753699,1.2831218635961077,-0.07259363171782474
2022-02-24,Combined Risk Parity,0.0046920370768945355,1.2891423189542748,-0.06824220665249658
2022-02-25,Combined Risk Parity,0.02694496788172693,1.3238782173334727,-0.043136022837199306
2022-02-28,Combined Risk Parity,0.0002994877556527953,1.3242747026495394,-0.04284945379221394
2022-03-01,Combined Risk Parity,-0.009667664686772033,1.3114720588711488,-0.052102864327711496
2022-03-02,Combined Risk Parity,0.015323076562334285,1.3315678456385935,-0.037578163944587795
2022-03-03,Combined Risk Parity,0.0017948778587357698,1.3339578472821347,-0.03585073430028807
2022-03-04,Combined Risk Parity,0.0010398569400288423,1.3353449726073372,-0.034848156995126334
2022-03-07,Combined Risk Parity,-0.013210942910015637,1.3177038064090452,-0.047598722892560175
2022-03-08,Combined Risk Parity,-0.006852334701678495,1.3086744588898547,-0.05412489521360642
2022-03-09,Combined Risk Parity,0.01374770922116587,1.326665734815839,-0.04112127931346321
2022-03-10,Combined Risk Parity,-0.0022752996082486604,1.3236471727891357,-0.04330301569099926
2022-03-11,Combined Risk Parity,-0.00601608184649119,1.3156840030617596,-0.0490585830508935
2022-03-14,Combined Risk Parity,-0.005960703954641461,1.3078416002216509,-0.054726863315534335
2022-03-15,Combined Risk Parity,0.008577031071495534,1.3190589982633463,-0.04661922625114179
2022-03-16,Combined Risk Parity,0.01363074784860074,1.3370387588661017,-0.033623933320467314
2022-03-17,Combined Risk Parity,0.012871346738816356,1.354248248334704,-0.021185371886141446
2022-03-18,Combined Risk Parity,0.00418256909564045,1.359912485206014,-0.017091412072231638
2022-03-21,Combined Risk Parity,0.0038478967869807193,1.3651452880884132,-0.01330928127484865
2022-03-22,Combined Risk Parity,0.007027330047184175,1.3747386145901688,-0.006375479939873641
2022-03-23,Combined Risk Parity,-0.007836879962327296,1.3639649530880495,-0.014162396031209834
2022-03-24,Combined Risk Parity,0.009367822483832321,1.376742334642747,-0.004927244359343663
2022-03-25,Combined Risk Parity,0.008409408293517209,1.3883199230497278,0.0
2022-03-28,Combined Risk Parity,0.0029535183220849915,1.392420351379371,0.0
2022-03-29,Combined Risk Parity,0.012183216242956986,1.4093845096213198,0.0
2022-03-30,Combined Risk Parity,-0.0015617208218609252,1.407183444486636,-0.0015617208218609013
2022-03-31,Combined Risk Parity,-0.013459791596270856,1.3882430485861232,-0.015000491981338016
2022-04-01,Combined Risk Parity,0.008405686438426601,1.3999121843528635,-0.006720894974928782
2022-04-04,Combined Risk Parity,0.0006022278762364453,1.400755250494564,-0.00612271460899938
2022-04-05,Combined Risk Parity,-0.007680352858743423,1.3899969559020282,-0.013756042859092266
2022-04-06,Combined Risk Parity,-0.0001876224958192699,1.3897361612039807,-0.013941084411817628
2022-04-07,Combined Risk Parity,0.0035593904298335563,1.3946827747961639,-0.010431315744421021
2022-04-08,Combined Risk Parity,0.0017679738968655275,1.3971485375364114,-0.008681784141501558
2022-04-11,Combined Risk Parity,-0.014848525481977945,1.376402941874694,-0.023401397930425283
2022-04-12,Combined Risk Parity,0.0008776463513105188,1.3776109368945633,-0.022544289730624056
2022-04-13,Combined Risk Parity,0.008260445191909577,1.3889906165345558,-0.014470070408424962
2022-04-14,Combined Risk Parity,-0.001615148839170523,1.3867471899526411,-0.016061847930172735
2022-04-18,Combined Risk Parity,-0.0003561013850479647,1.3862533673575876,-0.016412229668926304
2022-04-19,Combined Risk Parity,0.011104032531521042,1.401646369845657,-0.005490439069563702
2022-04-20,Combined Risk Parity,0.002044576864806282,1.404512143586083,-0.003457087829456751
2022-04-21,Combined Risk Parity,-0.01158546268100661,1.3882402205615458,-0.015002498548430276
2022-04-22,Combined Risk Parity,-0.020443394342815658,1.3598598782900488,-0.03513919089729278
2022-04-25,Combined Risk Parity,-0.002297046937223686,1.3567362163215693,-0.03735552146368937
2022-04-26,Combined Risk Parity,-0.02036446812084484,1.329107004895893,-0.05695926425854936
2022-04-27,Combined Risk Parity,0.0013097886505496516,1.3308478541662718,-0.055724080205869164
2022-04-28,Combined Risk Parity,0.015220810707722767,1.3511044374353156,-0.04135143517482187
2022-04-29,Combined Risk Parity,-0.03412418189512802,1.3049991038529583,-0.07406453317441974
2022-05-02,Combined Risk Parity,0.0008786213900347207,1.3061457039795796,-0.07325098646747497
2022-05-03,Combined Risk Parity,0.004348945219540575,1.3118260600949252,-0.06922060577535871
2022-05-04,Combined Risk Parity,0.030983123505125165,1.3524705289320882,-0.040382152848070896
2022-05-05,Combined Risk Parity,-0.024322218959822527,1.3195754445906949,-0.06372218824425369
2022-05-06,Combined Risk Parity,-0.002751385762783656,1.315944783499529,-0.06629824968552878
2022-05-09,Combined Risk Parity,-0.034399420152910296,1.270677045993898,-0.09841704849210409
2022-05-10,Combined Risk Parity,-0.004158708017803681,1.2653926711746841,-0.10216646874125501
2022-05-11,Combined Risk Parity,-0.008422195543806193,1.2547352866583517,-0.1097281983073023
2022-05-12,Combined Risk Parity,0.00042718486815643384,1.2552712905863541,-0.10934788766507275
2022-05-13,Combined Risk Parity,0.020510985989996147,1.2810181424412153,-0.09107973466701047
2022-05-16,Combined Risk Parity,-0.00048720267199553994,1.2803940269793432,-0.0915225630489116
2022-05-17,Combined Risk Parity,0.01493552164129911,1.2995173796786834,-0.07795397862869657
2022-05-18,Combined Risk Parity,-0.027667967972177826,1.2635623744384452,-0.10346511841687178
2022-05-19,Combined Risk Parity,0.00047087635757089597,1.2641573560868844,-0.10304296133739665
2022-05-20,Combined Risk Parity,0.0012349272814772814,1.2657184984939964,-0.10193528462003898
2022-05-23,Combined Risk Parity,0.014250299526534971,1.283755366213812,-0.08913759343166228
2022-05-24,Combined Risk Parity,0.006429176817301485,1.29200885645336,-0.08328149796360174
2022-05-25,Combined Risk Parity,0.00598548631010217,1.2997421577761923,-0.07779449191944554
2022-05-26,Combined Risk Parity,0.007352789105515961,1.309298887753869,-0.07101370930658402
2022-05-27,Combined Risk Parity,0.014342898534027952,1.3280780288516383,-0.057689353199665394
2022-05-31,Combined Risk Parity,-0.00714315416384462,1.3185913627499362,-0.06442042341999232
2022-06-01,Combined Risk Parity,-0.00853424569271268,1.3073381800919395,-0.07240488939161016
2022-06-02,Combined Risk Parity,0.011627235425323484,1.3225389088923825,-0.06161952266118731
2022-06-03,Combined Risk Parity,-0.00854335355190648,1.311239991407562,-0.06963643884529969
2022-06-06,Combined Risk Parity,0.0008778794344105265,1.3123911020295953,-0.06881969180843706
2022-06-07,Combined Risk Parity,0.008032279384166525,1.3229325940223913,-0.061340191416008105
2022-06-08,Combined Risk Parity,-0.012619325397924307,1.3062380771389026,-0.0731854449784829
2022-06-09,Combined Risk Parity,-0.02114850573010129,1.278613093679654,-0.09278618790609672
2022-06-10,Combined Risk Parity,-0.0219314698807359,1.250571229126504,-0.11268272030142179
2022-06-13,Combined Risk Parity,-0.04277681808621189,1.1970757711543092,-0.15063933015984032
2022-06-14,Combined Risk Parity,-0.008277984779459659,1.1871663961408339,-0.1576703248570488
2022-06-15,Combined Risk Parity,0.012038536235879098,1.2014581418187933,-0.14752990854028414
2022-06-16,Combined Risk Parity,-0.027465796510731014,1.1684591369794373,-0.170943678603801
2022-06-17,Combined Risk Parity,-0.0015362924901442677,1.1666640419822552,-0.17221735160426865
2022-06-21,Combined Risk Parity,0.021008969845902725,1.1911744516605596,-0.1548264909051611
2022-06-22,Combined Risk Parity,-0.0020248715857975213,1.188762476359664,-0.1565378587287961
2022-06-23,Combined Risk Parity,0.009186213220621046,1.1996827019361773,-0.14878963565555725
2022-06-24,Combined Risk Parity,0.025115490012707027,1.2298133208550728,-0.12741107025115173
2022-06-27,Combined Risk Parity,-0.0026246604283390643,1.2265854784975803,-0.12970131988527023
2022-06-28,Combined Risk Parity,-0.011435208235626925,1.2125592181321643,-0.1396533665195735
2022-06-29,Combined Risk Parity,-0.0033138721950548107,1.2085409518543386,-0.1425044453063733
2022-06-30,Combined Risk Parity,-0.006046954105774947,1.2012329601835259,-0.14768968157151174
2022-07-01,Combined Risk Parity,0.010906112817749471,1.2143337423676865,-0.13839428908299867
2022-07-05,Combined Risk Parity,-0.008024579356372847,1.2045892248869359,-0.1453083124841561
2022-07-06,Combined Risk Parity,0.0016637050937066261,1.2065933061162044,-0.14388635757008728
2022-07-07,Combined Risk Parity,0.011124781922861975,1.2200163935163322,-0.13436227999686756
2022-07-08,Combined Risk Parity,-0.0032860358347434563,1.216007375928263,-0.13720679656470347
2022-07-11,Combined Risk Parity,-0.007513129217071066,1.2068713553840025,-0.14368907338972348
2022-07-12,Combined Risk Parity,-0.005693721963609038,1.1999997654406018,-0.14856466972024296
2022-07-13,Combined Risk Parity,-0.0005858064155819504,1.1992967978793099,-0.14906344599917398
2022-07-14,Combined Risk Parity,-0.0024481455513419995,1.196360744758843,-0.15114666253832543
2022-07-15,Combined Risk Parity,0.015711558468390056,1.215157436549408,-0.13780985369570842
2022-07-18,Combined Risk Parity,0.0005391463257941209,1.2158125842165852,-0.13734500704619235
2022-07-19,Combined Risk Parity,0.021552462611498974,1.242016339480503,-0.11875266756393255
2022-07-20,Combined Risk Parity,-0.004271497282653779,1.2367110700614006,-0.12251691314977908
2022-07-21,Combined Risk Parity,0.004986682699941387,1.2428781557593018,-0.11814118342109181
2022-07-22,Combined Risk Parity,-0.0026351325594470426,1.239603007063635,-0.12046499830149437
2022-07-25,Combined Risk Parity,-0.003125988993306169,1.2357280217074849,-0.12321441503603148
2022-07-26,Combined Risk Parity,-0.002404482200967128,1.232756735674053,-0.12532263036914182
2022-07-27,Combined Risk Parity,0.014118160322828928,1.2501609929073465,-0.112973795033943
2022-07-28,Combined Risk Parity,0.014613805686382195,1.2684306027343892,-0.10001096643583995
2022-07-29,Combined Risk Parity,0.0060599356919086005,1.2761172106166085,-0.09455709076901808
2022-08-01,Combined Risk Parity,-0.003176464362122487,1.2720636697751937,-0.0974331979021269
2022-08-02,Combined Risk Parity,-0.009622391267688834,1.2598233754272046,-0.10611804881713938
2022-08-03,Combined Risk Parity,0.0060390939113950754,1.2674315671031802,-0.10071981176824496
2022-08-04,Combined Risk Parity,-0.002132793480275993,1.2647283973201666,-0.10263779069064694
2022-08-05,Combined Risk Parity,0.0028682319342218814,1.2683559316974777,-0.10006394774534189
2022-08-08,Combined Risk Parity,0.0025934940989439494,1.271645405321696,-0.09772996890439234
2022-08-09,Combined Risk Parity,-0.001327252536511513,1.2699576107319395,-0.09892750909178238
2022-08-10,Combined Risk Parity,0.015935326687466167,1.2901948001381869,-0.08456862458007108
2022-08-11,Combined Risk Parity,0.00389583446730934,1.2952211855101083,-0.08100225547525375
2022-08-12,Combined Risk Parity,0.014344441380894031,1.3138004098809501,-0.06781974619974473
2022-08-15,Combined Risk Parity,0.004045446487981924,1.3191153191350125,-0.06404866086584227
2022-08-16,Combined Risk Parity,0.004444076155223937,1.3249775680707712,-0.05988922183714607
2022-08-17,Combined Risk Parity,-0.006845076362348208,1.3159079954389283,-0.06632435190273744
2022-08-18,Combined Risk Parity,0.0006426792428488644,1.3167537021930957,-0.06572429794415191
2022-08-19,Combined Risk Parity,-0.013120319552576904,1.2994774728482836,-0.07798229370533272
2022-08-22,Combined Risk Parity,-0.014743120410908589,1.280319119994818,-0.09157571177022483
2022-08-23,Combined Risk Parity,0.00043805801466991135,1.280879974046667,-0.09117776923004495
2022-08-24,Combined Risk Parity,0.0009305412049134076,1.2820718856410658,-0.09033207269637222
2022-08-25,Combined Risk Parity,0.011146800695652317,1.296362885427806,-0.08019218561149155
2022-08-26,Combined Risk Parity,-0.027794100631258794,1.2603316449355966,-0.10575741656602389
2022-08-29,Combined Risk Parity,-0.00010269866697582952,1.2602022105557142,-0.10584925408729562
2022-08-30,Combined Risk Parity,-0.012969973230984257,1.2438574216191793,-0.11744636532624797
2022-08-31,Combined Risk Parity,-0.00571281744972162,1.2367514912359876,-0.12248823313072743
2022-09-01,Combined Risk Parity,0.005486430579503916,1.2435368424367519,-0.11767382573910123
2022-09-02,Combined Risk Parity,-0.008826904406413979,1.2325602616027087,-0.12546203453457927
2022-09-06,Combined Risk Parity,-0.007438005213858634,1.2233924719505127,-0.13196685248142848
2022-09-07,Combined Risk Parity,0.019192396454170462,1.2468723052912345,-0.11530721617889061
2022-09-08,Combined Risk Parity,0.004127099002784663,1.2520182707390017,-0.1116560014730118
2022-09-09,Combined Risk Parity,0.015737899757287007,1.271722408778184,-0.09767533267420647
2022-09-12,Combined Risk Parity,0.007907668372883331,1.2817787678491663,-0.09054004844032182
2022-09-13,Combined Risk Parity,-0.03848456572392025,1.2324500686143496,-0.12554021971939355
2022-09-14,Combined Risk Parity,0.0048003273457912655,1.2383662323810414,-0.1213425265233179
2022-09-15,Combined Risk Parity,-0.01703410092402813,1.2172717769977544,-0.1363096666041712
2022-09-16,Combined Risk Parity,-0.002426486537527025,1.2143180834183578,-0.13840539957074838
2022-09-19,Combined Risk Parity,0.0070426564944245495,1.2228701085548412,-0.1323374847624742
2022-09-20,Combined Risk Parity,-0.013350312036097045,1.2065444110260182,-0.14392105008292
2022-09-21,Combined Risk Parity,-0.01765714680511773,1.1852402792336374,-0.159036961778377
2022-09-22,Combined Risk Parity,0.0010667584660833274,1.186504644335853,-0.15813985733769087
2022-09-23,Combined Risk Parity,-0.017514095304941777,1.1657240889151987,-0.17288427610971036
2022-09-26,Combined Risk Parity,-0.014433868706684337,1.1488981804675775,-0.184822755873577
2022-09-27,Combined Risk Parity,-0.006390363804081725,1.1415563031205422,-0.19003203502835353
2022-09-28,Combined Risk Parity,0.019144433963662888,1.1634107523814365,-0.17452565681027155
2022-09-29,Combined Risk Parity,-0.01612391473667056,1.1446520166063126,-0.18783553473717174
2022-09-30,Combined Risk Parity,-0.014595886107435051,1.127944806139281,-0.19968979477265392
2022-10-03,Combined Risk Parity,0.029721747217774867,1.1614692965429547,-0.17590317715708126
2022-10-04,Combined Risk Parity,0.026342972175910865,1.1920658499049606,-0.1541940174826737
2022-10-05,Combined Risk Parity,-0.00502062392614927,1.1860809355773823,-0.1584404912353803
2022-10-06,Combined Risk Parity,-0.012465214681574532,1.1712961820856873,-0.1689307111794518
2022-10-07,Combined Risk Parity,-0.01901992602609929,1.149018215347765,-0.1847375875753815
2022-10-10,Combined Risk Parity,-0.006287075945642791,1.1417942505649468,-0.18986320427792303
2022-10-11,Combined Risk Parity,-0.0017189955138481577,1.139831511370488,-0.1912558257953726
2022-10-12,Combined Risk Parity,-0.006807025886594743,1.1320726487662327,-0.19676096832481615
2022-10-13,Combined Risk Parity,0.024371740871877053,1.1596632300101029,-0.17718463478665114
2022-10-14,Combined Risk Parity,-0.014343652287505927,1.143029423868232,-0.18898681228208858
2022-10-17,Combined Risk Parity,0.017866152998186852,1.1634509624364913,-0.17449712658677308
2022-10-18,Combined Risk Parity,0.010042772622581382,1.1751352359097644,-0.16620678892979646
2022-10-19,Combined Risk Parity,-0.010388856274895487,1.1629269248403324,-0.17486894676258846
2022-10-20,Combined Risk Parity,-0.0045175599283738726,1.1576733327650468,-0.1785965257443506
2022-10-21,Combined Risk Parity,0.021670085214663678,1.182760212536809,-0.16079664246160985
2022-10-24,Combined Risk Parity,0.007458826411695886,1.1915822156487816,-0.1545371702936187
2022-10-25,Combined Risk Parity,0.017340746084540188,1.2122451402892012,-0.13987621403976336
2022-10-26,Combined Risk Parity,0.008360214941048863,1.2223797702232608,-0.132685394313227
2022-10-27,Combined Risk Parity,-0.0015119711985664378,1.220531567216973,-0.13399674901712144
2022-10-28,Combined Risk Parity,0.023099491568233106,1.248725225862664,-0.11399251422297985
2022-10-31,Combined Risk Parity,-0.006253004184851019,1.2409169417996158,-0.11953272273935289
2022-11-01,Combined Risk Parity,0.0010383548053405612,1.2422054538691618,-0.11861848531106423
2022-11-02,Combined Risk Parity,-0.016342636466726446,1.2219045417195933,-0.13302258299411818
2022-11-03,Combined Risk Parity,-0.001725042739049503,1.2197967041620883,-0.13451815609224405
2022-11-04,Combined Risk Parity,0.020589445575917655,1.2449116420161175,-0.11669836477016027
2022-11-07,Combined Risk Parity,0.005592578597211547,1.2518739082206762,-0.11175843095009197
2022-11-08,Combined Risk Parity,-0.0024873768051627727,1.2487600260983798,-0.11396782242632808
2022-11-09,Combined Risk Parity,-0.028960501068786604,1.2125953100278997,-0.13962775825192975
2022-11-10,Combined Risk Parity,0.052312832759694526,1.276029605686579,-0.09461924905827956
2022-11-11,Combined Risk Parity,0.004735550050048743,1.2820723077496519,-0.09033177319784425
2022-11-14,Combined Risk Parity,-0.005380924193331388,1.2751735738512815,-0.09522662896734879
2022-11-15,Combined Risk Parity,0.009532341181293787,1.2873289634226015,-0.08660202050291632
2022-11-16,Combined Risk Parity,-0.007874286299746493,1.277192166602656,-0.09379437769908638
2022-11-17,Combined Risk Parity,-0.0014052547647880108,1.2753973862249877,-0.09506782746770248
2022-11-18,Combined Risk Parity,0.006429828149600297,1.2835979722408637,-0.0892492691112754
2022-11-21,Combined Risk Parity,0.0011643868096316754,1.2850925767886108,-0.08818880297336629
2022-11-22,Combined Risk Parity,0.015011829041277085,1.3043841668535756,-0.07450084916568023
2022-11-23,Combined Risk Parity,0.006051499979489787,1.3122776476125368,-0.06890019107338852
2022-11-25,Combined Risk Parity,0.0010976694999584311,1.3137180947617983,-0.0678781512117127
2022-11-28,Combined Risk Parity,-0.016521764263023177,1.2920131540920758,-0.08327844866180611
2022-11-29,Combined Risk Parity,0.004857234349395308,1.2982887647640025,-0.07882571725381537
2022-11-30,Combined Risk Parity,0.022554807391248842,1.327571417791477,-0.05804880873270324
2022-12-01,Combined Risk Parity,-0.0014549018244983387,1.3256399317135803,-0.05941925523946645
2022-12-02,Combined Risk Parity,0.0021270952612509318,1.3284596941304532,-0.05741855039446253
2022-12-05,Combined Risk Parity,-0.014257662500176882,1.3095189641664529,-0.07085755858186582
2022-12-06,Combined Risk Parity,-0.008444339030249333,1.2984609420664903,-0.07870355236459425
2022-12-07,Combined Risk Parity,-0.0014838146896260659,1.2965342666467463,-0.08007058556709601
2022-12-08,Combined Risk Parity,0.007117356722254423,1.3057621635250978,-0.07352311976528236
2022-12-09,Combined Risk Parity,-0.010258894259993129,1.2923664875607939,-0.08302774811393865
2022-12-12,Combined Risk Parity,0.013893559490479265,1.3103220582392214,-0.07028773958124102
2022-12-13,Combined Risk Parity,0.008479289049121064,1.321432657718471,-0.06240444059263861
2022-12-14,Combined Risk Parity,-0.007186336133552964,1.3119363984622516,-0.06914231743986665
2022-12-15,Combined Risk Parity,-0.019498226969143533,1.286355964795954,-0.08729239181039516
2022-12-16,Combined Risk Parity,-0.01448165958030418,1.267727395614685,-0.1005099126885507
2022-12-19,Combined Risk Parity,-0.007343270758759513,1.2584181301003894,-0.10711511194449896
2022-12-20,Combined Risk Parity,0.005412102046025957,1.265228817437062,-0.10228272781498793
2022-12-21,Combined Risk Parity,0.013904152634901003,1.2828207520327823,-0.08980072983954057
2022-12-22,Combined Risk Parity,-0.007249311633940116,1.2735211846308112,-0.09639904799791865
2022-12-23,Combined Risk Parity,0.006747386190111748,1.282114123884804,-0.09030210341300793
2022-12-27,Combined Risk Parity,0.000981838412441769,1.2833729527807682,-0.08940892707442127
2022-12-28,Combined Risk Parity,-0.01333277922005913,1.2662620245443468,-0.1015496368094948
2022-12-29,Combined Risk Parity,0.010103403136975962,1.2790555802553618,-0.09247223059161858
2022-12-30,Combined Risk Parity,-0.0018933455314876248,1.276633886087961,-0.09419049423852899
2023-01-03,Combined Risk Parity,0.002557424496421872,1.2798987808612046,-0.09187395481940275
2023-01-04,Combined Risk Parity,0.017048853592462155,1.3017195877892782,-0.07639144683161692
2023-01-05,Combined Risk Parity,-0.006343266275680043,1.2934624338276624,-0.08225014181885959
2023-01-06,Combined Risk Parity,0.02151034045057925,1.32128525113933,-0.06250902992091256
2023-01-09,Combined Risk Parity,-0.0012990778093321263,1.319568798789777,-0.06372690363659161
2023-01-10,Combined Risk Parity,0.006316637710364094,1.3279040368256323,-0.057812805688903235
2023-01-11,Combined Risk Parity,0.01008397522003578,1.3412945882275673,-0.048311813368835166
2023-01-12,Combined Risk Parity,0.005738244791667096,1.3489912649125555,-0.04285079358860777
2023-01-13,Combined Risk Parity,0.005585368219525568,1.3565258778520155,-0.03750476282977355
2023-01-17,Combined Risk Parity,-0.005311203145218525,1.3493210933429975,-0.04261677056068991
2023-01-18,Combined Risk Parity,-0.018940795832347108,1.3237638780017085,-0.060750370842812984
2023-01-19,Combined Risk Parity,-0.0033377159960380973,1.3193455301311248,-0.06388531935432373
2023-01-20,Combined Risk Parity,0.01671015990351979,1.34139200490761,-0.04824269335270215
2023-01-23,Combined Risk Parity,0.008822074529554488,1.3532258651482534,-0.03984621945941169
2023-01-24,Combined Risk Parity,-0.005704405186172569,1.3455065165050388,-0.04532332566465058
2023-01-25,Combined Risk Parity,0.0041316565058437445,1.3510656872576121,-0.04137892957215561
2023-01-26,Combined Risk Parity,0.004838584231602839,1.3576029323878362,-0.0367405607767014
2023-01-27,Combined Risk Parity,-0.0009081072169605166,1.3563700833671681,-0.03761530362526533
2023-01-30,Combined Risk Parity,-0.010889250740562363,1.3416002294323857,-0.04809495189296975
2023-01-31,Combined Risk Parity,0.011801103568599593,1.3574325926875743,-0.036861421832785846
2023-02-01,Combined Risk Parity,0.003475917725686492,1.3621509166979215,-0.033513631376641984
2023-02-02,Combined Risk Parity,-0.0032437946711328814,1.357732378813058,-0.03664871470890507
2023-02-03,Combined Risk Parity,-0.009738206281142532,1.34451050083359,-0.04603002824627356
2023-02-06,Combined Risk Parity,-0.004111260689398737,1.338982867665029,-0.049952047490011475
2023-02-07,Combined Risk Parity,0.011070214912412672,1.3538056957741196,-0.039434812478628234
2023-02-08,Combined Risk Parity,-0.009660002364713614,1.3407279295515788,-0.04871387446154629
2023-02-09,Combined Risk Parity,-0.012449312557642868,1.3240367885018298,-0.060556732770123634
2023-02-10,Combined Risk Parity,0.009254878832652169,1.336290588549388,-0.05186229916176033
2023-02-13,Combined Risk Parity,0.007208243216791449,1.3459228961199614,-0.045027892011108794
2023-02-14,Combined Risk Parity,-0.0006492410540109236,1.345049067720267,-0.04564789910905054
2023-02-15,Combined Risk Parity,0.005518668460552747,1.352471947588191,-0.04038114626960132
2023-02-16,Combined Risk Parity,-0.015078575777331647,1.3320785968397673,-0.05485083187293116
2023-02-17,Combined Risk Parity,0.005087111668141032,1.3388550294126318,-0.05004275251161816
2023-02-21,Combined Risk Parity,-0.015087324161031824,1.3186552895792556,-0.06437506544359695
2023-02-22,Combined Risk Parity,-0.005740324124623608,1.311085780808421,-0.06974585582703052
2023-02-23,Combined Risk Parity,0.00162816301842933,1.3132204421907219,-0.06823125043174749
2023-02-24,Combined Risk Parity,-0.010284321885678923,1.2997148604563789,-0.07781386017532399
2023-02-27,Combined Risk Parity,0.0005414479805092656,1.3004185884428108,-0.07731454435226237
2023-02-28,Combined Risk Parity,-0.006193048819616671,1.2923650326386473,-0.08302878042423911
2023-03-01,Combined Risk Parity,0.0006468771433879303,1.2932010340391749,-0.08243561270115107
2023-03-02,Combined Risk Parity,0.00845331636951663,1.3041328715092941,-0.07467915064591224
2023-03-03,Combined Risk Parity,0.0089660987992058,1.3158258556825384,-0.0663826324896385
2023-03-06,Combined Risk Parity,-4.195296930641692e-06,1.3158203354023648,-0.06638654929171484
2023-03-07,Combined Risk Parity,-0.015748450074270882,1.2950982045435704,-0.0810895141088619
2023-03-08,Combined Risk Parity,-0.0011971030177026958,1.29354783857469,-0.08218954462452088
2023-03-09,Combined Risk Parity,-0.01972476988877756,1.2680329051186785,-0.1002931446583164
2023-03-10,Combined Risk Parity,-0.010517243835337385,1.254696693864314,-0.10975558103626948
2023-03-13,Combined Risk Parity,0.0026150628066110575,1.2579778045220165,-0.10742753596744437
2023-03-14,Combined Risk Parity,0.01275337645206938,1.2740212690314334,-0.09604422332288609
2023-03-15,Combined Risk Parity,-0.009921042192763015,1.261381650266895,-0.10501240672369161
2023-03-16,Combined Risk Parity,0.010683005915400553,1.274856997898274,-0.09545124897051072
2023-03-17,Combined Risk Parity,-0.0063608873975758585,1.2667477760866315,-0.10120498172142722
2023-03-20,Combined Risk Parity,0.008332105409033869,1.2773024520836447,-0.09371612688801545
2023-03-21,Combined Risk Parity,0.012596681653228636,1.2933922244474305,-0.08229995745096885
2023-03-22,Combined Risk Parity,-0.022322120226496763,1.264520967713299,-0.10278496813260951
2023-03-23,Combined Risk Parity,0.004983416258855273,1.2708226020634648,-0.09831377215511228
2023-03-24,Combined Risk Parity,0.007063633921227468,1.2797992277032628,-0.09194459072980343
2023-03-27,Combined Risk Parity,0.0034429010242303134,1.2842054497751314,-0.08881824583116926
2023-03-28,Combined Risk Parity,0.004366757295241814,1.2898132632915262,-0.08483933625886131
2023-03-29,Combined Risk Parity,0.014943710621277617,1.3090878594536404,-0.07116344012793752
2023-03-30,Combined Risk Parity,0.003722348727319805,1.3139607409812275,-0.06770598654140958
2023-03-31,Combined Risk Parity,0.012297592701664986,1.3301192949997926,-0.056241014485695295
2023-04-03,Combined Risk Parity,0.006451377586838865,1.3387003968073763,-0.05015246891917047
2023-04-04,Combined Risk Parity,-0.0019310393889198957,1.3361153136111785,-0.051986661915155885
2023-04-05,Combined Risk Parity,0.00712764731117699,1.3456386723336617,-0.04522955719499544
2023-04-06,Combined Risk Parity,-0.0003175130496672926,1.3452114144950589,-0.04553270927002262
2023-04-10,Combined Risk Parity,0.0037390909947540726,1.3502412823810377,-0.04196386921846684
2023-04-11,Combined Risk Parity,0.0023842344272608494,1.3534605741315995,-0.03967968649289766
2023-04-12,Combined Risk Parity,-0.0017942354486467952,1.3510321471911468,-0.04140272724144767
2023-04-13,Combined Risk Parity,0.008411944110414878,1.3623969541046925,-0.03333906055860658
2023-04-14,Combined Risk Parity,-0.004161691490081408,1.3567270782946823,-0.03736200516407384
2023-04-17,Combined Risk Parity,0.0021655793312514706,1.3596651784135863,-0.03527733621897999
2023-04-18,Combined Risk Parity,0.0012363116259249906,1.3613461482810245,-0.034084638373954035
2023-04-19,Combined Risk Parity,-0.003776070996661457,1.3562056085740837,-0.037732003356219956
2023-04-20,Combined Risk Parity,-0.008012605633310717,1.3453388678748954,-0.04544227732688255
2023-04-21,Combined Risk Parity,-0.002389717943350863,1.3421238874424475,-0.047723401044718616
2023-04-24,Combined Risk Parity,0.0011023512575868135,1.3436033793976068,-0.04667365773828991
2023-04-25,Combined Risk Parity,-0.009022041447629274,1.3314813340195069,-0.05527460751129176
2023-04-26,Combined Risk Parity,-0.014410132903040636,1.312294511038368,-0.0688882259739313
2023-04-27,Combined Risk Parity,0.01248408230907079,1.3286773037279127,-0.05726414994804496
2023-04-28,Combined Risk Parity,0.007263348908337202,1.3383279505714771,-0.05041673054071982
2023-05-01,Combined Risk Parity,-0.003967613570768724,1.3330179824326507,-0.054184310007201364
2023-05-02,Combined Risk Parity,-0.013069155668382525,1.3155965629114852,-0.0665453224933159
2023-05-03,Combined Risk Parity,-0.009189718136407905,1.3035066013171017,-0.07512350787271382
2023-05-04,Combined Risk Parity,-0.004382888573450187,1.2977934771287722,-0.0791771384819111
2023-05-05,Combined Risk Parity,0.01584079616106945,1.3183515590591346,-0.0645905712321504
2023-05-08,Combined Risk Parity,-0.004382027241707656,1.3125745066131898,-0.06868956083116129
2023-05-09,Combined Risk Parity,-0.0024342692134171513,1.309379346901425,-0.07095662116136403
2023-05-10,Combined Risk Parity,-0.0014399788237954628,1.3074938683695718,-0.07229442395327901
2023-05-11,Combined Risk Parity,-0.00875653426587888,1.2960447535087671,-0.08041790961857909
2023-05-12,Combined Risk Parity,0.0005324185576342785,1.2967347917870597,-0.07992830704839182
2023-05-15,Combined Risk Parity,0.0027160628718257947,1.3002568050096373,-0.07742933448374811
2023-05-16,Combined Risk Parity,-0.01431920334360302,1.2816381634198006,-0.09063981144211852
2023-05-17,Combined Risk Parity,0.00958119575633592,1.2939177895523166,-0.08192705346252693
2023-05-18,Combined Risk Parity,0.002241099163629982,1.2968175876282881,-0.07986956094989062
2023-05-19,Combined Risk Parity,-0.0009051500914138817,1.2956437730702992,-0.08070241710090953
2023-05-22,Combined Risk Parity,0.000572796538174017,1.2963859133382207,-0.08017584662787314
2023-05-23,Combined Risk Parity,-0.005269009383202985,1.2895552437965896,-0.08502240872288747
2023-05-24,Combined Risk Parity,-0.010503671448158995,1.2760101792014997,-0.09463303272409007
2023-05-25,Combined Risk Parity,-0.005496066399683229,1.2689971425299365,-0.09960898969231846
2023-05-26,Combined Risk Parity,0.006141794293514366,1.276791061938413,-0.09407897332327897
2023-05-30,Combined Risk Parity,-0.0014352167511771517,1.2749585900185658,-0.09537916635600896
2023-05-31,Combined Risk Parity,-0.0022741506835971294,1.272059142069517,-0.09743641044323659
2023-06-01,Combined Risk Parity,0.0015178264924274325,1.2739899071352847,-0.09606647551590697
2023-06-02,Combined Risk Parity,0.01916409991475767,1.2984047770060183,-0.07874340313639461
2023-06-05,Combined Risk Parity,-0.008415180068489325,1.287478467005726,-0.08649594328828558
2023-06-06,Combined Risk Parity,0.00432631785875167,1.293048508090291,-0.08254383437369162
2023-06-07,Combined Risk Parity,0.0045797404154959784,1.2989703346019887,-0.07834212329252688
2023-06-08,Combined Risk Parity,0.00471952900506241,1.3051008627728584,-0.07399233221066182
2023-06-09,Combined Risk Parity,-0.003655987440995072,1.3003294304093291,-0.07737780461436472
2023-06-12,Combined Risk Parity,0.0027575866419645035,1.3039152014767792,-0.07483359397278933
2023-06-13,Combined Risk Parity,0.005924749653731249,1.3116405726152238,-0.06935221462903562
2023-06-14,Combined Risk Parity,-0.004815392203915955,1.3053245088275127,-0.07383364871930254
2023-06-15,Combined Risk Parity,0.010106417713385864,1.3185166635652437,-0.06447342470117745
2023-06-16,Combined Risk Parity,0.002022912973124663,1.321183908029251,-0.06258093585530256
2023-06-20,Combined Risk Parity,-0.008195404893297027,1.3103562709644427,-0.07026346464066391
2023-06-21,Combined Risk Parity,0.0043533264790252485,1.316060679615789,-0.066216017962767
2023-06-22,Combined Risk Parity,-0.0034778511401992,1.3114836164806158,-0.06946357964939487
2023-06-23,Combined Risk Parity,-0.0006587090212806058,1.3106197303911784,-0.07007653238410994
2023-06-26,Combined Risk Parity,0.005981355354497531,1.3184590127332638,-0.0645143296718127
2023-06-27,Combined Risk Parity,0.006393090597398226,1.3268880406506236,-0.058533685028836935
2023-06-28,Combined Risk Parity,-0.005407542907771496,1.3197128366369966,-0.06362470452326496
2023-06-29,Combined Risk Parity,0.007687766864526861,1.329858481253185,-0.056426069553937475
2023-06-30,Combined Risk Parity,0.015144601124141812,1.3499986575033216,-0.042136018746193105
2023-07-03,Combined Risk Parity,0.004657490059934944,1.3562862628315688,-0.037674776774733854
2023-07-05,Combined Risk Parity,-0.0034484188814069058,1.3516092196742278,-0.040993277244557924
2023-07-06,Combined Risk Parity,-0.01288705806438667,1.3341909531799256,-0.05335205256484443
2023-07-07,Combined Risk Parity,-0.00042206468286358305,1.3336278382983924,-0.05375159923056205
2023-07-10,Combined Risk Parity,0.0050455925520467996,1.340356780986513,-0.04897721534725363
2023-07-11,Combined Risk Parity,0.011596865277595536,1.355900717999525,-0.0379483322377121
2023-07-12,Combined Risk Parity,0.0055080621835871535,1.363369103469037,-0.03264929182785359
2023-07-13,Combined Risk Parity,0.024955178160884446,1.3973922223451523,-0.008508882561359843
2023-07-14,Combined Risk Parity,-0.010405380441499943,1.3828518246456578,-0.01882572484267686
2023-07-17,Combined Risk Parity,-0.0052520224746450215,1.3755890557835149,-0.023978874187346677
2023-07-18,Combined Risk Parity,0.004790147777343595,1.3821783306416144,-0.019303588760894774
2023-07-19,Combined Risk Parity,0.008998613289625191,1.394616018936358,-0.010478681001630963
2023-07-20,Combined Risk Parity,0.005058123636948467,1.4016701591862069,-0.0054735598287408704
2023-07-21,Combined Risk Parity,0.004910378074428612,1.4085528896034556,-0.0005900590024844332
2023-07-24,Combined Risk Parity,9.748605893859764e-05,1.4086902038734697,-0.0004926304660725078
2023-07-25,Combined Risk Parity,0.001722471985767294,1.4111166332862666,0.0
2023-07-26,Combined Risk Parity,0.003305200935072049,1.4157806573021001,0.0
2023-07-27,Combined Risk Parity,-0.00442448046833841,1.4095165634364157,-0.004424480468338321
2023-07-28,Combined Risk Parity,0.0036681514156512176,1.4146868836139688,-0.0007725587169806758
2023-07-31,Combined Risk Parity,0.0005748651885647927,1.4155001378560779,-0.0001981376455282291
2023-08-01,Combined Risk Parity,-0.0037308870705198074,1.4102190666934316,-0.003928285486868188
2023-08-02,Combined Risk Parity,-0.01345736619184758,1.3912412323022125,-0.017332787302412833
2023-08-03,Combined Risk Parity,-0.006529813808170844,1.382156686093029,-0.0237494212367223
2023-08-04,Combined Risk Parity,-0.003095838103761046,1.3778777527588542,-0.026771734977276362
2023-08-07,Combined Risk Parity,0.008739675498180255,1.3899199571941285,-0.01826603575532071
2023-08-08,Combined Risk Parity,-0.0006068259870015801,1.389076517644251,-0.018861777437146454
2023-08-09,Combined Risk Parity,-0.0005056583510318566,1.3883741195028818,-0.01935789817290201
2023-08-10,Combined Risk Parity,-0.00023425288834715745,1.388048888855282,-0.01958761641768969
2023-08-11,Combined Risk Parity,0.0027336361254203492,1.3918433094417064,-0.016907525708119597
2023-08-14,Combined Risk Parity,0.0006323564051934245,1.3927234504734574,-0.016285860885103753
2023-08-15,Combined Risk Parity,-0.013264303290024876,1.3742499442272473,-0.029334143577009586
2023-08-16,Combined Risk Parity,-0.00966429893536262,1.36096878195433,-0.03871494857983104
2023-08-17,Combined Risk Parity,-0.012388005884479372,1.3441090926748869,-0.05062335345348623
2023-08-18,Combined Risk Parity,0.0019396971892005135,1.3467162573039273,-0.04878185024068726
2023-08-21,Combined Risk Parity,-0.0025947623018019277,1.3432218487282512,-0.051250035236472535
2023-08-22,Combined Risk Parity,-0.005344023562001987,1.3360436395196515,-0.05632017740261741
2023-08-23,Combined Risk Parity,0.009359546133008502,1.3485484015994482,-0.047487762568227954
2023-08-24,Combined Risk Parity,-0.011109289257118325,1.3335669873288554,-0.058069496534802534
2023-08-25,Combined Risk Parity,0.004369217981481506,1.3393936321894029,-0.05395399684175639
2023-08-28,Combined Risk Parity,0.005644054855215184,1.3469532433222058,-0.04861446130437419
2023-08-29,Combined Risk Parity,0.014622597305368586,1.3666491981884665,-0.03470273368987686
2023-08-30,Combined Risk Parity,-0.0008400913740077489,1.3655010879857739,-0.03551367159665719
2023-08-31,Combined Risk Parity,-0.007055753071673982,1.355866449489844,-0.04231884897087668
2023-09-01,Combined Risk Parity,0.0016510680370118718,1.3581050772470535,-0.04073765223276371
2023-09-05,Combined Risk Parity,-0.008998618189268144,1.3458840081960008,-0.049369687843662025
2023-09-06,Combined Risk Parity,-0.0035301904076746344,1.3411327813804246,-0.052725593852881114
2023-09-07,Combined Risk Parity,0.0028593989679989687,1.3449676150714533,-0.05001695839353215
2023-09-08,Combined Risk Parity,0.003080802431124252,1.3491111945697487,-0.04709024832942432
2023-09-11,Combined Risk Parity,-0.00014350044776811162,1.348917596509239,-0.04722699130547159
2023-09-12,Combined Risk Parity,0.003970106606184968,1.3542729431703395,-0.04344438088945868
2023-09-13,Combined Risk Parity,0.0006410308473986758,1.3551410739027092,-0.042831199230356165
2023-09-14,Combined Risk Parity,0.01285486154532259,1.3725612247821082,-0.030526926820960032
2023-09-15,Combined Risk Parity,-0.006737362820402406,1.3633137818175352,-0.037058618659577824
2023-09-18,Combined Risk Parity,0.0018132229419875385,1.3657857736438546,-0.03531259125514219
2023-09-19,Combined Risk Parity,-0.0017471725919036589,1.363399510173732,-0.0369980666554558
2023-09-20,Combined Risk Parity,-0.0035773733143348815,1.3585221211492593,-0.040443084073455426
2023-09-21,Combined Risk Parity,-0.017224978517331836,1.3351216067971432,-0.05697143133644733
2023-09-22,Combined Risk Parity,-0.002777985062869906,1.331412658916346,-0.05959115061405429
2023-09-25,Combined Risk Parity,0.0020707281546576838,1.3341696525946316,-0.05764381953274156
2023-09-26,Combined Risk Parity,-0.010382740849464452,1.3203173148425216,-0.06742805954242426
2023-09-27,Combined Risk Parity,-0.0019174394694938578,1.3177856863107864,-0.06921620978920007
2023-09-28,Combined Risk Parity,0.004603459334621083,1.323852059129464,-0.06493138446164004
2023-09-29,Combined Risk Parity,-0.0015070940535611764,1.3218568895633553,-0.06634062081178949
2023-10-02,Combined Risk Parity,-0.015418729656712574,1.301475535538315,-0.08073646237094667
2023-10-03,Combined Risk Parity,-0.006676070478905304,1.2927867931364903,-0.08687353053684599
2023-10-04,Combined Risk Parity,0.0012250183203859016,1.2943704806424354,-0.08575493388292432
2023-10-05,Combined Risk Parity,-0.0033406192707770045,1.2900464816712764,-0.08880907856900777
2023-10-06,Combined Risk Parity,0.009216612336222469,1.3019363399885484,-0.08041098508189293
2023-10-09,Combined Risk Parity,0.005304916075292646,1.3088430030075615,-0.07553264253399117
2023-10-10,Combined Risk Parity,0.006565681262669205,1.3174364489881838,-0.06946288452712746
2023-10-11,Combined Risk Parity,0.002460376231252458,1.32067783831346,-0.06717341312591962
2023-10-12,Combined Risk Parity,-0.008069287981213084,1.3100209085057029,-0.0747006594919386
2023-10-13,Combined Risk Parity,0.0027949343421390664,1.3136823309318058,-0.07211450858839397
2023-10-16,Combined Risk Parity,0.011169724434629089,1.3283558005629554,-0.06175028334243582
2023-10-17,Combined Risk Parity,0.0010092746507110466,1.3296964763995887,-0.060803331687376505
2023-10-18,Combined Risk Parity,-0.012108427031184622,1.3135959436414808,-0.07217552601357169
2023-10-19,Combined Risk Parity,-0.006477370464005028,1.3050872960745008,-0.0781853888571522
2023-10-20,Combined Risk Parity,-0.004548060958211476,1.2991516794961666,-0.08237785790079988
2023-10-23,Combined Risk Parity,-0.0007863317829638838,1.298130115239688,-0.08309941335588378
2023-10-24,Combined Risk Parity,0.010244926317177081,1.3114293626204272,-0.07370583440553846
2023-10-25,Combined Risk Parity,-0.00819749874642017,1.3006789220643276,-0.0812991296668154
2023-10-26,Combined Risk Parity,-0.001356969505377284,1.2989139404307992,-0.08254577873242108
2023-10-27,Combined Risk Parity,-0.012528078453766868,1.2826410446803906,-0.09403971719420101
2023-10-30,Combined Risk Parity,0.009565162606851424,1.2949097148389803,-0.0853740597738144
2023-10-31,Combined Risk Parity,0.00572041097720439,1.302317130586234,-0.08014202350530852
2023-11-01,Combined Risk Parity,0.006210830481778535,1.3104056015178214,-0.07442894154598823
2023-11-02,Combined Risk Parity,0.0201428880593108,1.3368009548614888,-0.0557852673246112
2023-11-03,Combined Risk Parity,0.009933162687391736,1.3500796162267885,-0.0464062287731144
2023-11-06,Combined Risk Parity,-0.0007042830725407239,1.3491287780064976,-0.04707782872426991
2023-11-07,Combined Risk Parity,-0.004554976227570517,1.3429835284947467,-0.051418366561155726
2023-11-08,Combined Risk Parity,-0.0007831667162673605,1.3419317484947344,-0.05216126412412747
2023-11-09,Combined Risk Parity,-0.00837055666153703,1.3306990327580437,-0.06009520196877616
2023-11-10,Combined Risk Parity,0.00961571356184224,1.3434946534940655,-0.05105734665550676
2023-11-13,Combined Risk Parity,-0.0018100564643874905,1.3410628523116386,-0.05277498643952605
2023-11-14,Combined Risk Parity,0.01628623234380947,1.3629037135120379,-0.037348259786812
2023-11-15,Combined Risk Parity,0.007399198060788874,1.372988108026098,-0.030225408897411654
2023-11-16,Combined Risk Parity,-0.0033951319043981397,1.3683266322961793,-0.033517921551738605
2023-11-17,Combined Risk Parity,0.00228803160708011,1.3714574068796825,-0.03130658000857256
2023-11-20,Combined Risk Parity,0.0025330873959371553,1.374931428351114,-0.02885279491586501
2023-11-21,Combined Risk Parity,-0.005540130579494247,1.3673141287001984,-0.03423307724394198
2023-11-22,Combined Risk Parity,0.005370095974092517,1.3746567367980511,-0.029046816180137935
2023-11-24,Combined Risk Parity,0.0032841072462406274,1.379171256948463,-0.02585810179339476
2023-11-27,Combined Risk Parity,-0.001887936795625969,1.3765674687850005,-0.0276972201271799
2023-11-28,Combined Risk Parity,0.002236930591629597,1.3796467546673679,-0.025522246294555795
2023-11-29,Combined Risk Parity,0.0032466620842442812,1.3841260014753969,-0.022358446319660885
2023-11-30,Combined Risk Parity,0.006766976537597245,1.3934923496524592,-0.015742768863725942
2023-12-01,Combined Risk Parity,0.009478237075061516,1.4067002005047495,-0.006413745484172839
2023-12-04,Combined Risk Parity,0.0015300424461312232,1.4088525115205033,-0.004893516340870985
2023-12-05,Combined Risk Parity,-0.0017970681668925408,1.4063207075202033,-0.006681790525323028
2023-12-06,Combined Risk Parity,0.0003433316842514539,1.406803541977314,-0.006340752911466407
2023-12-07,Combined Risk Parity,0.004690655688759154,1.4134023730144563,-0.0016798395114225873
2023-12-08,Combined Risk Parity,0.006149240630044846,1.4220937243131984,0.0
2023-12-11,Combined Risk Parity,3.4432541400565043e-05,1.4221426906142363,0.0
2023-12-12,Combined Risk Parity,0.0014831883655671335,1.4242519961071316,0.0
2023-12-13,Combined Risk Parity,0.020856521984803617,1.4539569391758405,0.0
2023-12-14,Combined Risk Parity,0.0097982300760425,1.4682031437865437,0.0
2023-12-15,Combined Risk Parity,-0.0074173710472359745,1.4573129362963606,-0.007417371047235943
2023-12-18,Combined Risk Parity,-7.857435684025945e-05,1.4571984288696762,-0.007495362588916699
2023-12-19,Combined Risk Parity,0.005158302217749993,1.4647150987570163,-0.0023757237166319722
2023-12-20,Combined Risk Parity,-0.010900926643368582,1.4487483469120317,-0.01325075277004073
2023-12-21,Combined Risk Parity,0.009145459609415357,1.461997816402923,-0.004226477384878025
2023-12-22,Combined Risk Parity,0.00447419457132903,1.468539079096368,0.0
2023-12-26,Combined Risk Parity,0.00252348897308726,1.4722449212690152,0.0
2023-12-27,Combined Risk Parity,0.0062495553672467,1.481445797418634,0.0
2023-12-28,Combined Risk Parity,0.0007754870833154651,1.482594639499164,0.0
2023-12-29,Combined Risk Parity,-0.0036915103588100358,1.4771216260295368,-0.0036915103588099907
2021-01-04,Combined Equal Weight,-0.003890754794180156,0.9961092452058199,0.0
2021-01-05,Combined Equal Weight,0.018120376539992038,1.0141591198039166,0.0
2021-01-06,Combined Equal Weight,0.040182477161079845,1.0549105454731385,0.0
2021-01-07,Combined Equal Weight,0.010143704534638191,1.065611246356892,0.0
2021-01-08,Combined Equal Weight,0.0012208607118854053,1.0669122092617123,0.0
2021-01-11,Combined Equal Weight,-0.02152422578249631,1.0439477499794612,-0.021524225782496353
2021-01-12,Combined Equal Weight,-0.0006109898860971216,1.0433099084626098,-0.0221220645843343
2021-01-13,Combined Equal Weight,0.013803567861465397,1.0577113075846127,-0.00862386014259453
2021-01-14,Combined Equal Weight,0.005860779073975744,1.0639103198824122,-0.0028136236076793386
2021-01-15,Combined Equal Weight,-0.015495323336940946,1.047424685474326,-0.018265348937070658
2021-01-19,Combined Equal Weight,0.007634480717274238,1.0554212290383767,-0.010770314674050985
2021-01-20,Combined Equal Weight,0.00566190192199096,1.0613969205235791,-0.005169393217413498
2021-01-21,Combined Equal Weight,-0.027791277934350513,1.0318993437066446,-0.032817007108106866
2021-01-22,Combined Equal Weight,0.007759507727108147,1.0399063746377342,-0.02531214320123465
2021-01-25,Combined Equal Weight,-0.002077719675077335,1.037745740702911,-0.0273372713383645
2021-01-26,Combined Equal Weight,-0.004617090510871492,1.0329543746908143,-0.03182814319314642
2021-01-27,Combined Equal Weight,-0.033901970796431244,0.9979351856460005,-0.06465107720853891
2021-01-28,Combined Equal Weight,0.024511344724528244,1.0223959189941056,-0.04172441732428134
2021-01-29,Combined Equal Weight,-0.0076170751428229,1.0146082524534121,-0.04902367444505462
2021-02-01,Combined Equal Weight,0.010204431715737181,1.0249617530837964,-0.0393195014676464
2021-02-02,Combined Equal Weight,0.02140356178405361,1.0468995852922174,-0.01875751706257378
2021-02-03,Combined Equal Weight,0.009427809957152509,1.0567695556265742,-0.009506549411555265
2021-02-04,Combined Equal Weight,0.004677017929212065,1.0617120857852853,-0.0048739937843857994
2021-02-05,Combined Equal Weight,0.019298369448650807,1.0822013978648675,0.0
2021-02-08,Combined Equal Weight,0.024349974909302272,1.108552974749689,0.0
2021-02-09,Combined Equal Weight,0.008633479616969735,1.1181236442615217,0.0
2021-02-10,Combined Equal Weight,0.008348949512855613,1.1274588021165914,0.0
2021-02-11,Combined Equal Weight,0.012119537999230363,1.1411230819114102,0.0
2021-02-12,Combined Equal Weight,0.012771234706878482,1.1556966326199374,0.0
2021-02-16,Combined Equal Weight,8.878331594455735e-05,1.1557992391992074,0.0
2021-02-17,Combined Equal Weight,0.009077872795865008,1.1662914376702151,0.0
2021-02-18,Combined Equal Weight,-0.0044465121074210336,1.161105508671833,-0.004446512107421086
2021-02-19,Combined Equal Weight,0.009084852155601876,1.1716539805551716,0.0
2021-02-22,Combined Equal Weight,-0.00868332831267409,1.1614801243731596,-0.008683328312674043
2021-02-23,Combined Equal Weight,-0.02610771316507361,1.131156534439091,-0.03456433963284222
2021-02-24,Combined Equal Weight,0.01875870301090632,1.1523755639274802,-0.016454018803876314
2021-02-25,Combined Equal Weight,-0.024130059591711488,1.124568672897878,-0.04018704194132705
2021-02-26,Combined Equal Weight,-0.010366431104046593,1.1129109092285132,-0.050136876843813405
2021-03-01,Combined Equal Weight,0.027648109503017656,1.143680791913966,-0.023874957201912905
2021-03-02,Combined Equal Weight,-0.004995095667853328,1.1379679969448695,-0.028750795174476762
2021-03-03,Combined Equal Weight,-0.00033320893871828473,1.137588815836312,-0.029074424091247608
2021-03-04,Combined Equal Weight,-0.009153766461762136,1.1271755934866339,-0.0379620500648683
2021-03-05,Combined Equal Weight,0.01322633472198179,1.1420839951765367,-0.025237814123777014
2021-03-08,Combined Equal Weight,0.0044615570870611574,1.1471794681192358,-0.020888856985181614
2021-03-09,Combined Equal Weight,0.013254338704809366,1.1623845733448912,-0.007911386266010179
2021-03-10,Combined Equal Weight,0.0034800257662523444,1.1664297016104257,-0.004458892327810271
2021-03-11,Combined Equal Weight,0.004812708500153618,1.172043387750198,0.0
2021-03-12,Combined Equal Weight,0.002555291877315302,1.175038300698777,0.0
2021-03-15,Combined Equal Weight,-0.0011713058424096992,1.1736619714721135,-0.0011713058424096534
2021-03-16,Combined Equal Weight,0.007015489487125953,1.1818957846944156,0.0
2021-03-17,Combined Equal Weight,0.006925596336963362,1.1900811178115678,0.0
2021-03-18,Combined Equal Weight,-0.015048507897716848,1.1721721727112566,-0.015048507897716945
2021-03-19,Combined Equal Weight,-0.0007063611481626293,1.1713441958294961,-0.015744239364562707
2021-03-22,Combined Equal Weight,-0.00010487066879600628,1.171221356180289,-0.015847458924446944
2021-03-23,Combined Equal Weight,-0.005565115183487839,1.164703374427785,-0.02132438117365454
2021-03-24,Combined Equal Weight,-0.013883901971090516,1.1485327469518314,-0.03491221752693585
2021-03-25,Combined Equal Weight,0.005753612949812869,1.1551409598379776,-0.029359475963992576
2021-03-26,Combined Equal Weight,0.03094468102817685,1.1908864283827458,0.0
2021-03-29,Combined Equal Weight,0.00720851876096163,1.1994709555439174,0.0
2021-03-30,Combined Equal Weight,-0.0005418116981099119,1.1988210681486606,-0.0005418116981098509
2021-03-31,Combined Equal Weight,0.010304119991946515,1.211173864283738,0.0
2021-04-01,Combined Equal Weight,0.014672578757863942,1.2289449081969075,0.0
2021-04-05,Combined Equal Weight,0.023081966962157616,1.2573113739662203,0.0
2021-04-06,Combined Equal Weight,0.005966440099026121,1.2648130469648138,0.0
2021-04-07,Combined Equal Weight,-0.013625912450554611,1.247578815120552,-0.013625912450554556
2021-04-08,Combined Equal Weight,0.010035511307399434,1.2600989064265662,-0.0037271441416264484
2021-04-09,Combined Equal Weight,-0.002264637608147718,1.2572452390530866,-0.005983341118980134
2021-04-12,Combined Equal Weight,-0.00014566428523633715,1.257062103323973,-0.006128133845109129
2021-04-13,Combined Equal Weight,0.0197269451628339,1.2818600985025217,0.0
2021-04-14,Combined Equal Weight,0.00717985817728976,1.2910636722128965,0.0
2021-04-15,Combined Equal Weight,0.01802641009725522,1.3143369154298743,0.0
2021-04-16,Combined Equal Weight,0.010810640530123875,1.3285457393580584,0.0
2021-04-19,Combined Equal Weight,-0.013429808386374404,1.3107036246459456,-0.01342980838637442
2021-04-20,Combined Equal Weight,-0.0017194123355581915,1.3084499846654685,-0.015126129343728922
2021-04-21,Combined Equal Weight,0.002052752340624871,1.311135908434081,-0.013104427200519075
2021-04-22,Combined Equal Weight,-0.01619857718772049,1.2898973722177196,-0.02909073131273099
2021-04-23,Combined Equal Weight,0.004644271415590371,1.2958880057125555,-0.02458156514903498
2021-04-26,Combined Equal Weight,0.026003937241607527,1.3295861960852566,0.0
2021-04-27,Combined Equal Weight,0.007995005006577837,1.340216244379635,0.0
2021-04-28,Combined Equal Weight,0.0006928192729146098,1.3411447720236145,0.0
2021-04-29,Combined Equal Weight,0.005640496360681097,1.3487094942293603,0.0
2021-04-30,Combined Equal Weight,0.007084977550949065,1.3582650707187274,0.0
2021-05-03,Combined Equal Weight,0.01544405454342334,1.3792421905553343,0.0
2021-05-04,Combined Equal Weight,-0.005648499007211002,1.371451542411279,-0.005648499007210983
2021-05-05,Combined Equal Weight,0.043723330868181844,1.4314159719698059,0.0
2021-05-06,Combined Equal Weight,0.022550097273660655,1.4636945413767966,0.0
2021-05-07,Combined Equal Weight,0.001800001640671186,1.4663291939527163,0.0
2021-05-10,Combined Equal Weight,-0.014161891036241459,1.4455631996846983,-0.014161891036241436
2021-05-11,Combined Equal Weight,0.012826295389902967,1.4641044202886275,-0.0015172402440488675
2021-05-12,Combined Equal Weight,-0.043128516631349416,1.4009597684481772,-0.04458032055429917
2021-05-13,Combined Equal Weight,0.017429437963871506,1.4253777098222244,-0.02792789252193828
2021-05-14,Combined Equal Weight,0.020617598770978452,1.4547655755404352,-0.007886099833496196
2021-05-17,Combined Equal Weight,-0.00844274429178517,1.4424833617816557,-0.016262263800927657
2021-05-18,Combined Equal Weight,-0.004358603510738577,1.4361961487368122,-0.02054998655157092
2021-05-19,Combined Equal Weight,-0.05502496853780313,1.357169500838455,-0.07444419272592162
2021-05-20,Combined Equal Weight,0.031663435606871106,1.4001421499358626,-0.04513791602173334
2021-05-21,Combined Equal Weight,-0.021497824737603276,1.3700421393888103,-0.06566537375168091
2021-05-24,Combined Equal Weight,0.047287331314570705,1.4348277759490122,-0.02148318272160099
2021-05-25,Combined Equal Weight,-0.004097105160568201,1.428949135663645,-0.02549226902337509
2021-05-26,Combined Equal Weight,0.014872081029443264,1.4502005829961877,-0.010999311084471719
2021-05-27,Combined Equal Weight,-0.003959701442402558,1.4444582216559247,-0.014915458538907633
2021-05-28,Combined Equal Weight,-0.011492925379301376,1.427857171100915,-0.026236961666223246
2021-06-01,Combined Equal Weight,0.001932099105039456,1.4306159326633232,-0.02435555497133801
2021-06-02,Combined Equal Weight,0.005887695082374622,1.4390389630548317,-0.018611257970196693
2021-06-03,Combined Equal Weight,0.006975701709594548,1.4490772696095866,-0.011765382844642458
2021-06-04,Combined Equal Weight,-0.006163965303206659,1.4401452075980476,-0.017856826736215803
2021-06-07,Combined Equal Weight,-0.015368342643534448,1.4180125625912368,-0.03295073954794192
2021-06-08,Combined Equal Weight,-0.002371154567070978,1.4146502356272845,-0.035243762818445434
2021-06-09,Combined Equal Weight,0.0073027072576986665,1.4249810121701052,-0.02819843044326953
2021-06-10,Combined Equal Weight,-0.004799715458690141,1.4181415087776523,-0.03286280145945031
2021-06-11,Combined Equal Weight,-0.005929566468440189,1.409732544439701,-0.0385975057622977
2021-06-14,Combined Equal Weight,0.0007492351693836755,1.41078876564142,-0.037877189201681594
2021-06-15,Combined Equal Weight,0.0008401618357091983,1.4119740565205592,-0.037068850334783576
2021-06-16,Combined Equal Weight,-0.01824447264472362,1.3862133344713103,-0.05463702135360293
2021-06-17,Combined Equal Weight,-0.005570700136612286,1.3784911556595971,-0.059903355027896676
2021-06-18,Combined Equal Weight,-0.02218297042893265,1.347912127117055,-0.08075749110365171
2021-06-21,Combined Equal Weight,-0.017547477815348336,1.3242596689694295,-0.09688787863543558
2021-06-22,Combined Equal Weight,-0.004652135019746895,1.3180990341881784,-0.10108927816199353
2021-06-23,Combined Equal Weight,0.0114251516164361,1.3331585154992562,-0.09081908687535434
2021-06-24,Combined Equal Weight,0.01693102791334944,1.3557302595380936,-0.07542571945695653
2021-06-25,Combined Equal Weight,-0.006932437710560354,1.3463317439615239,-0.08183527306560734
2021-06-28,Combined Equal Weight,0.0017426400271460013,1.3486779155483686,-0.08023524246093783
2021-06-29,Combined Equal Weight,0.012414481983307891,1.365421053232229,-0.06881683944958761
2021-06-30,Combined Equal Weight,0.005368765226058119,1.37275167830175,-0.06381753567813364
2021-07-01,Combined Equal Weight,-0.003319276751580385,1.36819513557027,-0.0669249843671944
2021-07-02,Combined Equal Weight,0.004263327713458632,1.3740281998091661,-0.06294697979431119
2021-07-06,Combined Equal Weight,-0.0042125750698470835,1.3682400028693833,-0.06689438598635444
2021-07-07,Combined Equal Weight,-0.002181279266246696,1.365255489319875,-0.06892974991542089
2021-07-08,Combined Equal Weight,-0.014100931368607789,1.3460041153643603,-0.08205870761121603
2021-07-09,Combined Equal Weight,0.015525252970304144,1.3669011697544622,-0.06780743683499235
2021-07-12,Combined Equal Weight,6.666012125695827e-06,1.3669102815342342,-0.067801222828063
2021-07-13,Combined Equal Weight,-0.009426809800300116,1.3540246782961363,-0.07658888339653525
2021-07-14,Combined Equal Weight,-0.0002584936544460197,1.3536746715088335,-0.07682757931062212
2021-07-15,Combined Equal Weight,-0.006653536534465437,1.344667947626169,-0.08296994073928976
2021-07-16,Combined Equal Weight,-0.011967131418521895,1.3285761295826524,-0.0939441599731976
2021-07-19,Combined Equal Weight,-0.022459570395439412,1.2987368804745902,-0.11429378489447872
2021-07-20,Combined Equal Weight,0.0028586259219501335,1.3024494833869076,-0.11176188214874572
2021-07-21,Combined Equal Weight,0.022601742030328026,1.3318871106179524,-0.09168615334756758
2021-07-22,Combined Equal Weight,0.004775657305063478,1.3382477470272949,-0.08734835769051164
2021-07-23,Combined Equal Weight,0.009348842887017789,1.3507588149581586,-0.07881612087598144
2021-07-26,Combined Equal Weight,0.008748477236540467,1.3625758977028766,-0.07075716467879678
2021-07-27,Combined Equal Weight,0.0027178679878509734,1.3662791991162606,-0.0682316053237374
2021-07-28,Combined Equal Weight,0.00635380484284413,1.3749602705082828,-0.06231133078523421
2021-07-29,Combined Equal Weight,0.008348407885710783,1.3864389996731332,-0.05448312330481997
2021-07-30,Combined Equal Weight,0.0002823173721804373,1.3868304154882094,-0.05421618746483914
2021-08-02,Combined Equal Weight,-0.00041449549998878624,1.386255580521742,-0.05460821059909715
2021-08-03,Combined Equal Weight,0.0028984554738739295,1.3902735805972937,-0.0518680345921525
2021-08-04,Combined Equal Weight,-0.0006855822474707844,1.3893204337113085,-0.05251805703589574
2021-08-05,Combined Equal Weight,0.00676387665507502,1.3987176257593072,-0.046109406040775625
2021-08-06,Combined Equal Weight,0.0065574618304001945,1.407889663201732,-0.03985430488051023
2021-08-09,Combined Equal Weight,0.006843418909327442,1.4175244419451332,-0.03328362567482024
2021-08-10,Combined Equal Weight,0.00839153195052591,1.4294196435903672,-0.025171394332573982
2021-08-11,Combined Equal Weight,0.01764108417771884,1.4546361558482297,-0.007974360841146666
2021-08-12,Combined Equal Weight,-0.002135655200135237,1.4515295545776876,-0.010092985556083733
2021-08-13,Combined Equal Weight,0.017674559383084754,1.4771846998863734,0.0
2021-08-16,Combined Equal Weight,-0.008433254654068604,1.4647272251411376,-0.008433254654068634
2021-08-17,Combined Equal Weight,-0.015290825753124777,1.4423303363656466,-0.02359512897974625
2021-08-18,Combined Equal Weight,-0.00850641283921421,1.4300612790739977,-0.031900831910864236
2021-08-19,Combined Equal Weight,0.0064703088836362815,1.4393142172721343,-0.025636931263336327
2021-08-20,Combined Equal Weight,0.010881405382754462,1.4549759787434342,-0.0150344917224281
2021-08-23,Combined Equal Weight,0.012042506748717808,1.4724975367866742,-0.0031730379417412857
2021-08-24,Combined Equal Weight,-0.00947256705076925,1.4585492051373699,-0.012615548177852709
2021-08-25,Combined Equal Weight,0.0038713081381516177,1.4641956985451128,-0.008793078714029234
2021-08-26,Combined Equal Weight,-0.016122481497608716,1.440589230486441,-0.024773793962764024
2021-08-27,Combined Equal Weight,0.021511232266741977,1.4715780800244018,-0.0037954765320834527
2021-08-30,Combined Equal Weight,-0.006425248361791525,1.4621228253764769,-0.010196338014504924
2021-08-31,Combined Equal Weight,0.005361457888820467,1.469961935333016,-0.004889547362569413
2021-09-01,Combined Equal Weight,0.007531067699489176,1.4810323181836809,0.0
2021-09-02,Combined Equal Weight,0.007735529282360306,1.4924888870491126,0.0
2021-09-03,Combined Equal Weight,0.004866835916925921,1.499752585570216,0.0
2021-09-07,Combined Equal Weight,-0.03628095981293478,1.445340122283798,-0.03628095981293478
2021-09-08,Combined Equal Weight,-0.0015716560248669777,1.4430685447726288,-0.03779559464872373
2021-09-09,Combined Equal Weight,-0.004756211936891713,1.4362050049342283,-0.0423720427271852
2021-09-10,Combined Equal Weight,-0.010110524390361903,1.421684219202281,-0.0520541635460845
2021-09-13,Combined Equal Weight,-0.00258041630675682,1.4180156820599925,-0.05450025844039241
2021-09-14,Combined Equal Weight,-0.0014324195158687495,1.4159844887232018,-0.05585461072245135
2021-09-15,Combined Equal Weight,0.012875051537632583,1.4342153619920013,-0.043698690176484756
2021-09-16,Combined Equal Weight,-0.00780368734541298,1.4230231937210274,-0.051161366606356395
2021-09-17,Combined Equal Weight,-0.014286215712741262,1.4026935774112947,-0.06471667999960062
2021-09-20,Combined Equal Weight,-0.03329331545513273,1.355993257651652,-0.09585536261229766
2021-09-21,Combined Equal Weight,-0.010663478479630055,1.3415336527301602,-0.10549668949555435
2021-09-22,Combined Equal Weight,0.025647581307518146,1.3759407461653288,-0.08255484310954742
2021-09-23,Combined Equal Weight,0.012260223908901547,1.3928100877986969,-0.07130676006193315
2021-09-24,Combined Equal Weight,-0.012367511550657528,1.375584492949974,-0.08279238443388481
2021-09-27,Combined Equal Weight,-0.0024383260660474316,1.3722303694247635,-0.08502883567089681
2021-09-28,Combined Equal Weight,-0.014791132484124888,1.351933528231862,-0.09856229538164274
2021-09-29,Combined Equal Weight,0.00746668734471468,1.3620279931980064,-0.09183154188052012
2021-09-30,Combined Equal Weight,-0.0017850033793431175,1.359596768627388,-0.0934526256472763
2021-10-01,Combined Equal Weight,0.024591481632230426,1.393031267590328,-0.07115928254213466
2021-10-04,Combined Equal Weight,-0.004760865119006869,1.3863992336187714,-0.07558136791499315
2021-10-05,Combined Equal Weight,0.011263409404533145,1.4020148157851506,-0.06516926240064114
2021-10-06,Combined Equal Weight,0.005299640659841376,1.4094449905085855,-0.06021499541359021
2021-10-07,Combined Equal Weight,0.005638156018019544,1.417391661263889,-0.05491634093433673
2021-10-08,Combined Equal Weight,-0.002315084894826297,1.4141102792388442,-0.057104289837786815
2021-10-11,Combined Equal Weight,-0.004783810819609663,1.4073454431849002,-0.061614924537824356
2021-10-12,Combined Equal Weight,-0.004723113417267521,1.4006983910394633,-0.0660470236783034
2021-10-13,Combined Equal Weight,0.008046235807029638,1.411968740588294,-0.05853221779814177
2021-10-14,Combined Equal Weight,0.012013720336223653,1.4289317381612114,-0.047221687157204095
2021-10-15,Combined Equal Weight,0.007506264442978244,1.439657677658814,-0.04006988118547139
2021-10-18,Combined Equal Weight,-0.0006564281322926673,1.4387126458583275,-0.04070000632049642
2021-10-19,Combined Equal Weight,0.010334411223166513,1.4535808939725974,-0.030786205699431357
2021-10-20,Combined Equal Weight,0.01591946702170439,1.4767211270775737,-0.01535683866408244
2021-10-21,Combined Equal Weight,-0.005106919703657935,1.4691796308568934,-0.020385332225780872
2021-10-22,Combined Equal Weight,-0.0005606793506842658,1.468355892175426,-0.020934581941629227
2021-10-25,Combined Equal Weight,0.00820131279086554,1.4803983381354673,-0.012904960205412874
2021-10-26,Combined Equal Weight,0.0020380461203450533,1.4834154582250696,-0.010893214989147637
2021-10-27,Combined Equal Weight,-0.02865986108789275,1.4409009772567063,-0.03924087804865095
2021-10-28,Combined Equal Weight,0.016269624424211402,1.4643438949891519,-0.02360968797236751
2021-10-29,Combined Equal Weight,0.002378028928441148,1.4678261471326224,-0.021287803564915997
2021-11-01,Combined Equal Weight,0.005496539455518861,1.475894111464179,-0.015908273361613046
2021-11-02,Combined Equal Weight,0.009294275797061704,1.4896114783833865,-0.006761853444629207
2021-11-03,Combined Equal Weight,0.006961779327564757,1.499981824779699,0.0
2021-11-04,Combined Equal Weight,-0.0004541795884501549,1.4993005636518377,-0.0004541795884501765
2021-11-05,Combined Equal Weight,0.00189779066858788,1.5021459222709448,0.0
2021-11-08,Combined Equal Weight,0.013160514517736172,1.5219149354887498,0.0
2021-11-09,Combined Equal Weight,0.009076821272139917,1.5357290853495815,0.0
2021-11-10,Combined Equal Weight,-0.014626270437855951,1.5132670964279775,-0.014626270437855915
2021-11-11,Combined Equal Weight,0.002818263951857184,1.517531882535372,-0.011849227176723764
2021-11-12,Combined Equal Weight,-0.0017091093745052728,1.5149382545688201,-0.013538084925980742
2021-11-15,Combined Equal Weight,-0.0031997942733268006,1.510090763817407,-0.01669456011268966
2021-11-16,Combined Equal Weight,-0.014269076752689023,1.4885431628049697,-0.030725420905778345
2021-11-17,Combined Equal Weight,-0.004503910391576134,1.4818388977857027,-0.03509094675485147
2021-11-18,Combined Equal Weight,-0.012178625840402222,1.4637921362938167,-0.04684221308434078
2021-11-19,Combined Equal Weight,0.0016083130038162283,1.466146372221502,-0.04530923702095557
2021-11-22,Combined Equal Weight,-0.004325466852728887,1.4598046046872093,-0.04943872027082785
2021-11-23,Combined Equal Weight,0.010080833081749266,1.4745206512390299,-0.03985627067590414
2021-11-24,Combined Equal Weight,-0.002837992481822486,1.4703359727165215,-0.042581151361195
2021-11-26,Combined Equal Weight,-0.02933847670788176,1.4271985550282171,-0.07067036195167153
2021-11-29,Combined Equal Weight,0.008916650891831265,1.4399243862967297,-0.06238385400576274
2021-11-30,Combined Equal Weight,-0.018449366912494745,1.4133586929676925,-0.07968227830628971
2021-12-01,Combined Equal Weight,-0.011750985011291234,1.396750336151051,-0.09049691805953819
2021-12-02,Combined Equal Weight,0.018424546320772138,1.4224848274180202,-0.07373973639744102
2021-12-03,Combined Equal Weight,-0.00989665005268462,1.4084069928758105,-0.082906610084023
2021-12-06,Combined Equal Weight,0.017967098671794034,1.433711980286855,-0.06642910265615254
2021-12-07,Combined Equal Weight,0.011524713550818216,1.4502351001740375,-0.05566996548488423
2021-12-08,Combined Equal Weight,0.005738811185586794,1.4585577255886466,-0.05025063371992344
2021-12-09,Combined Equal Weight,-0.017306547344091625,1.433315127256656,-0.0666875160924707
2021-12-10,Combined Equal Weight,-0.0017509506946767062,1.4308054631388953,-0.068321700234519
2021-12-13,Combined Equal Weight,-0.01847500062645433,1.40437133131107,-0.08553445740634025
2021-12-14,Combined Equal Weight,0.0003731772543874324,1.404895410748629,-0.08519319966592331
2021-12-15,Combined Equal Weight,0.01533648303075982,1.4264415653755675,-0.07116328069617606
2021-12-16,Combined Equal Weight,-0.001455775154937346,1.424364987184724,-0.07251545811513205
2021-12-17,Combined Equal Weight,-0.014493090540587996,1.4037215364626123,-0.08595757555566519
2021-12-20,Combined Equal Weight,-0.006322349334487457,1.3948467185407523,-0.09173647106954408
2021-12-21,Combined Equal Weight,0.017718322151441344,1.4195610620517383,-0.07564356526554916
2021-12-22,Combined Equal Weight,0.005884459350951685,1.4279144114175755,-0.07020422739956378
2021-12-23,Combined Equal Weight,0.01298087177425178,1.4464499852967934,-0.05813466769919606
2021-12-27,Combined Equal Weight,0.011695336888605875,1.4633667051673585,-0.04711923533423934
2021-12-28,Combined Equal Weight,-0.009558348712256833,1.4493793359054625,-0.05622720196411657
2021-12-29,Combined Equal Weight,-0.004461703030257021,1.4429126357304611,-0.06043803591698749
2021-12-30,Combined Equal Weight,0.0015601369410051654,1.4451637770361074,-0.05897219058845815
2021-12-31,Combined Equal Weight,-0.003464394306561567,1.4401571598748946,-0.062232281973699566
2022-01-03,Combined Equal Weight,0.003123160162046699,1.4446550013437023,-0.05930348319550638
2022-01-04,Combined Equal Weight,0.00494542447656564,1.4517994335475404,-0.054651339616281325
2022-01-05,Combined Equal Weight,-0.018520541664949267,1.4249113216493734,-0.07215970886882206
2022-01-06,Combined Equal Weight,0.00035154698139848743,1.4254122449232596,-0.07183352941525512
2022-01-07,Combined Equal Weight,-0.005573185878732739,1.4174681575284804,-0.07700637368223129
2022-01-10,Combined Equal Weight,-0.010468008645634555,1.4026300886005605,-0.08666827894239137
2022-01-11,Combined Equal Weight,0.014117589837793543,1.422431844885571,-0.0737742363186541
2022-01-12,Combined Equal Weight,0.011324891190994092,1.438540730755505,-0.06328483032666754
2022-01-13,Combined Equal Weight,-0.009911573013603523,1.424282529269579,-0.07256915112383489
2022-01-14,Combined Equal Weight,0.005830496410168117,1.4325868034435505,-0.06716176888878322
2022-01-18,Combined Equal Weight,-0.01153302363533437,1.416064745979768,-0.07792021425613238
2022-01-19,Combined Equal Weight,-0.010489090579142503,1.4012115145932558,-0.08759199264999606
2022-01-20,Combined Equal Weight,-0.01697219514854896,1.3774298793231852,-0.10307755940583907
2022-01-21,Combined Equal Weight,-0.030061223982015495,1.3360226512013302,-0.13004014578703615
2022-01-24,Combined Equal Weight,-0.0028541466834678063,1.332209446582366,-0.13252313881968836
2022-01-25,Combined Equal Weight,-0.0027430716109983653,1.328555100669542,-0.13490268997079002
2022-01-26,Combined Equal Weight,-0.006530534848476084,1.3198789252864989,-0.14055223810125872
2022-01-27,Combined Equal Weight,-0.004293893754328956,1.3142115054127408,-0.14424261547824768
2022-01-28,Combined Equal Weight,0.0183096178597727,1.3382742158637648,-0.12857402478697577
2022-01-31,Combined Equal Weight,0.014107319571363013,1.3571536779010702,-0.11628054007185895
2022-02-01,Combined Equal Weight,0.012964162723813271,1.3747480390226015,-0.10482385719115006
2022-02-02,Combined Equal Weight,0.0017817301239004546,1.3771974690165012,-0.10322889489131049
2022-02-03,Combined Equal Weight,-0.005356465536997568,1.369820558236074,-0.10803241841040034
2022-02-04,Combined Equal Weight,0.013733646897065199,1.3886331900952291,-0.0957824506012196
2022-02-07,Combined Equal Weight,0.013688791888446367,1.407641900843832,-0.08340480474561884
2022-02-08,Combined Equal Weight,0.0029371659880817287,1.411776378758389,-0.08071261251327855
2022-02-09,Combined Equal Weight,0.013799729865727303,1.4312585114160694,-0.06802669489699176
2022-02-10,Combined Equal Weight,-0.018483629148971906,1.404803659874745,-0.08525294384525739
2022-02-11,Combined Equal Weight,-0.01848541179562176,1.3788352857299637,-0.10216241986711072
2022-02-14,Combined Equal Weight,-0.006096454332451165,1.3704292793785386,-0.10763604567234941
2022-02-15,Combined Equal Weight,0.017944771341906925,1.395021319437241,-0.09162277855817968
2022-02-16,Combined Equal Weight,-0.0029439425950380242,1.3909144567539635,-0.09429698895274452
2022-02-17,Combined Equal Weight,-0.025669044392356868,1.355211011817575,-0.11754551974960781
2022-02-18,Combined Equal Weight,-0.008308974284683532,1.3439505983700628,-0.12487781133341225
2022-02-22,Combined Equal Weight,0.0010145262277304029,1.3453140715008831,-0.12398997692054115
2022-02-23,Combined Equal Weight,-0.013019673685019413,1.3277985212860768,-0.135395341565842
2022-02-24,Combined Equal Weight,0.005844886592826034,1.335559353061116,-0.1303418253896652
2022-02-25,Combined Equal Weight,0.02829906828882836,1.373354438397176,-0.10573130931842956
2022-02-28,Combined Equal Weight,0.014981012301147338,1.3939286781326394,-0.09233425906279802
2022-03-01,Combined Equal Weight,-0.010226922298809874,1.3796730778512942,-0.10161688606865438
2022-03-02,Combined Equal Weight,0.013323609703012586,1.398055303458339,-0.08964718009485606
2022-03-03,Combined Equal Weight,-0.003943445898772509,1.392542148005659,-0.09323710718894707
2022-03-04,Combined Equal Weight,-0.010092048189367153,1.378488545542261,-0.10238820199952614
2022-03-07,Combined Equal Weight,-0.017769087077544526,1.3539940625411229,-0.11833794420002786
2022-03-08,Combined Equal Weight,-0.0005181088985887561,1.353292546168684,-0.11879474115668587
2022-03-09,Combined Equal Weight,0.022753857325534494,1.3840851716839158,-0.09874392242245433
2022-03-10,Combined Equal Weight,-0.00828375011728297,1.3726197559806494,-0.10620970256078932
2022-03-11,Combined Equal Weight,-0.005725738540850365,1.3647604941418985,-0.11132731211427505
2022-03-14,Combined Equal Weight,-0.003629062472281808,1.3598076930489553,-0.11455236081602294
2022-03-15,Combined Equal Weight,0.008665417098065821,1.3715909938823831,-0.10687958770399619
2022-03-16,Combined Equal Weight,0.020116243438739852,1.3991822522137043,-0.08891336007014206
2022-03-17,Combined Equal Weight,0.011785017412108271,1.4156716394187558,-0.07817618815462934
2022-03-18,Combined Equal Weight,0.007895695606537636,1.4268493517624146,-0.07089774793343995
2022-03-21,Combined Equal Weight,0.007010971569600104,1.436852952001723,-0.06438383845895002
2022-03-22,Combined Equal Weight,0.015103216163539684,1.458554052731025,-0.05025302532509435
2022-03-23,Combined Equal Weight,-0.006049250070386996,1.4497308945248786,-0.05599828227849635
2022-03-24,Combined Equal Weight,0.013068632416285832,1.4686768946879576,-0.043661470829251536
2022-03-25,Combined Equal Weight,0.005595401879406857,1.476894732144736,-0.03831037242578028
2022-03-28,Combined Equal Weight,0.0014474188611262038,1.4790324174359404,-0.03691840472027996
2022-03-29,Combined Equal Weight,0.012684810195777252,1.497793662924517,-0.02470189748111018
2022-03-30,Combined Equal Weight,-0.001983026304214804,1.4948234986926514,-0.026635939272856013
2022-03-31,Combined Equal Weight,-0.017306133656382425,1.4689538834315752,-0.04348110780411907
2022-04-01,Combined Equal Weight,0.007345515668125022,1.4797441071980748,-0.0364549832946367
2022-04-04,Combined Equal Weight,0.0008953739066797098,1.481069031460223,-0.03559225022876744
2022-04-05,Combined Equal Weight,-0.013658704065118673,1.460839547859496,-0.04876481028099966
2022-04-06,Combined Equal Weight,-0.016328677696710422,1.43698596971589,-0.06429722310769048
2022-04-07,Combined Equal Weight,0.007364622930832038,1.4475688295397435,-0.0574061249805462
2022-04-08,Combined Equal Weight,-0.004348636173546209,1.441273879363909,-0.06150512280241893
2022-04-11,Combined Equal Weight,-0.023264955744011717,1.4077427063455077,-0.08333916458640234
2022-04-12,Combined Equal Weight,0.004007312985704972,1.4133839719731776,-0.07966581771716219
2022-04-13,Combined Equal Weight,0.013787966587576845,1.4328716629541605,-0.06697628076244155
2022-04-14,Combined Equal Weight,-0.005741101907638509,1.4246454007165732,-0.07233286501682823
2022-04-18,Combined Equal Weight,0.004428319975481326,1.430954186402544,-0.06822485811238477
2022-04-19,Combined Equal Weight,0.014011769138049192,1.4510043861095414,-0.05516903993568245
2022-04-20,Combined Equal Weight,-0.0007653785091205787,1.4498938185357735,-0.05589219324726746
2022-04-21,Combined Equal Weight,-0.013784294691622687,1.4299080548695142,-0.0689060534762087
2022-04-22,Combined Equal Weight,-0.021214101715744397,1.39957383994935,-0.08865837516467834
2022-04-25,Combined Equal Weight,-0.00044088502730586316,1.3989567887987073,-0.08906017204182881
2022-04-26,Combined Equal Weight,-0.028544543537566,1.3590242058336692,-0.11506253362108365
2022-04-27,Combined Equal Weight,0.004447883171157322,1.3650689867279924,-0.11112643515685017
2022-04-28,Combined Equal Weight,0.016149437880903197,1.3871140835323037,-0.09677162673743867
2022-04-29,Combined Equal Weight,-0.035359140373519345,1.3380669219385992,-0.12870900557697518
2022-05-02,Combined Equal Weight,0.003043863419666624,1.342139814895354,-0.12605691479116599
2022-05-03,Combined Equal Weight,0.0035640299123010435,1.3469232413421313,-0.12294215549383303
2022-05-04,Combined Equal Weight,0.041779191869066076,1.4031966058750684,-0.08629938752794042
2022-05-05,Combined Equal Weight,-0.03567404621053815,1.353138905314611,-0.11889478539986564
2022-05-06,Combined Equal Weight,-0.0014604223199472912,1.3511627510553006,-0.12018157112148964
2022-05-09,Combined Equal Weight,-0.052310159372261376,1.2804832122097347,-0.1662050133547771
2022-05-10,Combined Equal Weight,0.002289456630839913,1.2834148229906077,-0.164296075893841
2022-05-11,Combined Equal Weight,-0.026863850658016598,1.2489373588535033,-0.1867463013053472
2022-05-12,Combined Equal Weight,-0.00628483657694093,1.2410879916582729,-0.1918574678972358
2022-05-13,Combined Equal Weight,0.02971034348845338,1.277961142189835,-0.16784727568083424
2022-05-16,Combined Equal Weight,-0.008837458817569869,1.2666672132252776,-0.17520139111193345
2022-05-17,Combined Equal Weight,0.023522176558263535,1.2964619830553263,-0.15580033260865822
2022-05-18,Combined Equal Weight,-0.036568352952385266,1.2490525036696098,-0.18667132400811104
2022-05-19,Combined Equal Weight,0.006398791311356195,1.2570449299775186,-0.18146700354289724
2022-05-20,Combined Equal Weight,-0.00472162270689022,1.2511096380925555,-0.1853318075253081
2022-05-23,Combined Equal Weight,0.0106081092658785,1.264381545837035,-0.17668971832410074
2022-05-24,Combined Equal Weight,0.005686548913250512,1.2715715133424488,-0.17200792413656862
2022-05-25,Combined Equal Weight,0.005888223167806835,1.279058810186835,-0.16713252201270912
2022-05-26,Combined Equal Weight,0.0042446690341475385,1.2844879915112886,-0.16359727521934797
2022-05-27,Combined Equal Weight,0.011565068511086301,1.2993431831347844,-0.15392422040440035
2022-05-31,Combined Equal Weight,-0.004450962361167222,1.2935598555324122,-0.1576900718540757
2022-06-01,Combined Equal Weight,-0.016220122078898155,1.2725781567593146,-0.17135244171687047
2022-06-02,Combined Equal Weight,0.01624013380735481,1.293244996305403,-0.15789509449121453
2022-06-03,Combined Equal Weight,-0.011271403291995524,1.2786683103966894,-0.16738679849537186
2022-06-06,Combined Equal Weight,0.004473021448710696,1.2843878211748805,-0.16366250178656194
2022-06-07,Combined Equal Weight,0.006515504781820812,1.292756256165458,-0.1582133408177362
2022-06-08,Combined Equal Weight,-0.013009352302863542,1.2759383345872706,-0.16916444003088882
2022-06-09,Combined Equal Weight,-0.020680984995779597,1.2495506730341313,-0.1863469377805701
2022-06-10,Combined Equal Weight,-0.030169260382236565,1.2118526534185656,-0.21089424887547215
2022-06-13,Combined Equal Weight,-0.054737652165409836,1.1455186844000111,-0.25408804500225113
2022-06-14,Combined Equal Weight,-0.0034627853951064965,1.1415519990298493,-0.25667097802605254
2022-06-15,Combined Equal Weight,0.019983917419261737,1.164364679908255,-0.24181635223558462
2022-06-16,Combined Equal Weight,-0.04189225555299424,1.115586817180658,-0.2735783753638329
2022-06-17,Combined Equal Weight,0.0027328718837826144,1.1186355730272497,-0.2715931581300929
2022-06-21,Combined Equal Weight,0.018731182956851,1.1395889406076651,-0.2579492363080055
2022-06-22,Combined Equal Weight,-0.008861850562642583,1.12949007371316,-0.2645251792857387
2022-06-23,Combined Equal Weight,0.0100016140490976,1.1407867975027257,-0.2571692439861255
2022-06-24,Combined Equal Weight,0.03030095545634023,1.1753537274390369,-0.23466076233654942
2022-06-27,Combined Equal Weight,-0.0037082095460848007,1.1709952695269212,-0.23749880060364625
2022-06-28,Combined Equal Weight,-0.01511942493604518,1.153290494448845,-0.2490273802515639
2022-06-29,Combined Equal Weight,-0.006696225000566496,1.1455678018070008,-0.2540560618826643
2022-06-30,Combined Equal Weight,-0.007535848717859894,1.136934976156532,-0.2596773825523212
2022-07-01,Combined Equal Weight,0.005155360012899511,1.142796285269876,-0.2558607529336864
2022-07-05,Combined Equal Weight,-0.008417589662965286,1.1331766950721134,-0.2621246117675985
2022-07-06,Combined Equal Weight,0.0027449040675721625,1.136287156391695,-0.26009921461307783
2022-07-07,Combined Equal Weight,0.018122510900338784,1.1568795327693187,-0.24669035456473398
2022-07-08,Combined Equal Weight,-0.004392454474492608,1.151797992089157,-0.24999923288750459
2022-07-11,Combined Equal Weight,-0.015641645535133215,1.1337819761688201,-0.26173047903775637
2022-07-12,Combined Equal Weight,-0.007135968983798229,1.12569134315249,-0.2669987474410265
2022-07-13,Combined Equal Weight,0.004273844927175245,1.1305023733889874,-0.26386601375616414
2022-07-14,Combined Equal Weight,0.0003954618362371789,1.1309494439334382,-0.26357490085824764
2022-07-15,Combined Equal Weight,0.017723298169292714,1.1509935981426664,-0.2505230192468073
2022-07-18,Combined Equal Weight,0.0153131147321425,1.1686188951669867,-0.23904619225143386
2022-07-19,Combined Equal Weight,0.02586875775096274,1.198849614269259,-0.2193612625391137
2022-07-20,Combined Equal Weight,-0.003828157409285748,1.194260229235775,-0.22234967050590004
2022-07-21,Combined Equal Weight,0.00855275720091389,1.2044744470111362,-0.21569861605052632
2022-07-22,Combined Equal Weight,-0.005418183269914843,1.1979483837133005,-0.2199481046876124
2022-07-25,Combined Equal Weight,-0.009139212362314906,1.1870000790354527,-0.2270771646124986
2022-07-26,Combined Equal Weight,-0.003336425903804736,1.1830397412239404,-0.22965596438212776
2022-07-27,Combined Equal Weight,0.02792847365268602,1.2160802354667937,-0.20814143127987017
2022-07-28,Combined Equal Weight,0.021607122134156626,1.2423562296394588,-0.19103164647255577
2022-07-29,Combined Equal Weight,0.007116952121869639,1.2511980194441095,-0.18527425743239312
2022-08-01,Combined Equal Weight,-0.0034638165145915484,1.2468640990813347,-0.18809631791436177
2022-08-02,Combined Equal Weight,-0.011258405527666888,1.2328263974159879,-0.19723705881668785
2022-08-03,Combined Equal Weight,0.0043077639733036166,1.2381371225561142,-0.1937789455395551
2022-08-04,Combined Equal Weight,-0.0011084059539739493,1.2367647639976367,-0.19467256575653835
2022-08-05,Combined Equal Weight,0.008947954951706028,1.2478312793917448,-0.1874665321535549
2022-08-08,Combined Equal Weight,0.0037225810330289637,1.2524764324448288,-0.18444181047744845
2022-08-09,Combined Equal Weight,-0.007945398147576593,1.2425250085185984,-0.1909217450057218
2022-08-10,Combined Equal Weight,0.022285586386157935,1.2702154069329012,-0.1728909616608849
2022-08-11,Combined Equal Weight,0.007112773058763379,1.27925016085816,-0.1670079227763266
2022-08-12,Combined Equal Weight,0.014744085826509507,1.2981115350234287,-0.15472621609693837
2022-08-15,Combined Equal Weight,0.0008230034027234425,1.2991798852338676,-0.1540305528965531
2022-08-16,Combined Equal Weight,0.002814440189481566,1.302836349316236,-0.15164962248555158
2022-08-17,Combined Equal Weight,-0.00779858988911779,1.2926760629352834,-0.15826555916206497
2022-08-18,Combined Equal Weight,0.00043693173708676884,1.293240874132952,-0.157897778670664
2022-08-19,Combined Equal Weight,-0.025355329437994716,1.2604503257266308,-0.1792495579129364
2022-08-22,Combined Equal Weight,-0.012537475399785884,1.2446474607751812,-0.18953969638996626
2022-08-23,Combined Equal Weight,0.004000658103116927,1.2496268697246553,-0.1862973218090742
2022-08-24,Combined Equal Weight,0.0006884568862047296,1.2504871839483036,-0.18573712259695052
2022-08-25,Combined Equal Weight,0.013369768680934336,1.2672059083361655,-0.17485061628059972
2022-08-26,Combined Equal Weight,-0.03608088845540071,1.2214839933074637,-0.20462273915362195
2022-08-29,Combined Equal Weight,0.005030206035969886,1.2276283094634395,-0.20062182765523928
2022-08-30,Combined Equal Weight,-0.015619484591487917,1.208453387999701,-0.21310770270095003
2022-08-31,Combined Equal Weight,-0.005587489685243131,1.2017011671591555,-0.21750445529550577
2022-09-01,Combined Equal Weight,0.0034886436672656863,1.205893474325911,-0.2147746071688088
2022-09-02,Combined Equal Weight,-0.007112650662027255,1.1973163753074125,-0.22035964107897021
2022-09-06,Combined Equal Weight,-0.015162334278139821,1.1791622641883108,-0.2321808088176598
2022-09-07,Combined Equal Weight,0.022888356862568345,1.206151350889927,-0.21460668916394976
2022-09-08,Combined Equal Weight,0.006030335202376025,1.213424847840592,-0.2098705042339044
2022-09-09,Combined Equal Weight,0.02197192647032312,1.2400861293746084,-0.1925098370508984
2022-09-12,Combined Equal Weight,0.005828411314179709,1.2473138614016128,-0.1878034522490769
2022-09-13,Combined Equal Weight,-0.04522622520134939,1.1909025638090989,-0.22453603622541862
2022-09-14,Combined Equal Weight,0.006167148570890121,1.1982470368535634,-0.21975363474944953
2022-09-15,Combined Equal Weight,-0.021520483858726538,1.1724601808381894,-0.23654491405865408
2022-09-16,Combined Equal Weight,-0.0038641686411954724,1.1679295969743442,-0.23949503326070976
2022-09-19,Combined Equal Weight,0.008872265784185429,1.1782917787759173,-0.2327476310656056
2022-09-20,Combined Equal Weight,-0.012956882717406143,1.163024790391434,-0.24268883002454045
2022-09-21,Combined Equal Weight,-0.02065051287760757,1.1390077319804788,-0.2583276940924748
2022-09-22,Combined Equal Weight,0.0034980863449201515,1.142992079374478,-0.25573326032677424
2022-09-23,Combined Equal Weight,-0.01666781993710253,1.1239408932059298,-0.268138564328822
2022-09-26,Combined Equal Weight,-0.01293929840562053,1.1093978865984586,-0.27760833783653716
2022-09-27,Combined Equal Weight,-0.005605479284624965,1.1031791797267243,-0.28165768933418023
2022-09-28,Combined Equal Weight,0.017534552039938055,1.1225229324630188,-0.26906187870532106
2022-09-29,Combined Equal Weight,-0.012207247581198724,1.1088200171108695,-0.27798462131850143
2022-09-30,Combined Equal Weight,-0.013137197439580917,1.0942532296211247,-0.28746987990265394
2022-10-03,Combined Equal Weight,0.030449618306372543,1.1275728227936033,-0.2657736097138961
2022-10-04,Combined Equal Weight,0.02880958335717737,1.1600577260231633,-0.24462085331990913
2022-10-05,Combined Equal Weight,-0.0034065901150966233,1.1561058848407513,-0.2471941204541397
2022-10-06,Combined Equal Weight,-0.010554134887437125,1.143904187387982,-0.25513933525092247
2022-10-07,Combined Equal Weight,-0.020280218445497645,1.1207055605870342,-0.2702452722434925
2022-10-10,Combined Equal Weight,-0.012045546445742966,1.1072060497049807,-0.27903556671068397
2022-10-11,Combined Equal Weight,-0.005794294732439905,1.1007905715234496,-0.2832130471287687
2022-10-12,Combined Equal Weight,-0.004392407956616383,1.0959554502585218,-0.28636146784375904
2022-10-13,Combined Equal Weight,0.021919988104568855,1.119978780691326,-0.27071851970793237
2022-10-14,Combined Equal Weight,-0.014943014408953998,1.1032429216337327,-0.28161618337612004
2022-10-17,Combined Equal Weight,0.018691664879151734,1.1238643686052068,-0.2681883938211804
2022-10-18,Combined Equal Weight,0.007318470900009654,1.1320893372824017,-0.2628326518770714
2022-10-19,Combined Equal Weight,-0.010522088707603131,1.1201773928505845,-0.27058919210636945
2022-10-20,Combined Equal Weight,-0.003903969660213536,1.1158042542948388,-0.273436789770218
2022-10-21,Combined Equal Weight,0.02200682486592608,1.1403595631037604,-0.2574474404486663
2022-10-24,Combined Equal Weight,0.003431330492379288,1.1442725136449146,-0.2548994972088836
2022-10-25,Combined Equal Weight,0.022866863952870096,1.1704384375394417,-0.23786138538034396
2022-10-26,Combined Equal Weight,0.008034988239200652,1.1798428966197794,-0.23173761057523434
2022-10-27,Combined Equal Weight,-0.003632952115667947,1.1755565838723487,-0.23452867104828312
2022-10-28,Combined Equal Weight,0.023573826986520472,1.2032689513934205,-0.2164835823764335
2022-10-31,Combined Equal Weight,-0.006095718685837176,1.1959341623623239,-0.2212596780440017
2022-11-01,Combined Equal Weight,0.0011665474279613675,1.1973292762834389,-0.22035124052437405
2022-11-02,Combined Equal Weight,-0.016734417076221923,1.1772926687965408,-0.23339820803839828
2022-11-03,Combined Equal Weight,0.0006162937564336262,1.1780182269178152,-0.2329257561403415
2022-11-04,Combined Equal Weight,0.0269031608428341,1.2097106407523754,-0.21228903437938973
2022-11-07,Combined Equal Weight,0.0063916100364624,1.2174426394250237,-0.20725429306569754
2022-11-08,Combined Equal Weight,-0.013701324476817447,1.2007620627903484,-0.2181159592240085
2022-11-09,Combined Equal Weight,-0.04206236722983267,1.1502551679496094,-0.25100385287827365
2022-11-10,Combined Equal Weight,0.0675006791956451,1.2278981730345089,-0.20044610423263576
2022-11-11,Combined Equal Weight,0.006815255597190179,1.2362666129310618,-0.19499694006925217
2022-11-14,Combined Equal Weight,-0.0034026310492899113,1.232060053768702,-0.19773606847574587
2022-11-15,Combined Equal Weight,0.010602315236801463,1.2451227428494285,-0.18923021337060997
2022-11-16,Combined Equal Weight,-0.011701976878377256,1.2305523453018627,-0.19871782266743399
2022-11-17,Combined Equal Weight,-0.0010528206157177623,1.2292567944240091,-0.19956142906273688
2022-11-18,Combined Equal Weight,0.004579782972334324,1.2348865237597386,-0.19589559412515878
2022-11-21,Combined Equal Weight,-0.001608971703776883,1.2328996262856338,-0.1971893753610937
2022-11-22,Combined Equal Weight,0.018700329196249955,1.2559552551631088,-0.18217655239809905
2022-11-23,Combined Equal Weight,0.010489829245412906,1.2691300113296489,-0.17359772407986018
2022-11-25,Combined Equal Weight,-0.0004737967332436475,1.2685287016762195,-0.1739892707785362
2022-11-28,Combined Equal Weight,-0.018339494590531837,1.245264526413894,-0.18913789007881454
2022-11-29,Combined Equal Weight,0.006229594226936348,1.2530220191186505,-0.18408654816000813
2022-11-30,Combined Equal Weight,0.025515568887532696,1.2849935887650676,-0.1632680522733203
2022-12-01,Combined Equal Weight,-0.0035729309016658923,1.2804023954633263,-0.16625763770576407
2022-12-02,Combined Equal Weight,0.002700736387861955,1.2838604248038596,-0.16400591936981412
2022-12-05,Combined Equal Weight,-0.01466587036262013,1.2650314942499878,-0.17626650018025425
2022-12-06,Combined Equal Weight,-0.009217703200675513,1.2533708093964844,-0.18385943109804637
2022-12-07,Combined Equal Weight,-0.004218368396410738,1.2480836295851425,-0.18730221268093106
2022-12-08,Combined Equal Weight,0.009516938329560378,1.2599615645180382,-0.17956781795844523
2022-12-09,Combined Equal Weight,-0.00942279328702782,1.2480892071459846,-0.18729858081584805
2022-12-12,Combined Equal Weight,0.013429631001319251,1.2648505846546845,-0.1763843006419562
2022-12-13,Combined Equal Weight,0.01112670271869061,1.278924201093699,-0.16722017360075292
2022-12-14,Combined Equal Weight,-0.009161190736121408,1.2672077325504378,-0.17484942843159057
2022-12-15,Combined Equal Weight,-0.021888844095310084,1.2394700200562698,-0.19291102064780752
2022-12-16,Combined Equal Weight,-0.021319753226927002,1.2130448250964958,-0.21011795851976867
2022-12-19,Combined Equal Weight,-0.010728852442311063,1.2000302461621266,-0.21859248638964146
2022-12-20,Combined Equal Weight,0.00870012313657669,1.2104706570713535,-0.21179414480138514
2022-12-21,Combined Equal Weight,0.014259856269343464,1.2277317946594488,-0.20055444259559785
2022-12-22,Combined Equal Weight,-0.008621359750384586,1.2171470771807045,-0.2074467503468279
2022-12-23,Combined Equal Weight,0.006277644466821743,1.2247878937950762,-0.20247138282448107
2022-12-27,Combined Equal Weight,-0.0017391378059759658,1.2226578188646755,-0.20385839499395875
2022-12-28,Combined Equal Weight,-0.015186776727050936,1.2040895875559945,-0.21594921979230153
2022-12-29,Combined Equal Weight,0.011231947956177222,1.2176138591379984,-0.2071428022340085
2022-12-30,Combined Equal Weight,-0.0014994889775808388,1.2157880605772713,-0.2083316828628542
2023-01-03,Combined Equal Weight,0.0014249108631881689,1.2175204501921222,-0.2072036260777237
2023-01-04,Combined Equal Weight,0.02153012742654666,1.243733820629185,-0.19013461912387297
2023-01-05,Combined Equal Weight,-0.008150576794457378,1.233596672612283,-0.1967354891038764
2023-01-06,Combined Equal Weight,0.02337325761487568,1.2624298454341034,-0.17796058075781407
2023-01-09,Combined Equal Weight,0.004700037490849591,1.2683633130372112,-0.1740969646684195
2023-01-10,Combined Equal Weight,0.007351108659663848,1.277687189571279,-0.16802566171335087
2023-01-11,Combined Equal Weight,0.013105328625998683,1.2944317000718393,-0.1571223646017066
2023-01-12,Combined Equal Weight,0.010156315980829734,1.3075783574333715,-0.14856183300342685
2023-01-13,Combined Equal Weight,0.00851194859562675,1.3187083971965983,-0.14131443509359742
2023-01-17,Combined Equal Weight,-0.00419443766987623,1.3131771570198147,-0.1449161381736198
2023-01-18,Combined Equal Weight,-0.02044387826217308,1.2863307230850352,-0.1623973685487472
2023-01-19,Combined Equal Weight,-0.002273349482211665,1.2834064438017567,-0.16430153205725606
2023-01-20,Combined Equal Weight,0.02351405930305075,1.3135845390312286,-0.14465086872258182
2023-01-23,Combined Equal Weight,0.013020643241290347,1.330688254681229,-0.13351367283747084
2023-01-24,Combined Equal Weight,-0.009353205795021241,1.318242053586178,-0.14161809777399403
2023-01-25,Combined Equal Weight,0.0066582357232981525,1.3270192199193194,-0.13590278872836026
2023-01-26,Combined Equal Weight,0.006728874633475803,1.3359485658863692,-0.1300883869225774
2023-01-27,Combined Equal Weight,0.0007719281474348106,1.3369798221879021,-0.12941687766266252
2023-01-30,Combined Equal Weight,-0.016294006955992344,1.315195063665151,-0.14360216511379664
2023-01-31,Combined Equal Weight,0.013220029608013514,1.3325819813471176,-0.1322805603803623
2023-02-01,Combined Equal Weight,0.00973150505698297,1.3455500096374415,-0.12383634426566137
2023-02-02,Combined Equal Weight,-0.0005500485124867098,1.344809891856164,-0.124318276781193
2023-02-03,Combined Equal Weight,-0.0083410692489316,1.3335927394215434,-0.1316223986745848
2023-02-06,Combined Equal Weight,-0.006746947547876076,1.324595059158438,-0.13748129680247778
2023-02-07,Combined Equal Weight,0.015576413927813289,1.3452275000866263,-0.12404634846099238
2023-02-08,Combined Equal Weight,-0.010476762630954598,1.3311338708835863,-0.1332235069438844
2023-02-09,Combined Equal Weight,-0.017697535698175303,1.3075760816845736,-0.1485633148720843
2023-02-10,Combined Equal Weight,0.006180523038854832,1.3156575857824806,-0.1433009908235251
2023-02-13,Combined Equal Weight,0.006761791597266651,1.3245537881909046,-0.13750817066188892
2023-02-14,Combined Equal Weight,0.004442089540639553,1.3304375747194421,-0.13367690472789895
2023-02-15,Combined Equal Weight,0.011134968990990214,1.3452519558583915,-0.12403042392586527
2023-02-16,Combined Equal Weight,-0.01891393728273206,1.3198079447358133,-0.14059845754931288
2023-02-17,Combined Equal Weight,0.005827864390259856,1.3274996064589213,-0.1355899819031301
2023-02-21,Combined Equal Weight,-0.01778263938310214,1.3038931596760523,-0.1509614735340874
2023-02-22,Combined Equal Weight,-0.0058648178549140844,1.296246063792284,-0.15594092984361463
2023-02-23,Combined Equal Weight,0.0026098348420776876,1.2996290519334752,-0.15373807507354875
2023-02-24,Combined Equal Weight,-0.013726279036938729,1.2817899809221243,-0.16535410239342607
2023-02-27,Combined Equal Weight,0.0007106336017079122,1.2827008639529,-0.1647609749730592
2023-02-28,Combined Equal Weight,-0.005696637618743372,1.2753937819577112,-0.16951902902367022
2023-03-01,Combined Equal Weight,0.0034743615811126615,1.279824961114535,-0.1666336378442651
2023-03-02,Combined Equal Weight,0.008291230851856674,1.2904362853171039,-0.15972400495146
2023-03-03,Combined Equal Weight,0.007100174740261895,1.2995986084340299,-0.15375789855656785
2023-03-06,Combined Equal Weight,-0.0021608539506573357,1.2967903656467263,-0.15558650414468445
2023-03-07,Combined Equal Weight,-0.015787497184841456,1.2763172913997491,-0.16891767983334238
2023-03-08,Combined Equal Weight,-0.0018752779680403218,1.2739238417029584,-0.17047619019797877
2023-03-09,Combined Equal Weight,-0.0245362038404097,1.242666586645777,-0.1908295554857543
2023-03-10,Combined Equal Weight,-0.011593807963097256,1.2282593488780482,-0.2002109222288665
2023-03-13,Combined Equal Weight,0.004382789544936423,1.2336425511107814,-0.19670561502065675
2023-03-14,Combined Equal Weight,0.015481833902104157,1.2527416001816465,-0.18426914477791367
2023-03-15,Combined Equal Weight,-0.016728436592273455,1.2317851917565046,-0.19791504666585735
2023-03-16,Combined Equal Weight,0.014869035327806143,1.2501006492890003,-0.18598881715883042
2023-03-17,Combined Equal Weight,0.0007420631691404397,1.2510283029385563,-0.18538476944077553
2023-03-20,Combined Equal Weight,0.00375146243901129,1.2557214886271704,-0.18232877100108602
2023-03-21,Combined Equal Weight,0.019658805021547755,1.2804074725334598,-0.16625433173846693
2023-03-22,Combined Equal Weight,-0.024846038452477917,1.2485944192360534,-0.1869696086716799
2023-03-23,Combined Equal Weight,0.009246312215876318,1.2601393130673109,-0.17945207583246203
2023-03-24,Combined Equal Weight,0.0018179527117647104,1.2624301867487029,-0.1779603585085887
2023-03-27,Combined Equal Weight,0.0003726837953280834,1.2629006740220372,-0.1776539976550876
2023-03-28,Combined Equal Weight,0.00631299467802165,1.2708733592560082,-0.17246253171879178
2023-03-29,Combined Equal Weight,0.0177458448313086,1.2934260806896092,-0.15777718021457954
2023-03-30,Combined Equal Weight,0.003797618035491046,1.2983380189012106,-0.15457873964426028
2023-03-31,Combined Equal Weight,0.014129093881529388,1.3166823586602248,-0.1426337032872531
2023-04-03,Combined Equal Weight,0.005473537217209085,1.3238892685535941,-0.13794087695341517
2023-04-04,Combined Equal Weight,-0.0027585180853188025,1.3202372960633295,-0.1403188826349533
2023-04-05,Combined Equal Weight,0.003848383184211968,1.3253180750726692,-0.137010500279101
2023-04-06,Combined Equal Weight,-0.001632453040931714,1.323154555550815,-0.13841929011221243
2023-04-10,Combined Equal Weight,0.0068584890585663754,1.3322293965928524,-0.13251014824037533
2023-04-11,Combined Equal Weight,0.0027781488234734177,1.3359305281235936,-0.13010013232933415
2023-04-12,Combined Equal Weight,-0.0026424747146835148,1.3324003654824532,-0.13239882073396048
2023-04-13,Combined Equal Weight,0.009702366753600436,1.3453278024909954,-0.12398103589686504
2023-04-14,Combined Equal Weight,-0.0022719367063586083,1.3422713028744313,-0.12597129553687714
2023-04-17,Combined Equal Weight,0.00018522706613807055,1.3425199278498239,-0.12580940176422917
2023-04-18,Combined Equal Weight,0.0036803527513123322,1.3474608747599774,-0.12259207199084088
2023-04-19,Combined Equal Weight,-0.009925908423353688,1.3340861015130578,-0.13130114273418425
2023-04-20,Combined Equal Weight,-0.008568364002944074,1.3226551661840253,-0.13874447075217933
2023-04-21,Combined Equal Weight,-0.00688944540075023,1.3135428056325804,-0.14467804369702641
2023-04-24,Combined Equal Weight,0.00043050629007484705,1.3141082940726878,-0.14430982221479882
2023-04-25,Combined Equal Weight,-0.009650637567961992,1.3014263112015394,-0.1525677779910688
2023-04-26,Combined Equal Weight,-0.01252399632443319,1.2851272528635307,-0.1631810160247149
2023-04-27,Combined Equal Weight,0.014707035570013054,1.3040276650833877,-0.1508738894617282
2023-04-28,Combined Equal Weight,0.008524585878158259,1.3151439609018851,-0.1436354410110583
2023-05-01,Combined Equal Weight,-0.00570146063816566,1.3076457193752817,-0.14851796983605392
2023-05-02,Combined Equal Weight,-0.011728617620718737,1.2923088427493594,-0.15850467697876014
2023-05-03,Combined Equal Weight,-0.009008965374414552,1.2806664771319807,-0.16608567920659023
2023-05-04,Combined Equal Weight,-0.006213969164150282,1.2727084551335215,-0.17126759708154393
2023-05-05,Combined Equal Weight,0.018044649030289916,1.2956740325242884,-0.15631341173085156
2023-05-08,Combined Equal Weight,-0.006554959489218449,1.2871809417298594,-0.16184374313855265
2023-05-09,Combined Equal Weight,-0.0008714536635478385,1.28605922318254,-0.1625741574792201
2023-05-10,Combined Equal Weight,-0.0017549888693666974,1.2838022035605083,-0.16404383051176408
2023-05-11,Combined Equal Weight,-0.010958382402106734,1.269733808085225,-0.1732045578884165
2023-05-12,Combined Equal Weight,0.0004064625232982086,1.2702499072927764,-0.17286849652676428
2023-05-15,Combined Equal Weight,0.0051931715604700895,1.276846532986019,-0.1685730607261583
2023-05-16,Combined Equal Weight,-0.01190408038703456,1.2616468492154471,-0.17847043384722017
2023-05-17,Combined Equal Weight,0.012751658329153513,1.2777349387686956,-0.16799456951234215
2023-05-18,Combined Equal Weight,0.0029668728035717913,1.281525815808702,-0.16552611522820426
2023-05-19,Combined Equal Weight,-0.0015144502784157742,1.2795850086801535,-0.1667898844353276
2023-05-22,Combined Equal Weight,0.0019826777328277086,1.2821220133841238,-0.16513789729243067
2023-05-23,Combined Equal Weight,-0.004541268641508334,1.276299552890155,-0.1689292303794402
2023-05-24,Combined Equal Weight,-0.012587796060454322,1.2602337544063247,-0.17939057973922867
2023-05-25,Combined Equal Weight,0.0001796215698891933,1.2604601195717187,-0.17924318058689548
2023-05-26,Combined Equal Weight,0.009530105655791187,1.2724724376861485,-0.17142128138017731
2023-05-30,Combined Equal Weight,7.578433379529465e-05,1.2725688711621115,-0.1713584880939898
2023-05-31,Combined Equal Weight,-0.005713966401747791,1.2652974553883811,-0.17609331785211413
2023-06-01,Combined Equal Weight,0.003122756880351519,1.2692486717228866,-0.17352045759166912
2023-06-02,Combined Equal Weight,0.021328520412707667,1.2963198679265302,-0.15589287180072786
2023-06-05,Combined Equal Weight,-0.01417536110529351,1.2779440656907053,-0.16785839515450474
2023-06-06,Combined Equal Weight,0.009414201121807917,1.2899748881475386,-0.1600244467246652
2023-06-07,Combined Equal Weight,0.0012151655515494283,1.2915424211939792,-0.1590037373681814
2023-06-08,Combined Equal Weight,0.004640053398329463,1.2975352469945272,-0.1551014698017742
2023-06-09,Combined Equal Weight,-0.004253699654141783,1.2920159217631497,-0.15869541438746326
2023-06-12,Combined Equal Weight,0.004438536941679719,1.297750582161134,-0.1549612529050174
2023-06-13,Combined Equal Weight,0.00648216286749041,1.306162812796083,-0.14948357411700763
2023-06-14,Combined Equal Weight,-0.0070893547692674475,1.2969029612297474,-0.1555131867971815
2023-06-15,Combined Equal Weight,0.00930111078204043,1.3089655993457014,-0.1476585213936099
2023-06-16,Combined Equal Weight,0.002319840849433655,1.3120021912135669,-0.14568122481387213
2023-06-20,Combined Equal Weight,-0.005993356231431429,1.3041388947052055,-0.15080146156876273
2023-06-21,Combined Equal Weight,0.00888656915466569,1.3157282151802927,-0.14325500003095237
2023-06-22,Combined Equal Weight,-0.005267702939070903,1.308797349794169,-0.14776807818532367
2023-06-23,Combined Equal Weight,0.006400617430051085,1.3171744609236662,-0.14231326769211072
2023-06-26,Combined Equal Weight,0.006565141694990468,1.325821897896653,-0.1366824327645959
2023-06-27,Combined Equal Weight,0.009790980390278446,1.3388029940999608,-0.12822970739321116
2023-06-28,Combined Equal Weight,-0.00808080814049297,1.3279843839667216,-0.135274315870348
2023-06-29,Combined Equal Weight,0.010228184796819901,1.3415672536532244,-0.12642974177451338
2023-06-30,Combined Equal Weight,0.022603202991231905,1.3718909706139377,-0.10668425590073982
2023-07-03,Combined Equal Weight,0.003877257598172459,1.3772101453036147,-0.10322064064436387
2023-07-05,Combined Equal Weight,-0.006060561334685034,1.3688634787472518,-0.1086556269554182
2023-07-06,Combined Equal Weight,-0.014258838320504312,1.3493450757209515,-0.1213651622585522
2023-07-07,Combined Equal Weight,0.0035620926596644227,1.3541515679105316,-0.11823538355250796
2023-07-10,Combined Equal Weight,0.006097554230657367,1.3624085805323958,-0.11285877598504457
2023-07-11,Combined Equal Weight,0.011893023138107533,1.378611737304224,-0.10230798488106552
2023-07-12,Combined Equal Weight,0.00614355714412082,1.387081317291908,-0.09679296268836146
2023-07-13,Combined Equal Weight,0.037260963080475606,1.4387653030451395,-0.06313859861706661
2023-07-14,Combined Equal Weight,-0.015765993628187005,1.4160817384448734,-0.0779091495017642
2023-07-17,Combined Equal Weight,-0.0036493398954162448,1.4109139748615962,-0.08127417242968571
2023-07-18,Combined Equal Weight,0.005054130851559698,1.4180449187108408,-0.07663081188043785
2023-07-19,Combined Equal Weight,0.009944158028720694,1.432146181474326,-0.06744868275492533
2023-07-20,Combined Equal Weight,0.0014145962126503103,1.4341720900386012,-0.06612949919344835
2023-07-21,Combined Equal Weight,0.003490923216112246,1.4391786746836173,-0.06286942898134029
2023-07-24,Combined Equal Weight,-0.0019643631749951666,1.4363516050928304,-0.06471029376521154
2023-07-25,Combined Equal Weight,0.002921939450274057,1.4405485375122156,-0.061977433875128995
2023-07-26,Combined Equal Weight,0.004385740905184213,1.4468664101590862,-0.05786350993688916
2023-07-27,Combined Equal Weight,-0.0034876241260207164,1.4418202839598866,-0.06114932788963767
2023-07-28,Combined Equal Weight,0.004778237695945108,1.448709643991482,-0.05666327621729661
2023-07-31,Combined Equal Weight,0.0007234954733570971,1.4497577788611185,-0.05598077636778831
2023-08-01,Combined Equal Weight,-0.001676767319656945,1.4473268723961057,-0.05756367695110276
2023-08-02,Combined Equal Weight,-0.01760722554543934,1.4218434617158522,-0.07415736585323918
2023-08-03,Combined Equal Weight,-0.00700557656514281,1.411882628481154,-0.08064342731402785
2023-08-04,Combined Equal Weight,-0.003047998051579566,1.4075792129804845,-0.08344562435628156
2023-08-07,Combined Equal Weight,0.007853063301314755,1.418633021641635,-0.07624786482525447
2023-08-08,Combined Equal Weight,-0.00041396196849816796,1.4180457615234197,-0.07663026307753584
2023-08-09,Combined Equal Weight,-0.0020039056710249004,1.41520413158013,-0.07848060892980746
2023-08-10,Combined Equal Weight,-0.0009152087186206452,1.41390892442028,-0.07932399151089287
2023-08-11,Combined Equal Weight,0.0009789535037611967,1.4152930755158406,-0.07842269250655354
2023-08-14,Combined Equal Weight,0.0017471645415393208,1.417765825393268,-0.07681254531261372
2023-08-15,Combined Equal Weight,-0.015768398061357256,1.395409929500678,-0.09136973258337566
2023-08-16,Combined Equal Weight,-0.013305220169425744,1.376843693162069,-0.10345925834395797
2023-08-17,Combined Equal Weight,-0.018618058375637507,1.3512095369086492,-0.12015110620824743
2023-08-18,Combined Equal Weight,0.0024718852413691387,1.354549571820931,-0.11797622071304859
2023-08-21,Combined Equal Weight,-0.0020742084303499277,1.3517399536797332,-0.11980572187181471
2023-08-22,Combined Equal Weight,-0.0064817016705362865,1.3429783785638367,-0.12551087859475452
2023-08-23,Combined Equal Weight,0.011351836612056928,1.3582236496908184,-0.11558382096954112
2023-08-24,Combined Equal Weight,-0.012212596412256194,1.3416362124195629,-0.1263848388245098
2023-08-25,Combined Equal Weight,0.003910768741890751,1.3468830413820818,-0.12296833195974288
2023-08-28,Combined Equal Weight,0.005986453806978165,1.354946094492718,-0.11771802239176277
2023-08-29,Combined Equal Weight,0.019163789948962447,1.3809119968397436,-0.10081015589712328
2023-08-30,Combined Equal Weight,-0.002387208164079165,1.377615472447013,-0.10295670923402267
2023-08-31,Combined Equal Weight,-0.008881755663568981,1.3653798284223866,-0.11092402856224992
2023-09-01,Combined Equal Weight,0.0012194401811214356,1.3670448274476574,-0.10983985359860926
2023-09-05,Combined Equal Weight,-0.007538113444384512,1.3567398884547979,-0.11654998176585285
2023-09-06,Combined Equal Weight,-0.003237180952029944,1.3523478759310328,-0.11940986933695097
2023-09-07,Combined Equal Weight,0.0011196778357605059,1.3538620698739505,-0.11842389208525816
2023-09-08,Combined Equal Weight,0.001355175013367869,1.35569678992259,-0.11722920217143007
2023-09-11,Combined Equal Weight,-0.0031409107050021806,1.351438667362385,-0.12000190642039321
2023-09-12,Combined Equal Weight,0.005296249437674423,1.3585962236444546,-0.11534121701211753
2023-09-13,Combined Equal Weight,0.0010123337048559907,1.35997157639294,-0.114445647108802
2023-09-14,Combined Equal Weight,0.01281333344121205,1.3773973456718334,-0.10309874390489049
2023-09-15,Combined Equal Weight,-0.005808530218916478,1.3693966915660432,-0.10830842195430301
2023-09-18,Combined Equal Weight,0.0030732217754222795,1.3736051512977552,-0.10556805597969232
2023-09-19,Combined Equal Weight,-0.0015119805208430718,1.3715282870656633,-0.10692041965627086
2023-09-20,Combined Equal Weight,-0.006164775560719364,1.3630731230007256,-0.11242605482695134
2023-09-21,Combined Equal Weight,-0.018790123872734137,1.3374608101719474,-0.12910367920296428
2023-09-22,Combined Equal Weight,-0.0025746824554939395,1.334017273289087,-0.1313459606806746
2023-09-25,Combined Equal Weight,0.003190848654452438,1.3382739205105778,-0.1285742171081279
2023-09-26,Combined Equal Weight,-0.010548755017963487,1.3241567967761823,-0.13776667420819122
2023-09-27,Combined Equal Weight,0.0003782404796926361,1.3246576464781832,-0.13744054266143668
2023-09-28,Combined Equal Weight,0.0075548927291206,1.3346652929001352,-0.13092399848875536
2023-09-29,Combined Equal Weight,1.8517727138480245e-05,1.3346900078678505,-0.13090790517649664
2023-10-02,Combined Equal Weight,-0.015670879792627778,1.313774241194132,-0.1445273429231989
2023-10-03,Combined Equal Weight,-0.007155150739297569,1.3043739884609817,-0.1506483787379308
2023-10-04,Combined Equal Weight,0.00016981327522040064,1.3045954884800746,-0.15050414755731056
2023-10-05,Combined Equal Weight,-0.003383397491625158,1.3001815233767655,-0.1533783296936112
2023-10-06,Combined Equal Weight,0.010446034496043382,1.3137632644210773,-0.14453449052049283
2023-10-09,Combined Equal Weight,0.0021486729784539536,1.3165861120474243,-0.14269637489627496
2023-10-10,Combined Equal Weight,0.005664866368411877,1.3240443964346797,-0.1378398644229073
2023-10-11,Combined Equal Weight,0.001310471855917437,1.3257795193521924,-0.13671002782993968
2023-10-12,Combined Equal Weight,-0.008315333978963658,1.314755219866309,-0.1438885722692239
2023-10-13,Combined Equal Weight,0.0021009296326924038,1.317517428067463,-0.14208994240181783
2023-10-16,Combined Equal Weight,0.013352363471423597,1.3351093996469552,-0.13063481548697686
2023-10-17,Combined Equal Weight,-0.0008165491795922443,1.3340192171620076,-0.1313446949151571
2023-10-18,Combined Equal Weight,-0.013069182735187828,1.316584676240665,-0.1426973098312012
2023-10-19,Combined Equal Weight,-0.004911795990365635,1.3101178809069294,-0.1469082057473019
2023-10-20,Combined Equal Weight,-0.0038914319414627674,1.3050196463380865,-0.1502279544044567
2023-10-23,Combined Equal Weight,0.004044908075954011,1.310298330844838,-0.1467907045945075
2023-10-24,Combined Equal Weight,0.00904516866436769,1.322150200247969,-0.13907328261155838
2023-10-25,Combined Equal Weight,-0.009453075722180182,1.3096518142889293,-0.14721168806227936
2023-10-26,Combined Equal Weight,-0.0018253131376461283,1.3072612896265656,-0.14876829377169032
2023-10-27,Combined Equal Weight,-0.010215886757690746,1.293906456329028,-0.15746438048707467
2023-10-30,Combined Equal Weight,0.01035294554855504,1.3073021994163263,-0.14874165509553916
2023-10-31,Combined Equal Weight,0.006494664734265533,1.3157926889079035,-0.14321301754313875
2023-11-01,Combined Equal Weight,0.0074731466890766395,1.325625800684527,-0.13681012274194726
2023-11-02,Combined Equal Weight,0.01971693089542779,1.3517630729898198,-0.11979066758241741
2023-11-03,Combined Equal Weight,0.011609533501200538,1.367456411671381,-0.10957184784964613
2023-11-06,Combined Equal Weight,0.0012650560466206796,1.3691863206734562,-0.10844540633168698
2023-11-07,Combined Equal Weight,-0.005656820637751129,1.3614410792377443,-0.1134887707568315
2023-11-08,Combined Equal Weight,0.0005373236373398133,1.3621726137104642,-0.11301242731859196
2023-11-09,Combined Equal Weight,-0.004262813716021548,1.3563659256091503,-0.11679349010935902
2023-11-10,Combined Equal Weight,0.011558798455876488,1.3720438859756847,-0.10658468406661503
2023-11-13,Combined Equal Weight,-0.0034629506400296493,1.3672925657225965,-0.10967853720673881
2023-11-14,Combined Equal Weight,0.015143199718425288,1.3879977501188518,-0.09619622148205997
2023-11-15,Combined Equal Weight,0.011433957330833112,1.4038680571690032,-0.08586216764304
2023-11-16,Combined Equal Weight,-0.0049298375794798255,1.39694721566414,-0.09036871868181762
2023-11-17,Combined Equal Weight,0.0024150821575656557,1.4003209579597515,-0.08817188440434254
2023-11-20,Combined Equal Weight,0.0016107362148039147,1.4025765056390862,-0.0867031698368762
2023-11-21,Combined Equal Weight,-0.010749734228255233,1.3874991809686712,-0.09652086803263771
2023-11-22,Combined Equal Weight,0.009313950446122763,1.4004222795842494,-0.08810590816838759
2023-11-24,Combined Equal Weight,0.003816234040107991,1.4057666187581244,-0.08462590689416649
2023-11-27,Combined Equal Weight,-0.003595268554405201,1.400712510238871,-0.08791692258662698
2023-11-28,Combined Equal Weight,0.0035147730414762245,1.405635696808717,-0.08471115757454784
2023-11-29,Combined Equal Weight,0.0036377976713231905,1.4107491150732963,-0.08138152195498449
2023-11-30,Combined Equal Weight,0.004697903801838477,1.4173766787044393,-0.07706594071453787
2023-12-01,Combined Equal Weight,0.010431243938583393,1.4321616805928645,-0.06743859040290412
2023-12-04,Combined Equal Weight,0.0025456703170938823,1.435807492072429,-0.0650645965036255
2023-12-05,Combined Equal Weight,-0.0013196565186203,1.4339127193560317,-0.06629839010333849
2023-12-06,Combined Equal Weight,-0.0003760526717829987,1.4333734926468142,-0.06664951108838824
2023-12-07,Combined Equal Weight,0.008122624623117195,1.4450162474723107,-0.05906825542515637
2023-12-08,Combined Equal Weight,0.010514856207447796,1.4602103855319077,-0.04917449342992897
2023-12-11,Combined Equal Weight,-0.0053279500923371255,1.4524304574734814,-0.05424044427545538
2023-12-12,Combined Equal Weight,0.001723179573799259,1.4549332559701638,-0.05261073072730538
2023-12-13,Combined Equal Weight,0.02244675437246317,1.487591785395254,-0.03134491650483384
2023-12-14,Combined Equal Weight,0.01305790702241953,1.5070166206162603,-0.01869630848775994
2023-12-15,Combined Equal Weight,-0.009188801625396455,1.493168943843242,-0.027713313443335275
2023-12-18,Combined Equal Weight,-0.0007028288814304657,1.492119501584654,-0.028396664607677535
2023-12-19,Combined Equal Weight,0.00448205315423663,1.4988072605032297,-0.02404188681361552
2023-12-20,Combined Equal Weight,-0.009095040046854578,1.4851755484464364,-0.03291826493709826
2023-12-21,Combined Equal Weight,0.011473601741572399,1.5022158612056322,-0.021822354257437726
2023-12-22,Combined Equal Weight,0.004576504945732433,1.5090907595239975,-0.01734571942389196
2023-12-26,Combined Equal Weight,0.0016754512805441288,1.5116191675694994,-0.015699330051168414
2023-12-27,Combined Equal Weight,0.009970524194693391,1.5266908030529136,-0.005885336406590613
2023-12-28,Combined Equal Weight,-0.000381196456502031,1.5261088339286155,-0.006264289393709155
2023-12-29,Combined Equal Weight,-0.005624265916081817,1.5175255920297195,-0.0118533232804654
2021-01-04,Equity Minimum-Variance,0.006739503009113086,1.006739503009113,0.0
2021-01-05,Equity Minimum-Variance,-0.015777944957385697,0.9908552225442094,-0.015777944957385714
2021-01-06,Equity Minimum-Variance,-0.0003629436659287042,0.9904955979173347,-0.016135162118130708
2021-01-07,Equity Minimum-Variance,-0.011770717198359345,0.9788367543480299,-0.02771595688624795
2021-01-08,Equity Minimum-Variance,0.0008512156043497935,0.9796699554674421,-0.02688833353688913
2021-01-11,Equity Minimum-Variance,-0.0003201408000020065,0.9793563231441608,-0.02719986628428195
2021-01-12,Equity Minimum-Variance,-0.0030278984418703435,0.9763909316592767,-0.030145406293411003
2021-01-13,Equity Minimum-Variance,-0.014835185999028132,0.961905990580347,-0.04453337958306014
2021-01-14,Equity Minimum-Variance,0.004124543491153494,0.9658734136728967,-0.040592515952805
2021-01-15,Equity Minimum-Variance,0.004022551411881957,0.9697586891367658,-0.03673325002328087
2021-01-19,Equity Minimum-Variance,-0.0028600425113781036,0.9669851380600564,-0.03948823387801126
2021-01-20,Equity Minimum-Variance,0.025126795554498565,0.9912823759283299,-0.01535365110297382
2021-01-21,Equity Minimum-Variance,-0.014230395669129647,0.9771760354990349,-0.029365558241942313
2021-01-22,Equity Minimum-Variance,6.985508329480461e-05,0.9772442962123883,-0.02929775449216454
2021-01-25,Equity Minimum-Variance,-0.00821697758123974,0.9692143017390167,-0.03727399308156154
2021-01-26,Equity Minimum-Variance,0.014047577891299835,0.9828294151360573,-0.02375002451139474
2021-01-27,Equity Minimum-Variance,-0.02121844399829336,0.9619753042311174,-0.04446452994463501
2021-01-28,Equity Minimum-Variance,-0.0021291305177729833,0.9599271332535351,-0.04649898967474431
2021-01-29,Equity Minimum-Variance,-0.016242039035198334,0.944335959284285,-0.061985790304548316
2021-02-01,Equity Minimum-Variance,0.0008575589430357554,0.9451457830313995,-0.06118138783032934
2021-02-02,Equity Minimum-Variance,0.012813624524412986,0.9572565262159962,-0.0491517186374566
2021-02-03,Equity Minimum-Variance,-0.007381769866210991,0.9501902788365412,-0.05617066182815722
2021-02-04,Equity Minimum-Variance,0.008174074787154016,0.9579572052377777,-0.04845573023163052
2021-02-05,Equity Minimum-Variance,0.024218343918423084,0.9811573422933577,-0.025410903852775335
2021-02-08,Equity Minimum-Variance,-0.01144989795316927,0.969923190848096,-0.036569849549932476
2021-02-09,Equity Minimum-Variance,-0.007743320106040846,0.9624127651030866,-0.04402999760467852
2021-02-10,Equity Minimum-Variance,-0.018865384616547437,0.9442564781295419,-0.06206473938174806
2021-02-11,Equity Minimum-Variance,-0.013134017951539624,0.9318545965949309,-0.07438359793209026
2021-02-12,Equity Minimum-Variance,0.004390112817881308,0.935945543403844,-0.07032003750093063
2021-02-16,Equity Minimum-Variance,-0.012467802624000088,0.9242763591018723,-0.08191110377685684
2021-02-17,Equity Minimum-Variance,0.011654051199637167,0.9350479231134599,-0.07121164877445385
2021-02-18,Equity Minimum-Variance,-0.005828008445744275,0.9295984559203789,-0.0766246351297053
2021-02-19,Equity Minimum-Variance,-0.01823578342835785,0.912646499802879,-0.0934631083065609
2021-02-22,Equity Minimum-Variance,0.008911191233736328,0.9207792672914226,-0.08538478470424382
2021-02-23,Equity Minimum-Variance,0.0023249502486264576,0.9229200332778419,-0.08325834983204439
2021-02-24,Equity Minimum-Variance,-0.0114589285914663,0.9123443585208774,-0.09376322693814199
2021-02-25,Equity Minimum-Variance,0.011930061921069981,0.9232286832113703,-0.08295176612036337
2021-02-26,Equity Minimum-Variance,-0.01906702758076,0.9056254564452304,-0.10043715008863363
2021-03-01,Equity Minimum-Variance,0.004216754345213146,0.9094442565238315,-0.09664391453247745
2021-03-02,Equity Minimum-Variance,0.006329358357000508,0.9152004551290868,-0.09092625014357636
2021-03-03,Equity Minimum-Variance,-0.0031577798755467465,0.9123104535497889,-0.0937969049362608
2021-03-04,Equity Minimum-Variance,0.010709215126353377,0.9220805824588747,-0.08409218104305582
2021-03-05,Equity Minimum-Variance,0.01577980001095741,0.936630829644063,-0.06963933883144291
2021-03-08,Equity Minimum-Variance,-0.0008285966793085048,0.935854740448882,-0.07041023258584644
2021-03-09,Equity Minimum-Variance,-0.010988593179539641,0.9255710134309456,-0.08062511636382341
2021-03-10,Equity Minimum-Variance,0.005118118148563795,0.9303081952325711,-0.0759196470865513
2021-03-11,Equity Minimum-Variance,-0.016347400721965742,0.9151000743701756,-0.09102595891492293
2021-03-12,Equity Minimum-Variance,0.007303227960190699,0.9217832588196885,-0.08438751428298286
2021-03-15,Equity Minimum-Variance,0.014125663118937662,0.934804058602452,-0.07145388076225112
2021-03-16,Equity Minimum-Variance,0.008658228071844494,0.942897805344318,-0.06341431668666442
2021-03-17,Equity Minimum-Variance,-0.02244137582637721,0.9217378813287199,-0.08443258799950326
2021-03-18,Equity Minimum-Variance,-0.002534382886726884,0.9194018446162325,-0.08675298638012219
2021-03-19,Equity Minimum-Variance,-0.016614110921745875,0.9041268003881207,-0.10192577356335597
2021-03-22,Equity Minimum-Variance,0.00961242211993191,0.9128176488433947,-0.09329310500381571
2021-03-23,Equity Minimum-Variance,0.002462869474379006,0.9150657995664054,-0.09106000426992067
2021-03-24,Equity Minimum-Variance,-0.006501078586160591,0.9091168848919163,-0.09696909461226644
2021-03-25,Equity Minimum-Variance,-0.009412101630022285,0.9005601843777443,-0.10546851326882678
2021-03-26,Equity Minimum-Variance,0.010362508814005736,0.9098922472259013,-0.09619892285316933
2021-03-29,Equity Minimum-Variance,0.013549288733800815,0.922220640000212,-0.08395306110098677
2021-03-30,Equity Minimum-Variance,-0.0036643892778338754,0.9188412645751981,-0.08730981368188084
2021-03-31,Equity Minimum-Variance,-0.010759223019750533,0.9089552464898839,-0.09712965094441517
2021-04-01,Equity Minimum-Variance,0.017157838226254357,0.9245509535640624,-0.08163834755603783
2021-04-05,Equity Minimum-Variance,0.012879517471027118,0.9364587237233456,-0.06981029260866434
2021-04-06,Equity Minimum-Variance,-5.592412519683036e-05,0.9364063530884384,-0.0698623126543173
2021-04-07,Equity Minimum-Variance,-0.0003430994926606052,0.9360850725437696,-0.0701814424229501
2021-04-08,Equity Minimum-Variance,-0.0014825146453606199,0.93469731271442,-0.07155991205208612
2021-04-09,Equity Minimum-Variance,0.003422302235129142,0.9378961294168918,-0.06838250946391844
2021-04-12,Equity Minimum-Variance,-0.0003978076453480384,0.9375230271660675,-0.0687531140241936
2021-04-13,Equity Minimum-Variance,-0.0029618819560064103,0.9347461946285638,-0.07151135737235259
2021-04-14,Equity Minimum-Variance,0.001526940939861203,0.9361734968615216,-0.0700936100517282
2021-04-15,Equity Minimum-Variance,0.00120966173739753,0.9373059501202406,-0.0689687378724464
2021-04-16,Equity Minimum-Variance,0.004990861348396491,0.9419839141583177,-0.06432208993214517
2021-04-19,Equity Minimum-Variance,0.0006317027615338047,0.9425789679982121,-0.06373101961244909
2021-04-20,Equity Minimum-Variance,0.004915788588004771,0.9472124869323909,-0.05912851924335716
2021-04-21,Equity Minimum-Variance,0.0011040182283618587,0.9482582267840963,-0.05808977997805598
2021-04-22,Equity Minimum-Variance,0.007622383877686827,0.9554862150038193,-0.05091017870273229
2021-04-23,Equity Minimum-Variance,-0.0029570072386982164,0.9526608353495766,-0.053716644174483075
2021-04-26,Equity Minimum-Variance,-0.007879215198957422,0.9451546156162387,-0.061172614374223944
2021-04-27,Equity Minimum-Variance,-0.008595061549090446,0.9370309535216103,-0.0692418935376492
2021-04-28,Equity Minimum-Variance,-0.0017585951813867866,0.9353830954019369,-0.07087872025871056
2021-04-29,Equity Minimum-Variance,0.008642866659009306,0.9434674867705871,-0.06284844892785857
2021-04-30,Equity Minimum-Variance,-0.000685353414964418,0.942820878106621,-0.0634907289437251
2021-05-03,Equity Minimum-Variance,0.006148228598641154,0.9486175563927921,-0.057732855860524235
2021-05-04,Equity Minimum-Variance,-0.007910311330421662,0.9411136961882213,-0.0651864823270949
2021-05-05,Equity Minimum-Variance,0.0016671829627313442,0.9426827049084994,-0.06362797715709967
2021-05-06,Equity Minimum-Variance,0.0028277655787559753,0.9453483906131283,-0.060980136581994304
2021-05-07,Equity Minimum-Variance,-0.0033417455916596828,0.9421892767962142,-0.0641181020710524
2021-05-10,Equity Minimum-Variance,0.009508265555621084,0.9511478626436513,-0.05521948845684521
2021-05-11,Equity Minimum-Variance,-0.00985215596877065,0.9417770055515231,-0.06452761341282331
2021-05-12,Equity Minimum-Variance,-0.01185855027899959,0.9306088955795847,-0.07562095974378313
2021-05-13,Equity Minimum-Variance,0.009271624778978894,0.9392371520753785,-0.06705046412897497
2021-05-14,Equity Minimum-Variance,-0.00234510295840013,0.9370345442514072,-0.06923832684558406
2021-05-17,Equity Minimum-Variance,-0.0005524362683481924,0.9365168923844676,-0.06975251335102306
2021-05-18,Equity Minimum-Variance,-0.0034606844935064947,0.9332759028970857,-0.07297180640319256
2021-05-19,Equity Minimum-Variance,0.0014298318034392538,0.9346103304644315,-0.07164631200930294
2021-05-20,Equity Minimum-Variance,0.01039842093265939,0.9443288020886125,-0.06199289958718912
2021-05-21,Equity Minimum-Variance,-0.006124073093905542,0.9385456634799416,-0.06773732363271945
2021-05-24,Equity Minimum-Variance,-0.0004291810373415184,0.938142857478497,-0.06813743309523745
2021-05-25,Equity Minimum-Variance,-0.0027981347249709837,0.9355178073720029,-0.07074491010259432
2021-05-26,Equity Minimum-Variance,0.0009693175319844898,0.9364246211841722,-0.0698441668522709
2021-05-27,Equity Minimum-Variance,-0.006706859842705016,0.9301441524966318,-0.07608259165706732
2021-05-28,Equity Minimum-Variance,0.0005995965346643544,0.9307018637072071,-0.07552861398070887
2021-06-01,Equity Minimum-Variance,-0.012570953294172208,0.9190020540477447,-0.08715010059615602
2021-06-02,Equity Minimum-Variance,0.002402313112983691,0.9212097847330426,-0.08495714931263232
2021-06-03,Equity Minimum-Variance,0.002764361401376832,0.9237563415045292,-0.08242764017558635
2021-06-04,Equity Minimum-Variance,0.007361573086421762,0.9305566413265605,-0.07567286418665842
2021-06-07,Equity Minimum-Variance,-0.007203533459158018,0.9238533454251229,-0.08233128563669756
2021-06-08,Equity Minimum-Variance,-0.007308751025551771,0.9171011313392876,-0.08903829779391703
2021-06-09,Equity Minimum-Variance,0.009169406156978033,0.9255104040995616,-0.08068531995293737
2021-06-10,Equity Minimum-Variance,0.006818239796429449,0.9318207559688026,-0.07441721201599882
2021-06-11,Equity Minimum-Variance,0.0017496070173860941,0.9334510761023918,-0.07279780587497009
2021-06-14,Equity Minimum-Variance,0.005691132729673003,0.9387634700731465,-0.06752097512096056
2021-06-15,Equity Minimum-Variance,-0.00551406518202496,0.9335870671086594,-0.0726627252450146
2021-06-16,Equity Minimum-Variance,-0.01133409529222223,0.9230057023264636,-0.08317325428511724
2021-06-17,Equity Minimum-Variance,-0.0012659384745418044,0.9218372338956671,-0.08433390053700662
2021-06-18,Equity Minimum-Variance,-0.009966657349759735,0.9126495980531786,-0.09346003079714538
2021-06-21,Equity Minimum-Variance,0.006608329269136374,0.9186806871044589,-0.08746931618502019
2021-06-22,Equity Minimum-Variance,-0.0008262208280702393,0.9179216539864273,-0.08822326804224123
2021-06-23,Equity Minimum-Variance,-0.00758701249574468,0.9109573709275177,-0.095140929500934
2021-06-24,Equity Minimum-Variance,0.004632061083657521,0.9151769811142619,-0.09094956701428092
2021-06-25,Equity Minimum-Variance,0.013554059654563166,0.9275813445107677,-0.0786282432165859
2021-06-28,Equity Minimum-Variance,0.006686778493276785,0.9337838754960069,-0.07246723436901403
2021-06-29,Equity Minimum-Variance,-0.0034684513361109013,0.930545091565404,-0.07568433662925356
2021-06-30,Equity Minimum-Variance,0.00910896492434305,0.9390213941649928,-0.06726477767258865
2021-07-01,Equity Minimum-Variance,0.0006403136268674312,0.9396226623595966,-0.06666753459947317
2021-07-02,Equity Minimum-Variance,0.00675607017370135,0.945970819003298,-0.06036187496783363
2021-07-06,Equity Minimum-Variance,-7.803141103799953e-05,0.9458970035654904,-0.06043519625659499
2021-07-07,Equity Minimum-Variance,0.003251042600469236,0.9489721550197381,-0.057380631053723596
2021-07-08,Equity Minimum-Variance,-0.005106107597495121,0.9441266010891806,-0.062193746975046205
2021-07-09,Equity Minimum-Variance,0.006440482918882005,0.9502072323367575,-0.05615382182121831
2021-07-12,Equity Minimum-Variance,0.0039068565463530385,0.9539195556828045,-0.05246635020125001
2021-07-13,Equity Minimum-Variance,-0.0006784146647855654,0.9532724026672036,-0.05310917092465128
2021-07-14,Equity Minimum-Variance,0.004228798130558779,0.957303599221516,-0.04910496075681414
2021-07-15,Equity Minimum-Variance,-0.0010599958361717236,0.9562888613923889,-0.05011290553904835
2021-07-16,Equity Minimum-Variance,0.00027211472643180664,0.9565490816742964,-0.04985442727219802
2021-07-19,Equity Minimum-Variance,-0.012487777770881656,0.9446039093154069,-0.06171963403440983
2021-07-20,Equity Minimum-Variance,0.006116521596018761,0.9503815995264184,-0.055980621912860906
2021-07-21,Equity Minimum-Variance,-0.002094601422159068,0.9483909288764565,-0.05795796624474803
2021-07-22,Equity Minimum-Variance,-0.0012660661476184354,0.9471902032266976,-0.059150653773319184
2021-07-23,Equity Minimum-Variance,0.011783373279464208,0.9583512989579692,-0.048064274726990486
2021-07-26,Equity Minimum-Variance,-0.002852220764427948,0.9556178694834648,-0.050779405569014946
2021-07-27,Equity Minimum-Variance,1.4512971353273423e-05,0.9556317383382295,-0.050765629557719905
2021-07-28,Equity Minimum-Variance,-0.0028818876156124565,0.9528777150664263,-0.05350121633421123
2021-07-29,Equity Minimum-Variance,-0.0019346630959080294,0.951034217716174,-0.05533237260129131
2021-07-30,Equity Minimum-Variance,-0.0039025277254117457,0.9473227803137213,-0.05901896420851371
2021-08-02,Equity Minimum-Variance,0.00199983812366706,0.9492172725252109,-0.0571371544594903
2021-08-03,Equity Minimum-Variance,-0.0006448647860014396,0.9486051557318951,-0.05774517350660846
2021-08-04,Equity Minimum-Variance,-0.0028822644736022827,0.9458710247920531,-0.06046100111809061
2021-08-05,Equity Minimum-Variance,0.001977581446207531,0.9477415617811872,-0.05860298622591331
2021-08-06,Equity Minimum-Variance,-0.0013110595372256657,0.9464990161677889,-0.05983721375913753
2021-08-09,Equity Minimum-Variance,0.0003720683476784785,0.9468511784928136,-0.05948740894471216
2021-08-10,Equity Minimum-Variance,0.003014557972658821,0.9497055162618605,-0.056652179214960574
2021-08-11,Equity Minimum-Variance,0.007200153074947072,0.9565435413550675,-0.04985993050239057
2021-08-12,Equity Minimum-Variance,0.002758191450041729,0.9591818715724255,-0.04723926228636033
2021-08-13,Equity Minimum-Variance,0.004427319866257059,0.9634284765277917,-0.04302108574449104
2021-08-16,Equity Minimum-Variance,0.00826103510421686,0.9713873929927901,-0.035115449339830795
2021-08-17,Equity Minimum-Variance,0.004015801316864206,0.975288291764756,-0.031240664690667663
2021-08-18,Equity Minimum-Variance,-0.012287023148290398,0.9633049019475858,-0.043143833068735926
2021-08-19,Equity Minimum-Variance,0.002375576075036797,0.9655933060256181,-0.04087074845132255
2021-08-20,Equity Minimum-Variance,0.0030505095611280558,0.9685388576378104,-0.03794491549911583
2021-08-23,Equity Minimum-Variance,-0.0030592640082445256,0.9655758415700528,-0.040888095993077966
2021-08-24,Equity Minimum-Variance,-0.003638150237955602,0.9620629315922806,-0.044377489194866726
2021-08-25,Equity Minimum-Variance,-0.0009553144045600744,0.9611438590156373,-0.04529040914476079
2021-08-26,Equity Minimum-Variance,-0.0056300965375320625,0.955732526302923,-0.05066551630658356
2021-08-27,Equity Minimum-Variance,-0.0007656506363611858,0.9550007690859682,-0.051392374858142964
2021-08-30,Equity Minimum-Variance,0.004070178413945421,0.9588877926016032,-0.04753137257898654
2021-08-31,Equity Minimum-Variance,0.006733206245346576,0.965344181875335,-0.041118204868338615
2021-09-01,Equity Minimum-Variance,-0.0031975397757108923,0.9622574554565375,-0.04418426754847715
2021-09-02,Equity Minimum-Variance,0.0062115131992521635,0.9682345303421847,-0.038247205510301585
2021-09-03,Equity Minimum-Variance,-0.004456232321305674,0.9639198523334697,-0.042532999398212534
2021-09-07,Equity Minimum-Variance,-0.01523245026343713,0.9492369911248605,-0.05711756786376154
2021-09-08,Equity Minimum-Variance,0.006307136063985663,0.9552239579848534,-0.05117068007193648
2021-09-09,Equity Minimum-Variance,-0.00802110028065327,0.9475620108273743,-0.058781335196303575
2021-09-10,Equity Minimum-Variance,-0.007485856003119586,0.9404686980602942,-0.06582716258847243
2021-09-13,Equity Minimum-Variance,-0.0015354280895117276,0.939024676003986,-0.06726151780349299
2021-09-14,Equity Minimum-Variance,-0.0027088982881311196,0.9364809536666459,-0.06978821148118908
2021-09-15,Equity Minimum-Variance,-0.001667730717740178,0.9349191556136374,-0.07133955425490601
2021-09-16,Equity Minimum-Variance,-0.003746978586071319,0.9314160335578452,-0.07481922505884431
2021-09-17,Equity Minimum-Variance,-0.009917493958787169,0.9221787206719178,-0.08399469980510921
2021-09-20,Equity Minimum-Variance,-0.009765873889860822,0.9131728395819226,-0.09294029204925658
2021-09-21,Equity Minimum-Variance,-0.0054196298601793405,0.9082237807930197,-0.09785621992743199
2021-09-22,Equity Minimum-Variance,-0.008118165858940811,0.9008506695035077,-0.10517997276267299
2021-09-23,Equity Minimum-Variance,0.0020649194666801374,0.9027108535875373,-0.10333224146925535
2021-09-24,Equity Minimum-Variance,-0.007376314193936379,0.8960521747051992,-0.10994634458375074
2021-09-27,Equity Minimum-Variance,-0.0015390714617655957,0.8946730863748574,-0.11131620076424198
2021-09-28,Equity Minimum-Variance,-0.00812646528931595,0.887402556593147,-0.11853805881190871
2021-09-29,Equity Minimum-Variance,0.002355297493880573,0.889492653610754,-0.11646195371087742
2021-09-30,Equity Minimum-Variance,-0.013735437660692785,0.8772750827174394,-0.12859773546653186
2021-10-01,Equity Minimum-Variance,0.007869195058783703,0.8841785314635535,-0.1217405010722522
2021-10-04,Equity Minimum-Variance,0.003371793201060992,0.8871597986244665,-0.11877919166500028
2021-10-05,Equity Minimum-Variance,0.0029390525220762726,0.8897672078680984,-0.11618923742575726
2021-10-06,Equity Minimum-Variance,0.004977131446945702,0.8941956962188399,-0.11179039508619981
2021-10-07,Equity Minimum-Variance,0.006901233769208145,0.9003667497538658,-0.10566065296663385
2021-10-08,Equity Minimum-Variance,-0.0011609134145181231,0.8993215019160905,-0.10669890351173617
2021-10-11,Equity Minimum-Variance,-0.004952949611079814,0.8948672078329395,-0.11112337883016488
2021-10-12,Equity Minimum-Variance,-0.0008089074146497771,0.8941433431133965,-0.11184239771973803
2021-10-13,Equity Minimum-Variance,0.0012599893121122794,0.8952699541692157,-0.11072332863339363
2021-10-14,Equity Minimum-Variance,0.013020276855620317,0.9069266168330173,-0.099144700170956
2021-10-15,Equity Minimum-Variance,-0.006971958543048272,0.9006035620588706,-0.10542542597464932
2021-10-18,Equity Minimum-Variance,0.0024141222360353765,0.9027777291438897,-0.1032658136037028
2021-10-19,Equity Minimum-Variance,0.013974204578223532,0.9153933298196105,-0.09073466663071394
2021-10-20,Equity Minimum-Variance,0.006969939298559311,0.9217735657627594,-0.08439714245084573
2021-10-21,Equity Minimum-Variance,0.00843476614951544,0.9295485102327732,-0.07667424646159049
2021-10-22,Equity Minimum-Variance,0.00035161816184547663,0.9298753563712875,-0.07634958835734673
2021-10-25,Equity Minimum-Variance,0.0015580562659985337,0.9313241544968793,-0.07491048904589481
2021-10-26,Equity Minimum-Variance,-0.0034374632503927165,0.9281227619415933,-0.07809045024312333
2021-10-27,Equity Minimum-Variance,-0.005862102771166173,0.9226820109268331,-0.08349477876951761
2021-10-28,Equity Minimum-Variance,0.019052562853868964,0.9402614679341508,-0.06603300543612478
2021-10-29,Equity Minimum-Variance,-0.003918526399731965,0.9365770285494001,-0.06969277976080168
2021-11-01,Equity Minimum-Variance,0.005827350474917175,0.9420347911415139,-0.06427155353912195
2021-11-02,Equity Minimum-Variance,0.007585599003552134,0.9491806893145083,-0.05717349276805306
2021-11-03,Equity Minimum-Variance,0.0015530658944551943,0.9506548294707581,-0.055709221075282755
2021-11-04,Equity Minimum-Variance,-0.0051394457030836185,0.9457689905923189,-0.06056235226148887
2021-11-05,Equity Minimum-Variance,-0.0205736080596584,0.9263111100648939,-0.0798899742225484
2021-11-08,Equity Minimum-Variance,0.0017849248023465995,0.927964505739938,-0.07824764701665032
2021-11-09,Equity Minimum-Variance,0.0011516846525284298,0.9290332282192898,-0.07718607897828744
2021-11-10,Equity Minimum-Variance,-0.0022972361766640348,0.9268990194781015,-0.07930600050198766
2021-11-11,Equity Minimum-Variance,-0.0006648427531253823,0.9262827773821224,-0.0799181172354001
2021-11-12,Equity Minimum-Variance,0.002471759311789653,0.9285723254624669,-0.07764389627406776
2021-11-15,Equity Minimum-Variance,-0.0055831918405574955,0.9233879280315774,-0.08279358734647879
2021-11-16,Equity Minimum-Variance,-0.007268849763531421,0.9166759599092574,-0.0894606229622047
2021-11-17,Equity Minimum-Variance,-0.001843638224929476,0.9149859410696948,-0.09113932816301507
2021-11-18,Equity Minimum-Variance,-0.0030796298190761723,0.912168123081541,-0.09393828258938997
2021-11-19,Equity Minimum-Variance,-0.003388146920564517,0.9090775634642851,-0.0970081528070762
2021-11-22,Equity Minimum-Variance,0.008811943204069398,0.9170883033216263,-0.08905103993587438
2021-11-23,Equity Minimum-Variance,0.004088899916017954,0.9208381856080592,-0.0853262608095714
2021-11-24,Equity Minimum-Variance,-0.0013313305695739888,0.9196122455819281,-0.08654399391974221
2021-11-26,Equity Minimum-Variance,-0.011632406851591386,0.9089149417956135,-0.0971696858234975
2021-11-29,Equity Minimum-Variance,-0.005667547541741077,0.9037636231515881,-0.10228651955121781
2021-11-30,Equity Minimum-Variance,-0.02150025399102772,0.8843324757059775,-0.12158758739203612
2021-12-01,Equity Minimum-Variance,-0.014950284591836217,0.87111145352037,-0.13472010294952674
2021-12-02,Equity Minimum-Variance,0.012439351969302586,0.8819475154952008,-0.12395658175815383
2021-12-03,Equity Minimum-Variance,0.007101005374899658,0.8882102295431116,-0.11773579273657309
2021-12-06,Equity Minimum-Variance,0.013470941023421865,0.9001752571616869,-0.10585086363345131
2021-12-07,Equity Minimum-Variance,0.0031830015537081045,0.9030405164038422,-0.10300478554314974
2021-12-08,Equity Minimum-Variance,0.003348155125398874,0.9060640361372826,-0.10000150641840777
2021-12-09,Equity Minimum-Variance,-0.0031872569419032644,0.9031761772482951,-0.10287003286477825
2021-12-10,Equity Minimum-Variance,0.00921133451297863,0.9114956351410826,-0.09460626863587807
2021-12-13,Equity Minimum-Variance,0.008227518121993238,0.9189949819973237,-0.08715712530354058
2021-12-14,Equity Minimum-Variance,-0.004490346301889974,0.9148683762784565,-0.09125610593014044
2021-12-15,Equity Minimum-Variance,0.014045985422828375,0.9277186041554704,-0.07849190244095094
2021-12-16,Equity Minimum-Variance,0.005848671861724061,0.9331445258511925,-0.0731023039604064
2021-12-17,Equity Minimum-Variance,-0.017451476334116586,0.9168597762419899,-0.08927803716698857
2021-12-20,Equity Minimum-Variance,0.0034738802095112234,0.9200448372735738,-0.08611429816393579
2021-12-21,Equity Minimum-Variance,0.0031994635956409737,0.922988487236788,-0.0831903541303346
2021-12-22,Equity Minimum-Variance,0.007029412733773482,0.9294765542620966,-0.07674572073121189
2021-12-23,Equity Minimum-Variance,7.14451754344532e-05,0.929542960877578,-0.07667975866725896
2021-12-27,Equity Minimum-Variance,0.011288653161881674,0.9400362489619936,-0.06625671670550881
2021-12-28,Equity Minimum-Variance,0.007653598137577008,0.9472309086463039,-0.059110220851511075
2021-12-29,Equity Minimum-Variance,0.0004124610258370099,0.9476216044785886,-0.05872214048800406
2021-12-30,Equity Minimum-Variance,0.0002666797545857869,0.9478743159755112,-0.05847112073943228
2021-12-31,Equity Minimum-Variance,-0.0014389410534764292,0.9465103807087182,-0.05982592529683395
2022-01-03,Equity Minimum-Variance,-0.002193016184538185,0.9444346681249906,-0.061887742258941225
2022-01-04,Equity Minimum-Variance,0.0008642395709900579,0.9452508859373991,-0.061076988523770415
2022-01-05,Equity Minimum-Variance,-0.005966052566412579,0.9396114694634485,-0.06667865256605199
2022-01-06,Equity Minimum-Variance,-0.0007970866101704376,0.9388625177423767,-0.06742259051507782
2022-01-07,Equity Minimum-Variance,0.00255263081938498,0.9412590871403314,-0.06504206467816431
2022-01-10,Equity Minimum-Variance,0.002523558894189313,0.9436344098814208,-0.06268264326479012
2022-01-11,Equity Minimum-Variance,0.00025299489023309263,0.9438731445653689,-0.062445506763009306
2022-01-12,Equity Minimum-Variance,-0.0007217231519895847,0.9431919294643948,-0.06312216154703032
2022-01-13,Equity Minimum-Variance,-0.004749109531632337,0.9387126076820167,-0.06757149701960252
2022-01-14,Equity Minimum-Variance,-0.007632882796630676,0.9315475243678604,-0.07468861449908959
2022-01-18,Equity Minimum-Variance,-0.013915362233336389,0.9185847031287139,-0.08756465760696508
2022-01-19,Equity Minimum-Variance,-0.00764501568035982,0.9115621086695562,-0.09454024010687434
2022-01-20,Equity Minimum-Variance,-0.018326670908893252,0.8948562098909525,-0.11113430314768113
2022-01-21,Equity Minimum-Variance,-0.003179792850142477,0.8920107525128357,-0.11396071193526902
2022-01-24,Equity Minimum-Variance,0.0030182953116640377,0.894703104385099,-0.11128638370615307
2022-01-25,Equity Minimum-Variance,-0.002634269154173341,0.8923462155950743,-0.1136274945724498
2022-01-26,Equity Minimum-Variance,-0.014795616589322894,0.8791434031241963,-0.12674192231807335
2022-01-27,Equity Minimum-Variance,0.0005504971971559951,0.8796273691035142,-0.12626119619391574
2022-01-28,Equity Minimum-Variance,0.005243547869163283,0.8842397373204347,-0.12167970495101299
2022-01-31,Equity Minimum-Variance,0.008764916861380331,0.8919900251035772,-0.11398130058724554
2022-02-01,Equity Minimum-Variance,-0.000959398827486854,0.8911342509193628,-0.11483134588859356
2022-02-02,Equity Minimum-Variance,0.007897021763916998,0.8981715574934448,-0.10784114976233883
2022-02-03,Equity Minimum-Variance,-0.0010051000025102029,0.8972688052587535,-0.10873785862495222
2022-02-04,Equity Minimum-Variance,0.0010380106098866887,0.8982001797985324,-0.10781271906601464
2022-02-07,Equity Minimum-Variance,-0.00025579623579846965,0.8979704235735464,-0.10804093721410479
2022-02-08,Equity Minimum-Variance,-0.004695642356285108,0.8937538756179232,-0.11222925796939465
2022-02-09,Equity Minimum-Variance,0.004949621597303711,0.8981776191033556,-0.10783512873118561
2022-02-10,Equity Minimum-Variance,-0.016647341710664634,0.8832253493612708,-0.12268730220544866
2022-02-11,Equity Minimum-Variance,-0.00213508360983409,0.8813395893940597,-0.12456043816720908
2022-02-14,Equity Minimum-Variance,-0.008071929607688199,0.874225478268002,-0.1316269246861087
2022-02-15,Equity Minimum-Variance,-0.002385665075469473,0.8721398690764125,-0.13369857200436308
2022-02-16,Equity Minimum-Variance,-0.004537951570619525,0.8681821405877372,-0.13762980593016583
2022-02-17,Equity Minimum-Variance,-0.007408000136254257,0.8617506471719697,-0.14401824444533684
2022-02-18,Equity Minimum-Variance,-0.00444135844860521,0.8579233036545615,-0.1478199662472215
2022-02-22,Equity Minimum-Variance,-0.004958397724605078,0.8536693786978351,-0.152045413787535
2022-02-23,Equity Minimum-Variance,0.002929942714566297,0.8561705810745992,-0.14956095542537873
2022-02-24,Equity Minimum-Variance,0.0002835276453493734,0.8564133291034688,-0.14931983244555724
2022-02-25,Equity Minimum-Variance,0.022016548088101752,0.8752685943469667,-0.13059079162900034
2022-02-28,Equity Minimum-Variance,-0.0029783680242203977,0.8726617223529594,-0.13318021221517518
2022-03-01,Equity Minimum-Variance,0.0014368453038245271,0.8739156022505495,-0.1319347262738345
2022-03-02,Equity Minimum-Variance,0.013188648704538133,0.8854413681260469,-0.12048611832605138
2022-03-03,Equity Minimum-Variance,0.007080866622521054,0.89171106035581,-0.11425839783726233
2022-03-04,Equity Minimum-Variance,0.00974092190153366,0.9003971481534697,-0.10563045806565585
2022-03-07,Equity Minimum-Variance,-0.00899142850992129,0.8923012915653108,-0.11367211786340958
2022-03-08,Equity Minimum-Variance,-0.00804088160820166,0.8851264025209886,-0.12079897542971807
2022-03-09,Equity Minimum-Variance,0.003462343900215952,0.8881910145216773,-0.11775487912523352
2022-03-10,Equity Minimum-Variance,-0.00018805401062441975,0.8880239866391959,-0.11792078885856783
2022-03-11,Equity Minimum-Variance,-0.0025272432276802065,0.8857797340329444,-0.12015001757120258
2022-03-14,Equity Minimum-Variance,-0.004824840007600715,0.8815059885342603,-0.12439515296711179
2022-03-15,Equity Minimum-Variance,0.005840247418556534,0.8866542016082397,-0.11928140401955234
2022-03-16,Equity Minimum-Variance,0.006837725605398207,0.8927168997457102,-0.11325929192466655
2022-03-17,Equity Minimum-Variance,0.005477184286129074,0.8976064747209592,-0.10840244965252543
2022-03-18,Equity Minimum-Variance,-0.0011923284275015087,0.89653623300444,-0.1094655267576955
2022-03-21,Equity Minimum-Variance,0.0008564844068762001,0.8973041023082078,-0.10870279786757775
2022-03-22,Equity Minimum-Variance,0.006663361548174158,0.9032831639605472,-0.10276376236289342
2022-03-23,Equity Minimum-Variance,-0.012062780841436206,0.892387057115932,-0.11358692646050461
2022-03-24,Equity Minimum-Variance,0.004791329948997408,0.8966627779487892,-0.10933982895407202
2022-03-25,Equity Minimum-Variance,0.005938255865711295,0.9019873909495086,-0.10405086096900307
2022-03-28,Equity Minimum-Variance,0.008989377788317099,0.9100956963670523,-0.09599683567913586
2022-03-29,Equity Minimum-Variance,0.015772155395285623,0.9244498671147342,-0.08173875729363722
2022-03-30,Equity Minimum-Variance,0.0002190604229053171,0.9246523774935791,-0.08153760259747245
2022-03-31,Equity Minimum-Variance,-0.010337425785258939,0.9150938521640759,-0.09103213946717215
2022-04-01,Equity Minimum-Variance,0.005530791681762755,0.9201550456296573,-0.08600482758514738
2022-04-04,Equity Minimum-Variance,0.008008182680410803,0.9275238153293613,-0.07868538727543573
2022-04-05,Equity Minimum-Variance,-0.006602586474264102,0.9213997591317098,-0.08476844667595285
2022-04-06,Equity Minimum-Variance,0.013189617505819826,0.9335526695246117,-0.07269689255835121
2022-04-07,Equity Minimum-Variance,0.00352391333523722,0.9368424282258957,-0.06942915677223072
2022-04-08,Equity Minimum-Variance,0.008221010123664657,0.9445442193126193,-0.061778924449268136
2022-04-11,Equity Minimum-Variance,-0.017333509740344453,0.9281719528869781,-0.07804158860092314
2022-04-12,Equity Minimum-Variance,0.005889973543778481,0.9336388611335596,-0.07261127794931843
2022-04-13,Equity Minimum-Variance,0.005812740111620778,0.9390658611914386,-0.06722060832558974
2022-04-14,Equity Minimum-Variance,0.005013879541566503,0.9437742243010498,-0.06254376481687862
2022-04-18,Equity Minimum-Variance,-0.0058972356823909465,0.9382085652693808,-0.06807216517768044
2022-04-19,Equity Minimum-Variance,0.005005124251623381,0.9429044157124913,-0.06340775057084846
2022-04-20,Equity Minimum-Variance,0.003409205830117535,0.946118970943782,-0.06021471481365159
2022-04-21,Equity Minimum-Variance,-0.01587414993566623,0.931100136542042,-0.07513300733803263
2022-04-22,Equity Minimum-Variance,-0.01594622809944386,0.9162526013813193,-0.08988114736466712
2022-04-25,Equity Minimum-Variance,0.002770650116821213,0.9187912167583742,-0.08735952645929179
2022-04-26,Equity Minimum-Variance,-0.013126021154778957,0.9067311438103786,-0.09933886462169472
2022-04-27,Equity Minimum-Variance,-0.00014114278546606233,0.9066031652510723,-0.09946598644310312
2022-04-28,Equity Minimum-Variance,0.018738593829915433,0.9235916337296278,-0.08259124533303686
2022-04-29,Equity Minimum-Variance,-0.028120174560505428,0.8976200757665284,-0.10838893965760765
2022-05-02,Equity Minimum-Variance,0.007582810866629207,0.9044265590311553,-0.1016280216204366
2022-05-03,Equity Minimum-Variance,0.00020198842216577066,0.9046092427247788,-0.10144656088200577
2022-05-04,Equity Minimum-Variance,0.03037431413591386,0.9320861280335524,-0.07415361645433016
2022-05-05,Equity Minimum-Variance,-0.006078960082907481,0.9264200136674047,-0.0797817996628084
2022-05-06,Equity Minimum-Variance,-0.003473230573121877,0.923202343352383,-0.08297792965016282
2022-05-09,Equity Minimum-Variance,-0.006854332618867316,0.916874407416528,-0.08926350393918292
2022-05-10,Equity Minimum-Variance,-0.0010342644241339441,0.9159261168355383,-0.09020544629681904
2022-05-11,Equity Minimum-Variance,0.01698892668576186,0.9314867184840319,-0.07474901332485018
2022-05-12,Equity Minimum-Variance,0.009670306229581203,0.94049448030056,-0.06580155294447942
2022-05-13,Equity Minimum-Variance,0.009645643713691228,0.9495661549722324,-0.05679060756629828
2022-05-16,Equity Minimum-Variance,0.01317994554867803,0.962081385189634,-0.044359159133020354
2022-05-17,Equity Minimum-Variance,-0.007555236601284564,0.9548126326948347,-0.05157925179162093
2022-05-18,Equity Minimum-Variance,-0.01968893967939737,0.9360133843645796,-0.0702526506937845
2022-05-19,Equity Minimum-Variance,-0.00999791635565899,0.9266552008399253,-0.07954818692404375
2022-05-20,Equity Minimum-Variance,0.006380522233111185,0.9325677449513126,-0.07367522366620505
2022-05-23,Equity Minimum-Variance,0.017105528100458477,0.9485198087181583,-0.05782994917447648
2022-05-24,Equity Minimum-Variance,0.013992420907354208,0.961791897120706,-0.04464670925702241
2022-05-25,Equity Minimum-Variance,0.006011380430068764,0.9675735941088561,-0.0389037171812483
2022-05-26,Equity Minimum-Variance,0.00022567787533394232,0.9677919540618038,-0.038686819014150386
2022-05-27,Equity Minimum-Variance,0.006210666000891427,0.9738025866468317,-0.03271642392479279
2022-05-31,Equity Minimum-Variance,-0.014139768328866167,0.9600332436735949,-0.046393589598813456
2022-06-01,Equity Minimum-Variance,0.001329751199691455,0.9613098490311135,-0.045125530330549
2022-06-02,Equity Minimum-Variance,0.0025656588045127335,0.9637762421091449,-0.042675648240237174
2022-06-03,Equity Minimum-Variance,-0.0067456819611018334,0.9572749140982107,-0.04913345385082657
2022-06-06,Equity Minimum-Variance,-0.003536787439848581,0.9538892362055461,-0.05249646670821917
2022-06-07,Equity Minimum-Variance,0.007680085548676839,0.9612151871435668,-0.04521955851486459
2022-06-08,Equity Minimum-Variance,-0.0035471489027104506,0.9578056137472218,-0.048606306910208064
2022-06-09,Equity Minimum-Variance,-0.024505349571536727,0.934334252360766,-0.07192054193952868
2022-06-10,Equity Minimum-Variance,-0.008292353392123144,0.9265864225538253,-0.07961650478173621
2022-06-13,Equity Minimum-Variance,-0.02734626346373857,0.9012477461207453,-0.10478555432965153
2022-06-14,Equity Minimum-Variance,-0.02020566196139295,0.8830374388191622,-0.1228739548018224
2022-06-15,Equity Minimum-Variance,0.0014037449870333138,0.8842769981972672,-0.12164269351287915
2022-06-16,Equity Minimum-Variance,0.0021524477594408397,0.886180358240762,-0.11975207529654253
2022-06-17,Equity Minimum-Variance,-0.003444326286613928,0.8831280639381924,-0.12278393636233598
2022-06-21,Equity Minimum-Variance,0.021771662421272677,0.9023552300210069,-0.10368548435429903
2022-06-22,Equity Minimum-Variance,-0.0016939009273073487,0.9008267296601137,-0.10520375234351032
2022-06-23,Equity Minimum-Variance,0.014490886831831808,0.9138805078547075,-0.09223736118117243
2022-06-24,Equity Minimum-Variance,0.013485504668323095,0.9262046477096717,-0.07999572387765175
2022-06-27,Equity Minimum-Variance,-0.0029545463980318416,0.9234681331039407,-0.08271391919784299
2022-06-28,Equity Minimum-Variance,-0.010384963649070298,0.9138779501105815,-0.09223990180277153
2022-06-29,Equity Minimum-Variance,0.0036478547498683413,0.9172116441316923,-0.08892852481682179
2022-06-30,Equity Minimum-Variance,-0.01113015522631003,0.9070029361571276,-0.09906889175787381
2022-07-01,Equity Minimum-Variance,0.021696330997822835,0.9266815720759898,-0.07952199222721734
2022-07-05,Equity Minimum-Variance,-0.002528516568507041,0.9243384423672655,-0.08184943612081719
2022-07-06,Equity Minimum-Variance,0.0007424204962299883,0.9250246901723324,-0.08116778232356803
2022-07-07,Equity Minimum-Variance,-0.0016432734198383973,0.9235046216862779,-0.08267767488416689
2022-07-08,Equity Minimum-Variance,-0.0029371912114518443,0.9207921120277258,-0.0853720259555657
2022-07-11,Equity Minimum-Variance,0.0022896023191331283,0.9229003597828641,-0.0832778916250494
2022-07-12,Equity Minimum-Variance,-0.005074833687275893,0.918216793947039,-0.08793010386250111
2022-07-13,Equity Minimum-Variance,-0.0036506518211896427,0.9148647041359694,-0.09125975348988768
2022-07-14,Equity Minimum-Variance,-0.0009440482680378627,0.9140010276965409,-0.09211764814570178
2022-07-15,Equity Minimum-Variance,0.008539727200319236,0.9218063471338807,-0.08436458053088203
2022-07-18,Equity Minimum-Variance,-0.01269084894279264,0.9101078420278972,-0.095984771326035
2022-07-19,Equity Minimum-Variance,0.01168417481409909,0.9207417011538336,-0.08542209935960077
2022-07-20,Equity Minimum-Variance,-0.0032115507441786467,0.9177846924582966,-0.0883593126970118
2022-07-21,Equity Minimum-Variance,0.004024703848652452,0.9214785040422679,-0.08469022891423517
2022-07-22,Equity Minimum-Variance,-0.002813484714500567,0.9188859383564041,-0.08726543896421812
2022-07-25,Equity Minimum-Variance,-0.0060972988087385,0.913283216219097,-0.09283065431591597
2022-07-26,Equity Minimum-Variance,-0.006647073264096161,0.9072125557700192,-0.0988606754196204
2022-07-27,Equity Minimum-Variance,-0.0006153999199872719,0.906654257235787,-0.09941523648786443
2022-07-28,Equity Minimum-Variance,0.006069802576606531,0.9121574695824481,-0.09394886476984576
2022-07-29,Equity Minimum-Variance,0.006537961702538099,0.9181211201852623,-0.08802513714716986
2022-08-01,Equity Minimum-Variance,-0.004044193894717932,0.9144080603563974,-0.0917133403196555
2022-08-02,Equity Minimum-Variance,-0.008116892193059933,0.9069859087100196,-0.09908580521667532
2022-08-03,Equity Minimum-Variance,0.015610838386797454,0.9211447191499943,-0.08502177932154109
2022-08-04,Equity Minimum-Variance,-0.009906294020786752,0.9120195887263993,-0.09408582259819831
2022-08-05,Equity Minimum-Variance,-0.00844565447099493,0.9043169864092373,-0.10173686072090948
2022-08-08,Equity Minimum-Variance,0.007023766801657289,0.9106686980365533,-0.09542766990408857
2022-08-09,Equity Minimum-Variance,-0.0036243591349653754,0.9073681076218975,-0.09870616489190864
2022-08-10,Equity Minimum-Variance,0.015063865646925407,0.9210365788874185,-0.08512919565143828
2022-08-11,Equity Minimum-Variance,-0.0037048961419136298,0.9176242340197373,-0.08851869696481862
2022-08-12,Equity Minimum-Variance,0.013892513498147092,0.9303723410770833,-0.07585593065909368
2022-08-15,Equity Minimum-Variance,0.014167683710974953,0.9435535621389027,-0.06276294978129848
2022-08-16,Equity Minimum-Variance,0.016651903916109,0.9592655253953422,-0.04715616847443915
2022-08-17,Equity Minimum-Variance,-0.00648791711574941,0.9530418901745814,-0.053338140277630064
2022-08-18,Equity Minimum-Variance,-0.0039444418700375385,0.9492826718390771,-0.05707219295388655
2022-08-19,Equity Minimum-Variance,-0.006733647229522354,0.9428905372058144,-0.06342153616944213
2022-08-22,Equity Minimum-Variance,-0.011853434743812558,0.931714045752487,-0.07452320787291788
2022-08-23,Equity Minimum-Variance,-0.007560332943778803,0.924669977358203,-0.08152012055313895
2022-08-24,Equity Minimum-Variance,-0.005858908187141451,0.9192524208574552,-0.08690140983855477
2022-08-25,Equity Minimum-Variance,0.005896480497397379,0.9246727748292265,-0.08151734180946679
2022-08-26,Equity Minimum-Variance,-0.012366862564314612,0.91323747370595,-0.09287609061101554
2022-08-29,Equity Minimum-Variance,-0.0054865795416507,0.9082269236660462,-0.09785309809401133
2022-08-30,Equity Minimum-Variance,-0.0071345180495692145,0.901747162286046,-0.1042894814490225
2022-08-31,Equity Minimum-Variance,-0.0006667541255442216,0.9011459186453941,-0.10488670013255974
2022-09-01,Equity Minimum-Variance,0.011714105751071714,0.9117020372335528,-0.09440124827872176
2022-09-02,Equity Minimum-Variance,-0.007729037337896682,0.9046554581467382,-0.10140065484392824
2022-09-06,Equity Minimum-Variance,-0.005161964917966503,0.8999856584089378,-0.10603919313893151
2022-09-07,Equity Minimum-Variance,0.013081932394608383,0.9117592099483606,-0.09434445830014548
2022-09-08,Equity Minimum-Variance,-0.0046622600925252085,0.907508351369826,-0.09856685998978709
2022-09-09,Equity Minimum-Variance,0.01090768459386726,0.9174071662328684,-0.08873431161609635
2022-09-12,Equity Minimum-Variance,0.008004594257676727,0.9247506383676476,-0.08143999951964065
2022-09-13,Equity Minimum-Variance,-0.02774187354257497,0.8990963230996368,-0.1069225748942344
2022-09-14,Equity Minimum-Variance,0.012663265663806905,0.9104818186963994,-0.09561329820177156
2022-09-15,Equity Minimum-Variance,-0.008569505478607473,0.9026794397629082,-0.10336344499761119
2022-09-16,Equity Minimum-Variance,0.001999202646758288,0.9044840788880566,-0.1015708868236701
2022-09-19,Equity Minimum-Variance,0.00277295094196662,0.9069921688666032,-0.09907958696799746
2022-09-20,Equity Minimum-Variance,-0.009973285014783555,0.8979464774603199,-0.10806472302280212
2022-09-21,Equity Minimum-Variance,-0.009959825433367672,0.8890030872963076,-0.11694824267935744
2022-09-22,Equity Minimum-Variance,0.002338454228342707,0.8910819803248053,-0.11488326656360559
2022-09-23,Equity Minimum-Variance,-0.01849390538583878,0.8746023944896526,-0.13125253168720086
2022-09-26,Equity Minimum-Variance,-0.00911010050990573,0.8666346787696477,-0.13916690844125656
2022-09-27,Equity Minimum-Variance,-0.008278762343826952,0.859460016225195,-0.14629354102397318
2022-09-28,Equity Minimum-Variance,0.023797296730687083,0.879912841259467,-0.12597763509881665
2022-09-29,Equity Minimum-Variance,-0.019835615535407736,0.862459228435576,-0.1433144066983444
2022-09-30,Equity Minimum-Variance,-0.02144331035701703,0.8439652475299585,-0.161684581753897
2022-10-03,Equity Minimum-Variance,0.025869113981798475,0.8657978807149876,-0.13999810464658957
2022-10-04,Equity Minimum-Variance,0.021572569184728833,0.8844753653967034,-0.12144565426008025
2022-10-05,Equity Minimum-Variance,-0.0018203207775185515,0.8828653365118684,-0.1230449049898098
2022-10-06,Equity Minimum-Variance,0.0027667299820811125,0.8853079865085358,-0.12061860703550642
2022-10-07,Equity Minimum-Variance,-0.01050396538425183,0.8760087420638485,-0.12985559874676067
2022-10-10,Equity Minimum-Variance,-0.002920012123651246,0.8734507859165976,-0.13239643094774722
2022-10-11,Equity Minimum-Variance,0.008764599526799716,0.8811062322615251,-0.12479223311698218
2022-10-12,Equity Minimum-Variance,-0.0037255615647150647,0.8778236167481807,-0.12805287353442163
2022-10-13,Equity Minimum-Variance,0.012956640296102728,0.8891972615938109,-0.11675536825958666
2022-10-14,Equity Minimum-Variance,-0.00862812451595435,0.8815251569015339,-0.12437611292029116
2022-10-17,Equity Minimum-Variance,0.006351145049603865,0.8871238510378904,-0.11881489860454986
2022-10-18,Equity Minimum-Variance,0.011878490946447927,0.8976615436708221,-0.10834774935547908
2022-10-19,Equity Minimum-Variance,-0.0018073003933545522,0.8960391996098466,-0.10995923281880438
2022-10-20,Equity Minimum-Variance,-0.0077058452271850635,0.8891344602201623,-0.11681774921658783
2022-10-21,Equity Minimum-Variance,0.019151411679160697,0.9061626403059669,-0.09990356234410691
2022-10-24,Equity Minimum-Variance,0.017578043858332015,0.9220912069400471,-0.08408162768626326
2022-10-25,Equity Minimum-Variance,0.0068672435703361345,0.9284234318521696,-0.07779179313303908
2022-10-26,Equity Minimum-Variance,0.015635295189873916,0.9429396062703741,-0.06337279559214981
2022-10-27,Equity Minimum-Variance,0.0020686496944872226,0.9448902179988052,-0.06143524201190298
2022-10-28,Equity Minimum-Variance,0.024912486944103432,0.9684297832183116,-0.03805325973232887
2022-10-31,Equity Minimum-Variance,-0.009681404124930803,0.959054023120356,-0.04736625487152002
2022-11-01,Equity Minimum-Variance,0.0009528542143886104,0.9599678617881127,-0.04645853379270548
2022-11-02,Equity Minimum-Variance,-0.018825300560443372,0.9418961782615852,-0.06440923849090374
2022-11-03,Equity Minimum-Variance,-0.015414765002131028,0.9273770700172775,-0.07883115021773135
2022-11-04,Equity Minimum-Variance,0.024388916234983862,0.9499947916961737,-0.05636484030211508
2022-11-07,Equity Minimum-Variance,0.024083273975283905,0.9728737765396854,-0.03363901621840015
2022-11-08,Equity Minimum-Variance,0.009316725086004935,0.981937774059089,-0.024635696598665824
2022-11-09,Equity Minimum-Variance,-0.014304693511528303,0.9678914551537814,-0.03858798402090713
2022-11-10,Equity Minimum-Variance,0.010485503667665036,0.978040284556698,-0.028507094801221156
2022-11-11,Equity Minimum-Variance,-0.002556024593716608,0.9755403895357255,-0.030990254559530417
2022-11-14,Equity Minimum-Variance,0.011133598631885927,0.98640166468201,-0.020201688983410238
2022-11-15,Equity Minimum-Variance,0.007255863986846458,0.9935588609973416,-0.013092405704131949
2022-11-16,Equity Minimum-Variance,-0.001189157868024612,0.992377362660441,-0.01426599463490219
2022-11-17,Equity Minimum-Variance,0.0030227935152769385,0.9953771145169985,-0.011286324275696646
2022-11-18,Equity Minimum-Variance,0.007218301210072004,1.0025620463471945,-0.004149491153801255
2022-11-21,Equity Minimum-Variance,0.006230726554407789,1.0088087363118112,0.0
2022-11-22,Equity Minimum-Variance,0.0029813137985591227,1.0118163117174845,0.0
2022-11-23,Equity Minimum-Variance,0.002748284700759747,1.014597071006957,0.0
2022-11-25,Equity Minimum-Variance,0.00146290253637098,1.0160813276355276,0.0
2022-11-28,Equity Minimum-Variance,-0.014159696098804549,1.0016939248245387,-0.01415969609880452
2022-11-29,Equity Minimum-Variance,0.0011320360324434172,1.0028278784409197,-0.013043689352553511
2022-11-30,Equity Minimum-Variance,0.020312166228026268,1.0231974850059107,0.0
2022-12-01,Equity Minimum-Variance,0.00632463120863917,1.02966883175218,0.0
2022-12-02,Equity Minimum-Variance,0.007815354214972134,1.03771605839644,0.0
2022-12-05,Equity Minimum-Variance,-0.004042968987939316,1.0335206045540566,-0.004042968987939322
2022-12-06,Equity Minimum-Variance,-0.016792340588586776,1.0161653745570627,-0.020767418664291548
2022-12-07,Equity Minimum-Variance,0.004931194483057995,1.021176283645953,-0.01593863236157833
2022-12-08,Equity Minimum-Variance,0.0018906279442262284,1.023106948063795,-0.014078138441087629
2022-12-09,Equity Minimum-Variance,-0.01025025216648335,1.01261984385286,-0.024184086138515193
2022-12-12,Equity Minimum-Variance,0.00040891067479925354,1.013033914916525,-0.023785064594698202
2022-12-13,Equity Minimum-Variance,-0.002461295529907102,1.0105405390700968,-0.02618781805143977
2022-12-14,Equity Minimum-Variance,0.002263908305650562,1.0128283101896942,-0.0239831965645827
2022-12-15,Equity Minimum-Variance,-0.008593100518242152,1.004124974712513,-0.032370207063996514
2022-12-16,Equity Minimum-Variance,0.0016993517051628476,1.0058313362004874,-0.0307258637254042
2022-12-19,Equity Minimum-Variance,0.002238438004996308,1.0080828272900546,-0.02855620366150735
2022-12-20,Equity Minimum-Variance,-0.002894490256129665,1.005164941369092,-0.03136803826438661
2022-12-21,Equity Minimum-Variance,-0.0025950844492079695,1.002556453460856,-0.03388172000529255
2022-12-22,Equity Minimum-Variance,-0.004259076315154247,0.9982864890153158,-0.037996491489255546
2022-12-23,Equity Minimum-Variance,0.00553611545755139,1.0038131182782182,-0.03267072899557055
2022-12-27,Equity Minimum-Variance,0.0028609926423217285,1.0066850202238782,-0.02990320706852445
2022-12-28,Equity Minimum-Variance,-0.007356170768982238,0.999279673304535,-0.03703940473977041
2022-12-29,Equity Minimum-Variance,0.0023206580951780236,1.001598659767736,-0.03480470243904232
2022-12-30,Equity Minimum-Variance,0.002050046406875313,1.003651983501324,-0.03282600728734453
2023-01-03,Equity Minimum-Variance,0.004110160107680709,1.0077771538459057,-0.028850767325310778
2023-01-04,Equity Minimum-Variance,0.0046593926678043735,1.0124727833273162,-0.024325801711242434
2023-01-05,Equity Minimum-Variance,0.005554562832944432,1.018096627018954,-0.018906358072364737
2023-01-06,Equity Minimum-Variance,0.009793686189627284,1.0280675458946957,-0.009297834820686801
2023-01-09,Equity Minimum-Variance,-0.018562204555549494,1.0089843458108767,-0.02768745106437087
2023-01-10,Equity Minimum-Variance,-0.0034848768693211763,1.0054681596026531,-0.03107584057590751
2023-01-11,Equity Minimum-Variance,-0.004425057605462483,1.001018905075953,-0.03536338579668341
2023-01-12,Equity Minimum-Variance,-0.005138151036877443,0.9958755187509031,-0.04031983441616216
2023-01-13,Equity Minimum-Variance,-0.0030787564044303757,0.9928094606195333,-0.04327445587215817
2023-01-17,Equity Minimum-Variance,-0.012289394168065437,0.9806084338241955,-0.05503203319460204
2023-01-18,Equity Minimum-Variance,-0.020764465036340204,0.9602466242857126,-0.0746537875017943
2023-01-19,Equity Minimum-Variance,0.0035213981739269456,0.9636280349949919,-0.07139527503885279
2023-01-20,Equity Minimum-Variance,0.005441609717309316,0.9688717226740924,-0.06634217054396485
2023-01-23,Equity Minimum-Variance,-0.002435956535802001,0.9665115932688907,-0.068616520435831
2023-01-24,Equity Minimum-Variance,0.0017212683938098634,0.9681752191266353,-0.06701335948994047
2023-01-25,Equity Minimum-Variance,-0.0039027525661460886,0.9643966708057097,-0.07065457549537124
2023-01-26,Equity Minimum-Variance,-0.0011196549030548847,0.9633168793447523,-0.07169512165654945
2023-01-27,Equity Minimum-Variance,-0.011179992917586014,0.952547003456287,-0.08207356362178964
2023-01-30,Equity Minimum-Variance,0.00023784645524310873,0.9527735633845115,-0.08185523807272321
2023-01-31,Equity Minimum-Variance,0.007293038916545525,0.9597221780609305,-0.07515917259296512
2023-02-01,Equity Minimum-Variance,-0.03251813478272385,0.9285138029207759,-0.1052332712711529
2023-02-02,Equity Minimum-Variance,-0.013942521721195656,0.915567979055123,-0.11770857582185801
2023-02-03,Equity Minimum-Variance,-0.0018235874890014793,0.9138983607431878,-0.11931751142464253
2023-02-06,Equity Minimum-Variance,0.0025015412621849625,0.91618451520203,-0.11711444784058755
2023-02-07,Equity Minimum-Variance,0.009031432314420312,0.9244589736385971,-0.10914072673488029
2023-02-08,Equity Minimum-Variance,-0.008220929138970188,0.916859061924429,-0.11646441769318738
2023-02-09,Equity Minimum-Variance,0.0007500908664671323,0.917546789532616,-0.11580168572270044
2023-02-10,Equity Minimum-Variance,0.012307094911254014,0.9288391249569103,-0.10491977314851886
2023-02-13,Equity Minimum-Variance,0.0061798597398850606,0.9345792204700616,-0.09938830289063227
2023-02-14,Equity Minimum-Variance,-0.012467635564419426,0.9229272273431617,-0.1106168013152451
2023-02-15,Equity Minimum-Variance,0.005281497003835262,0.9278016647291326,-0.10591952661613013
2023-02-16,Equity Minimum-Variance,-0.00807434305016126,0.9203102758055989,-0.11313863907268207
2023-02-17,Equity Minimum-Variance,0.012263551450195125,0.9315965482230841,-0.10226256914375986
2023-02-21,Equity Minimum-Variance,-0.0027025775272020783,0.9290788363274374,-0.10468877414972011
2023-02-22,Equity Minimum-Variance,0.0027891986702421965,0.931670221782272,-0.10219157326912554
2023-02-23,Equity Minimum-Variance,-0.004252390133064931,0.9277083965238947,-0.10600940496433842
2023-02-24,Equity Minimum-Variance,-0.00038311985775968524,0.927352973014976,-0.10635191051394699
2023-02-27,Equity Minimum-Variance,-0.005578245698463471,0.9221799702822979,-0.11133689912506262
2023-02-28,Equity Minimum-Variance,-0.01318653453837286,0.9100196122535748,-0.12305528579772751
2023-03-01,Equity Minimum-Variance,-0.0029030690955068926,0.9073777624409363,-0.1256011168959963
2023-03-02,Equity Minimum-Variance,0.00019655533766733821,0.9075561123834246,-0.1254292491282719
2023-03-03,Equity Minimum-Variance,0.002744584365767972,0.9100469767005294,-0.12302891591867127
2023-03-06,Equity Minimum-Variance,0.013384936994373913,0.9222278981455865,-0.11129071321235484
2023-03-07,Equity Minimum-Variance,-0.01086162704147434,0.9122110026686864,-0.12094354203373692
2023-03-08,Equity Minimum-Variance,-0.010706622258262128,0.9024443040432822,-0.13035526747286752
2023-03-09,Equity Minimum-Variance,-0.00948373008039028,0.8938857658511501,-0.13860274338198808
2023-03-10,Equity Minimum-Variance,-0.009886593736647385,0.8850482804372078,-0.147119028104033
2023-03-13,Equity Minimum-Variance,0.006056781317290752,0.8904088243270601,-0.14195331456758076
2023-03-14,Equity Minimum-Variance,-5.874095786307954e-05,0.8903565208598294,-0.14200371705177428
2023-03-15,Equity Minimum-Variance,-0.0002447695891066807,0.8901385886600601,-0.1422137284494066
2023-03-16,Equity Minimum-Variance,-0.0052513769969911046,0.8854641353514365,-0.14671828754416216
2023-03-17,Equity Minimum-Variance,-0.005663723905409096,0.8804491109606641,-0.15155103957704674
2023-03-20,Equity Minimum-Variance,0.012435435629337854,0.8913978792049233,-0.14100020714492845
2023-03-21,Equity Minimum-Variance,0.004504001997594688,0.8954127370335139,-0.1371312703619758
2023-03-22,Equity Minimum-Variance,-0.009167754327542119,0.8872038130386385,-0.14504183889221567
2023-03-23,Equity Minimum-Variance,0.008181902427702574,0.8944628280704063,-0.1380466546382637
2023-03-24,Equity Minimum-Variance,0.011334002133549615,0.9046006716721371,-0.12827727358291363
2023-03-27,Equity Minimum-Variance,0.010006929377809897,0.9136529467086797,-0.11955400582262576
2023-03-28,Equity Minimum-Variance,-0.0004227087702117734,0.9132667375951761,-0.11992617806606243
2023-03-29,Equity Minimum-Variance,-0.0009953021959641021,0.9123577612057466,-0.12080211747364378
2023-03-30,Equity Minimum-Variance,0.00273171432263859,0.9148500619694029,-0.118400400025513
2023-03-31,Equity Minimum-Variance,0.004617737433473198,0.9190745993465743,-0.11432940455137575
2023-04-03,Equity Minimum-Variance,0.006633935786553772,0.925171681221692,-0.10845392269313081
2023-04-04,Equity Minimum-Variance,0.007036224777032774,0.9316813971281132,-0.1021808040941179
2023-04-05,Equity Minimum-Variance,0.016684907722733063,0.9472264152661828,-0.0872007736587298
2023-04-06,Equity Minimum-Variance,0.0018896286211092094,0.9490163214111405,-0.08547592211530897
2023-04-10,Equity Minimum-Variance,-0.004028607090569133,0.9451931075296377,-0.08916018029997141
2023-04-11,Equity Minimum-Variance,-0.0008155077616025496,0.944422295214234,-0.0899029772425135
2023-04-12,Equity Minimum-Variance,-0.00010077092739799588,0.94432712490369,-0.08999468856351889
2023-04-13,Equity Minimum-Variance,0.006815221335306672,0.9507629232728425,-0.08379280094977448
2023-04-14,Equity Minimum-Variance,-0.0018387209305021925,0.9490147355858752,-0.08547745030334497
2023-04-17,Equity Minimum-Variance,-0.0031136079616433747,0.9460598757494382,-0.08832491499518291
2023-04-18,Equity Minimum-Variance,-0.006603050157374585,0.9398129949379851,-0.09434475130869846
2023-04-19,Equity Minimum-Variance,-0.0020580145380133625,0.9378788461313888,-0.09620860297693323
2023-04-20,Equity Minimum-Variance,0.005195556212947739,0.942751648397399,-0.09151290396892131
2023-04-21,Equity Minimum-Variance,0.0070901734086993755,0.9494359210658738,-0.08507157291849521
2023-04-24,Equity Minimum-Variance,0.0034508476057587808,0.9527122797409054,-0.08191429434646025
2023-04-25,Equity Minimum-Variance,-0.0011135264892300164,0.9516514093807992,-0.08293660709908901
2023-04-26,Equity Minimum-Variance,-0.013399093838118468,0.9389001428453282,-0.09522442555607158
2023-04-27,Equity Minimum-Variance,0.0014151832711989804,0.9402288586208093,-0.09394400229892896
2023-04-28,Equity Minimum-Variance,0.003875223954540624,0.943872456016487,-0.09043283239248268
2023-05-01,Equity Minimum-Variance,0.0007089822083697871,0.9445416447947729,-0.08978796545333168
2023-05-02,Equity Minimum-Variance,-0.008704479404969455,0.9363199015005208,-0.09771088736219857
2023-05-03,Equity Minimum-Variance,-0.024060225498913984,0.9137918335312973,-0.11942016687747903
2023-05-04,Equity Minimum-Variance,0.004661943516953945,0.9180518794454741,-0.11531495343329312
2023-05-05,Equity Minimum-Variance,0.013376343211819557,0.9303320564711927,-0.10348110261605226
2023-05-08,Equity Minimum-Variance,-0.0013958671428943106,0.9290334365215832,-0.10473252388789445
2023-05-09,Equity Minimum-Variance,-0.0033585958264663023,0.9259131886990343,-0.10773936549673546
2023-05-10,Equity Minimum-Variance,-0.002793325890174322,0.9233268114169874,-0.11023174022787685
2023-05-11,Equity Minimum-Variance,0.0028768941499363295,0.9259831249192323,-0.10767197112653937
2023-05-12,Equity Minimum-Variance,0.00345520393173968,0.9291825854531779,-0.10458879581277414
2023-05-15,Equity Minimum-Variance,-0.0007208491521238666,0.9285127849742857,-0.10523425222011473
2023-05-16,Equity Minimum-Variance,-0.013020384488998164,0.9164231915109701,-0.1168844462837948
2023-05-17,Equity Minimum-Variance,-0.002016043720180904,0.9145756422906962,-0.11866484585005843
2023-05-18,Equity Minimum-Variance,0.00258027556384298,0.9169354994717848,-0.11639075828824963
2023-05-19,Equity Minimum-Variance,-0.007513024779184893,0.910046540343339,-0.12302933641634684
2023-05-22,Equity Minimum-Variance,-0.012739973690641906,0.8984525713621051,-0.13420191959786743
2023-05-23,Equity Minimum-Variance,-0.0004841533570811344,0.898017582533502,-0.13462109864504845
2023-05-24,Equity Minimum-Variance,-0.006094538597237401,0.8925445797157537,-0.13989518376059107
2023-05-25,Equity Minimum-Variance,-0.007802408691020707,0.8855805821298561,-0.1466060730540062
2023-05-26,Equity Minimum-Variance,-0.0009688571555314158,0.8847225810460599,-0.14743288986661485
2023-05-30,Equity Minimum-Variance,-0.003974361526444626,0.8812063736583737,-0.1508212997878411
2023-05-31,Equity Minimum-Variance,0.0013830697923712895,0.8824251435746258,-0.14964682637925242
2023-06-01,Equity Minimum-Variance,-0.004251442286743814,0.8786735640043466,-0.1532620538202505
2023-06-02,Equity Minimum-Variance,0.0019286054551269248,0.8803681786331611,-0.15162903039818543
2023-06-05,Equity Minimum-Variance,0.0022606120626476336,0.8823583495573503,-0.14971119275070355
2023-06-06,Equity Minimum-Variance,-0.003680691020532439,0.8791106611032427,-0.1528408431284053
2023-06-07,Equity Minimum-Variance,0.005881945089717178,0.8842815417396369,-0.14785789948543548
2023-06-08,Equity Minimum-Variance,0.00900926788682999,0.8922482710365485,-0.14018072302425355
2023-06-09,Equity Minimum-Variance,0.009208575710466628,0.9004646067929216,-0.13226301211490366
2023-06-12,Equity Minimum-Variance,-0.0018276570850076447,0.8988188662745179,-0.13384893776873497
2023-06-13,Equity Minimum-Variance,0.001314811244322895,0.9000006434265052,-0.13271011261283117
2023-06-14,Equity Minimum-Variance,-0.010871522000111877,0.8902162666313791,-0.14213887370403533
2023-06-15,Equity Minimum-Variance,0.008163686088367804,0.8974837127829164,-0.13513556476154143
2023-06-16,Equity Minimum-Variance,0.00034142157856617756,0.8977901330888722,-0.1348402813808165
2023-06-20,Equity Minimum-Variance,-0.00988637534370103,0.8889142428532844,-0.14339357509133643
2023-06-21,Equity Minimum-Variance,-0.0065263748327952335,0.8831128553102134,-0.14898410970447107
2023-06-22,Equity Minimum-Variance,0.00760910372093274,0.8898325526235579,-0.14250864152705056
2023-06-23,Equity Minimum-Variance,-0.005067858940051878,0.8853230067665954,-0.14685428677410495
2023-06-26,Equity Minimum-Variance,0.005051923264816135,0.8897955906613565,-0.1425442600971809
2023-06-27,Equity Minimum-Variance,-9.952654249806024e-05,0.889707032382688,-0.14262959970231848
2023-06-28,Equity Minimum-Variance,0.0002502625652463414,0.8899296927469298,-0.14241503198657368
2023-06-29,Equity Minimum-Variance,-0.009339535164927228,0.881618163087207,-0.15042447695224803
2023-06-30,Equity Minimum-Variance,0.0064899921733115335,0.8873398580654922,-0.14491073845703117
2023-07-03,Equity Minimum-Variance,0.005902694907928448,0.8925775545272973,-0.13986340742709724
2023-07-05,Equity Minimum-Variance,0.0038298040274146296,0.8959959516404059,-0.13656925284073473
2023-07-06,Equity Minimum-Variance,-0.011308802515664414,0.8858633103684697,-0.1463336206463115
2023-07-07,Equity Minimum-Variance,-0.018708061373827158,0.8692905251892746,-0.16230406366403316
2023-07-10,Equity Minimum-Variance,-0.0002548602916474787,0.8690689775524986,-0.16251755909467958
2023-07-11,Equity Minimum-Variance,0.0035681146968194848,0.8721699153438535,-0.15952932568895717
2023-07-12,Equity Minimum-Variance,-0.0063246441051317236,0.8666537510301008,-0.1648450035847745
2023-07-13,Equity Minimum-Variance,-0.00282983449044255,0.8642012643541644,-0.16720835399849565
2023-07-14,Equity Minimum-Variance,0.0018518903037381012,0.8658016702961001,-0.16566611522423136
2023-07-17,Equity Minimum-Variance,0.00039530806076431126,0.8661439286753915,-0.16533629631421065
2023-07-18,Equity Minimum-Variance,0.0054354493114949646,0.8708518100961656,-0.16079952406068188
2023-07-19,Equity Minimum-Variance,0.01077114075575977,0.8802318775201197,-0.15176037761203887
2023-07-20,Equity Minimum-Variance,0.02028910158544845,0.8980909915018754,-0.1345503577446071
2023-07-21,Equity Minimum-Variance,0.004024182405899122,0.9017050734687737,-0.1310676305210513
2023-07-24,Equity Minimum-Variance,0.005572749265041816,0.9067300497542314,-0.12622528829766633
2023-07-25,Equity Minimum-Variance,-0.00283405143716452,0.9041603301536052,-0.12870161077512432
2023-07-26,Equity Minimum-Variance,-0.0013932204476145994,0.9029006354937132,-0.12991552150696606
2023-07-27,Equity Minimum-Variance,0.0007162610757712915,0.9035473480742067,-0.1292923138623886
2023-07-28,Equity Minimum-Variance,-0.005644558345863212,0.8984472223497518,-0.13420707419898392
2023-07-31,Equity Minimum-Variance,-0.004715766872837007,0.8942103547016024,-0.13828995179721304
2023-08-01,Equity Minimum-Variance,-0.010779827916268447,0.8845709209569738,-0.14757903783055848
2023-08-02,Equity Minimum-Variance,-0.012354458936955153,0.8736425258371862,-0.15811023760468068
2023-08-03,Equity Minimum-Variance,0.00011052915164649142,0.8737390888044093,-0.15801718424346323
2023-08-04,Equity Minimum-Variance,-0.006985983334336518,0.8676351620914633,-0.16389926216213613
2023-08-07,Equity Minimum-Variance,0.015607885922974036,0.8811771127241479,-0.1508494972258484
2023-08-08,Equity Minimum-Variance,-0.003715260924916499,0.8779033098293132,-0.1540043129081783
2023-08-09,Equity Minimum-Variance,0.003613344522676316,0.8810754769453243,-0.15094743902601737
2023-08-10,Equity Minimum-Variance,-0.0024807645507303245,0.8788897361356005,-0.15305373852098847
2023-08-11,Equity Minimum-Variance,0.00747380867125453,0.8854583898666073,-0.14672382420786
2023-08-14,Equity Minimum-Variance,-0.0021860015003634663,0.8835227764978494,-0.14858908720836617
2023-08-15,Equity Minimum-Variance,-0.010006745182584494,0.8746815892104258,-0.15710893925834368
2023-08-16,Equity Minimum-Variance,-0.0002975158318143607,0.8744213575898392,-0.1573597126934092
2023-08-17,Equity Minimum-Variance,-0.001031536737560912,0.8735193598353773,-0.15822892710631487
2023-08-18,Equity Minimum-Variance,0.004414276094995683,0.8773753154640146,-0.1545131171817814
2023-08-21,Equity Minimum-Variance,-0.006361454213822941,0.8717939325663518,-0.15989164327521732
2023-08-22,Equity Minimum-Variance,-0.007548134448995734,0.8652135147515223,-0.16623289410350084
2023-08-23,Equity Minimum-Variance,0.009106892932362822,0.8730929215939977,-0.1586398663395755
2023-08-24,Equity Minimum-Variance,-0.007492188926662665,0.8665515444748835,-0.16494349541632158
2023-08-25,Equity Minimum-Variance,0.002182819404663991,0.8684430700013048,-0.1631207178741254
2023-08-28,Equity Minimum-Variance,0.0010771392834005614,0.8693785041474003,-0.1622192823238836
2023-08-29,Equity Minimum-Variance,0.0021918701394410597,0.8712840689305128,-0.16038297578540983
2023-08-30,Equity Minimum-Variance,1.1659144983110388e-05,0.8712942273577938,-0.1603731865687944
2023-08-31,Equity Minimum-Variance,-0.007120612618639656,0.8650900786879221,-0.16635184385146073
2023-09-01,Equity Minimum-Variance,0.0037077631723807644,0.8682976278224731,-0.16326087391937005
2023-09-05,Equity Minimum-Variance,-0.006179480081964206,0.8629319999261273,-0.16843148668278551
2023-09-06,Equity Minimum-Variance,-0.0024689375189411744,0.8608014747352148,-0.17048457738488443
2023-09-07,Equity Minimum-Variance,0.008800318175573718,0.8683768015988879,-0.16318457773432593
2023-09-08,Equity Minimum-Variance,0.005974775917023239,0.8735651583999825,-0.15818479310237932
2023-09-11,Equity Minimum-Variance,0.0032455662601266486,0.8764003720041077,-0.15545262606961086
2023-09-12,Equity Minimum-Variance,0.0007790579578627645,0.8770831386881914,-0.15479467471715824
2023-09-13,Equity Minimum-Variance,0.0028676187368624046,0.8795982787304797,-0.1523709480898814
2023-09-14,Equity Minimum-Variance,0.004940828943077129,0.8839442233643121,-0.1481829579372108
2023-09-15,Equity Minimum-Variance,-0.004759094254129649,0.8797374494899279,-0.15223683552766154
2023-09-18,Equity Minimum-Variance,0.0018626467420234803,0.8813760895840564,-0.15065775223134958
2023-09-19,Equity Minimum-Variance,0.003927197540110782,0.8848374275949834,-0.14732221744520035
2023-09-20,Equity Minimum-Variance,0.0031309393065775677,0.8876077998769715,-0.14465253505995423
2023-09-21,Equity Minimum-Variance,-0.016755707200761118,0.8727353034731211,-0.15898448673740295
2023-09-22,Equity Minimum-Variance,-0.0018762916020407068,0.87109779755241,-0.16056247708212357
2023-09-25,Equity Minimum-Variance,-0.0006289394493116633,0.8705499297833208,-0.16109043245551902
2023-09-26,Equity Minimum-Variance,-0.004877158377961773,0.866304119899844,-0.16518192728122094
2023-09-27,Equity Minimum-Variance,-0.004728835911031042,0.8622075098677875,-0.16912964496267124
2023-09-28,Equity Minimum-Variance,0.005099492770966903,0.8666043308314316,-0.16489262759354772
2023-09-29,Equity Minimum-Variance,-0.010552848614922056,0.8574591865191318,-0.17370538927175827
2023-10-02,Equity Minimum-Variance,-0.0008711332499357819,0.8567122253112921,-0.17442520198140632
2023-10-03,Equity Minimum-Variance,-0.012835041583483413,0.8457162882743431,-0.18502148884425085
2023-10-04,Equity Minimum-Variance,0.010586007099701563,0.8546690469063485,-0.1763941205390519
2023-10-05,Equity Minimum-Variance,-0.012272985933020902,0.8441797057162784,-0.18650222391202953
2023-10-06,Equity Minimum-Variance,0.007103946150698978,0.8501767128871998,-0.18072317951698724
2023-10-09,Equity Minimum-Variance,0.002170824634881798,0.8520222974395381,-0.17894467321229512
2023-10-10,Equity Minimum-Variance,0.008213866315350581,0.8590206946884043,-0.17220063452055445
2023-10-11,Equity Minimum-Variance,-0.006862337532967506,0.8531258047336482,-0.17788127317605074
2023-10-12,Equity Minimum-Variance,-0.0039962043824394704,0.8497165396539994,-0.1811666276350702
2023-10-13,Equity Minimum-Variance,-0.005289737778790584,0.8452217619729284,-0.1854980414594034
2023-10-16,Equity Minimum-Variance,-0.0012569554821138503,0.8441593558456146,-0.18652183416138357
2023-10-17,Equity Minimum-Variance,0.006939998300038141,0.8500178203401445,-0.1808762970733454
2023-10-18,Equity Minimum-Variance,-0.007324366280288204,0.8437919784792011,-0.1868758591024462
2023-10-19,Equity Minimum-Variance,-0.0032080620423167137,0.8410850414614306,-0.189484411794551
2023-10-20,Equity Minimum-Variance,0.007017580341138551,0.846987423313616,-0.1837965535365742
2023-10-23,Equity Minimum-Variance,-0.012078276009748383,0.8367572754380485,-0.1936548840430674
2023-10-24,Equity Minimum-Variance,0.013965907501136935,0.8484433501477195,-0.18239354273961939
2023-10-25,Equity Minimum-Variance,-0.006122911100911867,0.8432484069406052,-0.18739967439295624
2023-10-26,Equity Minimum-Variance,-0.0049387141917201435,0.8390838440661023,-0.19141287515322813
2023-10-27,Equity Minimum-Variance,-0.019929814337795372,0.8223610588400212,-0.207527866427356
2023-10-30,Equity Minimum-Variance,-0.007029660960586544,0.8165801394091868,-0.2130986768470844
2023-10-31,Equity Minimum-Variance,0.0021106229960428996,0.8183036322295357,-0.21143782481882134
2023-11-01,Equity Minimum-Variance,0.00847900594109719,0.8252420335888314,-0.20475160145053561
2023-11-02,Equity Minimum-Variance,-0.00250707904270286,0.8231730865812633,-0.20674535204428202
2023-11-03,Equity Minimum-Variance,0.005283512745846161,0.8275223320762529,-0.20255418100110623
2023-11-06,Equity Minimum-Variance,0.0011139999415803428,0.8284441919058423,-0.20166582640532804
2023-11-07,Equity Minimum-Variance,0.0029628048897054667,0.830898710408469,-0.19930051801218285
2023-11-08,Equity Minimum-Variance,0.0039560811168377445,0.8341858131067208,-0.19613288591122902
2023-11-09,Equity Minimum-Variance,-0.009023634253465647,0.8266584254298159,-0.20338668873715493
2023-11-10,Equity Minimum-Variance,0.0037277194631478304,0.8297399761316657,-0.20041713779215786
2023-11-13,Equity Minimum-Variance,0.014341623164248692,0.8416397941936586,-0.18894982169378172
2023-11-14,Equity Minimum-Variance,0.002759428804350223,0.843962239284644,-0.1867117864699902
2023-11-15,Equity Minimum-Variance,0.0028652635658104435,0.846380413539786,-0.1843815013832597
2023-11-16,Equity Minimum-Variance,-0.01002836828531267,0.8378925990433338,-0.19256082406770214
2023-11-17,Equity Minimum-Variance,-0.0006709273642451018,0.8373304339703371,-0.1931025571057987
2023-11-20,Equity Minimum-Variance,0.002681989222219169,0.8395761451696817,-0.19093846686052018
2023-11-21,Equity Minimum-Variance,0.004160654692026978,0.8430693315973958,-0.18757224119652494
2023-11-22,Equity Minimum-Variance,-0.003040387871453138,0.8405060738268131,-0.1900423367008227
2023-11-24,Equity Minimum-Variance,0.004950032192501923,0.8446666059502492,-0.18603302019292822
2023-11-27,Equity Minimum-Variance,0.0006375604206670396,0.8452051319468622,-0.18551406706287332
2023-11-28,Equity Minimum-Variance,-0.0034652682558191103,0.8422762694334713,-0.18833647931109165
2023-11-29,Equity Minimum-Variance,-0.0023751221022560746,0.8402757604497341,-0.19026427927867484
2023-11-30,Equity Minimum-Variance,0.007814960711456978,0.8468424825044384,-0.1839362264345744
2023-12-01,Equity Minimum-Variance,-0.0004857044423145746,0.8464311673487454,-0.18433259223460707
2023-12-04,Equity Minimum-Variance,-0.00021878285609618824,0.8462459827204639,-0.1845110462797026
2023-12-05,Equity Minimum-Variance,0.001203137682329371,0.8472641331507947,-0.18352990078995834
2023-12-06,Equity Minimum-Variance,-0.0054317696214767845,0.8426619895709795,-0.18796477827169145
2023-12-07,Equity Minimum-Variance,0.0013388578714856236,0.8437901942087184,-0.1868775785231569
2023-12-08,Equity Minimum-Variance,-0.005089510152825387,0.8394957154484386,-0.19101597334275333
2023-12-11,Equity Minimum-Variance,0.0026696067575261296,0.8417368388833139,-0.18885630411845855
2023-12-12,Equity Minimum-Variance,0.003599647549710768,0.8447667948329015,-0.18593647270111513
2023-12-13,Equity Minimum-Variance,0.010053107985511898,0.8532593266439314,-0.17775260415411276
2023-12-14,Equity Minimum-Variance,-0.0052315890148163504,0.8487954245238715,-0.18205426459768148
2023-12-15,Equity Minimum-Variance,-0.0033820334134061565,0.8459247700369855,-0.18482058440516513
2023-12-18,Equity Minimum-Variance,0.008202451863322305,0.852863427243206,-0.17813411448877714
2023-12-19,Equity Minimum-Variance,0.00601976050283763,0.8579974608168394,-0.173186678692547
2023-12-20,Equity Minimum-Variance,-0.00527598354977474,0.8534706803278213,-0.17754893217449974
2023-12-21,Equity Minimum-Variance,0.010768605638806602,0.8626613695085555,-0.1686922809678716
2023-12-22,Equity Minimum-Variance,0.005172345949035991,0.867123352548523,-0.16439246985493328
2023-12-26,Equity Minimum-Variance,0.0036773901705176542,0.8703121034418112,-0.1613196149371674
2023-12-27,Equity Minimum-Variance,0.004649306497270203,0.874358451158996,-0.15742033277376177
2023-12-28,Equity Minimum-Variance,0.001371971130488461,0.8755580457116848,-0.15626433779519067
2023-12-29,Equity Minimum-Variance,-0.00022269930526218343,0.8753630595431882,-0.15645223714098866
2021-01-04,Equity Maximum-Sharpe,-0.005348280226418709,0.9946517197735812,0.0
2021-01-05,Equity Maximum-Sharpe,0.007184516161908915,1.001797811129765,0.0
2021-01-06,Equity Maximum-Sharpe,-0.01146935431511035,0.9903078370818157,-0.011469354315110314
2021-01-07,Equity Maximum-Sharpe,0.022361205514853277,1.0124523141497719,0.0
2021-01-08,Equity Maximum-Sharpe,-0.0038741794378338796,1.0085298922125054,-0.003874179437833969
2021-01-11,Equity Maximum-Sharpe,-0.002851703119559322,1.0056538643727142,-0.006714834547804638
2021-01-12,Equity Maximum-Sharpe,-0.0146375097189464,0.9909335961590626,-0.021254055810796424
2021-01-13,Equity Maximum-Sharpe,-0.0008172802918613129,0.9901237256603785,-0.022053965581721457
2021-01-14,Equity Maximum-Sharpe,-0.01242116643309224,0.9778252340745976,-0.034201196037813464
2021-01-15,Equity Maximum-Sharpe,-0.007390326737992026,0.9705987861021329,-0.04133876476225584
2021-01-19,Equity Maximum-Sharpe,0.010428156535833644,0.9807203421770961,-0.031341695336360886
2021-01-20,Equity Maximum-Sharpe,0.026412303107780248,1.0066234251186437,-0.005757198585716217
2021-01-21,Equity Maximum-Sharpe,-0.0002687051889810636,1.0063529401809643,-0.006024356785563456
2021-01-22,Equity Maximum-Sharpe,-0.006298604053371892,1.0000143214728179,-0.012285015800866717
2021-01-25,Equity Maximum-Sharpe,0.0008544904966252256,1.0008688242070056,-0.011441022733494122
2021-01-26,Equity Maximum-Sharpe,-0.007620371625569546,0.9932418318181014,-0.018974209514057816
2021-01-27,Equity Maximum-Sharpe,-0.04236545160885732,0.9511626930563188,-0.06053581016793097
2021-01-28,Equity Maximum-Sharpe,0.020189481565271856,0.9703661747133537,-0.0415685152260834
2021-01-29,Equity Maximum-Sharpe,-0.00603415732109334,0.9645108325560658,-0.04735184158669825
2021-02-01,Equity Maximum-Sharpe,0.012353153818059107,0.9764255832298151,-0.03558363235132811
2021-02-02,Equity Maximum-Sharpe,0.022195852171061157,0.9980981811312263,-0.014177589223646314
2021-02-03,Equity Maximum-Sharpe,-0.010630893566134338,0.987487505599068,-0.02465776234771966
2021-02-04,Equity Maximum-Sharpe,-0.010122076595592725,0.9774920814302034,-0.03453025118415287
2021-02-05,Equity Maximum-Sharpe,0.0027721634440786617,0.9802018492452206,-0.031853811240121765
2021-02-08,Equity Maximum-Sharpe,0.025041291009916738,1.0047473690006286,-0.007610180787243959
2021-02-09,Equity Maximum-Sharpe,-0.012408211496490846,0.992280251145526,-0.019923963551000234
2021-02-10,Equity Maximum-Sharpe,0.0061209397804808646,0.9983539388081482,-0.013924977151603568
2021-02-11,Equity Maximum-Sharpe,0.00032096279569063973,0.9986743732794368,-0.013608483755509493
2021-02-12,Equity Maximum-Sharpe,0.0011946893159383522,0.999867478883295,-0.012430052349720055
2021-02-16,Equity Maximum-Sharpe,-0.0020412206041241884,0.9978265287840047,-0.014445900474877704
2021-02-17,Equity Maximum-Sharpe,-0.012452506165005402,0.985401087782716,-0.026718518975160532
2021-02-18,Equity Maximum-Sharpe,0.0009845236241117197,0.9863712384328635,-0.0257603003641812
2021-02-19,Equity Maximum-Sharpe,-0.00030670396110326644,0.9860687144669178,-0.02605910353912344
2021-02-22,Equity Maximum-Sharpe,-0.01545741212740838,0.9708266439614589,-0.04111370936345682
2021-02-23,Equity Maximum-Sharpe,-0.009621767030065806,0.9614855761666811,-0.05033988986028559
2021-02-24,Equity Maximum-Sharpe,0.011894249113505763,0.97292172512865,-0.03904439593712472
2021-02-25,Equity Maximum-Sharpe,-0.03149498489296739,0.9422795700936835,-0.0693096781698973
2021-02-26,Equity Maximum-Sharpe,0.001771244131212763,0.9439485772521736,-0.06766119839937912
2021-03-01,Equity Maximum-Sharpe,0.016755641591045135,0.9597650412929879,-0.05203926359833477
2021-03-02,Equity Maximum-Sharpe,-0.004529410902344984,0.9554178710512659,-0.05633296729278736
2021-03-03,Equity Maximum-Sharpe,-0.019402991996242073,0.9368799057461915,-0.07464293117552301
2021-03-04,Equity Maximum-Sharpe,-0.01833574220931479,0.9197015173133423,-0.09161003984105565
2021-03-05,Equity Maximum-Sharpe,0.013126514651819474,0.9317739927556565,-0.07968604571946347
2021-03-08,Equity Maximum-Sharpe,-0.025378039035749665,0.9081273959950071,-0.1030418091763401
2021-03-09,Equity Maximum-Sharpe,0.015010496859069853,0.9217588394202255,-0.08957802107026458
2021-03-10,Equity Maximum-Sharpe,0.0011127701447706515,0.9227845451374108,-0.08856493067296844
2021-03-11,Equity Maximum-Sharpe,0.015744129590294052,0.9373129845999747,-0.07421517882834516
2021-03-12,Equity Maximum-Sharpe,0.012701718833477694,0.9492184705893314,-0.0624561203295213
2021-03-15,Equity Maximum-Sharpe,-0.008904754872998575,0.9407659127878107,-0.07080471876066707
2021-03-16,Equity Maximum-Sharpe,0.003318697899461034,0.9438880306464642,-0.06772100033262896
2021-03-17,Equity Maximum-Sharpe,-0.003188549414631996,0.9408783970188683,-0.07069361799129203
2021-03-18,Equity Maximum-Sharpe,-0.009136557726678152,0.932282007230721,-0.07918427939628503
2021-03-19,Equity Maximum-Sharpe,-0.0030626496594196814,0.9294267540587927,-0.0820044153493803
2021-03-22,Equity Maximum-Sharpe,0.009299128350146046,0.938069612736845,-0.07346785658284694
2021-03-23,Equity Maximum-Sharpe,-0.008851225785170105,0.9297665467923041,-0.08166880178144975
2021-03-24,Equity Maximum-Sharpe,-0.0037243221396657303,0.926303796657365,-0.08508896299452084
2021-03-25,Equity Maximum-Sharpe,0.009349677381593887,0.934964438313457,-0.07653483996566002
2021-03-26,Equity Maximum-Sharpe,0.026090065577897205,0.959357721822057,-0.052441573381460604
2021-03-29,Equity Maximum-Sharpe,0.005475768181704025,0.9646109423100823,-0.047252963098677325
2021-03-30,Equity Maximum-Sharpe,0.006159213952486522,0.9705521874846796,-0.04138479025580455
2021-03-31,Equity Maximum-Sharpe,0.0003283309250364356,0.9708708497821925,-0.041070047237235396
2021-04-01,Equity Maximum-Sharpe,0.011292875380771299,0.9818347732996063,-0.03024097078179655
2021-04-05,Equity Maximum-Sharpe,0.0033012987347317644,0.9850761031944161,-0.027039506525643686
2021-04-06,Equity Maximum-Sharpe,0.0010930693662654686,0.986152859706258,-0.02597599321564037
2021-04-07,Equity Maximum-Sharpe,-0.004156020753225727,0.9820543879554658,-0.030024057201976317
2021-04-08,Equity Maximum-Sharpe,0.00417198598729506,0.9861515051007776,-0.02597733116060963
2021-04-09,Equity Maximum-Sharpe,0.005542665298725642,0.9916174128273858,-0.020578649513861458
2021-04-12,Equity Maximum-Sharpe,0.004377016423880971,0.9959577385295376,-0.016291706176883913
2021-04-13,Equity Maximum-Sharpe,-0.0016254471481333933,0.9943388618637834,-0.017890672017673914
2021-04-14,Equity Maximum-Sharpe,3.532644287211731e-05,0.9943739883187825,-0.0178559775886048
2021-04-15,Equity Maximum-Sharpe,0.008874378964355072,1.0031984399234206,-0.00914005933614992
2021-04-16,Equity Maximum-Sharpe,-0.0014452375521479158,1.001748579865787,-0.010572087331316427
2021-04-19,Equity Maximum-Sharpe,-0.0015850690332384187,1.0001607392127512,-0.012140398876309355
2021-04-20,Equity Maximum-Sharpe,-0.010656726529100215,0.9895022997298182,-0.02266774849463049
2021-04-21,Equity Maximum-Sharpe,0.010966483346892467,1.000353660221517,-0.01194985063411591
2021-04-22,Equity Maximum-Sharpe,-0.00925581543610704,0.9910945713716726,-0.021095060458264592
2021-04-23,Equity Maximum-Sharpe,0.012042761039123412,1.003030086461874,-0.009306342191345962
2021-04-26,Equity Maximum-Sharpe,0.0027359277221344243,1.00577430428156,-0.006595875948804508
2021-04-27,Equity Maximum-Sharpe,0.007599549136017274,1.0134177355266911,0.0
2021-04-28,Equity Maximum-Sharpe,0.004121431733414808,1.0175944675410962,0.0
2021-04-29,Equity Maximum-Sharpe,0.009085969199127715,1.0268402995303771,0.0
2021-04-30,Equity Maximum-Sharpe,-0.006583965781574644,1.0200796181351273,-0.006583965781574608
2021-05-03,Equity Maximum-Sharpe,0.006052686055229943,1.026253839815038,-0.0005711304042189669
2021-05-04,Equity Maximum-Sharpe,0.0029166683681159894,1.029247081927284,0.0
2021-05-05,Equity Maximum-Sharpe,0.005456746609809623,1.0348634224522473,0.0
2021-05-06,Equity Maximum-Sharpe,0.004218525729032694,1.0392290204258967,0.0
2021-05-07,Equity Maximum-Sharpe,0.010194338204867587,1.0498232725324315,0.0
2021-05-10,Equity Maximum-Sharpe,-0.0043463261990662585,1.0452603981386344,-0.004346326199066164
2021-05-11,Equity Maximum-Sharpe,-0.010084103842182059,1.0347198837416838,-0.01438660123652491
2021-05-12,Equity Maximum-Sharpe,-0.015664526296203195,1.0185114869136078,-0.029825768239345574
2021-05-13,Equity Maximum-Sharpe,0.013171918099191564,1.0319272368023198,-0.017046712716648038
2021-05-14,Equity Maximum-Sharpe,0.01042746576773121,1.0426876227388655,-0.006797000962222022
2021-05-17,Equity Maximum-Sharpe,0.004228813071912726,1.0470969537878254,-0.002596931136827907
2021-05-18,Equity Maximum-Sharpe,-0.009126534459180019,1.0375405873569785,-0.011699764614499397
2021-05-19,Equity Maximum-Sharpe,0.0011968764810509633,1.038782395284122,-0.010516891306549314
2021-05-20,Equity Maximum-Sharpe,0.007339507958072862,1.0464065469410158,-0.0032545721559150698
2021-05-21,Equity Maximum-Sharpe,0.002484905314579479,1.0490067681307202,-0.0007777541449824898
2021-05-24,Equity Maximum-Sharpe,0.00923682520844083,1.0586962602904153,0.0
2021-05-25,Equity Maximum-Sharpe,-0.005301941822745394,1.0530831143103974,-0.0053019418227454596
2021-05-26,Equity Maximum-Sharpe,0.005142120291844659,1.058498194361492,-0.0001870847535335729
2021-05-27,Equity Maximum-Sharpe,0.0011512423402967261,1.0597167822999685,0.0
2021-05-28,Equity Maximum-Sharpe,0.007810202015640603,1.0679933844490959,0.0
2021-06-01,Equity Maximum-Sharpe,0.0009998637639877675,1.0690612323343853,0.0
2021-06-02,Equity Maximum-Sharpe,-0.00744127661808953,1.0611060519829094,-0.007441276618089576
2021-06-03,Equity Maximum-Sharpe,0.005567634691625914,1.0670139028494239,-0.0019150722363123762
2021-06-04,Equity Maximum-Sharpe,0.007415713908062062,1.0749265726888801,0.0
2021-06-07,Equity Maximum-Sharpe,-0.0007278325094321629,1.0741442061840247,-0.0007278325094320914
2021-06-08,Equity Maximum-Sharpe,0.0014091546369061874,1.0756578414728748,0.0
2021-06-09,Equity Maximum-Sharpe,-0.015443671076282483,1.0590457355785436,-0.015443671076282528
2021-06-10,Equity Maximum-Sharpe,-0.002908433675131939,1.055965571297682,-0.018307187858388585
2021-06-11,Equity Maximum-Sharpe,0.0012953716888975645,1.0573334392031917,-0.017035530782346098
2021-06-14,Equity Maximum-Sharpe,-0.009262698519296694,1.0475396783214814,-0.026140434315889638
2021-06-15,Equity Maximum-Sharpe,-0.005794270511311282,1.0414699500539548,-0.031783240079491515
2021-06-16,Equity Maximum-Sharpe,-0.01041091616437961,1.0306272937162224,-0.041863263595971256
2021-06-17,Equity Maximum-Sharpe,-0.014069083958477802,1.01612731179103,-0.05534336978414145
2021-06-18,Equity Maximum-Sharpe,-0.0076713497177642925,1.0083322438245095,-0.06259016115773197
2021-06-21,Equity Maximum-Sharpe,0.02091064774220005,1.029417124182226,-0.04298831422762861
2021-06-22,Equity Maximum-Sharpe,0.0019745061752519254,1.031449714650834,-0.04109868874428291
2021-06-23,Equity Maximum-Sharpe,-0.000689544315925935,1.030738484362933,-0.041759893692993155
2021-06-24,Equity Maximum-Sharpe,0.011216622992753661,1.0422998893461544,-0.03101167568401131
2021-06-25,Equity Maximum-Sharpe,-0.001024887716800989,1.0412316489923406,-0.03200477991532624
2021-06-28,Equity Maximum-Sharpe,0.000672879912866684,1.0419322728535885,-0.03135343537598034
2021-06-29,Equity Maximum-Sharpe,0.005967052176194563,1.0481495370897669,-0.025573470784577168
2021-06-30,Equity Maximum-Sharpe,0.003839058841296004,1.0521734448371316,-0.021832590002399344
2021-07-01,Equity Maximum-Sharpe,0.004901116438357348,1.057330269403626,-0.017038477629794713
2021-07-02,Equity Maximum-Sharpe,0.004744444361024411,1.0623467140380385,-0.012374871377881402
2021-07-06,Equity Maximum-Sharpe,-0.002749693364171631,1.0594255863279987,-0.015090537640342627
2021-07-07,Equity Maximum-Sharpe,0.002107924425258421,1.0616587753981632,-0.013014422927966507
2021-07-08,Equity Maximum-Sharpe,-0.011270669033195664,1.0496931707144628,-0.024138410707682967
2021-07-09,Equity Maximum-Sharpe,0.01865440585083171,1.0692745731398168,-0.005934292566786459
2021-07-12,Equity Maximum-Sharpe,0.008607468551011804,1.0784783204005144,0.0
2021-07-13,Equity Maximum-Sharpe,-0.011864445837087869,1.065682772781649,-0.0118644458370879
2021-07-14,Equity Maximum-Sharpe,-0.0013296950648666165,1.0642657396579678,-0.013178364806877618
2021-07-15,Equity Maximum-Sharpe,-0.004419298534905419,1.0595624316339474,-0.01753942421349952
2021-07-16,Equity Maximum-Sharpe,-0.014749391099409192,1.0439345309355372,-0.032030119485525366
2021-07-19,Equity Maximum-Sharpe,-0.01277036399926353,1.03060310698409,-0.04439144720001886
2021-07-20,Equity Maximum-Sharpe,0.015796404720390022,1.046882930768102,-0.029296267745724136
2021-07-21,Equity Maximum-Sharpe,0.01002799770888931,1.0573810703993198,-0.019562052942667996
2021-07-22,Equity Maximum-Sharpe,0.0024436242928400453,1.0599649124697368,-0.01716623095761649
2021-07-23,Equity Maximum-Sharpe,0.007182665402033575,1.0675782857739027,-0.010106864848765551
2021-07-26,Equity Maximum-Sharpe,0.0033742813846027214,1.0711805953101956,-0.006766686870078753
2021-07-27,Equity Maximum-Sharpe,-0.005171131846510632,1.065641379220423,-0.011902827286620177
2021-07-28,Equity Maximum-Sharpe,0.003601433838916101,1.0694792161436966,-0.0083442606926728
2021-07-29,Equity Maximum-Sharpe,0.009168409188366665,1.0792846392157556,0.0
2021-07-30,Equity Maximum-Sharpe,-0.00163475939163268,1.0775202685155527,-0.0016347593916327119
2021-08-02,Equity Maximum-Sharpe,-0.0018124094547331325,1.0755673605932285,-0.003444205992988225
2021-08-03,Equity Maximum-Sharpe,0.008368959386488555,1.084568740151466,0.0
2021-08-04,Equity Maximum-Sharpe,-0.0041539343907417365,1.0800635127626275,-0.0041539343907417425
2021-08-05,Equity Maximum-Sharpe,0.005577640862441008,1.0860877191454439,0.0
2021-08-06,Equity Maximum-Sharpe,0.0024776953143373975,1.0887787135981302,0.0
2021-08-09,Equity Maximum-Sharpe,0.00879872365650759,1.098358576622168,0.0
2021-08-10,Equity Maximum-Sharpe,0.0158541640246927,1.115772133653864,0.0
2021-08-11,Equity Maximum-Sharpe,0.006144577788716462,1.1226280823235821,0.0
2021-08-12,Equity Maximum-Sharpe,0.0071782585611875355,1.130686596966551,0.0
2021-08-13,Equity Maximum-Sharpe,0.0003215667039359098,1.131050188128722,0.0
2021-08-16,Equity Maximum-Sharpe,0.00031721217695120465,1.1314089710211395,0.0
2021-08-17,Equity Maximum-Sharpe,-0.009112068441447482,1.121099495041927,-0.009112068441447518
2021-08-18,Equity Maximum-Sharpe,-0.004619571688020935,1.1159204955551767,-0.013689546276077214
2021-08-19,Equity Maximum-Sharpe,-0.0029653310318151107,1.1126114218806684,-0.01661428327150838
2021-08-20,Equity Maximum-Sharpe,0.009471309273617402,1.1231493087586595,-0.007300333013114946
2021-08-23,Equity Maximum-Sharpe,0.00960295871406181,1.133934865200396,0.0
2021-08-24,Equity Maximum-Sharpe,0.0031240969804975146,1.1374773876888495,0.0
2021-08-25,Equity Maximum-Sharpe,-0.00011135275677587344,1.1373507264459601,-0.0001113527567758732
2021-08-26,Equity Maximum-Sharpe,-0.006385664513501399,1.1300879862726891,-0.006496306208929825
2021-08-27,Equity Maximum-Sharpe,0.011405692165798518,1.1429774219643827,0.0
2021-08-30,Equity Maximum-Sharpe,0.002378339670806238,1.1456958105098762,0.0
2021-08-31,Equity Maximum-Sharpe,-0.0024409742934230617,1.142899196488339,-0.0024409742934231593
2021-09-01,Equity Maximum-Sharpe,0.004522817916294249,1.1480683214507348,0.0
2021-09-02,Equity Maximum-Sharpe,0.0031604422977557704,1.1516967251345611,0.0
2021-09-03,Equity Maximum-Sharpe,-0.003127399491601797,1.1480949093818957,-0.003127399491601901
2021-09-07,Equity Maximum-Sharpe,-0.008433571176292351,1.1384123692464845,-0.011534595521685231
2021-09-08,Equity Maximum-Sharpe,-0.0009131698329959358,1.1373728054133792,-0.012437232310014923
2021-09-09,Equity Maximum-Sharpe,-0.007459444487318526,1.1288886361100123,-0.01980390195334103
2021-09-10,Equity Maximum-Sharpe,-0.0026652042305711724,1.1258799173412082,-0.022416324740644367
2021-09-13,Equity Maximum-Sharpe,-0.0034951994289978243,1.121944742496997,-0.025833174644208423
2021-09-14,Equity Maximum-Sharpe,-0.011004306661413712,1.1095985184933992,-0.03655320512979954
2021-09-15,Equity Maximum-Sharpe,0.006737795582156308,1.1170747664892713,-0.030061697571680313
2021-09-16,Equity Maximum-Sharpe,-0.006634674950338268,1.1096633385183898,-0.03649692293017526
2021-09-17,Equity Maximum-Sharpe,-0.018676962178609244,1.0889381983138926,-0.054492233459581985
2021-09-20,Equity Maximum-Sharpe,-0.017739787368770774,1.0696206662180718,-0.07126534019353037
2021-09-21,Equity Maximum-Sharpe,-0.003902007006813281,1.0654469988838566,-0.07488926934356555
2021-09-22,Equity Maximum-Sharpe,0.007211039373428546,1.0731299791431095,-0.06821825944002069
2021-09-23,Equity Maximum-Sharpe,0.006579176617193961,1.0801902908090977,-0.062087902800200157
2021-09-24,Equity Maximum-Sharpe,-0.005272979166922748,1.074494469909349,-0.06703349374913958
2021-09-27,Equity Maximum-Sharpe,-0.003785390334085438,1.070427088928926,-0.0705651361439269
2021-09-28,Equity Maximum-Sharpe,-0.00766497305245279,1.0622222941376702,-0.07768922932939393
2021-09-29,Equity Maximum-Sharpe,-0.0003238060032055877,1.0618783401820897,-0.07798787909375815
2021-09-30,Equity Maximum-Sharpe,-0.014198554949398217,1.0468012022194384,-0.09107911885645681
2021-10-01,Equity Maximum-Sharpe,0.0036084705216578874,1.0505785534996832,-0.08779930465033103
2021-10-04,Equity Maximum-Sharpe,-0.008566347048056784,1.0415789330091594,-0.09561353238417503
2021-10-05,Equity Maximum-Sharpe,0.008141815906939508,1.0500592769342665,-0.08825018425611963
2021-10-06,Equity Maximum-Sharpe,0.007353978949692492,1.0577813907527704,-0.08154519530375315
2021-10-07,Equity Maximum-Sharpe,0.005096170655964548,1.06317202523675,-0.07686459287923053
2021-10-08,Equity Maximum-Sharpe,-0.0006711506515004157,1.0624584766393554,-0.0774841558091427
2021-10-11,Equity Maximum-Sharpe,-0.0044798948370037605,1.057698774395328,-0.08161692977658741
2021-10-12,Equity Maximum-Sharpe,0.012282706681782902,1.070690178198907,-0.07033669990351799
2021-10-13,Equity Maximum-Sharpe,0.009753570197959544,1.081133230012236,-0.06126916364556012
2021-10-14,Equity Maximum-Sharpe,0.02168340948138418,1.1045758845425229,-0.04091427852808449
2021-10-15,Equity Maximum-Sharpe,-0.0028270970420319255,1.1014531413266329,-0.04362570693431289
2021-10-18,Equity Maximum-Sharpe,0.006395056324016344,1.1084969962036813,-0.037509639463316646
2021-10-19,Equity Maximum-Sharpe,0.00035723425960244496,1.1088929893073918,-0.03716580493199573
2021-10-20,Equity Maximum-Sharpe,0.0016842223371166228,1.1107606116494553,-0.035544178073722454
2021-10-21,Equity Maximum-Sharpe,-0.002164839462950223,1.108355993243466,-0.03763207009730052
2021-10-22,Equity Maximum-Sharpe,0.011545133628476782,1.1211521112933849,-0.02652140374681322
2021-10-25,Equity Maximum-Sharpe,0.011355767453229042,1.1338836539489292,-0.015466807187066278
2021-10-26,Equity Maximum-Sharpe,0.012315747816886382,1.147848279084654,-0.0033415446670280735
2021-10-27,Equity Maximum-Sharpe,-0.018264341692189493,1.1268835859046602,-0.021544855245639316
2021-10-28,Equity Maximum-Sharpe,0.02035599359434555,1.1498224209609087,-0.0016274285866649807
2021-10-29,Equity Maximum-Sharpe,0.004258985959641459,1.1547194985078622,0.0
2021-11-01,Equity Maximum-Sharpe,0.005092903085157224,1.160600373004304,0.0
2021-11-02,Equity Maximum-Sharpe,0.010210597194995567,1.1724507959174124,0.0
2021-11-03,Equity Maximum-Sharpe,-0.005155395233872621,1.1664063486721896,-0.0051553952338726505
2021-11-04,Equity Maximum-Sharpe,0.007650087777313919,1.1753294596235482,0.0
2021-11-05,Equity Maximum-Sharpe,-0.020018244426827654,1.1518014272187527,-0.020018244426827647
2021-11-08,Equity Maximum-Sharpe,0.011996149516474184,1.1656186093529572,-0.008262236763554975
2021-11-09,Equity Maximum-Sharpe,-0.0028250725956198864,1.1623256521627297,-0.011063967940515673
2021-11-10,Equity Maximum-Sharpe,-0.006931001839336579,1.1542695709296817,-0.017918285397706124
2021-11-11,Equity Maximum-Sharpe,0.00853389590830132,1.1641199872981152,-0.009537302271844128
2021-11-12,Equity Maximum-Sharpe,0.0031138838857637896,1.1677449217676583,-0.006453116437938333
2021-11-15,Equity Maximum-Sharpe,0.0014676961315871785,1.1694588164720172,-0.004994891520383793
2021-11-16,Equity Maximum-Sharpe,-0.002896662946079366,1.1660712884513769,-0.007877085949276386
2021-11-17,Equity Maximum-Sharpe,-0.00812232678800314,1.156600076388467,-0.015935432471062327
2021-11-18,Equity Maximum-Sharpe,0.010029245476512495,1.16819990247272,-0.006066007358576431
2021-11-19,Equity Maximum-Sharpe,-0.010042765283907155,1.1564679450475033,-0.01604785315437096
2021-11-22,Equity Maximum-Sharpe,0.002851430541223351,1.1597655330659575,-0.013242181951753085
2021-11-23,Equity Maximum-Sharpe,0.0111311129317275,1.1726750141888398,-0.0022584692427930486
2021-11-24,Equity Maximum-Sharpe,0.005581263753900975,1.1792200227406373,0.0
2021-11-26,Equity Maximum-Sharpe,-0.028099021265629052,1.1460850942447927,-0.02809902126562902
2021-11-29,Equity Maximum-Sharpe,0.011062071087961194,1.1587631690301812,-0.017347783548410378
2021-11-30,Equity Maximum-Sharpe,-0.016043114246842984,1.140172999124396,-0.03311258532185679
2021-12-01,Equity Maximum-Sharpe,-0.010424967713190122,1.128286732421073,-0.04319235540216637
2021-12-02,Equity Maximum-Sharpe,0.02540928598168675,1.156955692674503,-0.01888055633111585
2021-12-03,Equity Maximum-Sharpe,-0.006575535409190425,1.1493480895504573,-0.025331941973605887
2021-12-06,Equity Maximum-Sharpe,0.007200865931184796,1.1576243910515736,-0.018313487960349484
2021-12-07,Equity Maximum-Sharpe,0.02081711740071012,1.1817227939060198,0.0
2021-12-08,Equity Maximum-Sharpe,-0.0014372077788449304,1.1800244127141797,-0.001437207778844929
2021-12-09,Equity Maximum-Sharpe,-0.007524890088107538,1.1711448587072217,-0.008951283036382929
2021-12-10,Equity Maximum-Sharpe,0.005450602939118725,1.1775283043162252,-0.003549469986891096
2021-12-13,Equity Maximum-Sharpe,-0.005153779186506847,1.1714595834499175,-0.008684955988856435
2021-12-14,Equity Maximum-Sharpe,0.0011551362173812915,1.1728127788419591,-0.007539852078684017
2021-12-15,Equity Maximum-Sharpe,0.018778787179972212,1.1948367804177842,0.0
2021-12-16,Equity Maximum-Sharpe,0.001101672406132477,1.1961530991286027,0.0
2021-12-17,Equity Maximum-Sharpe,-0.014055159815639953,1.1793409761563771,-0.014055159815639984
2021-12-20,Equity Maximum-Sharpe,-0.004686929139435945,1.173813488569899,-0.01867621341697656
2021-12-21,Equity Maximum-Sharpe,0.008387351035875821,1.1836586743491808,-0.010445506339049837
2021-12-22,Equity Maximum-Sharpe,0.009519793558885107,1.1949268605731687,-0.0010251518441304341
2021-12-23,Equity Maximum-Sharpe,-0.00029610058071741745,1.1945730420358383,-0.0013209488767913502
2021-12-27,Equity Maximum-Sharpe,0.01964715495425373,1.2180430036968908,0.0
2021-12-28,Equity Maximum-Sharpe,-0.0022538285611835443,1.215297743586409,-0.002253828561183502
2021-12-29,Equity Maximum-Sharpe,0.0017161135084919246,1.2173833324610175,-0.0005415828783311705
2021-12-30,Equity Maximum-Sharpe,-0.003751989386858518,1.2128157231178853,-0.004291540251978088
2021-12-31,Equity Maximum-Sharpe,-4.30416921460209e-05,1.212763521476901,-0.004334397228969666
2022-01-03,Equity Maximum-Sharpe,0.0001618034268769128,1.2129597507706673,-0.0041732951224179304
2022-01-04,Equity Maximum-Sharpe,0.0019016968111116284,1.2152664324607148,-0.0022795346533323047
2022-01-05,Equity Maximum-Sharpe,-0.009081688513312055,1.2042297612604225,-0.011340521142967575
2022-01-06,Equity Maximum-Sharpe,0.00430986786515149,1.2094198324107377,-0.007079529425464304
2022-01-07,Equity Maximum-Sharpe,-0.0139074496216199,1.1925998870200973,-0.020888520848254877
2022-01-10,Equity Maximum-Sharpe,0.0036367199818396556,1.196937038859563,-0.017327766567575065
2022-01-11,Equity Maximum-Sharpe,0.0077353715490790925,1.2061957915759962,-0.009726431731011953
2022-01-12,Equity Maximum-Sharpe,0.009392081450788138,1.2175244806960759,-0.00042570171926703537
2022-01-13,Equity Maximum-Sharpe,-0.013346214802713675,1.2012751374491437,-0.013766235015393424
2022-01-14,Equity Maximum-Sharpe,0.0009978723897750112,1.2024738567413273,-0.012782099571451377
2022-01-18,Equity Maximum-Sharpe,-0.011782802788958657,1.188305344428466,-0.024414293401930687
2022-01-19,Equity Maximum-Sharpe,-0.011046452733212872,1.1751787856086127,-0.0351910547970643
2022-01-20,Equity Maximum-Sharpe,-0.015871626650531226,1.156526786675808,-0.05050414216441823
2022-01-21,Equity Maximum-Sharpe,-0.011281265727356904,1.143479700674512,-0.06121565724368605
2022-01-24,Equity Maximum-Sharpe,-0.001995994578906219,1.1411973213908766,-0.06308946570258955
2022-01-25,Equity Maximum-Sharpe,-7.428598809682495e-05,1.1411125464202436,-0.06315906502738822
2022-01-26,Equity Maximum-Sharpe,-0.008638025680160527,1.1312555869403123,-0.07125152108190713
2022-01-27,Equity Maximum-Sharpe,-0.0020790211263324553,1.1289036826757817,-0.0731824087906271
2022-01-28,Equity Maximum-Sharpe,0.0335221546446751,1.1667469665053825,-0.04211348617070121
2022-01-31,Equity Maximum-Sharpe,0.007531447729489596,1.1755342602971584,-0.0348992139610127
2022-02-01,Equity Maximum-Sharpe,0.0049141307761661245,1.1813109893841225,-0.030156582486236316
2022-02-02,Equity Maximum-Sharpe,0.028052891587529882,1.2144501785004729,-0.002949670237843205
2022-02-03,Equity Maximum-Sharpe,-0.008876500514434196,1.2036701108662586,-0.011799988002893835
2022-02-04,Equity Maximum-Sharpe,-0.003012825787444461,1.2000436625166646,-0.014777262482191689
2022-02-07,Equity Maximum-Sharpe,0.005173856073155924,1.2062525157080288,-0.009679861838273851
2022-02-08,Equity Maximum-Sharpe,0.002820478211521724,1.2096547246461766,-0.0068866854661574495
2022-02-09,Equity Maximum-Sharpe,0.020008290619499536,1.2338578479261482,0.0
2022-02-10,Equity Maximum-Sharpe,-0.018036208194527267,1.2116037308985008,-0.018036208194527226
2022-02-11,Equity Maximum-Sharpe,-0.006570435351065785,1.203642966913522,-0.024488137805672605
2022-02-14,Equity Maximum-Sharpe,-0.0066114412708718415,1.1956851521266754,-0.030937677191609225
2022-02-15,Equity Maximum-Sharpe,0.0025478405838122524,1.1987315672827255,-0.02846866087731459
2022-02-16,Equity Maximum-Sharpe,0.0020342910270098693,1.2011701361538423,-0.026492283391678306
2022-02-17,Equity Maximum-Sharpe,-0.01509397826075361,1.1830397002312696,-0.04118638770284033
2022-02-18,Equity Maximum-Sharpe,-0.008777408664575262,1.1726556773159231,-0.0496022866111302
2022-02-22,Equity Maximum-Sharpe,-0.007749120135652058,1.1635686275946475,-0.05696703266882963
2022-02-23,Equity Maximum-Sharpe,0.01064302939862991,1.1759525227054608,-0.046930305073646705
2022-02-24,Equity Maximum-Sharpe,0.0011101642083033221,1.1772580231068324,-0.04587224121032096
2022-02-25,Equity Maximum-Sharpe,0.034825322612642914,1.2182564135598501,-0.012644434196792398
2022-02-28,Equity Maximum-Sharpe,-0.003923733511030246,1.2134763000449378,-0.016518554317636713
2022-03-01,Equity Maximum-Sharpe,0.0019735133976014818,1.2158711117807484,-0.014577640508290024
2022-03-02,Equity Maximum-Sharpe,0.019428529767761556,1.2394936998697421,0.0
2022-03-03,Equity Maximum-Sharpe,0.008554220367150618,1.250096602122123,0.0
2022-03-04,Equity Maximum-Sharpe,0.011002633780520821,1.2638509572255463,0.0
2022-03-07,Equity Maximum-Sharpe,-0.008752037224039291,1.2527896866022707,-0.008752037224039166
2022-03-08,Equity Maximum-Sharpe,-0.02184200079005497,1.2254262532777314,-0.03040287601013203
2022-03-09,Equity Maximum-Sharpe,0.007600096147321191,1.2347396106240938,-0.023033844643642887
2022-03-10,Equity Maximum-Sharpe,0.00893053751919477,1.2457664990432082,-0.014309011738249389
2022-03-11,Equity Maximum-Sharpe,-0.007045234833584705,1.2369897815096362,-0.021253436223901523
2022-03-14,Equity Maximum-Sharpe,-0.01154220549461315,1.2227121912567154,-0.032550330190151744
2022-03-15,Equity Maximum-Sharpe,0.006921384459856098,1.2311750524161562,-0.02585423907983697
2022-03-16,Equity Maximum-Sharpe,0.0058965115679510665,1.2384346903549008,-0.02011017733170073
2022-03-17,Equity Maximum-Sharpe,0.020101436459200768,1.2633290065919398,-0.0004129843243164677
2022-03-18,Equity Maximum-Sharpe,0.006936442937156626,1.2720920161570195,0.0
2022-03-21,Equity Maximum-Sharpe,0.014805223012658787,1.2909256221488468,0.0
2022-03-22,Equity Maximum-Sharpe,0.0020232621874300984,1.2935375031469252,0.0
2022-03-23,Equity Maximum-Sharpe,0.0010059148431906786,1.2948386917215644,0.0
2022-03-24,Equity Maximum-Sharpe,0.018567200159492345,1.3188802208850139,0.0
2022-03-25,Equity Maximum-Sharpe,0.011114832682304307,1.3335393538681513,0.0
2022-03-28,Equity Maximum-Sharpe,0.0015755673582093072,1.3356404349449935,0.0
2022-03-29,Equity Maximum-Sharpe,0.00915288979515198,1.347865404651994,0.0
2022-03-30,Equity Maximum-Sharpe,0.0009956171111734841,1.3492073625124243,0.0
2022-03-31,Equity Maximum-Sharpe,-0.011204911775458574,1.3340896130486735,-0.01120491177545857
2022-04-01,Equity Maximum-Sharpe,0.0090884009982858,1.3462143544197078,-0.0022183455085384995
2022-04-04,Equity Maximum-Sharpe,-0.0037103768127587458,1.341219391894066,-0.0059204914235596595
2022-04-05,Equity Maximum-Sharpe,-0.002184613662679429,1.3382893456858838,-0.008092171099785328
2022-04-06,Equity Maximum-Sharpe,0.017742429935146322,1.3620338506346683,0.0
2022-04-07,Equity Maximum-Sharpe,0.013426951636541628,1.3803218132744728,0.0
2022-04-08,Equity Maximum-Sharpe,0.006285197437881947,1.388997408398718,0.0
2022-04-11,Equity Maximum-Sharpe,-0.02608448119086712,1.3527661316251784,-0.026084481190867148
2022-04-12,Equity Maximum-Sharpe,0.0028414340662842427,1.3566099273952938,-0.023317164458039885
2022-04-13,Equity Maximum-Sharpe,-0.008387844147206922,1.3452308947557483,-0.03150942786381805
2022-04-14,Equity Maximum-Sharpe,0.006681156147337077,1.3542185924178334,-0.025038791124152526
2022-04-18,Equity Maximum-Sharpe,0.001280889589574167,1.3559531969148693,-0.02378997346146472
2022-04-19,Equity Maximum-Sharpe,-0.004054143863416748,1.3504559675825165,-0.027747669349961757
2022-04-20,Equity Maximum-Sharpe,0.005500233795231571,1.3578837911343862,-0.022400054223427723
2022-04-21,Equity Maximum-Sharpe,-0.016018218473253933,1.3361329119067054,-0.03805946373431801
2022-04-22,Equity Maximum-Sharpe,-0.026070431956009475,1.3012993497426568,-0.06313766903075968
2022-04-25,Equity Maximum-Sharpe,-0.00667330392794174,1.2926153836805911,-0.06938963610395732
2022-04-26,Equity Maximum-Sharpe,-0.009311728566328753,1.2805789000870966,-0.07805522721356972
2022-04-27,Equity Maximum-Sharpe,0.002581607843348908,1.2838848526195887,-0.07567512735700965
2022-04-28,Equity Maximum-Sharpe,0.017851292011092555,1.3068038560323194,-0.059174734142343755
2022-04-29,Equity Maximum-Sharpe,-0.053820254048553985,1.23647134050903,-0.10981018896610117
2022-05-02,Equity Maximum-Sharpe,-0.004269082256456184,1.2311927426486462,-0.11361048249326411
2022-05-03,Equity Maximum-Sharpe,0.008419067668282692,1.2415582376617038,-0.10614790916491845
2022-05-04,Equity Maximum-Sharpe,0.017931866245714686,1.2638216939157187,-0.09011947302861134
2022-05-05,Equity Maximum-Sharpe,-0.02049868987642456,1.237915004953043,-0.10877083177559543
2022-05-06,Equity Maximum-Sharpe,0.0004548676769530526,1.2384780924756114,-0.10836544043421237
2022-05-09,Equity Maximum-Sharpe,-0.053257739089935585,1.1725195493579441,-0.15585188117113669
2022-05-10,Equity Maximum-Sharpe,-0.0031306333250321573,1.1688488205824725,-0.15849459940320554
2022-05-11,Equity Maximum-Sharpe,-0.0009002225523859087,1.1677965965138546,-0.15925214154277723
2022-05-12,Equity Maximum-Sharpe,0.005238534319534072,1.1739141390629275,-0.15484785503217424
2022-05-13,Equity Maximum-Sharpe,0.017767431486705672,1.194771578100003,-0.1398316722006162
2022-05-16,Equity Maximum-Sharpe,0.007474221628619275,1.2037015656702976,-0.13340258348072476
2022-05-17,Equity Maximum-Sharpe,0.006901090183374288,1.2120084187288573,-0.12742211655664604
2022-05-18,Equity Maximum-Sharpe,-0.03152878333735558,1.1737952678917043,-0.15493343558869976
2022-05-19,Equity Maximum-Sharpe,0.0003429697856017757,1.1741978442030734,-0.15464360329028448
2022-05-20,Equity Maximum-Sharpe,0.001208451368915087,1.1756168051952776,-0.15362203119545959
2022-05-23,Equity Maximum-Sharpe,0.01443521732663611,1.1925870892711172,-0.1414043812752891
2022-05-24,Equity Maximum-Sharpe,0.002934522287207847,1.1960867626640197,-0.13888481329644242
2022-05-25,Equity Maximum-Sharpe,0.012508205835914697,1.211047662089034,-0.12811380729272226
2022-05-26,Equity Maximum-Sharpe,0.009154683903729045,1.2221344206278093,-0.12013196479846122
2022-05-27,Equity Maximum-Sharpe,0.0184092536788867,1.2446330032068458,-0.1039342509344926
2022-05-31,Equity Maximum-Sharpe,-0.016388259864374578,1.224235634114515,-0.11861920928574354
2022-06-01,Equity Maximum-Sharpe,-0.0007843938673085393,1.223275351190975,-0.11931055897274334
2022-06-02,Equity Maximum-Sharpe,0.0014775539848148756,1.2250828065606532,-0.11800929277976913
2022-06-03,Equity Maximum-Sharpe,0.0036745365562170797,1.2295844181177535,-0.1147683856838444
2022-06-06,Equity Maximum-Sharpe,-0.0031176308755753637,1.2257510277717032,-0.117528211096672
2022-06-07,Equity Maximum-Sharpe,0.015280149512960505,1.2444806867417197,-0.10404391022125947
2022-06-08,Equity Maximum-Sharpe,-0.007345786866720434,1.2353389968571653,-0.11062541269871418
2022-06-09,Equity Maximum-Sharpe,-0.0247299408970429,1.2047891364770753,-0.13261959367800702
2022-06-10,Equity Maximum-Sharpe,-0.012534119548432116,1.1896881654098195,-0.14349144338481434
2022-06-13,Equity Maximum-Sharpe,-0.04131174382399714,1.140540072689968,-0.1788753054587624
2022-06-14,Equity Maximum-Sharpe,-0.008122454842429636,1.1312760874535621,-0.1855448537101776
2022-06-15,Equity Maximum-Sharpe,-0.004977208182059915,1.1256454908549196,-0.18959856652821205
2022-06-16,Equity Maximum-Sharpe,-0.02206461564965971,1.1008085557414333,-0.20747976267970025
2022-06-17,Equity Maximum-Sharpe,-0.02284746395955739,1.0756578719377585,-0.2255868402390956
2022-06-21,Equity Maximum-Sharpe,0.03676799112454887,1.1152076510262172,-0.19711322405427278
2022-06-22,Equity Maximum-Sharpe,-0.005453378553727331,1.1091260015391582,-0.20149166957928655
2022-06-23,Equity Maximum-Sharpe,0.0005329010960802346,1.1097170560010694,-0.20106614361477626
2022-06-24,Equity Maximum-Sharpe,0.019098573106187476,1.130911068322289,-0.1858076469515948
2022-06-27,Equity Maximum-Sharpe,0.012448879740814656,1.1449896442093894,-0.17567186426260417
2022-06-28,Equity Maximum-Sharpe,0.002685586320821419,1.1480646127353604,-0.1734580598973996
2022-06-29,Equity Maximum-Sharpe,-0.006915065359255722,1.1401256709016467,-0.17917365143537511
2022-06-30,Equity Maximum-Sharpe,-0.006982746245717586,1.1321644626535121,-0.18490527353920072
2022-07-01,Equity Maximum-Sharpe,0.011986721912183513,1.1457354032261964,-0.17513495972102788
2022-07-05,Equity Maximum-Sharpe,-0.013703163094724524,1.1300352041323878,-0.18643821989910725
2022-07-06,Equity Maximum-Sharpe,-0.0028739861045540727,1.1267874986580544,-0.18877638515031347
2022-07-07,Equity Maximum-Sharpe,0.0033523880228521906,1.130564927572855,-0.1860568488200366
2022-07-08,Equity Maximum-Sharpe,0.0003913656212375348,1.131007391818084,-0.185738299453023
2022-07-11,Equity Maximum-Sharpe,0.00019259221568889082,1.1312252150376347,-0.18558147898796407
2022-07-12,Equity Maximum-Sharpe,-0.007958256138360622,1.1222226350261932,-0.19206283018200265
2022-07-13,Equity Maximum-Sharpe,-0.0033510509481325663,1.118462009801073,-0.19477026880095283
2022-07-14,Equity Maximum-Sharpe,-0.0022134907502735232,1.115986304487846,-0.19655263736280704
2022-07-15,Equity Maximum-Sharpe,0.015208189834663474,1.1329584360593816,-0.184333657349661
2022-07-18,Equity Maximum-Sharpe,-0.011480064183769045,1.1199520004958774,-0.193697559315827
2022-07-19,Equity Maximum-Sharpe,0.011117225510579866,1.132402759446415,-0.18473371325301013
2022-07-20,Equity Maximum-Sharpe,-0.008396631642348688,1.1228943906045643,-0.19157920395325
2022-07-21,Equity Maximum-Sharpe,-0.00345492390091555,1.1190148759362606,-0.19437223628350908
2022-07-22,Equity Maximum-Sharpe,0.0032721168119681393,1.122676423324654,-0.19173612813366414
2022-07-25,Equity Maximum-Sharpe,0.01736112657651118,1.1421673508144583,-0.1777037567469716
2022-07-26,Equity Maximum-Sharpe,0.0019055099359442747,1.1443437620499464,-0.1761368630851633
2022-07-27,Equity Maximum-Sharpe,0.00234811238316028,1.147030809808208,-0.17420233985134426
2022-07-28,Equity Maximum-Sharpe,0.0058487484707960575,1.1537395045030299,-0.16937245704936277
2022-07-29,Equity Maximum-Sharpe,0.001408315047195367,1.1553643332077652,-0.16820267178201054
2022-08-01,Equity Maximum-Sharpe,-0.012954207063797112,1.140397504401266,-0.1789779466068595
2022-08-02,Equity Maximum-Sharpe,-0.0057728722542541135,1.1338141352892872,-0.18371760203902354
2022-08-03,Equity Maximum-Sharpe,-0.008690836145580116,1.1239603424199454,-0.19081177860822374
2022-08-04,Equity Maximum-Sharpe,-0.016392036469226264,1.1055363434970336,-0.20407602144374604
2022-08-05,Equity Maximum-Sharpe,0.003952950850948696,1.1099064743268148,-0.2009297730754217
2022-08-08,Equity Maximum-Sharpe,0.007218741217216691,1.1179186019402934,-0.19516149189287058
2022-08-09,Equity Maximum-Sharpe,0.01503194473516559,1.1347230925830736,-0.18306320391827102
2022-08-10,Equity Maximum-Sharpe,0.0033662048154699344,1.1385428029215516,-0.18031322734136612
2022-08-11,Equity Maximum-Sharpe,0.012880364318911075,1.1532076490158554,-0.16975536308213046
2022-08-12,Equity Maximum-Sharpe,0.006330542536409264,1.1605080790912627,-0.16449946409249627
2022-08-15,Equity Maximum-Sharpe,-0.006996329307473278,1.152388782405957,-0.17034490097827548
2022-08-16,Equity Maximum-Sharpe,0.0006815519924024062,1.1531741952766281,-0.1697794478925304
2022-08-17,Equity Maximum-Sharpe,-0.0013548945594243948,1.1516117658333793,-0.17090430920170308
2022-08-18,Equity Maximum-Sharpe,0.010948924391546582,1.1642206759859044,-0.16182660316979547
2022-08-19,Equity Maximum-Sharpe,0.02010108722223173,1.1876227773398227,-0.14497840661275718
2022-08-22,Equity Maximum-Sharpe,-0.014682058257486795,1.1701860305350011,-0.15753188345827784
2022-08-23,Equity Maximum-Sharpe,0.014839987501978834,1.1875515766031308,-0.14502966713798304
2022-08-24,Equity Maximum-Sharpe,0.0025856477639548945,1.190622166681756,-0.14281901500857042
2022-08-25,Equity Maximum-Sharpe,0.004783733836514736,1.196317786227016,-0.13871848932664999
2022-08-26,Equity Maximum-Sharpe,-0.013614297531651913,1.1800307599429143,-0.1504442320714675
2022-08-29,Equity Maximum-Sharpe,0.005779345382103675,1.1868505652661308,-0.14553435586725016
2022-08-30,Equity Maximum-Sharpe,-0.018297377988966395,1.1651343118570379,-0.16116883673653282
2022-08-31,Equity Maximum-Sharpe,-0.010563198334054788,1.1528267670350796,-0.17002957668287066
2022-09-01,Equity Maximum-Sharpe,0.005505472259024045,1.1591736228204514,-0.16546019754148789
2022-09-02,Equity Maximum-Sharpe,-0.00321622031469169,1.1554454650664816,-0.16814426140757366
2022-09-06,Equity Maximum-Sharpe,-0.0038292940286518704,1.1510209246466696,-0.17132968162006545
2022-09-07,Equity Maximum-Sharpe,0.0018268308458740837,1.1531236451760605,-0.1698158411213888
2022-09-08,Equity Maximum-Sharpe,0.002949891384542907,1.156525234682278,-0.16736688802352884
2022-09-09,Equity Maximum-Sharpe,0.011786571625981526,1.1701567021981159,-0.15755299821105417
2022-09-12,Equity Maximum-Sharpe,0.010221221675249682,1.182117133246062,-0.14894216065611987
2022-09-13,Equity Maximum-Sharpe,-0.023647648487134063,1.1541628428084405,-0.16906767728314376
2022-09-14,Equity Maximum-Sharpe,0.01820207480293533,1.175171001208008,-0.15394298498887482
2022-09-15,Equity Maximum-Sharpe,-0.009105882931094248,1.1644700316469911,-0.16164708112059722
2022-09-16,Equity Maximum-Sharpe,-0.0032766078522939363,1.1606545199975358,-0.16439403487759086
2022-09-19,Equity Maximum-Sharpe,0.0007549878940388531,1.1615308001092954,-0.16376316248973677
2022-09-20,Equity Maximum-Sharpe,-0.00782421106790157,1.1524427379673718,-0.17030605600917148
2022-09-21,Equity Maximum-Sharpe,-0.013833200318030071,1.1365007667180103,-0.18178337853905302
2022-09-22,Equity Maximum-Sharpe,0.003076918560283966,1.1399976870209019,-0.17926579263014697
2022-09-23,Equity Maximum-Sharpe,-0.027599159872485696,1.108534708602548,-0.20191736723216536
2022-09-26,Equity Maximum-Sharpe,-0.017779430676758766,1.088825592598168,-0.21610682207578624
2022-09-27,Equity Maximum-Sharpe,-0.0007127184529586671,1.0880495665062697,-0.2166655172088412
2022-09-28,Equity Maximum-Sharpe,0.028059960403659618,1.1185801942596545,-0.19468518263890022
2022-09-29,Equity Maximum-Sharpe,-0.013155021683364937,1.1038652475495863,-0.2052791165232205
2022-09-30,Equity Maximum-Sharpe,-0.02944266690494701,1.071364510758037,-0.22867781877783255
2022-10-03,Equity Maximum-Sharpe,0.03804906158686058,1.1121289250098463,-0.19932973360119854
2022-10-04,Equity Maximum-Sharpe,0.0295772277438593,1.145022615505396,-0.17564812678418473
2022-10-05,Equity Maximum-Sharpe,0.009540891580983254,1.1559471521377067,-0.1677830749372523
2022-10-06,Equity Maximum-Sharpe,-0.0024352758184634452,1.153132101990684,-0.16980975269057363
2022-10-07,Equity Maximum-Sharpe,-0.011157382576858537,1.140266165967117,-0.17907250289138166
2022-10-10,Equity Maximum-Sharpe,-0.016806276786718678,1.121102537171343,-0.19286923762961738
2022-10-11,Equity Maximum-Sharpe,0.007495036099988947,1.1295052411592315,-0.1868197634282397
2022-10-12,Equity Maximum-Sharpe,-0.003991384579429061,1.1249969513572842,-0.19006547848478872
2022-10-13,Equity Maximum-Sharpe,0.037805198522563345,1.1675276844406248,-0.1594457431086288
2022-10-14,Equity Maximum-Sharpe,-0.010653211304904955,1.1550897653139525,-0.16840034522052993
2022-10-17,Equity Maximum-Sharpe,0.009974862761672287,1.1666116272003713,-0.16010525279145083
2022-10-18,Equity Maximum-Sharpe,0.004725864025109812,1.1721248751206323,-0.15613602442073915
2022-10-19,Equity Maximum-Sharpe,0.002255617875739486,1.1747687409415535,-0.1542325897527299
2022-10-20,Equity Maximum-Sharpe,0.00047852450195960916,1.1753308965682303,-0.15382786932396764
2022-10-21,Equity Maximum-Sharpe,0.02871207914185843,1.2090770902883687,-0.12953250814036243
2022-10-24,Equity Maximum-Sharpe,0.013003786017015233,1.224799670048554,-0.11821313514145182
2022-10-25,Equity Maximum-Sharpe,-0.00013168265782497179,1.224638385172699,-0.11832925117945148
2022-10-26,Equity Maximum-Sharpe,0.015984766041277878,1.244213943244853,-0.10423595053411672
2022-10-27,Equity Maximum-Sharpe,0.002238502137196505,1.2469991188159362,-0.10223078079496362
2022-10-28,Equity Maximum-Sharpe,-0.01715108833880326,1.2256117267707143,-0.11762849998140756
2022-10-31,Equity Maximum-Sharpe,-0.0023189215789707514,1.222769629290066,-0.11967465029346946
2022-11-01,Equity Maximum-Sharpe,0.006732391167239831,1.2310017927418677,-0.11374795568480778
2022-11-02,Equity Maximum-Sharpe,-0.0176392395425112,1.209287857242433,-0.1293807677895239
2022-11-03,Equity Maximum-Sharpe,0.0020122309746535296,1.2117212237260486,-0.1276288808033409
2022-11-04,Equity Maximum-Sharpe,0.010880712494118684,1.2249056139844332,-0.1181368614671896
2022-11-07,Equity Maximum-Sharpe,0.022286371224003898,1.2522043152120566,-0.09848333219308236
2022-11-08,Equity Maximum-Sharpe,0.020543344379803822,1.277928779693334,-0.07996316482219179
2022-11-09,Equity Maximum-Sharpe,-0.025533646914263065,1.2452985974510693,-0.10345506051973807
2022-11-10,Equity Maximum-Sharpe,0.012840608304456259,1.2612889889630272,-0.09194287812452961
2022-11-11,Equity Maximum-Sharpe,0.005934455160965929,1.2687740519130484,-0.08655405385116377
2022-11-14,Equity Maximum-Sharpe,0.0022735490327960026,1.271658671931612,-0.08447728970378565
2022-11-15,Equity Maximum-Sharpe,0.003015283153040292,1.2754930829015052,-0.0817167294992035
2022-11-16,Equity Maximum-Sharpe,-0.0055304845605059685,1.2684389880994862,-0.08679528094887923
2022-11-17,Equity Maximum-Sharpe,0.0055212115679425825,1.2754423081138104,-0.0817532844901544
2022-11-18,Equity Maximum-Sharpe,0.001081324132704805,1.2768214746614466,-0.08076036215689675
2022-11-21,Equity Maximum-Sharpe,-0.0007073821253568203,1.2759182739729993,-0.08141061584562648
2022-11-22,Equity Maximum-Sharpe,0.014681152644984211,1.2946502249157217,-0.067924664878794
2022-11-23,Equity Maximum-Sharpe,-0.009051261153465358,1.282932007627617,-0.07636112215167967
2022-11-25,Equity Maximum-Sharpe,-0.0007289104297249036,1.2819968651066294,-0.07703437216304265
2022-11-28,Equity Maximum-Sharpe,-0.014781737894474407,1.2630467234650853,-0.09067740815933756
2022-11-29,Equity Maximum-Sharpe,0.003126248059870887,1.2669953208338443,-0.087834640170799
2022-11-30,Equity Maximum-Sharpe,0.013948743636536327,1.2846683137528467,-0.07511107941241246
2022-12-01,Equity Maximum-Sharpe,-0.0022748440898547285,1.2817458936318824,-0.07721505750718327
2022-12-02,Equity Maximum-Sharpe,-0.0006980087257078052,1.2808512238139873,-0.07785916944899496
2022-12-05,Equity Maximum-Sharpe,-0.007813333381558416,1.2708435061901515,-0.08506416318283716
2022-12-06,Equity Maximum-Sharpe,-0.013189936606062398,1.2540811609072773,-0.0971321088690702
2022-12-07,Equity Maximum-Sharpe,0.006234953408481298,1.2619002985159884,-0.09150276963385506
2022-12-08,Equity Maximum-Sharpe,0.0021329720734622106,1.2645918966122165,-0.08956497041266642
2022-12-09,Equity Maximum-Sharpe,-0.01793416700558795,1.24191249434446,-0.10589286428102296
2022-12-12,Equity Maximum-Sharpe,0.006033017034664572,1.2494049735784027,-0.10049870070041533
2022-12-13,Equity Maximum-Sharpe,0.0044807216654377926,1.2550032095124213,-0.0964682857405541
2022-12-14,Equity Maximum-Sharpe,0.002612511363559,1.2582819196585753,-0.09410779886971554
2022-12-15,Equity Maximum-Sharpe,-0.01503030404147717,1.2393695598362133,-0.10772363408150676
2022-12-16,Equity Maximum-Sharpe,-0.002612068622715418,1.2361322414970164,-0.11005432117971303
2022-12-19,Equity Maximum-Sharpe,-3.0186665572647965e-05,1.2360949267864387,-0.11008118567229741
2022-12-20,Equity Maximum-Sharpe,0.0016079172726805452,1.2380824651698916,-0.10865026983945647
2022-12-21,Equity Maximum-Sharpe,0.011478094415610554,1.2522932925994235,-0.09841927347934476
2022-12-22,Equity Maximum-Sharpe,-0.006595615458159124,1.2440336476006058,-0.10436575325596265
2022-12-23,Equity Maximum-Sharpe,0.00838795195145688,1.2544685420626753,-0.09685321622819443
2022-12-27,Equity Maximum-Sharpe,0.0034477581575567415,1.2587936462119702,-0.09373938453697406
2022-12-28,Equity Maximum-Sharpe,-0.012220537814774647,1.2434105108574387,-0.10481437665828097
2022-12-29,Equity Maximum-Sharpe,0.0024287342218828156,1.2464304245170068,-0.10264020869993351
2022-12-30,Equity Maximum-Sharpe,0.002460510288170022,1.2494972794000192,-0.10043224570124942
2023-01-03,Equity Maximum-Sharpe,-0.008451795115052793,1.2389367843977144,-0.10803520805269062
2023-01-04,Equity Maximum-Sharpe,0.006663817551864283,1.2471928330872342,-0.10209131741646715
2023-01-05,Equity Maximum-Sharpe,0.01592991004565633,1.267060502727901,-0.0877877128736978
2023-01-06,Equity Maximum-Sharpe,0.012769644518288992,1.2832404149309007,-0.0761390862418796
2023-01-09,Equity Maximum-Sharpe,-0.0299527945071645,1.244803778479187,-0.10381130234487779
2023-01-10,Equity Maximum-Sharpe,0.006155498182348937,1.2524661658749967,-0.09829481444541999
2023-01-11,Equity Maximum-Sharpe,0.003772279462853388,1.2571908182704457,-0.09489333049240412
2023-01-12,Equity Maximum-Sharpe,0.009901127309470549,1.2696384246144388,-0.08593175412895848
2023-01-13,Equity Maximum-Sharpe,0.0022197616273897888,1.2724567192700575,-0.08390274051195845
2023-01-17,Equity Maximum-Sharpe,-0.012282086537865642,1.2568282957282941,-0.09515432633009213
2023-01-18,Equity Maximum-Sharpe,-0.01526235955842234,1.2376461303756896,-0.10896440634652527
2023-01-19,Equity Maximum-Sharpe,0.00979249490073391,1.2497657737963066,-0.10023894483930118
2023-01-20,Equity Maximum-Sharpe,0.005902187319532998,1.2571421254987936,-0.094928386548922
2023-01-23,Equity Maximum-Sharpe,-0.002249476364148822,1.254314214001108,-0.09696432375124231
2023-01-24,Equity Maximum-Sharpe,-0.009530272414736599,1.2423602578480013,-0.10557049974611887
2023-01-25,Equity Maximum-Sharpe,-0.0008385636145398814,1.2413184597396196,-0.10632053578080292
2023-01-26,Equity Maximum-Sharpe,0.001188922931620126,1.2427942917218475,-0.10525801977227467
2023-01-27,Equity Maximum-Sharpe,-0.014030363851506217,1.225357435616415,-0.11781157530808684
2023-01-30,Equity Maximum-Sharpe,-0.002769934582265427,1.221963275679865,-0.12025517953371512
2023-01-31,Equity Maximum-Sharpe,0.013855859728995706,1.2388946274216694,-0.10806555870402379
2023-02-01,Equity Maximum-Sharpe,-0.007474341196155072,1.2296347062702364,-0.11473218104287186
2023-02-02,Equity Maximum-Sharpe,-0.025141816133378334,1.1987194565739696,-0.1369894217758888
2023-02-03,Equity Maximum-Sharpe,-0.002651725413584499,1.1955407817272141,-0.1392778888583579
2023-02-06,Equity Maximum-Sharpe,-0.002017560854538199,1.1931287054459974,-0.1410144480964327
2023-02-07,Equity Maximum-Sharpe,0.013529744165502709,1.209271431587199,-0.12939259333731434
2023-02-08,Equity Maximum-Sharpe,0.0023806408484172963,1.2121502725540596,-0.1273199897820786
2023-02-09,Equity Maximum-Sharpe,-0.003031535438927334,1.2084755960455065,-0.12996555015989775
2023-02-10,Equity Maximum-Sharpe,0.01845313068973188,1.230775754154686,-0.11391069075242921
2023-02-13,Equity Maximum-Sharpe,0.00900501133622194,1.241858903773196,-0.10593144647774988
2023-02-14,Equity Maximum-Sharpe,-0.0008191658866995069,1.240841615323131,-0.10666383693716597
2023-02-15,Equity Maximum-Sharpe,-0.009573569129346239,1.2289623323402652,-0.115216252449993
2023-02-16,Equity Maximum-Sharpe,-0.007921000162978633,1.2192277215055034,-0.12222462465853745
2023-02-17,Equity Maximum-Sharpe,0.008327546801842813,1.2293808974184448,-0.11491490913887614
2023-02-21,Equity Maximum-Sharpe,-0.008811228423949002,1.2185485415112516,-0.12271359604908516
2023-02-22,Equity Maximum-Sharpe,-0.003398292141156667,1.214407557579016,-0.1256948715411751
2023-02-23,Equity Maximum-Sharpe,0.00499117678761589,1.2204688803911097,-0.12133106007871786
2023-02-24,Equity Maximum-Sharpe,-0.005274843188438112,1.214031098430678,-0.12596590095135385
2023-02-27,Equity Maximum-Sharpe,-0.0013234032955167776,1.2124244456741549,-0.12712260055842883
2023-02-28,Equity Maximum-Sharpe,-0.014475198778300027,1.1948743608193513,-0.1397576744244312
2023-03-01,Equity Maximum-Sharpe,0.005327792292556401,1.2012404032294977,-0.13517448199249904
2023-03-02,Equity Maximum-Sharpe,0.003931611374718314,1.205963213662606,-0.13177432414875412
2023-03-03,Equity Maximum-Sharpe,0.0052928221201331335,1.2123461624359462,-0.1271789600863411
2023-03-06,Equity Maximum-Sharpe,0.025024274783660476,1.2426842459376595,-0.1053372465465815
2023-03-07,Equity Maximum-Sharpe,-0.005557321552993811,1.2357782499941443,-0.11030917514900895
2023-03-08,Equity Maximum-Sharpe,-0.018583415221461622,1.212813269652852,-0.12684266916593956
2023-03-09,Equity Maximum-Sharpe,-0.009184431299675265,1.2016742694983908,-0.1348621226847928
2023-03-10,Equity Maximum-Sharpe,-0.0029477038581158716,1.198132089617992,-0.13741229294355695
2023-03-13,Equity Maximum-Sharpe,-0.013795362866650127,1.1816034226795338,-0.14931200336671246
2023-03-14,Equity Maximum-Sharpe,0.014376465209395378,1.1985907031769887,-0.1370821169790637
2023-03-15,Equity Maximum-Sharpe,-0.008257349421694057,1.1886935209272622,-0.1442075314613961
2023-03-16,Equity Maximum-Sharpe,-0.0020561780518879164,1.1862493553991103,-0.1459671931521761
2023-03-17,Equity Maximum-Sharpe,-0.026278614558708464,1.1550763658180607,-0.16840999210382201
2023-03-20,Equity Maximum-Sharpe,0.02077664089029659,1.1790749726715313,-0.1511323451418043
2023-03-21,Equity Maximum-Sharpe,0.006959013410645343,1.1872801712185088,-0.145225063747783
2023-03-22,Equity Maximum-Sharpe,-0.014739113627759209,1.1697807138669338,-0.15782368865936502
2023-03-23,Equity Maximum-Sharpe,-0.0009717980482645925,1.1686439232523003,-0.1586421139550206
2023-03-24,Equity Maximum-Sharpe,0.006097446313986778,1.175769666834498,-0.15351197941401207
2023-03-27,Equity Maximum-Sharpe,0.01561436757318407,1.194128566593852,-0.14029460431428542
2023-03-28,Equity Maximum-Sharpe,-0.00260724703865039,1.1910151784248324,-0.14253606866129864
2023-03-29,Equity Maximum-Sharpe,0.0008890246954377573,1.1920740203310933,-0.14177376205089143
2023-03-30,Equity Maximum-Sharpe,0.007422657929223628,1.2009223780103253,-0.13540344226071077
2023-03-31,Equity Maximum-Sharpe,0.006969487255396588,1.2092921912185888,-0.1293776475704871
2023-04-03,Equity Maximum-Sharpe,0.025636034066407742,1.2402936470289092,-0.10705834328462815
2023-04-04,Equity Maximum-Sharpe,-0.007849868755156947,1.2305575046818773,-0.1140678180958562
2023-04-05,Equity Maximum-Sharpe,0.019932049257354915,1.2550850374792042,-0.09640937420746698
2023-04-06,Equity Maximum-Sharpe,-0.003202934147578782,1.2510650827545469,-0.09930351547824989
2023-04-10,Equity Maximum-Sharpe,-0.001958185770780208,1.248615264911177,-0.10106724651803212
2023-04-11,Equity Maximum-Sharpe,0.00022819056802337776,1.2489001871377199,-0.10086211854240013
2023-04-12,Equity Maximum-Sharpe,0.0031692319686320927,1.2528582415364273,-0.09801254202427667
2023-04-13,Equity Maximum-Sharpe,0.011914623255607625,1.2677855754770169,-0.0872657012812127
2023-04-14,Equity Maximum-Sharpe,-0.0004485064904304447,1.2672169654179413,-0.0876750685382266
2023-04-17,Equity Maximum-Sharpe,0.00036629953287952354,1.2676811464004307,-0.08734088434199794
2023-04-18,Equity Maximum-Sharpe,0.005119651789249058,1.2741712324497971,-0.0826683874675449
2023-04-19,Equity Maximum-Sharpe,-0.0013690969162047846,1.2724267685447332,-0.08392430334940026
2023-04-20,Equity Maximum-Sharpe,0.0014645789739892968,1.274290338035885,-0.08258263814550315
2023-04-21,Equity Maximum-Sharpe,0.011636282765547056,1.289118340734675,-0.07190731030894215
2023-04-24,Equity Maximum-Sharpe,0.006599254101801048,1.297625560232475,-0.06578259081964688
2023-04-25,Equity Maximum-Sharpe,-0.00606659531081359,1.289753391093577,-0.07145010977346078
2023-04-26,Equity Maximum-Sharpe,-0.021445886862937465,1.2620934857870942,-0.09136368566585218
2023-04-27,Equity Maximum-Sharpe,0.009522981024259764,1.2741123781030868,-0.08271075928649463
2023-04-28,Equity Maximum-Sharpe,-0.0006585937406058682,1.2732732556660395,-0.08331488023875366
2023-05-01,Equity Maximum-Sharpe,-0.003687877739451545,1.2685775795702297,-0.0866955028860078
2023-05-02,Equity Maximum-Sharpe,0.005012082210569377,1.2749357946895208,-0.08211794566318964
2023-05-03,Equity Maximum-Sharpe,-0.0110640886473093,1.260829792037448,-0.09227347408014663
2023-05-04,Equity Maximum-Sharpe,-0.011250950888003857,1.2466442579691026,-0.10248626064300925
2023-05-05,Equity Maximum-Sharpe,0.009014842313907225,1.257882559376232,-0.09439531580814076
2023-05-08,Equity Maximum-Sharpe,0.0035192206163034323,1.2623093256120774,-0.09120829313331169
2023-05-09,Equity Maximum-Sharpe,-0.0036610351745221003,1.2576879667698844,-0.09453541153846468
2023-05-10,Equity Maximum-Sharpe,-0.0034610803018202325,1.2533350077222607,-0.09766929718958461
2023-05-11,Equity Maximum-Sharpe,-0.002079246056279111,1.2507290158502578,-0.0995454647448627
2023-05-12,Equity Maximum-Sharpe,-0.003823699110175493,1.2459466044252805,-0.10298853195007118
2023-05-15,Equity Maximum-Sharpe,0.008071572126393204,1.2560033523085339,-0.0957482391875043
2023-05-16,Equity Maximum-Sharpe,-0.005965073022333145,1.2485112005957182,-0.10114216697132428
2023-05-17,Equity Maximum-Sharpe,0.003630246122466612,1.253043603540537,-0.0978790918083231
2023-05-18,Equity Maximum-Sharpe,-0.00017518745588309103,1.252824086019522,-0.09803713207512821
2023-05-19,Equity Maximum-Sharpe,0.005599396467843768,1.2598391447816095,-0.09298668437834334
2023-05-22,Equity Maximum-Sharpe,-0.006669046254587948,1.2514372192517205,-0.09903559813375129
2023-05-23,Equity Maximum-Sharpe,-0.01624086136573699,1.2311128008659298,-0.11366803607992526
2023-05-24,Equity Maximum-Sharpe,-0.0010571153984047761,1.229811372566961,-0.11460499124708368
2023-05-25,Equity Maximum-Sharpe,-0.006928079145701307,1.2212911420435337,-0.1207390779429326
2023-05-26,Equity Maximum-Sharpe,-0.001839743018884896,1.2190442801909331,-0.12235669208606548
2023-05-30,Equity Maximum-Sharpe,-0.010806670742791196,1.2058704700340268,-0.13184109434430547
2023-05-31,Equity Maximum-Sharpe,0.0026721537873066067,1.2090927413775294,-0.12952124023657363
2023-06-01,Equity Maximum-Sharpe,0.011013860910773287,1.222409520659287,-0.1199339082507569
2023-06-02,Equity Maximum-Sharpe,0.00976530725462384,1.2343467252195024,-0.11133979246044956
2023-06-05,Equity Maximum-Sharpe,-0.005318887589865941,1.2277813737411407,-0.11606647620993937
2023-06-06,Equity Maximum-Sharpe,-0.008791920413130608,1.2169868176184844,-0.12383794940159976
2023-06-07,Equity Maximum-Sharpe,-0.006693977491821755,1.2088403352535024,-0.1297029584474938
2023-06-08,Equity Maximum-Sharpe,0.011586471196244463,1.2228465289787758,-0.11961928684336887
2023-06-09,Equity Maximum-Sharpe,0.003207567034926231,1.226768891193902,-0.11679540668966282
2023-06-12,Equity Maximum-Sharpe,-0.0003889418667469552,1.226291749411294,-0.11713892193290443
2023-06-13,Equity Maximum-Sharpe,0.007664016530873885,1.2356900696504562,-0.11037266003613322
2023-06-14,Equity Maximum-Sharpe,-0.0037360044810770456,1.2310735260130197,-0.11369631176472694
2023-06-15,Equity Maximum-Sharpe,0.0048925142846580295,1.2370965708245028,-0.1093600583094907
2023-06-16,Equity Maximum-Sharpe,0.003191894929488317,1.2410452530962048,-0.10651722919560902
2023-06-20,Equity Maximum-Sharpe,-0.002316644620958347,1.2381701922862536,-0.10858711125051201
2023-06-21,Equity Maximum-Sharpe,0.005093954284193885,1.2444773746418114,-0.10404629474688076
2023-06-22,Equity Maximum-Sharpe,0.0080510585318614,1.2544967348266298,-0.09683291902404989
2023-06-23,Equity Maximum-Sharpe,-0.003235124787045579,1.2504382813445245,-0.09975477723455872
2023-06-26,Equity Maximum-Sharpe,-0.008374672611551465,1.239966270117313,-0.10729403624533251
2023-06-27,Equity Maximum-Sharpe,0.007572257633255654,1.2493556141711886,-0.1005342366970382
2023-06-28,Equity Maximum-Sharpe,0.0023251519754752537,1.2522605558455497,-0.09844284210062204
2023-06-29,Equity Maximum-Sharpe,0.005956589770227242,1.2597197582621584,-0.09307263595660342
2023-06-30,Equity Maximum-Sharpe,0.019734211210992128,1.2845793340383638,-0.07517513980154278
2023-07-03,Equity Maximum-Sharpe,-0.009293133320361068,1.2726415670265645,-0.0837696605253514
2023-07-05,Equity Maximum-Sharpe,-0.0005608285027760095,1.2719278333619584,-0.08428350861483702
2023-07-06,Equity Maximum-Sharpe,-0.012203768250046466,1.2564055208528253,-0.09545870045844718
2023-07-07,Equity Maximum-Sharpe,-0.005348251405918847,1.24968594825952,-0.10029641473543205
2023-07-10,Equity Maximum-Sharpe,0.012753870239870945,1.2656242806842117,-0.08882171195462119
2023-07-11,Equity Maximum-Sharpe,-0.000404748664607349,1.2651120209467102,-0.08919051014992674
2023-07-12,Equity Maximum-Sharpe,0.0006400631963011114,1.2659217725905163,-0.08860753451663195
2023-07-13,Equity Maximum-Sharpe,0.001839570397185053,1.2682505248085256,-0.08693096391691135
2023-07-14,Equity Maximum-Sharpe,-0.001941265434211044,1.265788513902795,-0.08870347327570782
2023-07-17,Equity Maximum-Sharpe,0.0008770480235534762,1.26689867121715,-0.08790422245807317
2023-07-18,Equity Maximum-Sharpe,0.0032944080545066283,1.2710723524038514,-0.08489940678205765
2023-07-19,Equity Maximum-Sharpe,-0.005819855462087357,1.2636748950310055,-0.09022515996785652
2023-07-20,Equity Maximum-Sharpe,0.011263181377877948,1.2779078945764104,-0.07997820093154473
2023-07-21,Equity Maximum-Sharpe,-0.0005142685949953354,1.2772507066789331,-0.08045133924951675
2023-07-24,Equity Maximum-Sharpe,-0.00367935784173789,1.2725512442754487,-0.08383468782530867
2023-07-25,Equity Maximum-Sharpe,0.027607345366383585,1.3076830059725824,-0.058541795639401206
2023-07-26,Equity Maximum-Sharpe,-0.010937346486068684,1.2933804238423163,-0.06883885022264513
2023-07-27,Equity Maximum-Sharpe,-0.0021036903486161473,1.2906595519275903,-0.07079772494643799
2023-07-28,Equity Maximum-Sharpe,0.001891067358438899,1.293100276077098,-0.06904054085469702
2023-07-31,Equity Maximum-Sharpe,0.0002687510665841216,1.293447798155494,-0.0687903445071052
2023-08-01,Equity Maximum-Sharpe,-0.009297700347620902,1.2814217081129542,-0.07744845284468937
2023-08-02,Equity Maximum-Sharpe,-0.011500187397271596,1.2666851183347234,-0.0880579685206182
2023-08-03,Equity Maximum-Sharpe,0.0029106039345306966,1.2703719370239601,-0.08540366645573028
2023-08-04,Equity Maximum-Sharpe,0.004060409538712418,1.2755301673547648,-0.08169003077893577
2023-08-07,Equity Maximum-Sharpe,0.014034291263963154,1.293431329239393,-0.06880220120028635
2023-08-08,Equity Maximum-Sharpe,-0.006524131444483547,1.2849928132330222,-0.07487745804046941
2023-08-09,Equity Maximum-Sharpe,-0.012555901853101426,1.2688585695881276,-0.08649320587940512
2023-08-10,Equity Maximum-Sharpe,0.00337905005285173,1.2731461062047555,-0.08340642069845161
2023-08-11,Equity Maximum-Sharpe,0.00418640879552571,1.2784760162617603,-0.07956918527614132
2023-08-14,Equity Maximum-Sharpe,0.017798923044269017,1.301231512489147,-0.06318650803729753
2023-08-15,Equity Maximum-Sharpe,-0.008194467462847278,1.290568613198423,-0.07086319571594224
2023-08-16,Equity Maximum-Sharpe,-0.004357879757535323,1.2849444703632553,-0.07491226218731273
2023-08-17,Equity Maximum-Sharpe,-0.012043864161359713,1.26946877370731,-0.08605389323886825
2023-08-18,Equity Maximum-Sharpe,0.003682939091196804,1.2741441498790502,-0.08268788539503069
2023-08-21,Equity Maximum-Sharpe,0.014124058337261903,1.292140236182023,-0.06973171557487301
2023-08-22,Equity Maximum-Sharpe,-0.01196911770276557,1.276674457606681,-0.08086620616630702
2023-08-23,Equity Maximum-Sharpe,0.024242032092368734,1.3076236407794897,-0.05858453523901008
2023-08-24,Equity Maximum-Sharpe,-0.015937967209882144,1.2867827780698795,-0.07358878404724667
2023-08-25,Equity Maximum-Sharpe,0.0022856799142863438,1.2897239516197634,-0.07147130453857387
2023-08-28,Equity Maximum-Sharpe,0.009534770168998034,1.3020211730799098,-0.06261799683202951
2023-08-29,Equity Maximum-Sharpe,0.015744703989937364,1.322521111038684,-0.047859194666655225
2023-08-30,Equity Maximum-Sharpe,-0.0019330934363270416,1.3199645541595313,-0.0496997718079043
2023-08-31,Equity Maximum-Sharpe,-0.002988959037447153,1.3160192341762662,-0.05254018026324714
2023-09-01,Equity Maximum-Sharpe,-0.0002106266918820455,1.3157420453985185,-0.05273974059076947
2023-09-05,Equity Maximum-Sharpe,-0.012628610264766848,1.2991260518982135,-0.0647023212261506
2023-09-06,Equity Maximum-Sharpe,-0.009519627368736173,1.2867588559791252,-0.0736060066069214
2023-09-07,Equity Maximum-Sharpe,-0.0013086139080961418,1.285074985443825,-0.07481829867105239
2023-09-08,Equity Maximum-Sharpe,0.0007057567494892355,1.285981935788402,-0.07416534544083542
2023-09-11,Equity Maximum-Sharpe,0.006214192588889032,1.2939732752032234,-0.06841203059193723
2023-09-12,Equity Maximum-Sharpe,0.003429618920912785,1.2984111104310159,-0.06521703886556063
2023-09-13,Equity Maximum-Sharpe,-0.007407162936261525,1.288793567777801,-0.07214112856872446
2023-09-14,Equity Maximum-Sharpe,0.012365600455822847,1.3047302741069757,-0.06066759648521458
2023-09-15,Equity Maximum-Sharpe,-0.010430625656306716,1.2911211210353155,-0.07046542115311616
2023-09-18,Equity Maximum-Sharpe,0.005423494079898554,1.2981235087916825,-0.06542409586767906
2023-09-19,Equity Maximum-Sharpe,-0.005122414677910103,1.2914739818765077,-0.07021138119662762
2023-09-20,Equity Maximum-Sharpe,-0.01060345117034942,1.2777799005719035,-0.0800703494148558
2023-09-21,Equity Maximum-Sharpe,-0.014494129893176708,1.259259592718124,-0.09340392926302143
2023-09-22,Equity Maximum-Sharpe,-0.004750732678180563,1.2532771870206856,-0.0977109248421818
2023-09-25,Equity Maximum-Sharpe,0.003320509280288856,1.257438705550962,-0.09471486559461706
2023-09-26,Equity Maximum-Sharpe,-0.009848104980958543,1.2450553171715755,-0.10363020863594241
2023-09-27,Equity Maximum-Sharpe,0.00161136623174715,1.247061557266323,-0.10218582862298009
2023-09-28,Equity Maximum-Sharpe,0.0093968605774891,1.258780020851501,-0.09374919403005644
2023-09-29,Equity Maximum-Sharpe,-0.010875244237702638,1.2450904806832006,-0.10360489288559438
2023-10-02,Equity Maximum-Sharpe,-0.0026304810884232458,1.2418152937203877,-0.10596284326261396
2023-10-03,Equity Maximum-Sharpe,-0.013195761681210906,1.2254285950523705,-0.11776034451706796
2023-10-04,Equity Maximum-Sharpe,0.008246861125499542,1.2355345344949833,-0.11048463659889174
2023-10-05,Equity Maximum-Sharpe,0.003971347555814426,1.2404412715486743,-0.10695206193458928
2023-10-06,Equity Maximum-Sharpe,0.01896359071699665,1.2639644921307944,-0.090016666346459
2023-10-09,Equity Maximum-Sharpe,-0.003490364937405891,1.259552794785335,-0.093192840267867
2023-10-10,Equity Maximum-Sharpe,0.006328098200012892,1.2675233685588374,-0.08745447551260721
2023-10-11,Equity Maximum-Sharpe,0.01602642402204631,1.2878372355212138,-0.07282963399775166
2023-10-12,Equity Maximum-Sharpe,-0.0076388254295842286,1.2779996716973487,-0.07991212656712665
2023-10-13,Equity Maximum-Sharpe,-0.014107938197073197,1.2599697313131626,-0.09289266942139418
2023-10-16,Equity Maximum-Sharpe,0.0030677047106647606,1.263834946393207,-0.09010993199029971
2023-10-17,Equity Maximum-Sharpe,-0.005002843021528263,1.2575121785512802,-0.09466196916739988
2023-10-18,Equity Maximum-Sharpe,-0.023564316939324436,1.2278797630208373,-0.11599564146316321
2023-10-19,Equity Maximum-Sharpe,-0.007815312538038173,1.2182834989136972,-0.12290441181011658
2023-10-20,Equity Maximum-Sharpe,-0.004605280972124475,1.212672961097497,-0.12694368343314166
2023-10-23,Equity Maximum-Sharpe,0.009275181747339534,1.2239207232117606,-0.11884592742132127
2023-10-24,Equity Maximum-Sharpe,0.03533693679720299,1.2671703324526815,-0.08770864165001058
2023-10-25,Equity Maximum-Sharpe,-0.019482764123426276,1.2424823517613022,-0.10548259899658363
2023-10-26,Equity Maximum-Sharpe,-0.015217854190537523,1.2235744364978824,-0.11909523437595226
2023-10-27,Equity Maximum-Sharpe,-0.018253251918994785,1.2012402240668445,-0.13517461097953098
2023-10-30,Equity Maximum-Sharpe,0.020105869039768905,1.225392202697235,-0.11778654496561836
2023-10-31,Equity Maximum-Sharpe,-0.011590776674347991,1.211188955337284,-0.1280120841020268
2023-11-01,Equity Maximum-Sharpe,0.0035720135755957444,1.2155153387283604,-0.12489733142868387
2023-11-02,Equity Maximum-Sharpe,0.0102002798051445,1.2279139352908348,-0.1159710393510277
2023-11-03,Equity Maximum-Sharpe,0.013498529482723762,1.2444889677486053,-0.10403794836212599
2023-11-06,Equity Maximum-Sharpe,0.017653787346058613,1.2664589113397553,-0.08822082483237248
2023-11-07,Equity Maximum-Sharpe,0.0016064677418006074,1.2684934367271385,-0.08675608099982013
2023-11-08,Equity Maximum-Sharpe,0.01102389468846373,1.282477174786626,-0.0766885762118823
2023-11-09,Equity Maximum-Sharpe,-0.0035006481775043358,1.2779876734020184,-0.079920764664835
2023-11-10,Equity Maximum-Sharpe,0.018200856026963034,1.301248143049842,-0.06317453496910141
2023-11-13,Equity Maximum-Sharpe,0.004980445036454249,1.30772893790509,-0.058508727231764146
2023-11-14,Equity Maximum-Sharpe,0.012261559149210765,1.3237637336283479,-0.046964576302250705
2023-11-15,Equity Maximum-Sharpe,-0.006287940105278148,1.3154399865577535,-0.05295720596467046
2023-11-16,Equity Maximum-Sharpe,0.0008569639832390896,1.3165672712483463,-0.05214562439959591
2023-11-17,Equity Maximum-Sharpe,0.00205033721401239,1.3192666781193374,-0.050202203299838044
2023-11-20,Equity Maximum-Sharpe,0.00718819523230484,1.3287498245651332,-0.04337487130594442
2023-11-21,Equity Maximum-Sharpe,-0.0029474006503584474,1.3248334664680463,-0.04619442883240654
2023-11-22,Equity Maximum-Sharpe,-0.009181046509433147,1.3126701087951496,-0.05495136214225271
2023-11-24,Equity Maximum-Sharpe,-0.00171475021339187,1.31041920744598,-0.056571884495684954
2023-11-27,Equity Maximum-Sharpe,0.002727848438990518,1.3139938324354348,-0.05399835558350663
2023-11-28,Equity Maximum-Sharpe,-0.005873078026652804,1.306276644131001,-0.059554297054506544
2023-11-29,Equity Maximum-Sharpe,-0.00010253544258491962,1.3061427044771567,-0.05965072607088506
2023-11-30,Equity Maximum-Sharpe,0.005447194778914712,1.3132575181975024,-0.054528460415582125
2023-12-01,Equity Maximum-Sharpe,0.002229787543972026,1.316185803453607,-0.05242025975343656
2023-12-04,Equity Maximum-Sharpe,-0.012332051155723441,1.29995453279498,-0.06410586158428444
2023-12-05,Equity Maximum-Sharpe,-0.002307868286978162,1.2969544089542289,-0.06626578198630284
2023-12-06,Equity Maximum-Sharpe,-0.0065369274066287035,1.2884763121331881,-0.07236953478654351
2023-12-07,Equity Maximum-Sharpe,0.004392294162319437,1.2941356791172576,-0.06829510890939683
2023-12-08,Equity Maximum-Sharpe,0.009950698240461372,1.307013232742368,-0.05902399468899233
2023-12-11,Equity Maximum-Sharpe,-0.0028626734108086966,1.3032716807134213,-0.06171770167960511
2023-12-12,Equity Maximum-Sharpe,0.015496174948024414,1.3234674066825622,-0.04717791503419788
2023-12-13,Equity Maximum-Sharpe,0.00043828695823021254,1.324047465186554,-0.04676030554084365
2023-12-14,Equity Maximum-Sharpe,-0.0046419286216393,1.3179013313614956,-0.051185176161836266
2023-12-15,Equity Maximum-Sharpe,0.009639192430425762,1.3306048358988034,-0.0420393674940196
2023-12-18,Equity Maximum-Sharpe,0.008795512750258491,1.342308187698507,-0.03361361253656758
2023-12-19,Equity Maximum-Sharpe,0.00981898289505508,1.355488288833411,-0.024124681128050107
2023-12-20,Equity Maximum-Sharpe,-0.021347619801390633,1.3265518401981578,-0.04495729640888935
2023-12-21,Equity Maximum-Sharpe,0.02176689299249966,1.3554267521527545,-0.02416898407655399
2023-12-22,Equity Maximum-Sharpe,-0.0009383198348863746,1.354154928346474,-0.02508462567429237
2023-12-26,Equity Maximum-Sharpe,0.006642654872562575,1.3631501121794594,-0.018608599312691432
2023-12-27,Equity Maximum-Sharpe,0.003655324255406329,1.3681328678482687,-0.015021295521712053
2023-12-28,Equity Maximum-Sharpe,0.0015926751240111744,1.3703118590332328,-0.013452544441408643
2023-12-29,Equity Maximum-Sharpe,-0.0030871339686108254,1.3660815227456211,-0.016498148603110163
2021-01-04,Equity Risk Parity,-0.011861332759888535,0.9881386672401115,0.0
2021-01-05,Equity Risk Parity,0.009513559378331296,0.9975393831249254,0.0
2021-01-06,Equity Risk Parity,0.010584141870908368,1.008097481477738,0.0
2021-01-07,Equity Risk Parity,0.008785751218249743,1.0169543751537453,0.0
2021-01-08,Equity Risk Parity,0.003003707543822917,1.0200090086821183,0.0
2021-01-11,Equity Risk Parity,-0.0005720859778883523,1.0194254758309313,-0.0005720859778884924
2021-01-12,Equity Risk Parity,-8.633307776580287e-05,1.01933746569205,-0.0006583696657110893
2021-01-13,Equity Risk Parity,0.0004280409509752511,1.0197737838702294,-0.00023061052391371017
2021-01-14,Equity Risk Parity,0.002431751085144865,1.0222536198757581,0.0
2021-01-15,Equity Risk Parity,-0.008005737221067104,1.0140697260217482,-0.008005737221067122
2021-01-19,Equity Risk Parity,0.007240402113556479,1.0214119986093297,-0.0008232998642065947
2021-01-20,Equity Risk Parity,0.010125066345607735,1.031753862861449,0.0
2021-01-21,Equity Risk Parity,-0.006641450606391278,1.0249015205433014,-0.006641450606391208
2021-01-22,Equity Risk Parity,-0.0026052309753565542,1.022231415355292,-0.00922937906890664
2021-01-25,Equity Risk Parity,0.0029163683375180507,1.0252126186886503,-0.006339927000280299
2021-01-26,Equity Risk Parity,-0.003971130460242911,1.0211413656303505,-0.01028588078329662
2021-01-27,Equity Risk Parity,-0.02513535282677404,0.9954746171192178,-0.035162694367448344
2021-01-28,Equity Risk Parity,0.009543726416217662,1.0049751545192926,-0.0259545510863306
2021-01-29,Equity Risk Parity,-0.01270407867711123,0.9922078710877376,-0.038328901104412005
2021-02-01,Equity Risk Parity,0.007599566961453959,0.9997482212437505,-0.031020617193459943
2021-02-02,Equity Risk Parity,0.01551214957798507,1.0152564651920082,-0.015989664069381182
2021-02-03,Equity Risk Parity,-0.001636335914940663,1.0135951645751389,-0.01759983552273714
2021-02-04,Equity Risk Parity,0.007278772107753085,1.0209728927876018,-0.010449168606887937
2021-02-05,Equity Risk Parity,0.007942538919784114,1.0290820097246118,-0.0025896226154435986
2021-02-08,Equity Risk Parity,0.010044361390298087,1.03941848133054,0.0
2021-02-09,Equity Risk Parity,-0.0028171941759580215,1.0364902376385525,-0.0028171941759580488
2021-02-10,Equity Risk Parity,2.514934939553361e-05,1.0365163046936838,-0.0027921156771631983
2021-02-11,Equity Risk Parity,-0.001343009558960401,1.035124253388462,-0.0041313753980795065
2021-02-12,Equity Risk Parity,0.003967812854389283,1.0392314327069467,-0.00017995506810108974
2021-02-16,Equity Risk Parity,-0.0028762909810644407,1.0362423007098132,-0.0030557284460259737
2021-02-17,Equity Risk Parity,0.0026286481865586977,1.0389662171544094,-0.00043511269450557943
2021-02-18,Equity Risk Parity,-0.004463545615847331,1.0343287440508164,-0.004896716164992876
2021-02-19,Equity Risk Parity,-0.001913238996413513,1.032349825962587,-0.006800586573085243
2021-02-22,Equity Risk Parity,0.0002378373336084439,1.032595357292545,-0.006564366672854316
2021-02-23,Equity Risk Parity,-0.0008333581905482726,1.0317348354940232,-0.00739225439466995
2021-02-24,Equity Risk Parity,0.009638187415361595,1.0416788892014717,0.0
2021-02-25,Equity Risk Parity,-0.01610860366036187,1.0248988968339592,-0.01610860366036182
2021-02-26,Equity Risk Parity,-0.013245885869808556,1.0113232030184038,-0.029141116804563327
2021-03-01,Equity Risk Parity,0.018093876287862864,1.029621959940864,-0.011574516279052371
2021-03-02,Equity Risk Parity,-0.0016210450060098849,1.0279528964046238,-0.013176798473251039
2021-03-03,Equity Risk Parity,-0.009557246073650393,1.0181284976215632,-0.022608110641429646
2021-03-04,Equity Risk Parity,-0.007651931870500488,1.010337847722348,-0.030087046789581295
2021-03-05,Equity Risk Parity,0.01726506083520275,1.027781392127382,-0.013341440647552383
2021-03-08,Equity Risk Parity,0.00019551394838099255,1.0279823377254291,-0.013148535136909612
2021-03-09,Equity Risk Parity,0.008343241709090489,1.0365590428417484,-0.004914994834586794
2021-03-10,Equity Risk Parity,0.008467876171601194,1.0453364964610858,0.0
2021-03-11,Equity Risk Parity,0.0047131094670794516,1.0502632817988402,0.0
2021-03-12,Equity Risk Parity,0.0062601383242220175,1.0568380752197524,0.0
2021-03-15,Equity Risk Parity,0.007455830241370977,1.0647176805012082,0.0
2021-03-16,Equity Risk Parity,0.0021632954455018103,1.0670209794101817,0.0
2021-03-17,Equity Risk Parity,-1.7965714767631904e-05,1.0670018096156146,-1.7965714767531615e-05
2021-03-18,Equity Risk Parity,-0.011969902224488162,1.0542299022811639,-0.011987652891406464
2021-03-19,Equity Risk Parity,-0.003944214388935549,1.0500717935313404,-0.015884585407318186
2021-03-22,Equity Risk Parity,0.006981694724997166,1.0574030742331064,-0.00901379200846808
2021-03-23,Equity Risk Parity,-0.005743909834113341,1.0513294463163971,-0.014705927434021437
2021-03-24,Equity Risk Parity,-0.004364914330927061,1.0467404833496452,-0.019006651651542028
2021-03-25,Equity Risk Parity,0.005783571339240256,1.0527943816087686,-0.013333006638048595
2021-03-26,Equity Risk Parity,0.019552402744472716,1.0733790413651012,0.0
2021-03-29,Equity Risk Parity,0.0033693029605464113,1.076995580546961,0.0
2021-03-30,Equity Risk Parity,-0.005206200086346423,1.0713885260625229,-0.005206200086346313
2021-03-31,Equity Risk Parity,-0.0004468293970940463,1.0709097981733688,-0.005650703200194673
2021-04-01,Equity Risk Parity,0.011895637586444227,1.0836489530202114,0.0
2021-04-05,Equity Risk Parity,0.007993633767832513,1.0923112458835502,0.0
2021-04-06,Equity Risk Parity,0.0005176884590974771,1.0928767228092864,0.0
2021-04-07,Equity Risk Parity,-0.0011531620233898039,1.091616458876296,-0.0011531620233897755
2021-04-08,Equity Risk Parity,-0.0010891931798803264,1.0904274776742429,-0.002241099187058948
2021-04-09,Equity Risk Parity,0.0027113563444174835,1.093384015133962,0.0
2021-04-12,Equity Risk Parity,7.471605101503433e-05,1.0934657084698158,0.0
2021-04-13,Equity Risk Parity,0.002893905325956983,1.0966300947073078,0.0
2021-04-14,Equity Risk Parity,0.0004896889004793535,1.0971671022926175,0.0
2021-04-15,Equity Risk Parity,0.011071851981743038,1.1093147740484393,0.0
2021-04-16,Equity Risk Parity,0.003182804908103326,1.1128455065559122,0.0
2021-04-19,Equity Risk Parity,-0.0036939100271958037,1.1087347553805256,-0.003693910027195768
2021-04-20,Equity Risk Parity,-0.004084290922398073,1.1042063600837777,-0.007763113946401501
2021-04-21,Equity Risk Parity,0.008237850278512236,1.113302646754729,0.0
2021-04-22,Equity Risk Parity,-0.007680896869889306,1.104751483940031,-0.007680896869889375
2021-04-23,Equity Risk Parity,0.006824882350461594,1.1122912828444196,-0.0009084357369107954
2021-04-26,Equity Risk Parity,-0.0008605171307728989,1.1113341371411225,-0.001768171143169961
2021-04-27,Equity Risk Parity,-0.00020821055038151653,1.1111027456487705,-0.0019760135416645452
2021-04-28,Equity Risk Parity,-0.0012891938115212145,1.1096703188651158,-0.003262659888756514
2021-04-29,Equity Risk Parity,0.008072129236393704,1.1186277210887852,0.0
2021-04-30,Equity Risk Parity,-0.004679473008846503,1.1133931328610027,-0.004679473008846524
2021-05-03,Equity Risk Parity,0.006311509232147,1.1204203238980641,0.0
2021-05-04,Equity Risk Parity,-0.0035896174830725115,1.1163984435150098,-0.003589617483072516
2021-05-05,Equity Risk Parity,0.0033444571395815316,1.1201321902600414,-0.00025716566531053253
2021-05-06,Equity Risk Parity,0.007955653979695238,1.1290435743772684,0.0
2021-05-07,Equity Risk Parity,0.007654228282380028,1.1376855316363064,0.0
2021-05-10,Equity Risk Parity,-0.002129474399494748,1.1352628594220113,-0.002129474399494735
2021-05-11,Equity Risk Parity,-0.007552892573953981,1.126688341001597,-0.00966628328207031
2021-05-12,Equity Risk Parity,-0.01627999525116908,1.1083458601605436,-0.025788911487310773
2021-05-13,Equity Risk Parity,0.010012072731137021,1.1194426995237257,-0.016035039213641467
2021-05-14,Equity Risk Parity,0.010793772985494913,1.1315257098926546,-0.0054143448012319295
2021-05-17,Equity Risk Parity,0.0012409140433859336,1.1329298360365128,-0.00418014949434542
2021-05-18,Equity Risk Parity,-0.006277969960510464,1.1258173365585096,-0.010431876601899814
2021-05-19,Equity Risk Parity,-0.003033206137750863,1.122402500503274,-0.013433440707513511
2021-05-20,Equity Risk Parity,0.009809027387480653,1.1334121773704875,-0.0037561823078409162
2021-05-21,Equity Risk Parity,0.0007245399360374124,1.1342333797569835,-0.0030343638758926206
2021-05-24,Equity Risk Parity,0.0045448472462355,1.1393882972095604,0.0
2021-05-25,Equity Risk Parity,-0.004930669190274017,1.1337703504367505,-0.004930669190273962
2021-05-26,Equity Risk Parity,0.0024912445360820617,1.1365948496274478,-0.002451708156871457
2021-05-27,Equity Risk Parity,-0.0001546991993162131,1.1364190193142636,-0.002606028078898759
2021-05-28,Equity Risk Parity,0.00318508695848382,1.1400386127120543,0.0
2021-06-01,Equity Risk Parity,0.0007655612380903947,1.140911382083873,0.0
2021-06-02,Equity Risk Parity,0.0030658022810697827,1.1444091908015641,0.0
2021-06-03,Equity Risk Parity,0.0019346639091430316,1.1466232379602996,0.0
2021-06-04,Equity Risk Parity,0.006798503490002478,1.1544185600452905,0.0
2021-06-07,Equity Risk Parity,-0.0014705825029038755,1.1527208923098604,-0.0014705825029038833
2021-06-08,Equity Risk Parity,-0.0038034588686728225,1.1483365658089,-0.0052684480715139426
2021-06-09,Equity Risk Parity,-0.00016239898850891444,1.148150077112145,-0.005429991469384943
2021-06-10,Equity Risk Parity,0.005500906962327592,1.154465943865128,0.0
2021-06-11,Equity Risk Parity,-0.0004053749701812496,1.1539979522675583,-0.00040537497018122703
2021-06-14,Equity Risk Parity,-0.000148533553082464,1.1538265448514582,-0.0005538483114789772
2021-06-15,Equity Risk Parity,-0.0029836196875121816,1.1503839652562653,-0.0035358155262651403
2021-06-16,Equity Risk Parity,-0.009369839306498253,1.1396050523610417,-0.01287252480946488
2021-06-17,Equity Risk Parity,-0.004694771764179111,1.1342548667389012,-0.017506863007634932
2021-06-18,Equity Risk Parity,-0.014020301349748972,1.1183522716998024,-0.03128171286232806
2021-06-21,Equity Risk Parity,0.01459653949709564,1.1346763448053354,-0.01714177812256401
2021-06-22,Equity Risk Parity,0.0006401882215976626,1.1354027512366052,-0.016512563865417773
2021-06-23,Equity Risk Parity,-0.004975909405485893,1.1297530900077124,-0.021406308249056982
2021-06-24,Equity Risk Parity,0.006324843662275687,1.136898601678984,-0.015216856139843249
2021-06-25,Equity Risk Parity,0.008209499422813842,1.1462319700932655,-0.007132279488726412
2021-06-28,Equity Risk Parity,0.0010857105190669252,1.1474764462004865,-0.0060543125605253545
2021-06-29,Equity Risk Parity,-0.0010669435811168416,1.1462521535717303,-0.007114796531717538
2021-06-30,Equity Risk Parity,0.003694253862125029,1.1504867000170318,-0.003446826534158065
2021-07-01,Equity Risk Parity,0.005213627566459357,1.1564849091910854,0.0
2021-07-02,Equity Risk Parity,0.004420384496484483,1.161597017154092,0.0
2021-07-06,Equity Risk Parity,-0.0051658378790855565,1.1555963952826445,-0.005165837879085644
2021-07-07,Equity Risk Parity,0.0015071278711753615,1.1573380268178046,-0.003666495586155838
2021-07-08,Equity Risk Parity,-0.006427558815727971,1.1498991685807547,-0.010070487785856175
2021-07-09,Equity Risk Parity,0.009919074375412834,1.1613051039581324,-0.0002513033277881105
2021-07-12,Equity Risk Parity,0.0039139640465804225,1.1658504103821348,0.0
2021-07-13,Equity Risk Parity,-0.0037681229117842332,1.1614573427390609,-0.0037681229117841886
2021-07-14,Equity Risk Parity,0.001052990308039847,1.1626803460641668,-0.002719100400649932
2021-07-15,Equity Risk Parity,0.00027262230968659433,1.162997318665538,-0.0024472193783948715
2021-07-16,Equity Risk Parity,-0.005537762481459214,1.1565569157481943,-0.00797142974019649
2021-07-19,Equity Risk Parity,-0.014859090097498003,1.1393715323342075,-0.022712071644979015
2021-07-20,Equity Risk Parity,0.009028229973781854,1.149658040553701,-0.01388889147718908
2021-07-21,Equity Risk Parity,0.005588143827656102,1.1560824950369364,-0.008378360772714144
2021-07-22,Equity Risk Parity,-0.0008430300363250452,1.1551078827691508,-0.009214327599252559
2021-07-23,Equity Risk Parity,0.007008678234695952,1.1632036622458406,-0.0022702296218488627
2021-07-26,Equity Risk Parity,0.003461524658219567,1.1672301204052358,0.0
2021-07-27,Equity Risk Parity,-0.0005649379864474005,1.1665707077712932,-0.0005649379864474113
2021-07-28,Equity Risk Parity,0.0010117352593571138,1.1677509684888785,0.0
2021-07-29,Equity Risk Parity,0.0043831835330668464,1.1728694353046818,0.0
2021-07-30,Equity Risk Parity,-0.004357504291665377,1.1677586517067784,-0.004357504291665482
2021-08-02,Equity Risk Parity,-0.001644724483428665,1.1658380104615806,-0.005995061881098995
2021-08-03,Equity Risk Parity,0.004868234855688847,1.1715135837001966,-0.0011560123946217082
2021-08-04,Equity Risk Parity,-0.007188209306012681,1.1630924988557225,-0.008335912041581572
2021-08-05,Equity Risk Parity,0.00443717815107558,1.1682533474793249,-0.003935721817286297
2021-08-06,Equity Risk Parity,0.0013974075836330419,1.169885873566697,-0.00254381404116788
2021-08-09,Equity Risk Parity,-0.0016292354209102551,1.1679798540630597,-0.004168904990138
2021-08-10,Equity Risk Parity,0.004259864639466141,1.1729552901429916,0.0
2021-08-11,Equity Risk Parity,0.007228004223942237,1.1814334159346407,0.0
2021-08-12,Equity Risk Parity,0.0024359347934575968,1.1843113106986691,0.0
2021-08-13,Equity Risk Parity,0.002659214453937624,1.1874606484540409,0.0
2021-08-16,Equity Risk Parity,0.0017438489253193798,1.1895314004297066,0.0
2021-08-17,Equity Risk Parity,-0.0024128434171715746,1.1866612474206608,-0.0024128434171716284
2021-08-18,Equity Risk Parity,-0.012142817425929564,1.1722518365468058,-0.014526362126009218
2021-08-19,Equity Risk Parity,-0.0015584819631304266,1.170424903203301,-0.016062205015776487
2021-08-20,Equity Risk Parity,0.005420057357793916,1.1767686733116531,-0.010729205730460767
2021-08-23,Equity Risk Parity,0.005974959638851083,1.1837998186389544,-0.00481835266280628
2021-08-24,Equity Risk Parity,-0.0007243334403784249,1.1829423528436003,-0.00553919600922359
2021-08-25,Equity Risk Parity,-0.0009867327753253269,1.181775104852729,-0.006520463078297678
2021-08-26,Equity Risk Parity,-0.005903405665460199,1.1747986070034415,-0.012385375805080034
2021-08-27,Equity Risk Parity,0.007994875333601962,1.1841909754085231,-0.004489520006999648
2021-08-30,Equity Risk Parity,0.001204183991271207,1.185616959223718,-0.0032907422238492856
2021-08-31,Equity Risk Parity,0.000748984724617931,1.1865049682154247,-0.00254422221488948
2021-09-01,Equity Risk Parity,-4.431371413930171e-05,1.1864523897734385,-0.002588423185092781
2021-09-02,Equity Risk Parity,0.005847415219636149,1.1933900695347734,0.0
2021-09-03,Equity Risk Parity,-0.0025909237998744585,1.190298086801082,-0.002590923799874467
2021-09-07,Equity Risk Parity,-0.01122094627908979,1.1769418159129836,-0.013782797462192686
2021-09-08,Equity Risk Parity,0.000981262401492017,1.1780967046656827,-0.012815059601637757
2021-09-09,Equity Risk Parity,-0.00794999713883815,1.1687308392343159,-0.02066317705330889
2021-09-10,Equity Risk Parity,-0.004464612275308132,1.1635129091829393,-0.025035536254697788
2021-09-13,Equity Risk Parity,0.0026595714112601656,1.1666073548528344,-0.02244254863992623
2021-09-14,Equity Risk Parity,-0.00795556886121326,1.1573263297073049,-0.030219574260013315
2021-09-15,Equity Risk Parity,0.005702910892194757,1.1639264586388163,-0.024689002907023694
2021-09-16,Equity Risk Parity,-0.0047077704957255075,1.1584469599976421,-0.029280543243294654
2021-09-17,Equity Risk Parity,-0.010981423910435158,1.1457255628521532,-0.03994042509604723
2021-09-20,Equity Risk Parity,-0.01397350490868178,1.1297157610756365,-0.05335582227859448
2021-09-21,Equity Risk Parity,-0.0023920478429120336,1.127013426926252,-0.055620240441918156
2021-09-22,Equity Risk Parity,0.005444527499460277,1.133149482521413,-0.050478538871070344
2021-09-23,Equity Risk Parity,0.0077787082837759754,1.1419639217878588,-0.04309248841576374
2021-09-24,Equity Risk Parity,-0.0031985188975703766,1.1383113286036768,-0.04615317517479289
2021-09-27,Equity Risk Parity,-0.001163891188508274,1.1369864580785358,-0.04726334908939356
2021-09-28,Equity Risk Parity,-0.010198647278041812,1.1253907342326828,-0.05697997414089362
2021-09-29,Equity Risk Parity,0.005676726043781461,1.1317792691231319,-0.05162670780029177
2021-09-30,Equity Risk Parity,-0.009428717407424077,1.1211080422269888,-0.060568651569191334
2021-10-01,Equity Risk Parity,0.010480058733189364,1.1328573203557788,-0.05072335586183696
2021-10-04,Equity Risk Parity,-0.0019704374758430995,1.1306250958369666,-0.0525938461363894
2021-10-05,Equity Risk Parity,0.004065085675938982,1.1352211837189106,-0.048742558951021975
2021-10-06,Equity Risk Parity,0.002856436361037389,1.1384638707859054,-0.04602535260770213
2021-10-07,Equity Risk Parity,0.007063788919730727,1.1465057392618765,-0.03928667706374844
2021-10-08,Equity Risk Parity,-0.0025493117094247926,1.1435829387558536,-0.04173583478731013
2021-10-11,Equity Risk Parity,-0.00867199335873353,1.133665795105802,-0.05004589526394676
2021-10-12,Equity Risk Parity,0.0003982877734996334,1.1341173203312274,-0.04966754015864461
2021-10-13,Equity Risk Parity,0.00385501404363243,1.138489358528231,-0.046003995179836554
2021-10-14,Equity Risk Parity,0.012548429837562214,1.1527756123645336,-0.034032843248036126
2021-10-15,Equity Risk Parity,0.0025675140209375736,1.1557353799122745,-0.03155270902931018
2021-10-18,Equity Risk Parity,-0.0011359542323930146,1.1544225174159368,-0.03265282082833787
2021-10-19,Equity Risk Parity,0.010851709908141896,1.1669499756863615,-0.02215544985950757
2021-10-20,Equity Risk Parity,0.009886850462758596,1.1784874355934922,-0.012487647016445225
2021-10-21,Equity Risk Parity,0.003149701381446767,1.1821993190973987,-0.009377277994057076
2021-10-22,Equity Risk Parity,0.0016868685569249382,1.1841935339568022,-0.007706227672529931
2021-10-25,Equity Risk Parity,0.004560673565652242,1.1895942541037352,-0.0031806996957147726
2021-10-26,Equity Risk Parity,0.004857912204904531,1.19537319854963,0.0
2021-10-27,Equity Risk Parity,-0.013159645255438229,1.1796425113088584,-0.013159645255438224
2021-10-28,Equity Risk Parity,0.008436495391890456,1.1895945599195938,-0.004834171150104094
2021-10-29,Equity Risk Parity,-0.0029305795395585545,1.1861083584419234,-0.007750583766599317
2021-11-01,Equity Risk Parity,0.005582852790686848,1.192730226800908,-0.002211001344123331
2021-11-02,Equity Risk Parity,0.00475761116012639,1.198404773438956,0.0
2021-11-03,Equity Risk Parity,0.00459701949391153,1.2039138635440516,0.0
2021-11-04,Equity Risk Parity,0.003994965031254005,1.208723457329552,0.0
2021-11-05,Equity Risk Parity,3.273483480833635e-05,1.2087630246922567,0.0
2021-11-08,Equity Risk Parity,0.001766069902698622,1.2108977846896607,0.0
2021-11-09,Equity Risk Parity,0.0004569938057145122,1.2114511574766174,0.0
2021-11-10,Equity Risk Parity,-0.0036218931837812213,1.207063410786869,-0.003621893183781144
2021-11-11,Equity Risk Parity,0.0006690495579083148,1.2078709960282232,-0.0029552668519062797
2021-11-12,Equity Risk Parity,0.002285434881454204,1.210631506534843,-0.0006765860403994406
2021-11-15,Equity Risk Parity,-0.0016597440031366057,1.2086221681518634,-0.0023352070839129935
2021-11-16,Equity Risk Parity,-0.0009276102349277737,1.2075010378585251,-0.003260651156849037
2021-11-17,Equity Risk Parity,-0.004582276250469767,1.2019679345303285,-0.007827986202961656
2021-11-18,Equity Risk Parity,-0.0018524808281714688,1.1997413119755342,-0.00966596583676893
2021-11-19,Equity Risk Parity,-0.0060467596983233285,1.192486764561867,-0.015654277762425006
2021-11-22,Equity Risk Parity,-6.24527472252224e-05,1.1924122904873904,-0.015715752856998222
2021-11-23,Equity Risk Parity,0.00628009306991773,1.199900750649365,-0.009534356177686165
2021-11-24,Equity Risk Parity,0.001455085948774932,1.2016467093715595,-0.008093143536616054
2021-11-26,Equity Risk Parity,-0.01821488216309868,1.1797588561586814,-0.02616061004386605
2021-11-29,Equity Risk Parity,0.006795520988453452,1.1877759322270214,-0.019542864030036577
2021-11-30,Equity Risk Parity,-0.022231625928141884,1.1613697420153002,-0.041340020315498216
2021-12-01,Equity Risk Parity,-0.011953843671075475,1.147486909674932,-0.05279969184636313
2021-12-02,Equity Risk Parity,0.019535084164462885,1.1699031630330512,-0.03429605410597669
2021-12-03,Equity Risk Parity,0.0016573780766728774,1.1718421348872925,-0.032695517557495446
2021-12-06,Equity Risk Parity,0.01309698954452207,1.1871897390757418,-0.020026740864576564
2021-12-07,Equity Risk Parity,0.011852890064207124,1.2012613685383613,-0.008411225558181634
2021-12-08,Equity Risk Parity,0.0001093276313757807,1.2013926995984467,-0.008302817506173121
2021-12-09,Equity Risk Parity,-0.005724794983015284,1.1945149726991544,-0.01398008056118416
2021-12-10,Equity Risk Parity,0.005995054908360998,1.2016761555493451,-0.008068837003410878
2021-12-13,Equity Risk Parity,-0.001107564498210858,1.2003452217011121,-0.009167464744214926
2021-12-14,Equity Risk Parity,-0.002477658393595786,1.1973711762873518,-0.01162240929183922
2021-12-15,Equity Risk Parity,0.010228114635040657,1.2096180259391123,-0.0015131699913708552
2021-12-16,Equity Risk Parity,0.006089980064802773,1.2169845756031077,0.0
2021-12-17,Equity Risk Parity,-0.011495960371963952,1.202994169148683,-0.011495960371963987
2021-12-20,Equity Risk Parity,-0.005045834971513644,1.1969240590994654,-0.01648378862460176
2021-12-21,Equity Risk Parity,0.010186945167939021,1.2091170588596987,-0.006464762907541388
2021-12-22,Equity Risk Parity,0.005962569794637401,1.2163265037130364,-0.0005407397129459923
2021-12-23,Equity Risk Parity,0.003978947239625001,1.2211662026974681,0.0
2021-12-27,Equity Risk Parity,0.01198398733969297,1.2358006430102555,0.0
2021-12-28,Equity Risk Parity,0.002626623124189787,1.2390466255560748,0.0
2021-12-29,Equity Risk Parity,0.0013451250182711912,1.2407132981709148,0.0
2021-12-30,Equity Risk Parity,-0.0006040781926644496,1.2399638103241408,-0.0006040781926646144
2021-12-31,Equity Risk Parity,-0.001009432439016766,1.2387121506307928,-0.001612900855557986
2022-01-03,Equity Risk Parity,0.003853841664986745,1.243485951127819,0.0
2022-01-04,Equity Risk Parity,0.004603705686108775,1.2492105944716225,0.0
2022-01-05,Equity Risk Parity,-0.008746512475857834,1.2382843584221028,-0.008746512475857782
2022-01-06,Equity Risk Parity,-0.0009836761381325013,1.2370662876465002,-0.009721584878375933
2022-01-07,Equity Risk Parity,0.0017281354445152183,1.2392041057453969,-0.008010249649266
2022-01-10,Equity Risk Parity,-0.0060825713966805185,1.231666558297141,-0.01404409813054952
2022-01-11,Equity Risk Parity,0.007002146904492861,1.2402908684756888,-0.007140290064307719
2022-01-12,Equity Risk Parity,0.002843893221445296,1.2438181232691674,-0.00431670306537546
2022-01-13,Equity Risk Parity,-0.004442687109816707,1.2382922285259632,-0.008740212414126591
2022-01-14,Equity Risk Parity,-0.0004459380493132359,1.2377400269050947,-0.009182252870165275
2022-01-18,Equity Risk Parity,-0.00918550726046291,1.2263707569013922,-0.018283416480221915
2022-01-19,Equity Risk Parity,-0.003934788142216041,1.2215452477891762,-0.022146263252072362
2022-01-20,Equity Risk Parity,-0.01043339612819692,1.2088003823304752,-0.0323485986430011
2022-01-21,Equity Risk Parity,-0.009302499770805944,1.1975555170508958,-0.04135017558234466
2022-01-24,Equity Risk Parity,0.0008444877127442926,1.1985668379703744,-0.04054060758479949
2022-01-25,Equity Risk Parity,-0.00476014183099401,1.1928614898277095,-0.04510777037377511
2022-01-26,Equity Risk Parity,-0.010829135848616545,1.1799438307057821,-0.055448428049185816
2022-01-27,Equity Risk Parity,-0.002524958950498704,1.1769645209693558,-0.05783338199499066
2022-01-28,Equity Risk Parity,0.017670275400042134,1.1977618081909631,-0.041185038382115735
2022-01-31,Equity Risk Parity,0.012817778309450967,1.213114453515882,-0.028895160764312977
2022-02-01,Equity Risk Parity,0.00654578435910416,1.2210552391315095,-0.02253851789659367
2022-02-02,Equity Risk Parity,0.010247222625290953,1.233567664004668,-0.01252225248183314
2022-02-03,Equity Risk Parity,-0.008441286763962668,1.223154765610053,-0.020857835321665963
2022-02-04,Equity Risk Parity,-0.0026497647793177616,1.2199136931924848,-0.023452331743575527
2022-02-07,Equity Risk Parity,0.0011232802588365886,1.2212839981615322,-0.02235539502601036
2022-02-08,Equity Risk Parity,0.0031781905329659912,1.225165471402552,-0.01924825419787679
2022-02-09,Equity Risk Parity,0.010272824912217999,1.2377513817787653,-0.009173163230899561
2022-02-10,Equity Risk Parity,-0.01794350093989287,1.2155417886964643,-0.02695206550773699
2022-02-11,Equity Risk Parity,-0.008386526619566756,1.2053476151283657,-0.0351125579124707
2022-02-14,Equity Risk Parity,-0.006117485207714376,1.1979739189226641,-0.041015242566550536
2022-02-15,Equity Risk Parity,0.007584981680027197,1.2070605291508432,-0.033741360749992344
2022-02-16,Equity Risk Parity,-0.0008513420593136299,1.2060329077542398,-0.03456397736976091
2022-02-17,Equity Risk Parity,-0.012341304302151775,1.1911488886412358,-0.04647871710929974
2022-02-18,Equity Risk Parity,-0.007233142479189107,1.1825331390157658,-0.05337567240538754
2022-02-22,Equity Risk Parity,-0.005325477282174257,1.1762355856485192,-0.05841689875674605
2022-02-23,Equity Risk Parity,-0.010131008900448282,1.16431913246129,-0.06795608553595311
2022-02-24,Equity Risk Parity,0.005137118151914403,1.1703003774112781,-0.06316806582457857
2022-02-25,Equity Risk Parity,0.025561296695619552,1.2002147725812833,-0.03922142680118956
2022-02-28,Equity Risk Parity,-0.0042535685930324895,1.195109576719738,-0.04330816436500651
2022-03-01,Equity Risk Parity,-0.010455399760221128,1.1826142283378644,-0.053310759953910214
2022-03-02,Equity Risk Parity,0.017121049049161566,1.2028618245474734,-0.037102447040767594
2022-03-03,Equity Risk Parity,0.002624910187373466,1.2060192288047307,-0.034574927444607884
2022-03-04,Equity Risk Parity,0.004098989782292291,1.2109626893008494,-0.030617659936634456
2022-03-07,Equity Risk Parity,-0.01346445473930545,1.1946577369797704,-0.04366986457949973
2022-03-08,Equity Risk Parity,-0.007863278754283876,1.1852638101779365,-0.051189755015433214
2022-03-09,Equity Risk Parity,0.011709934816764795,1.1991431721357904,-0.04007924889318537
2022-03-10,Equity Risk Parity,-0.00029909326555905636,1.1987845164885633,-0.040366354725311804
2022-03-11,Equity Risk Parity,-0.007645903954836305,1.1896187252129469,-0.0477036214089116
2022-03-14,Equity Risk Parity,-0.007734713898155979,1.1804173647255358,-0.05506936144356356
2022-03-15,Equity Risk Parity,0.009434314787623861,1.191553793725134,-0.04615458834695174
2022-03-16,Equity Risk Parity,0.012666903387812749,1.206647090511632,-0.03407232067063404
2022-03-17,Equity Risk Parity,0.013483627405633629,1.2229170702901826,-0.021048111741768682
2022-03-18,Equity Risk Parity,0.0036198396476400463,1.2273438339869949,-0.017504462883519367
2022-03-21,Equity Risk Parity,0.0025996185710976324,1.2305344598109498,-0.01495034923921068
2022-03-22,Equity Risk Parity,0.005177115533403094,1.2369050788772247,-0.00985063339108383
2022-03-23,Equity Risk Parity,-0.008970811535374835,1.2258090365274692,-0.018733076750803157
2022-03-24,Equity Risk Parity,0.009074460738579579,1.2369325925024337,-0.00982860858171164
2022-03-25,Equity Risk Parity,0.009298624709845184,1.2484343644714897,-0.0006213764144876732
2022-03-28,Equity Risk Parity,0.0029590969895028707,1.252128602840989,0.0
2022-03-29,Equity Risk Parity,0.012409219914116986,1.2676665420343989,0.0
2022-03-30,Equity Risk Parity,-0.0021462268778835217,1.2649458420296908,-0.0021462268778836835
2022-03-31,Equity Risk Parity,-0.01240425910597099,1.249255126050134,-0.014523863629561151
2022-04-01,Equity Risk Parity,0.007968340085076431,1.2592096157475265,-0.006671254629234236
2022-04-04,Equity Risk Parity,0.0013688047331009594,1.2609332278295278,-0.005311581541045718
2022-04-05,Equity Risk Parity,-0.007088243888445917,1.2519954255836268,-0.012362175644095252
2022-04-06,Equity Risk Parity,0.0038067619722032342,1.256761474159111,-0.008602473532027477
2022-04-07,Equity Risk Parity,0.00204008962290692,1.2593253802010123,-0.006579933726104659
2022-04-08,Equity Risk Parity,0.003827227850435241,1.2641451053688775,-0.002777888781280047
2022-04-11,Equity Risk Parity,-0.011578671178062163,1.2495079848724544,-0.014324395698574577
2022-04-12,Equity Risk Parity,-0.0006445770339111475,1.248702580721717,-0.014959739555993834
2022-04-13,Equity Risk Parity,0.007297542019204239,1.2578150402740225,-0.007771366864795848
2022-04-14,Equity Risk Parity,-0.0009666056661598208,1.2565992291291126,-0.008730460683710306
2022-04-18,Equity Risk Parity,-0.0014986686993228174,1.2547160031968236,-0.010216045314875744
2022-04-19,Equity Risk Parity,0.010850142396557223,1.2683298504987484,0.0
2022-04-20,Equity Risk Parity,0.0028134598312531916,1.271898245585906,0.0
2022-04-21,Equity Risk Parity,-0.011361254930180777,1.2574478853725548,-0.011361254930180809
2022-04-22,Equity Risk Parity,-0.02085593804653016,1.2312226301784843,-0.0319802433477564
2022-04-25,Equity Risk Parity,-0.00259737875486064,1.2280246786763551,-0.03449455729797024
2022-04-26,Equity Risk Parity,-0.01797901381937598,1.2059460060078981,-0.05185339299499281
2022-04-27,Equity Risk Parity,0.00020137126186235157,1.2061888488768657,-0.051662463516309765
2022-04-28,Equity Risk Parity,0.015985749003665638,1.2254706810660316,-0.03650257768732701
2022-04-29,Equity Risk Parity,-0.03390950232942385,1.1839155801517824,-0.06917429577363243
2022-05-02,Equity Risk Parity,0.0012311170925677541,1.1853731188586647,-0.06802834033895777
2022-05-03,Equity Risk Parity,0.005333771402919834,1.191695628101823,-0.063057416552326
2022-05-04,Equity Risk Parity,0.027867132127314946,1.2249047676256801,-0.036947513783681774
2022-05-05,Equity Risk Parity,-0.021335498900994173,1.19877081330218,-0.05749471904494974
2022-05-06,Equity Risk Parity,-0.00366943148563144,1.194372005935793,-0.06095317759826002
2022-05-09,Equity Risk Parity,-0.029162390863658,1.159541262662082,-0.08833802807241564
2022-05-10,Equity Risk Parity,-0.006166297393687274,1.152391186396256,-0.09395960691383654
2022-05-11,Equity Risk Parity,-0.0003438939987208265,1.1519948859830755,-0.09427118876761753
2022-05-12,Equity Risk Parity,0.0033379445432224516,1.1558401810265628,-0.0912479162245251
2022-05-13,Equity Risk Parity,0.018003548572156254,1.1766494058673245,-0.07488715394422507
2022-05-16,Equity Risk Parity,0.0027499895148694977,1.1798851793961371,-0.0723431033175006
2022-05-17,Equity Risk Parity,0.013947782691504214,1.196341961479281,-0.0594043465102978
2022-05-18,Equity Risk Parity,-0.025068948919006396,1.166350925957293,-0.0829840909010705
2022-05-19,Equity Risk Parity,-0.0019749195707668703,1.164047476687238,-0.08479512356665453
2022-05-20,Equity Risk Parity,0.0028245495625766667,1.1673353864783333,-0.08221008203325675
2022-05-23,Equity Risk Parity,0.017240978982221634,1.18746139134181,-0.06638648534749714
2022-05-24,Equity Risk Parity,0.004829619690394046,1.1931963782590171,-0.06187748713391339
2022-05-25,Equity Risk Parity,0.00695900539517554,1.2014998382928257,-0.05534908750554257
2022-05-26,Equity Risk Parity,0.010645068865234957,1.2142898868130214,-0.04529321348843207
2022-05-27,Equity Risk Parity,0.016994130939433954,1.2349256881479522,-0.029068801349688367
2022-05-31,Equity Risk Parity,-0.008146146204257102,1.224865802940906,-0.03697814884816841
2022-06-01,Equity Risk Parity,-0.005180537348202078,1.218520339902235,-0.04196711951519527
2022-06-02,Equity Risk Parity,0.01129645824098569,1.2322853040377324,-0.03114474108730747
2022-06-03,Equity Risk Parity,-0.007368657076045148,1.2232050162124284,-0.03828390324655795
2022-06-06,Equity Risk Parity,-0.0009041363599283005,1.222099072081624,-0.03915342573756109
2022-06-07,Equity Risk Parity,0.009246132205143255,1.2333987616698738,-0.03026931128307142
2022-06-08,Equity Risk Parity,-0.012414599885234929,1.218086609544798,-0.042308129779925485
2022-06-09,Equity Risk Parity,-0.0223198573828782,1.1908990901397645,-0.06368367573997946
2022-06-10,Equity Risk Parity,-0.020567639916303188,1.1664051064771168,-0.08294149274511597
2022-06-13,Equity Risk Parity,-0.0374449043338983,1.1227291788505107,-0.1172806608178627
2022-06-14,Equity Risk Parity,-0.00935968741898804,1.1122207846802927,-0.12554263791130327
2022-06-15,Equity Risk Parity,0.008872476647100485,1.1220889376187884,-0.11778403538728621
2022-06-16,Equity Risk Parity,-0.022728712721312414,1.0965853005078883,-0.1378356686051242
2022-06-17,Equity Risk Parity,-0.0039164307389330105,1.092290600129117,-0.14121227549461068
2022-06-21,Equity Risk Parity,0.021834043512619177,1.116139720620761,-0.12246146694965687
2022-06-22,Equity Risk Parity,-0.00015793507610464255,1.1159634430090415,-0.12260006106465882
2022-06-23,Equity Risk Parity,0.006326297370887082,1.1230233596045556,-0.1170493681377558
2022-06-24,Equity Risk Parity,0.024141530876910667,1.150134862715941,-0.09573358819586564
2022-06-27,Equity Risk Parity,-0.0023630607205943547,1.1474170241984707,-0.09787042463455276
2022-06-28,Equity Risk Parity,-0.00954099478523551,1.1364695243541025,-0.10647763820872136
2022-06-29,Equity Risk Parity,-0.0026566960198132717,1.1334502702921119,-0.10885145551090636
2022-06-30,Equity Risk Parity,-0.0063613067006795644,1.1262400454928156,-0.11452032471826568
2022-07-01,Equity Risk Parity,0.013196524142405778,1.1411024994433057,-0.10283507080580068
2022-07-05,Equity Risk Parity,-0.007161996095970889,1.13292992779719,-0.10926056252613159
2022-07-06,Equity Risk Parity,0.000460020055068124,1.1334510982849637,-0.10885080452105345
2022-07-07,Equity Risk Parity,0.009648351769270862,1.1443870331944834,-0.10025268360416983
2022-07-08,Equity Risk Parity,-0.0029824993909529822,1.1409738995649663,-0.10293617942733213
2022-07-11,Equity Risk Parity,-0.004600003474491542,1.1357254156626633,-0.10706267611880704
2022-07-12,Equity Risk Parity,-0.0044958047354237895,1.1306194159607859,-0.11107714796794876
2022-07-13,Equity Risk Parity,-0.003682851301037512,1.1264555127737363,-0.11435091865007707
2022-07-14,Equity Risk Parity,-0.004305293944846744,1.1216057906754524,-0.11816389827727192
2022-07-15,Equity Risk Parity,0.016155134254188557,1.1397254828040897,-0.10391771766375091
2022-07-18,Equity Risk Parity,-0.006319704255175546,1.1325227548206807,-0.10958069267641879
2022-07-19,Equity Risk Parity,0.02221283589995467,1.157679296926477,-0.08980195472068875
2022-07-20,Equity Risk Parity,-0.0016732588686233594,1.1557421997758732,-0.09132495167215593
2022-07-21,Equity Risk Parity,0.003935265372238347,1.1602903520338859,-0.08774907421985434
2022-07-22,Equity Risk Parity,-0.0023542758376836536,1.157558708493395,-0.08989676453232309
2022-07-25,Equity Risk Parity,0.0017030658995262592,1.1595301072565298,-0.0883467987469495
2022-07-26,Equity Risk Parity,-0.0028370267084233485,1.156240489373022,-0.09093318322772403
2022-07-27,Equity Risk Parity,0.008322269176245881,1.1658630339580587,-0.08336768447935217
2022-07-28,Equity Risk Parity,0.010424383654590252,1.1780164375127422,-0.07381235755216942
2022-07-29,Equity Risk Parity,0.007055553099757164,1.18632799504,-0.0672775914605398
2022-08-01,Equity Risk Parity,-0.0026116690388713155,1.1832296989454079,-0.06971355369678378
2022-08-02,Equity Risk Parity,-0.009028226533654477,1.172547233181981,-0.07811239047519747
2022-08-03,Equity Risk Parity,0.006993630619444299,1.1807475954147073,-0.07166504906153848
2022-08-04,Equity Risk Parity,-0.002207686092404069,1.1781408753696707,-0.07371452122181799
2022-08-05,Equity Risk Parity,0.0002704964223071552,1.1784595582614321,-0.07346396431377333
2022-08-08,Equity Risk Parity,0.0011081957962863597,1.179765522189991,-0.07243718097391794
2022-08-09,Equity Risk Parity,0.0012229311268126214,1.1812082941694175,-0.07130283553045691
2022-08-10,Equity Risk Parity,0.014006026031541526,1.1977523282862272,-0.05829547886947761
2022-08-11,Equity Risk Parity,0.0035736883794187367,1.2020327218632454,-0.054930120365467405
2022-08-12,Equity Risk Parity,0.014624003483837545,1.2196112525754603,-0.04110941515322197
2022-08-15,Equity Risk Parity,0.005270294613368681,1.2260389631903126,-0.03605577926909409
2022-08-16,Equity Risk Parity,0.004493605262062326,1.231548298326798,-0.03172419444648311
2022-08-17,Equity Risk Parity,-0.0071738365669314205,1.2227133721103192,-0.03867044682723786
2022-08-18,Equity Risk Parity,0.002027711743298082,1.2251926823736348,-0.036721147603089976
2022-08-19,Equity Risk Parity,-0.006857936485397279,1.216790388775543,-0.04332725279055438
2022-08-22,Equity Risk Parity,-0.01722036958661032,1.1958368085713929,-0.059801511070938784
2022-08-23,Equity Risk Parity,-0.0003690322130739574,1.1953955062674504,-0.06014847460003714
2022-08-24,Equity Risk Parity,0.00156645997199644,1.1972680454787228,-0.05867623480587825
2022-08-25,Equity Risk Parity,0.011454680975567537,1.2109823689819228,-0.04789367138085954
2022-08-26,Equity Risk Parity,-0.025062466613399073,1.1806321637898984,-0.07175580445428276
2022-08-29,Equity Risk Parity,-0.003581294402183261,1.1764039724306803,-0.07508012019564969
2022-08-30,Equity Risk Parity,-0.012129825577063463,1.1621343974369316,-0.08629923701043485
2022-08-31,Equity Risk Parity,-0.006464699424240497,1.1546215478669308,-0.09220603780686176
2022-09-01,Equity Risk Parity,0.003917226232786537,1.1591444616831756,-0.08865000348419372
2022-09-02,Equity Risk Parity,-0.008320102927724686,1.1495002604538695,-0.09623252925838677
2022-09-06,Equity Risk Parity,-0.003422375265423833,1.145566239194894,-0.09932556069594756
2022-09-07,Equity Risk Parity,0.015321201812308099,1.1631176907349658,-0.08552614584418261
2022-09-08,Equity Risk Parity,0.0043444287940064726,1.168170772721413,-0.08155327930082212
2022-09-09,Equity Risk Parity,0.012846182311833019,1.1831773074391472,-0.06975474528301528
2022-09-12,Equity Risk Parity,0.008741690461802976,1.1935202772222098,-0.06162282921271822
2022-09-13,Equity Risk Parity,-0.035759669153276503,1.1508403869810166,-0.09517888638105909
2022-09-14,Equity Risk Parity,0.004734345100340738,1.1562888625283945,-0.09089515097511247
2022-09-15,Equity Risk Parity,-0.01586684217266421,1.137942209640647,-0.10531977413299398
2022-09-16,Equity Risk Parity,-0.005194542636009051,1.1320311203153544,-0.10996722871185438
2022-09-19,Equity Risk Parity,0.0050929049487914,1.1377964472101942,-0.10543437640637454
2022-09-20,Equity Risk Parity,-0.014706663864151875,1.1210632573152477,-0.11859045233699139
2022-09-21,Equity Risk Parity,-0.01618234766516256,1.1029218219307328,-0.13285372807266782
2022-09-22,Equity Risk Parity,-0.0055093350048390916,1.096845456129569,-0.1376311273829126
2022-09-23,Equity Risk Parity,-0.021584030982732833,1.0731711098211987,-0.15624452384802434
2022-09-26,Equity Risk Parity,-0.015417325575357927,1.056625681423017,-0.1692529767298505
2022-09-27,Equity Risk Parity,-0.003783846578227756,1.0526275719538971,-0.17239639601122403
2022-09-28,Equity Risk Parity,0.02139208799156767,1.075145473595485,-0.15469222689255768
2022-09-29,Equity Risk Parity,-0.018772001176567316,1.0549628415001697,-0.17056034540389198
2022-09-30,Equity Risk Parity,-0.015416107751496346,1.0386994206617783,-0.18334707649250948
2022-10-03,Equity Risk Parity,0.031467924631040624,1.0713851357454687,-0.15764870384585683
2022-10-04,Equity Risk Parity,0.026670606972334684,1.0999596276169374,-0.13518268349349305
2022-10-05,Equity Risk Parity,-0.005066470130255428,1.0943867150191293,-0.13956425459570088
2022-10-06,Equity Risk Parity,-0.012923514621988619,1.0802433923054695,-0.15068410853271508
2022-10-07,Equity Risk Parity,-0.02100274379206746,1.057555317103804,-0.16852207259973384
2022-10-10,Equity Risk Parity,-0.003273262508892958,1.0540936609332476,-0.1712437181264651
2022-10-11,Equity Risk Parity,-0.0004406795109413067,1.0536291434542613,-0.17160893403945066
2022-10-12,Equity Risk Parity,-0.007282229026427167,1.045956374722709,-0.17764146750522158
2022-10-13,Equity Risk Parity,0.02786977632641884,1.0751069449334227,-0.1547225191444701
2022-10-14,Equity Risk Parity,-0.016102378492784803,1.057795165985883,-0.16833349707263368
2022-10-17,Equity Risk Parity,0.018533730115056834,1.0774000561092771,-0.1529196145616447
2022-10-18,Equity Risk Parity,0.012211413991968722,1.0905566342293977,-0.14257556529058057
2022-10-19,Equity Risk Parity,-0.009181709450171723,1.0805434600749462,-0.1504481873255603
2022-10-20,Equity Risk Parity,-0.004625962243223721,1.075544906826477,-0.15437818193465458
2022-10-21,Equity Risk Parity,0.022439155051538602,1.0996792257556491,-0.13540314284412225
2022-10-24,Equity Risk Parity,0.009736366404272025,1.1103861056247724,-0.1269851110508705
2022-10-25,Equity Risk Parity,0.014972111018041582,1.1270109296710773,-0.11391423521312094
2022-10-26,Equity Risk Parity,0.007074647797909325,1.1349841350628946,-0.10764549050851258
2022-10-27,Equity Risk Parity,3.640485116115089e-05,1.135025453991402,-0.10761300447541144
2022-10-28,Equity Risk Parity,0.02339680204269376,1.1615814198518575,-0.08673400259564834
2022-10-31,Equity Risk Parity,-0.007094711938298401,1.153340334285129,-0.09321336177027495
2022-11-01,Equity Risk Parity,0.0015667299592980867,1.1551473071401204,-0.09179267197746921
2022-11-02,Equity Risk Parity,-0.01661386683209847,1.1359558436078374,-0.10688150758117143
2022-11-03,Equity Risk Parity,-0.003138355218606341,1.1323908106579443,-0.10968443066268785
2022-11-04,Equity Risk Parity,0.016494092330474643,1.1510685692431175,-0.09499948345877918
2022-11-07,Equity Risk Parity,0.006565740726380843,1.158626187027054,-0.0890574847099288
2022-11-08,Equity Risk Parity,0.007694879036984115,1.1675416753853094,-0.08204789224512554
2022-11-09,Equity Risk Parity,-0.0187561013041261,1.1456431454449933,-0.09926509497051206
2022-11-10,Equity Risk Parity,0.043286098012867806,1.1952335669264955,-0.0602757955877945
2022-11-11,Equity Risk Parity,0.007504446955801525,1.2042031338292887,-0.05322368514270048
2022-11-14,Equity Risk Parity,-0.008372503600324306,1.1941209387557812,-0.061150573247544915
2022-11-15,Equity Risk Parity,0.00886174600239316,1.2047029352111742,-0.05283072809317224
2022-11-16,Equity Risk Parity,-0.007200719624987434,1.196028207143319,-0.05965102845757686
2022-11-17,Equity Risk Parity,-0.0020460543144220173,1.193581068469923,-0.06157503352786353
2022-11-18,Equity Risk Parity,0.006481463837781208,1.2013172210026712,-0.05549266604320324
2022-11-21,Equity Risk Parity,0.0020586889670557392,1.2037903595114836,-0.05354821921548303
2022-11-22,Equity Risk Parity,0.013338918151308119,1.219847620588341,-0.0409235763774386
2022-11-23,Equity Risk Parity,0.002867255254850274,1.2233452350885896,-0.038173659462003795
2022-11-25,Equity Risk Parity,0.0014800430360290356,1.225155838684442,-0.03675011508482118
2022-11-28,Equity Risk Parity,-0.016731214857097075,1.2046574931139855,-0.052866455870411055
2022-11-29,Equity Risk Parity,0.0038990446259849244,1.2093545064386642,-0.04917353991508244
2022-11-30,Equity Risk Parity,0.021763347308365436,1.2356741085812255,-0.02848037343427079
2022-12-01,Equity Risk Parity,0.00020610235491650672,1.2359287839249133,-0.02828014095138809
2022-12-02,Equity Risk Parity,0.0006403735221615062,1.236720239993416,-0.027657877282694976
2022-12-05,Equity Risk Parity,-0.016648521752774523,1.216130676175789,-0.04384593626389299
2022-12-06,Equity Risk Parity,-0.01176972902586613,1.2018171476571566,-0.055099610501047724
2022-12-07,Equity Risk Parity,-0.00019860290555394222,1.2015784632796873,-0.05528727046386128
2022-12-08,Equity Risk Parity,0.006148695555363078,1.2089666034362752,-0.04947851950266757
2022-12-09,Equity Risk Parity,-0.010068783939131798,1.1967937799166493,-0.05904911491929887
2022-12-12,Equity Risk Parity,0.016092773927663125,1.2160535116548812,-0.04390660504866073
2022-12-13,Equity Risk Parity,0.007582163434818636,1.2252738281257336,-0.03665734866918913
2022-12-14,Equity Risk Parity,-0.0070594603334995926,1.2166240561384047,-0.043458027903827245
2022-12-15,Equity Risk Parity,-0.01856378364296571,1.194038910385424,-0.06121506611923633
2022-12-16,Equity Risk Parity,-0.00874834455269222,1.183593046588051,-0.06942788018170176
2022-12-19,Equity Risk Parity,-0.004544501408341106,1.178214206320929,-0.07365686649077885
2022-12-20,Equity Risk Parity,0.0037777050463210916,1.1826651520737947,-0.0701574153606963
2022-12-21,Equity Risk Parity,0.015339626665968654,1.2008067939774578,-0.05589397725420997
2022-12-22,Equity Risk Parity,-0.009765752684140063,1.189080011806039,-0.06511388317995237
2022-12-23,Equity Risk Parity,0.00906540168021406,1.1998594997429743,-0.05663876500572318
2022-12-27,Equity Risk Parity,0.0028926336049085047,1.2033302536530994,-0.05390996659581082
2022-12-28,Equity Risk Parity,-0.012541413088197693,1.1882387918605102,-0.06577527252335957
2022-12-29,Equity Risk Parity,0.011325157283003727,1.2016957830680968,-0.055195030547015356
2022-12-30,Equity Risk Parity,-0.00098785334023421,1.2005086838748475,-0.05612835929195936
2023-01-03,Equity Risk Parity,-0.0005227599201058876,1.1998811060511787,-0.05662177755544606
2023-01-04,Equity Risk Parity,0.016229489448478428,1.219354563801265,-0.04131123064835773
2023-01-05,Equity Risk Parity,-0.005547709210690287,1.2125899392565676,-0.0466297571642752
2023-01-06,Equity Risk Parity,0.0217605729045315,1.2389765910330617,-0.025883874490037373
2023-01-09,Equity Risk Parity,-0.0034365816051664102,1.2347187468710858,-0.029231504048260804
2023-01-10,Equity Risk Parity,0.006467507492003427,1.242704299616992,-0.02295305152769178
2023-01-11,Equity Risk Parity,0.00819929328304847,1.2528935966336567,-0.014941957045859988
2023-01-12,Equity Risk Parity,0.00434229330533923,1.2583340281106214,-0.01066454610056966
2023-01-13,Equity Risk Parity,0.00307040217063824,1.2621976196419202,-0.007626888375427465
2023-01-17,Equity Risk Parity,-0.005297322092073515,1.2555113523068284,-0.012883808383216122
2023-01-18,Equity Risk Parity,-0.016932213806312192,1.234252765653317,-0.029597870791344127
2023-01-19,Equity Risk Parity,-0.005893032806373034,1.2269792736139655,-0.035316482374144975
2023-01-20,Equity Risk Parity,0.012907827291173828,1.2428169101676245,-0.02286451413798829
2023-01-23,Equity Risk Parity,0.007789335257812991,1.2524976277449993,-0.015253278246303181
2023-01-24,Equity Risk Parity,-0.002620517284266762,1.2492154360629906,-0.017833824051283642
2023-01-25,Equity Risk Parity,0.0018664537206688212,1.251547038861547,-0.01600065633786929
2023-01-26,Equity Risk Parity,0.0058166048085757675,1.2588267933859478,-0.01027712102388878
2023-01-27,Equity Risk Parity,-0.0019385286505549262,1.256386521580883,-0.01219572718089379
2023-01-30,Equity Risk Parity,-0.00801795571019961,1.2463128700959556,-0.020115898090703355
2023-01-31,Equity Risk Parity,0.011159741112431894,1.2602213990713182,-0.009180645193207826
2023-02-01,Equity Risk Parity,0.001957054075635897,1.2626877204965745,-0.007241558136664161
2023-02-02,Equity Risk Parity,-0.002838543177522956,1.2591035268822168,-0.0100595458387438
2023-02-03,Equity Risk Parity,-0.011912999229805087,1.2441038275362242,-0.02185270570671971
2023-02-06,Equity Risk Parity,-0.0031823057924792553,1.24014470871941,-0.024965469507247096
2023-02-07,Equity Risk Parity,0.008909663733711246,1.251193981055241,-0.016278239711799758
2023-02-08,Equity Risk Parity,-0.009303396651544223,1.2395536271614593,-0.02543019344251629
2023-02-09,Equity Risk Parity,-0.00854787597839403,1.2289580764879147,-0.033760695281257136
2023-02-10,Equity Risk Parity,0.009856481139457769,1.241071278590002,-0.02423697579809414
2023-02-13,Equity Risk Parity,0.008152149246507815,1.2511886768786218,-0.016282409995576508
2023-02-14,Equity Risk Parity,-0.0031600978165987185,1.2472347982726646,-0.019391053803899272
2023-02-15,Equity Risk Parity,0.0001583977263733767,1.2474323574289645,-0.019235727576360606
2023-02-16,Equity Risk Parity,-0.012562244507788384,1.231761807148015,-0.031556328171049586
2023-02-17,Equity Risk Parity,0.0009311856919672539,1.2329088061187428,-0.030654527280366328
2023-02-21,Equity Risk Parity,-0.014962677052382807,1.214461189817749,-0.04515853054085961
2023-02-22,Equity Risk Parity,-0.005712500100086285,1.2075235801493642,-0.05061306253071152
2023-02-23,Equity Risk Parity,0.0029904701653473997,1.2111346433897543,-0.04777394921883915
2023-02-24,Equity Risk Parity,-0.00828616234358511,1.2010989851146867,-0.05566424886340282
2023-02-27,Equity Risk Parity,0.0010137696867916527,1.202316622856632,-0.054706909904747136
2023-02-28,Equity Risk Parity,-0.005552145954494428,1.1956411854830171,-0.059955315110731044
2023-03-01,Equity Risk Parity,-0.0015244454576169323,1.1938184957088678,-0.061388361960567406
2023-03-02,Equity Risk Parity,0.010320755122741505,1.2061396040640786,-0.05170118108900712
2023-03-03,Equity Risk Parity,0.011879226767097684,1.2204676099335332,-0.040436124376192595
2023-03-06,Equity Risk Parity,6.603881950638244e-05,1.220548208173739,-0.040372755910605296
2023-03-07,Equity Risk Parity,-0.016712760463989597,1.2001494783357796,-0.056410776175789934
2023-03-08,Equity Risk Parity,0.0008169205632231997,1.2011299051235735,-0.05563993873561224
2023-03-09,Equity Risk Parity,-0.016001853985733446,1.1819095997638882,-0.07075145054592324
2023-03-10,Equity Risk Parity,-0.011132798961222299,1.168751637799378,-0.08109658783200302
2023-03-13,Equity Risk Parity,-0.0010706809691954755,1.1675002776630703,-0.08208044022794003
2023-03-14,Equity Risk Parity,0.012423587407789278,1.1820048194112358,-0.07067658634379226
2023-03-15,Equity Risk Parity,-0.006607017644271816,1.1741952927137713,-0.07681664253505383
2023-03-16,Equity Risk Parity,0.010304674893394546,1.186294993466541,-0.06730353816938517
2023-03-17,Equity Risk Parity,-0.012568993826646934,1.1713844590170779,-0.07902659424026959
2023-03-20,Equity Risk Parity,0.012052538842392449,1.185502615708756,-0.06792652649454001
2023-03-21,Equity Risk Parity,0.005704738033955068,1.192265597569943,-0.06260929149979277
2023-03-22,Equity Risk Parity,-0.019247929845340735,1.1693169529909035,-0.08065212209467898
2023-03-23,Equity Risk Parity,0.0010923017458456434,1.1705941999401026,-0.07964791680260341
2023-03-24,Equity Risk Parity,0.010133395828099778,1.1824562943221735,-0.07032162484234794
2023-03-27,Equity Risk Parity,0.004682537670739206,1.1879931904643397,-0.06596837082900064
2023-03-28,Equity Risk Parity,0.0016894519509690297,1.1900002478777074,-0.06439036927083097
2023-03-29,Equity Risk Parity,0.013632496642899884,1.2062229222619503,-0.051635674120850794
2023-03-30,Equity Risk Parity,0.004319674328416955,1.2114334124535933,-0.04753904908836426
2023-03-31,Equity Risk Parity,0.011593574876164825,1.225478256428362,-0.036496621737347024
2023-04-03,Equity Risk Parity,0.007517712850125242,1.2346910500642625,-0.029253280009442828
2023-04-04,Equity Risk Parity,-0.0029855617772578343,1.2310048036584682,-0.032151504312045054
2023-04-05,Equity Risk Parity,0.007019098752916405,1.2396453479406615,-0.025358080142949713
2023-04-06,Equity Risk Parity,0.00034770365989805974,1.240076377165116,-0.02501919358032545
2023-04-10,Equity Risk Parity,0.0019966800654107426,1.2425524129469883,-0.023072468839989257
2023-04-11,Equity Risk Parity,0.002323108136902968,1.245438996568034,-0.020802960543186755
2023-04-12,Equity Risk Parity,-0.001354593363093415,1.2437519331691451,-0.022129374353995757
2023-04-13,Equity Risk Parity,0.007295223456360531,1.2528253814458945,-0.014995589628497008
2023-04-14,Equity Risk Parity,-0.006004406720999463,1.245302908305302,-0.02090995673034579
2023-04-17,Equity Risk Parity,0.004553618329317205,1.2509735424541129,-0.01645155436326129
2023-04-18,Equity Risk Parity,-0.0006613532403342618,1.2501462070482385,-0.0171020273148087
2023-04-19,Equity Risk Parity,0.0022677960186671927,1.2529812836393344,-0.014873015205597251
2023-04-20,Equity Risk Parity,-0.007007618627603171,1.2442008686560653,-0.021776409414797082
2023-04-21,Equity Risk Parity,0.0006962998227060459,1.2450672055003211,-0.021095272502105744
2023-04-24,Equity Risk Parity,0.0017796142841294204,1.2472829448839304,-0.01935319966624882
2023-04-25,Equity Risk Parity,-0.011687064393002319,1.2327058687907784,-0.030814081968541074
2023-04-26,Equity Risk Parity,-0.014367877836791934,1.214994501459296,-0.044739226839956125
2023-04-27,Equity Risk Parity,0.012543750577764884,1.230235089438957,-0.03275667396471371
2023-04-28,Equity Risk Parity,0.007456650466139445,1.2394085224920832,-0.025544278566762446
2023-05-01,Equity Risk Parity,-0.002842390490825005,1.2358856394935043,-0.028314062243094296
2023-05-02,Equity Risk Parity,-0.0154797685396462,1.2167544158526722,-0.04335553565280026
2023-05-03,Equity Risk Parity,-0.010753554988998527,1.2036699803336937,-0.053642864505078935
2023-05-04,Equity Risk Parity,-0.004043351089677325,1.1988031200070994,-0.057469318660106294
2023-05-05,Equity Risk Parity,0.015603083738567112,1.2175081454746255,-0.04276293351299143
2023-05-08,Equity Risk Parity,-0.0013178854686302492,1.2159036091817657,-0.044024462332948766
2023-05-09,Equity Risk Parity,-0.004051674050123632,1.2109771640809923,-0.04789776361146725
2023-05-10,Equity Risk Parity,-0.0015146236353629204,1.2091429894463905,-0.04933984016198323
2023-05-11,Equity Risk Parity,-0.007833208941662305,1.1996715197697108,-0.05678655982650849
2023-05-12,Equity Risk Parity,-0.00017917592140070994,1.199456567519778,-0.05695556096372911
2023-05-15,Equity Risk Parity,0.002424880610059394,1.202365106492965,-0.05466879078908571
2023-05-16,Equity Risk Parity,-0.016609821924187897,1.1823940361862597,-0.07037057383345613
2023-05-17,Equity Risk Parity,0.009321545784696314,1.1934157763301216,-0.06170499057464385
2023-05-18,Equity Risk Parity,0.0034928438401285854,1.1975841912731884,-0.05842767263074922
2023-05-19,Equity Risk Parity,-0.0015136374928240816,1.195771482940464,-0.05985287180766086
2023-05-22,Equity Risk Parity,-0.00022790664382168265,1.1954989586750093,-0.06006713758434579
2023-05-23,Equity Risk Parity,-0.006619839571095638,1.1875849473611688,-0.06628934234113826
2023-05-24,Equity Risk Parity,-0.00878453336931544,1.177152567762178,-0.07449155477062797
2023-05-25,Equity Risk Parity,-0.005735137589173187,1.1704014358226134,-0.07979947304396007
2023-05-26,Equity Risk Parity,0.00562508010515401,1.176985037654303,-0.0746232713670274
2023-05-30,Equity Risk Parity,-0.002789638610714271,1.1737016747490296,-0.07720473801867822
2023-05-31,Equity Risk Parity,-0.0017106263890737023,1.171693909691304,-0.07878329594553568
2023-06-01,Equity Risk Parity,0.0027451701420110504,1.1749104088277649,-0.07625439935524347
2023-06-02,Equity Risk Parity,0.01758234969246979,1.1955680944930973,-0.06001278117782671
2023-06-05,Equity Risk Parity,-0.004000996006750877,1.1907846313212318,-0.06377366628673098
2023-06-06,Equity Risk Parity,0.0016217015576265458,1.192715728612643,-0.06225538658305729
2023-06-07,Equity Risk Parity,0.008121538862252494,1.2024024157541904,-0.054639457262323776
2023-06-08,Equity Risk Parity,0.004442593680867716,1.20774420112828,-0.050439604489015744
2023-06-09,Equity Risk Parity,-0.002873031543099368,1.204274313942443,-0.05316772145739668
2023-06-12,Equity Risk Parity,0.003118258348988961,1.208029552376367,-0.0502152537997389
2023-06-13,Equity Risk Parity,0.006424286857160196,1.2157902807527599,-0.044113564137593264
2023-06-14,Equity Risk Parity,-0.0007201790668221341,1.2149146940429159,-0.04480197353896065
2023-06-15,Equity Risk Parity,0.010627421373677353,1.2278261044295824,-0.034650681616454015
2023-06-16,Equity Risk Parity,0.0012755714505798153,1.2293922843546694,-0.0334193095860873
2023-06-20,Equity Risk Parity,-0.011594985387480864,1.2151374987820953,-0.04462679856725771
2023-06-21,Equity Risk Parity,-0.0017311047431872767,1.213033968494329,-0.0462806496477719
2023-06-22,Equity Risk Parity,-0.0034996789530717907,1.2087887390454282,-0.04961836118533691
2023-06-23,Equity Risk Parity,-0.007255508058583921,1.2000183626081586,-0.05651386282448689
2023-06-26,Equity Risk Parity,0.006251698729639564,1.2075205158812201,-0.050615471739274276
2023-06-27,Equity Risk Parity,0.005033736469597024,1.2135988559397979,-0.045836520215697174
2023-06-28,Equity Risk Parity,-0.0021636286957866075,1.2109730786299129,-0.047900975701030024
2023-06-29,Equity Risk Parity,0.005667777472676081,1.2178366045649887,-0.042504690299351444
2023-06-30,Equity Risk Parity,0.008370482834925388,1.2280304849592436,-0.03448999224498073
2023-07-03,Equity Risk Parity,0.005427769833128171,1.2346959517796672,-0.02924942615130466
2023-07-05,Equity Risk Parity,-0.002519911577695547,1.2315846271558437,-0.031695631761400556
2023-07-06,Equity Risk Parity,-0.011749802455903324,1.2171137510790353,-0.04307301680539233
2023-07-07,Equity Risk Parity,-0.002034788108450799,1.2146371824917077,-0.04502016045145241
2023-07-10,Equity Risk Parity,0.004362767545854097,1.2199363621714703,-0.04085380540052497
2023-07-11,Equity Risk Parity,0.013013855728869404,1.2358124379871718,-0.0283716152011132
2023-07-12,Equity Risk Parity,0.006633308379997317,1.2440099629881771,-0.021926504493983368
2023-07-13,Equity Risk Parity,0.004288210347206056,1.2493445393834905,-0.017732319610226366
2023-07-14,Equity Risk Parity,-0.005040076318533123,1.243047747556855,-0.022683023684619386
2023-07-17,Equity Risk Parity,-0.005078431180536619,1.2367350151167664,-0.02764626069040732
2023-07-18,Equity Risk Parity,0.004876858106592722,1.2427663963009457,-0.022904229474379534
2023-07-19,Equity Risk Parity,0.006512563128451674,1.250859990910774,-0.016540831586288274
2023-07-20,Equity Risk Parity,0.005236659853895021,1.2574103192080202,-0.01139079044111102
2023-07-21,Equity Risk Parity,0.0056851186044823586,1.264558846007218,-0.005770429831285173
2023-07-24,Equity Risk Parity,0.0042448000914306885,1.2699266455123688,-0.0015501240609299138
2023-07-25,Equity Risk Parity,0.0019276580491339598,1.2723746298324004,0.0
2023-07-26,Equity Risk Parity,0.002012084724566058,1.2749347553890116,0.0
2023-07-27,Equity Risk Parity,-0.005124825501449868,1.2684009372419092,-0.005124825501449881
2023-07-28,Equity Risk Parity,0.0033033302465577787,1.2725908844226625,-0.0018384242459794642
2023-07-31,Equity Risk Parity,0.002592926875775145,1.2758906195287485,0.0
2023-08-01,Equity Risk Parity,-0.004930464476965615,1.2695998861526683,-0.004930464476965657
2023-08-02,Equity Risk Parity,-0.01142751705094204,1.2550915118057846,-0.016301638561028065
2023-08-03,Equity Risk Parity,-0.005202549367487036,1.2485618362549011,-0.021419377849130394
2023-08-04,Equity Risk Parity,-0.002342216317455511,1.2456374343486727,-0.023711425350277926
2023-08-07,Equity Risk Parity,0.008715434881011699,1.256493706293089,-0.015202645852842589
2023-08-08,Equity Risk Parity,-0.0023462645673391056,1.253545639630929,-0.017513240990887247
2023-08-09,Equity Risk Parity,-0.00026884980425647656,1.2532086241310878,-0.017777382363731387
2023-08-10,Equity Risk Parity,0.0008097329259694702,1.2542233884171556,-0.01698204436959938
2023-08-11,Equity Risk Parity,0.0033039314472422692,1.2583672565120139,-0.013734220432788269
2023-08-14,Equity Risk Parity,0.0004957073113540547,1.2589910383614353,-0.01324532127491862
2023-08-15,Equity Risk Parity,-0.012087956746659462,1.2437724091452904,-0.025173169150911168
2023-08-16,Equity Risk Parity,-0.0069513599749985045,1.2351264994023503,-0.03194954136543027
2023-08-17,Equity Risk Parity,-0.004270463057628594,1.2298519373151544,-0.036083565086949654
2023-08-18,Equity Risk Parity,0.001855231076108386,1.2321335968482736,-0.03429527736212734
2023-08-21,Equity Risk Parity,-0.0016815882293354635,1.2300616554948447,-0.035919195056728914
2023-08-22,Equity Risk Parity,-0.004623032200783889,1.2243750408525425,-0.04037617166213936
2023-08-23,Equity Risk Parity,0.007139551700270329,1.2331165297572297,-0.03352488772690987
2023-08-24,Equity Risk Parity,-0.011019142878356177,1.2195286425301721,-0.044174615077422374
2023-08-25,Equity Risk Parity,0.004875634891528349,1.2254746189309105,-0.03951435948048532
2023-08-28,Equity Risk Parity,0.007003871953275592,1.234057686243892,-0.032787241041326576
2023-08-29,Equity Risk Parity,0.01076656088692827,1.2473442434608186,-0.022373685981384117
2023-08-30,Equity Risk Parity,0.0014553770011855895,1.2491595995853126,-0.020950871128207704
2023-08-31,Equity Risk Parity,-0.004030316149575783,1.2441250914777062,-0.024896748643527866
2023-09-01,Equity Risk Parity,0.0035079902967808723,1.2484894702265916,-0.021476095899409908
2023-09-05,Equity Risk Parity,-0.009623671095415906,1.2364744181990408,-0.030893088111476286
2023-09-06,Equity Risk Parity,-0.004118272880806418,1.2313822791347608,-0.03488413482530883
2023-09-07,Equity Risk Parity,0.0022273849829407455,1.234125041531565,-0.032734450240420765
2023-09-08,Equity Risk Parity,0.003769230833776843,1.238776743690842,-0.029088603105816846
2023-09-11,Equity Risk Parity,0.0032593086709786644,1.2428142994729603,-0.025924103171167556
2023-09-12,Equity Risk Parity,0.0019587483388059006,1.2452486599174972,-0.024016133626383218
2023-09-13,Equity Risk Parity,-0.00036824792254198707,1.2447900996854344,-0.024375537657609803
2023-09-14,Equity Risk Parity,0.01238060684694998,1.2602013565166157,-0.01229671475908145
2023-09-15,Equity Risk Parity,-0.009250965581999433,1.2485432771410914,-0.021433923856073123
2023-09-18,Equity Risk Parity,2.7782578264678206e-05,1.2485779648924054,-0.02140673676747551
2023-09-19,Equity Risk Parity,-0.00325902517419451,1.2445088178728765,-0.02459599684764746
2023-09-20,Equity Risk Parity,-0.0032879796134678537,1.2404168982509296,-0.02780310532490715
2023-09-21,Equity Risk Parity,-0.017061085380998868,1.2192540396418368,-0.04438983955210085
2023-09-22,Equity Risk Parity,-0.003272277326495792,1.2152643022926783,-0.047516861013103595
2023-09-25,Equity Risk Parity,0.0013744085651419369,1.2169345719586606,-0.04620776002872673
2023-09-26,Equity Risk Parity,-0.01121256419836626,1.2032896149453627,-0.05690221675130824
2023-09-27,Equity Risk Parity,-0.0029828525578662764,1.199700379439569,-0.05971533838638954
2023-09-28,Equity Risk Parity,0.0027798410501250403,1.2030353558021858,-0.057101496485233105
2023-09-29,Equity Risk Parity,-0.0023829861752620754,1.2001685391809576,-0.05934841058378415
2023-10-02,Equity Risk Parity,-0.014558825596512712,1.1826954947326007,-0.07304319302117723
2023-10-03,Equity Risk Parity,-0.008109674949410782,1.1731042187061869,-0.08056051141791909
2023-10-04,Equity Risk Parity,0.0021976941672404568,1.1756823430052026,-0.07853986461673179
2023-10-05,Equity Risk Parity,-0.0023104021879025998,1.172966043947645,-0.08066880812958621
2023-10-06,Equity Risk Parity,0.009566161234221313,1.1841868262463149,-0.071874337720505
2023-10-09,Equity Risk Parity,0.008736282191307749,1.1945322165276318,-0.06376597002583695
2023-10-10,Equity Risk Parity,0.008093560408150475,1.20420023518158,-0.056188503348075014
2023-10-11,Equity Risk Parity,0.0037131617949685033,1.2086716254883483,-0.05268397855705498
2023-10-12,Equity Risk Parity,-0.008012385942111256,1.1989872819476566,-0.060274240130001266
2023-10-13,Equity Risk Parity,0.00217900444410193,1.2015998805634422,-0.05822657352300753
2023-10-16,Equity Risk Parity,0.009331209782652707,1.2128122611237901,-0.04943868811282304
2023-10-17,Equity Risk Parity,0.002817056408407107,1.2162288216761836,-0.04676090327758742
2023-10-18,Equity Risk Parity,-0.01296481493313699,1.2004606400868048,-0.05911947175362409
2023-10-19,Equity Risk Parity,-0.009203988624751967,1.1894116140109834,-0.06777932543285425
2023-10-20,Equity Risk Parity,-0.0070246668105471664,1.1810563937219611,-0.07432786506559197
2023-10-23,Equity Risk Parity,-0.0064742738589839205,1.1734099111861012,-0.08032091997078772
2023-10-24,Equity Risk Parity,0.011040808270745403,1.1863653050384992,-0.07016691957756971
2023-10-25,Equity Risk Parity,-0.009779268188436486,1.1747635205510716,-0.07926000664150057
2023-10-26,Equity Risk Parity,-0.0014481669936951117,1.1730622667952124,-0.08059339190965742
2023-10-27,Equity Risk Parity,-0.012447963040820386,1.1584600310535647,-0.09203813138665207
2023-10-30,Equity Risk Parity,0.009187421551340636,1.1691032917092328,-0.08369630294715835
2023-10-31,Equity Risk Parity,0.005235090665854334,1.1752236534390792,-0.0788993700156293
2023-11-01,Equity Risk Parity,0.004779494783206148,1.1808406287597917,-0.07449697435981117
2023-11-02,Equity Risk Parity,0.023038794785268702,1.208045773679896,-0.053174500078941755
2023-11-03,Equity Risk Parity,0.010577015267039403,1.2208232922713906,-0.04315991231105454
2023-11-06,Equity Risk Parity,-0.0036389304138157207,1.2163808012632498,-0.04664178680730391
2023-11-07,Equity Risk Parity,-0.0034944809285770728,1.2121301817513481,-0.049973278901408014
2023-11-08,Equity Risk Parity,-0.0015501227550695196,1.2102512311745088,-0.051445936939707004
2023-11-09,Equity Risk Parity,-0.010162358131838483,1.197952224733815,-0.061085483035936194
2023-11-10,Equity Risk Parity,0.009025149265895396,1.2087639223754492,-0.052611639372419416
2023-11-13,Equity Risk Parity,-0.0007647196618314474,1.2078395568374962,-0.05333612587918157
2023-11-14,Equity Risk Parity,0.021005248197756697,1.2332105265119364,-0.03345121624342373
2023-11-15,Equity Risk Parity,0.004417469808946511,1.2386581967808779,-0.029181516172305133
2023-11-16,Equity Risk Parity,-0.0004697018766189417,1.2380763967013604,-0.02963751143601545
2023-11-17,Equity Risk Parity,0.0025295436845024937,1.241208165031568,-0.027182937131390195
2023-11-20,Equity Risk Parity,0.004055723492810529,1.2462421621459547,-0.02323746011530714
2023-11-21,Equity Risk Parity,-0.0013436671468620087,1.244567627495645,-0.02454990385043565
2023-11-22,Equity Risk Parity,0.0014845836476848177,1.246415292243863,-0.023101766588559336
2023-11-24,Equity Risk Parity,0.0025702084999886846,1.249618839422504,-0.02059093444542126
2023-11-27,Equity Risk Parity,0.00021590134447646144,1.2498886338100186,-0.020379478711375576
2023-11-28,Equity Risk Parity,0.0014579456555067537,1.2517109035135492,-0.018951245228317593
2023-11-29,Equity Risk Parity,0.003703315532468228,1.2563463839446907,-0.015318112136663009
2023-11-30,Equity Risk Parity,0.007580937745709629,1.2658706676684228,-0.007853300045443157
2023-12-01,Equity Risk Parity,0.008862189990412892,1.2770890540285913,0.0
2023-12-04,Equity Risk Parity,-0.0009318948133060768,1.2758989413630122,-0.0009318948133060223
2023-12-05,Equity Risk Parity,-0.00374777416761256,1.2711171602700877,-0.00467617644961027
2023-12-06,Equity Risk Parity,-1.635222521223983e-05,1.2710963746760118,-0.0046924522089321075
2023-12-07,Equity Risk Parity,0.003207756897225754,1.2751737428389174,-0.0014997475576444819
2023-12-08,Equity Risk Parity,0.0023262854838724998,1.278140161006299,0.0
2023-12-11,Equity Risk Parity,0.0067230689825821385,1.286733185478153,0.0
2023-12-12,Equity Risk Parity,0.0012104698253453867,1.2882907371724448,0.0
2023-12-13,Equity Risk Parity,0.020097194740388114,1.3141817669996376,0.0
2023-12-14,Equity Risk Parity,0.01022420624605763,1.3276182324302503,0.0
2023-12-15,Equity Risk Parity,-0.003986843397046649,1.322325226446487,-0.00398684339704658
2023-12-18,Equity Risk Parity,-0.000444647815195174,1.3217372574235702,-0.004429718471035793
2023-12-19,Equity Risk Parity,0.007121495453007187,1.3311500032923824,0.0
2023-12-20,Equity Risk Parity,-0.014153998460746872,1.312308908194759,-0.01415399846074672
2023-12-21,Equity Risk Parity,0.007640922437558544,1.3223361587763924,-0.0066212256276080295
2023-12-22,Equity Risk Parity,0.0032019634830680707,1.326570230869135,-0.0034404630672126846
2023-12-26,Equity Risk Parity,0.005330665029983123,1.3336417324086458,0.0
2023-12-27,Equity Risk Parity,0.0018168197386626392,1.33606471903239,0.0
2023-12-28,Equity Risk Parity,0.001673046822293992,1.3383000178649465,0.0
2023-12-29,Equity Risk Parity,-0.002222582470613036,1.3353255357048188,-0.0022225824706129105
2021-01-04,Equity Equal Weight,-0.013701064199660195,0.9862989358003398,0.0
2021-01-05,Equity Equal Weight,0.012674408604811128,0.9987996915191637,0.0
2021-01-06,Equity Equal Weight,0.013264430714510807,1.0120482008249945,0.0
2021-01-07,Equity Equal Weight,0.009679796812702828,1.0218446217736419,0.0
2021-01-08,Equity Equal Weight,0.0028657693620504293,1.0247729927834968,0.0
2021-01-11,Equity Equal Weight,-8.806647741709244e-05,1.0246827446358702,-8.80664774171036e-05
2021-01-12,Equity Equal Weight,0.003012843574414888,1.02776995345886,0.0
2021-01-13,Equity Equal Weight,8.70916577731952e-05,1.0278594636479161,0.0
2021-01-14,Equity Equal Weight,0.003088648294878565,1.031034160027687,0.0
2021-01-15,Equity Equal Weight,-0.010835450462099168,1.019862440461975,-0.010835450462099327
2021-01-19,Equity Equal Weight,0.00728379663203324,1.027290911070949,-0.0036305770476485755
2021-01-20,Equity Equal Weight,0.00797222209594991,1.0354807023711574,0.0
2021-01-21,Equity Equal Weight,-0.00735487307514049,1.0278648732334603,-0.007354873075140378
2021-01-22,Equity Equal Weight,-0.0028008371292316974,1.024985991132675,-0.010135110402782366
2021-01-25,Equity Equal Weight,0.0019324605381932263,1.0269667361127397,-0.008222235565492952
2021-01-26,Equity Equal Weight,-0.005039220682649926,1.0217916240957268,-0.013220022588623759
2021-01-27,Equity Equal Weight,-0.02581577840422142,0.9954132779527819,-0.03869451581919847
2021-01-28,Equity Equal Weight,0.01064321496244822,1.0060076754465086,-0.02846313490648178
2021-01-29,Equity Equal Weight,-0.014793783126670682,0.9911250160721868,-0.04283584058824086
2021-02-01,Equity Equal Weight,0.008517686014717273,0.9995671077604215,-0.03468301681383057
2021-02-02,Equity Equal Weight,0.01747388970615294,1.0170334331553255,-0.017815174318159044
2021-02-03,Equity Equal Weight,0.0019027846101926735,1.0189686287199848,-0.015946288147486887
2021-02-04,Equity Equal Weight,0.009138734300265726,1.028280712278163,-0.0069532827376764805
2021-02-05,Equity Equal Weight,0.006317001689045663,1.0347763632744373,-0.0006802049474289307
2021-02-08,Equity Equal Weight,0.013036997474039067,1.0482667401086414,0.0
2021-02-09,Equity Equal Weight,-0.0027438667563593655,1.04539043584866,-0.0027438667563594032
2021-02-10,Equity Equal Weight,0.0014557026145883103,1.0469122134393907,-0.001292158395782339
2021-02-11,Equity Equal Weight,-0.0010303835566599063,1.0458334923093964,-0.0023212105336785083
2021-02-12,Equity Equal Weight,0.004467629428637099,1.0505058887970922,0.0
2021-02-16,Equity Equal Weight,0.0005560289992204569,1.0510900005351151,0.0
2021-02-17,Equity Equal Weight,0.002470031678470779,1.0536862261333606,0.0
2021-02-18,Equity Equal Weight,-0.005919355778125218,1.0474490824823672,-0.005919355778125079
2021-02-19,Equity Equal Weight,0.0011058595895655544,1.048607414094812,-0.004820042164910832
2021-02-22,Equity Equal Weight,0.002141918707192052,1.050853445931562,-0.0026884475962013488
2021-02-23,Equity Equal Weight,0.0002474703381477858,1.0511135009891706,-0.0024416425690890753
2021-02-24,Equity Equal Weight,0.014576435503532905,1.0664349891432319,0.0
2021-02-25,Equity Equal Weight,-0.018364899811465808,1.0468500174121749,-0.018364899811465718
2021-02-26,Equity Equal Weight,-0.012928311779984663,1.0333160140001878,-0.03105578444087964
2021-03-01,Equity Equal Weight,0.019963326496913788,1.053944438962163,-0.011712434708377018
2021-03-02,Equity Equal Weight,-0.002791341663546041,1.0510025199386253,-0.01447108296494004
2021-03-03,Equity Equal Weight,-0.00703708544492842,1.043606525402982,-0.021406334162563545
2021-03-04,Equity Equal Weight,-0.007899217627752662,1.035362850341081,-0.029136458498153828
2021-03-05,Equity Equal Weight,0.017580768996769726,1.0535653254407646,-0.012067930847624031
2021-03-08,Equity Equal Weight,0.0018204582191550921,1.05548329709688,-0.010269441792368883
2021-03-09,Equity Equal Weight,0.0073186245017265615,1.0632079830161763,-0.0030259754789629945
2021-03-10,Equity Equal Weight,0.009821255768227703,1.0736500205521997,0.0
2021-03-11,Equity Equal Weight,0.005296440739070051,1.0793365442605558,0.0
2021-03-12,Equity Equal Weight,0.007082392417840364,1.0869808292179246,0.0
2021-03-15,Equity Equal Weight,0.005841980012247008,1.0933309494959116,0.0
2021-03-16,Equity Equal Weight,-0.00020791992646234747,1.0931036242052934,-0.00020791992646229662
2021-03-17,Equity Equal Weight,0.0021785532396102385,1.0954850086470354,0.0
2021-03-18,Equity Equal Weight,-0.013475213399477744,1.080723114379588,-0.013475213399477659
2021-03-19,Equity Equal Weight,-0.004686513277944682,1.0756582911542663,-0.0180985749109025
2021-03-22,Equity Equal Weight,0.005873122338467356,1.081975763892602,-0.012331747717038821
2021-03-23,Equity Equal Weight,-0.008100983457706074,1.073210696127669,-0.020332831890484626
2021-03-24,Equity Equal Weight,-0.0033054256888003205,1.0696632779231934,-0.023571048914428072
2021-03-25,Equity Equal Weight,0.007122806063378128,1.0772822820049577,-0.016616134861177856
2021-03-26,Equity Equal Weight,0.019635042704920395,1.098434765617379,0.0
2021-03-29,Equity Equal Weight,0.001102290935636236,1.0996455603029067,0.0
2021-03-30,Equity Equal Weight,-0.003326924065019589,1.095987123025343,-0.003326924065019554
2021-03-31,Equity Equal Weight,-0.0009145486313490105,1.0949847895020042,-0.004238430062518228
2021-04-01,Equity Equal Weight,0.011919235422437927,1.1080361709920672,0.0
2021-04-05,Equity Equal Weight,0.005203894475596236,1.1138022743010536,0.0
2021-04-06,Equity Equal Weight,0.000311781422257147,1.1141495371582484,0.0
2021-04-07,Equity Equal Weight,-0.0009843279076349229,1.1130528486755449,-0.0009843279076350298
2021-04-08,Equity Equal Weight,-0.00125898675424055,1.1116515298822927,-0.0022420754060780146
2021-04-09,Equity Equal Weight,0.002570252431860107,1.1145087549303536,0.0
2021-04-12,Equity Equal Weight,-0.0004073299999306901,1.1140547820792852,-0.0004073299999305391
2021-04-13,Equity Equal Weight,0.0017323719424837069,1.1159847393261493,0.0
2021-04-14,Equity Equal Weight,0.003358111298976988,1.1197323402887662,0.0
2021-04-15,Equity Equal Weight,0.009449393897939496,1.1303131322324163,0.0
2021-04-16,Equity Equal Weight,0.002841443813238727,1.1335248534890205,0.0
2021-04-19,Equity Equal Weight,-0.003529347591823395,1.129524250277087,-0.0035293475918234396
2021-04-20,Equity Equal Weight,-0.008747199313497125,1.119644076530485,-0.012245674998488276
2021-04-21,Equity Equal Weight,0.01074810100907438,1.1316781241592464,-0.0016291917412220025
2021-04-22,Equity Equal Weight,-0.009628306971395238,1.1207819797870284,-0.011241812354417458
2021-04-23,Equity Equal Weight,0.008856224632086745,1.1307078767636172,-0.002485147737813276
2021-04-26,Equity Equal Weight,0.0010310242022457843,1.1318736639502305,-0.001456685783031264
2021-04-27,Equity Equal Weight,0.0010263258205212857,1.1330353351171105,-0.00043185499674158745
2021-04-28,Equity Equal Weight,0.0005173149641775312,1.1336214712509085,0.0
2021-04-29,Equity Equal Weight,0.008854898351562737,1.1436595741479845,0.0
2021-04-30,Equity Equal Weight,-0.006729647523317545,1.1359631483273012,-0.006729647523317506
2021-05-03,Equity Equal Weight,0.0074376449481444815,1.1444120388987362,0.0
2021-05-04,Equity Equal Weight,-0.002314237599044821,1.1417635975295173,-0.0023142375990448105
2021-05-05,Equity Equal Weight,0.005992361499102265,1.1486054577524296,0.0
2021-05-06,Equity Equal Weight,0.008050152328450045,1.1578519066526256,0.0
2021-05-07,Equity Equal Weight,0.00963665939255605,1.1690097311040586,0.0
2021-05-10,Equity Equal Weight,-0.0043271232369361135,1.1639512819323938,-0.00432712323693607
2021-05-11,Equity Equal Weight,-0.009261384465219461,1.1531714816116327,-0.013548432550229972
2021-05-12,Equity Equal Weight,-0.015936792590103527,1.1347936268883658,-0.029269306580859467
2021-05-13,Equity Equal Weight,0.008494958615479206,1.144433651785892,-0.021022989513488466
2021-05-14,Equity Equal Weight,0.013989839118725322,1.160444094456432,-0.007327258635851375
2021-05-17,Equity Equal Weight,0.0031098894478385746,1.1640529473005887,-0.00424015615232598
2021-05-18,Equity Equal Weight,-0.008646340971441622,1.1539881486094163,-0.0128498352879024
2021-05-19,Equity Equal Weight,-0.00535526478265715,1.1478082365175646,-0.01813628580017934
2021-05-20,Equity Equal Weight,0.008595708763838073,1.157674461835404,-0.009696471267137463
2021-05-21,Equity Equal Weight,0.0023746797752530247,1.1604235679662516,-0.007344817506093726
2021-05-24,Equity Equal Weight,0.006160084121522578,1.1675718747615211,-0.0012299780782658587
2021-05-25,Equity Equal Weight,-0.005482264863134029,1.1611709364973324,-0.006705499875799048
2021-05-26,Equity Equal Weight,0.0037127526757294287,1.1654820769987921,-0.0030176430626756012
2021-05-27,Equity Equal Weight,0.002493264197657327,1.1683879317343846,-0.0005319026464276622
2021-05-28,Equity Equal Weight,0.002936812078919124,1.1718192675251653,0.0
2021-06-01,Equity Equal Weight,0.006155867931106327,1.179032832175176,0.0
2021-06-02,Equity Equal Weight,0.003927973385446997,1.1836640417605282,0.0
2021-06-03,Equity Equal Weight,0.0015356426218946573,1.1854817267130597,0.0
2021-06-04,Equity Equal Weight,0.00663026846810969,1.1933417888252056,0.0
2021-06-07,Equity Equal Weight,-0.001919024263638152,1.1910517369776368,-0.0019190242636381027
2021-06-08,Equity Equal Weight,-0.0026256523440645048,1.1879244491925394,-0.0045396379171464
2021-06-09,Equity Equal Weight,-0.0026214941868457227,1.1848103121545692,-0.007149231469581907
2021-06-10,Equity Equal Weight,0.0035983856432469483,1.189073716571797,-0.0035765715182154434
2021-06-11,Equity Equal Weight,-0.00019304660451298535,1.1888441699282972,-0.003768927677741063
2021-06-14,Equity Equal Weight,-0.0015218262616063984,1.1870349556495428,-0.005285018286229293
2021-06-15,Equity Equal Weight,-0.0014924320060200648,1.1852633866894666,-0.0067695627618067356
2021-06-16,Equity Equal Weight,-0.00794295372627938,1.175848894455539,-0.014658746164321945
2021-06-17,Equity Equal Weight,-0.008628992318018565,1.1657025033781314,-0.023161248274296886
2021-06-18,Equity Equal Weight,-0.015075440337741249,1.1481290248368987,-0.03788752259553141
2021-06-21,Equity Equal Weight,0.016981836922855053,1.1676263647030756,-0.021549085402804646
2021-06-22,Equity Equal Weight,0.0013849084679286628,1.1692434203429296,-0.02019402044572649
2021-06-23,Equity Equal Weight,-0.003409218992398384,1.1652572134675596,-0.023534393600088355
2021-06-24,Equity Equal Weight,0.008045844887354254,1.1746326922609902,-0.015677902793158394
2021-06-25,Equity Equal Weight,0.007796049512859092,1.1837901868892797,-0.008004078986732721
2021-06-28,Equity Equal Weight,-0.001687111721288643,1.1817930005894324,-0.009677686932544671
2021-06-29,Equity Equal Weight,-0.00041512416175831345,1.181302409760691,-0.01008879365262727
2021-06-30,Equity Equal Weight,0.004396661504242164,1.1864961965905543,-0.005736489159061886
2021-07-01,Equity Equal Weight,0.006588444236266209,1.1943133606183332,0.0
2021-07-02,Equity Equal Weight,0.003787028865862499,1.19883625978988,0.0
2021-07-06,Equity Equal Weight,-0.008689862235726455,1.1884185378491126,-0.00868986223572632
2021-07-07,Equity Equal Weight,9.602564581949089e-05,1.1885326565067134,-0.008594671039540147
2021-07-08,Equity Equal Weight,-0.006922522612545072,1.1803050123162973,-0.015457696847466673
2021-07-09,Equity Equal Weight,0.012116703153243312,1.1946064177808189,-0.003528290018357083
2021-07-12,Equity Equal Weight,0.004299687110597881,1.1997428515975885,0.0
2021-07-13,Equity Equal Weight,-0.004766188522257001,1.1940246509886443,-0.004766188522256964
2021-07-14,Equity Equal Weight,-0.0013789228043061602,1.1923781831684923,-0.006138539120520203
2021-07-15,Equity Equal Weight,-0.0012527313665276262,1.190884453617674,-0.007383580546546864
2021-07-16,Equity Equal Weight,-0.0094583508671908,1.179620650613075,-0.016772094918272362
2021-07-19,Equity Equal Weight,-0.017265279227803593,1.159254170697357,-0.03374779924407678
2021-07-20,Equity Equal Weight,0.011365506267585474,1.1724296812401422,-0.02276585380031715
2021-07-21,Equity Equal Weight,0.01031280545381726,1.1845207204510528,-0.012687828167732618
2021-07-22,Equity Equal Weight,-0.0012903191319496312,1.182992310703264,-0.013961775952254563
2021-07-23,Equity Equal Weight,0.005172454986152822,1.1891112851793417,-0.008861537623741422
2021-07-26,Equity Equal Weight,0.005689444061937252,1.195876667319788,-0.003222510784417043
2021-07-27,Equity Equal Weight,-0.002067414333794766,1.1934042947563204,-0.0052832628532253345
2021-07-28,Equity Equal Weight,0.0024506105914112656,1.196328863960886,-0.002845599481719252
2021-07-29,Equity Equal Weight,0.0063301812971962015,1.203901842560827,0.0
2021-07-30,Equity Equal Weight,-0.005476928437086001,1.1973081583238454,-0.005476928437085915
2021-08-02,Equity Equal Weight,-0.0025946151195928874,1.1942016044734465,-0.008057333035347058
2021-08-03,Equity Equal Weight,0.0065559375586991524,1.2020307156248728,-0.001554218848917155
2021-08-04,Equity Equal Weight,-0.007995184894552277,1.1924202578045209,-0.009536977476405806
2021-08-05,Equity Equal Weight,0.004858409186381644,1.198213523339066,-0.004724902829005839
2021-08-06,Equity Equal Weight,0.0033861593133184616,1.2022708652204648,-0.0013547427894062825
2021-08-09,Equity Equal Weight,-0.0025151353318879433,1.1992469912888493,-0.0038664707598390358
2021-08-10,Equity Equal Weight,0.00622520196822989,1.2067125460194144,0.0
2021-08-11,Equity Equal Weight,0.008553749273534141,1.2170344625832925,0.0
2021-08-12,Equity Equal Weight,0.0018025545333928798,1.2192282335711173,0.0
2021-08-13,Equity Equal Weight,0.0011371561711445756,1.2206146864809564,0.0
2021-08-16,Equity Equal Weight,-0.0013067599761297922,1.2190196360623868,-0.0013067599761298343
2021-08-17,Equity Equal Weight,-0.00534792781736097,1.2125004070407797,-0.006647699335463719
2021-08-18,Equity Equal Weight,-0.012821725418145535,1.1969540597523132,-0.01938418977806755
2021-08-19,Equity Equal Weight,-0.004620087357378641,1.1914240274334884,-0.023914720485319507
2021-08-20,Equity Equal Weight,0.005321036088544203,1.1977636376802208,-0.01872093548752507
2021-08-23,Equity Equal Weight,0.01027523578460937,1.2100709414716164,-0.008638061729158486
2021-08-24,Equity Equal Weight,0.0021334034039965652,1.2126525109372293,-0.006523086795458877
2021-08-25,Equity Equal Weight,0.00029726073591912483,1.2130129849150446,-0.006227765117121087
2021-08-26,Equity Equal Weight,-0.007054964671320488,1.2044552211606159,-0.01323879312555909
2021-08-27,Equity Equal Weight,0.011274058695481978,1.2180343200200605,-0.002113989360831847
2021-08-30,Equity Equal Weight,-0.0008556941413459171,1.2169920551884612,-0.0029678745738667134
2021-08-31,Equity Equal Weight,-0.000351542824984785,1.2165642303633963,-0.003318374063839502
2021-09-01,Equity Equal Weight,-0.002052550198318417,1.2140671712110969,-0.0053641131328151515
2021-09-02,Equity Equal Weight,0.00692413419262577,1.2224735352234242,0.0
2021-09-03,Equity Equal Weight,-0.003473960978767832,1.2182267098644817,-0.0034739609787678427
2021-09-07,Equity Equal Weight,-0.010009097258011457,1.2060333602431408,-0.013448287023472227
2021-09-08,Equity Equal Weight,-0.001972143961338453,1.2036548888345644,-0.015393909026767072
2021-09-09,Equity Equal Weight,-0.006242056306770116,1.1961416072445399,-0.021539875686610865
2021-09-10,Equity Equal Weight,-0.0037122719779800507,1.1917012042742698,-0.025172185787670442
2021-09-13,Equity Equal Weight,0.005540850199334926,1.1983042421295207,-0.01977081089897481
2021-09-14,Equity Equal Weight,-0.009594622715975658,1.1868069650273347,-0.029175740143585926
2021-09-15,Equity Equal Weight,0.008697701909292489,1.1971294582330145,-0.020731800125045385
2021-09-16,Equity Equal Weight,-0.004843745212585662,1.191330868150853,-0.025475125780027197
2021-09-17,Equity Equal Weight,-0.01150139410424331,1.1776289023276996,-0.036683520422819305
2021-09-20,Equity Equal Weight,-0.017107007363820304,1.157483196023732,-0.05316298253263563
2021-09-21,Equity Equal Weight,-0.0021089054322317364,1.1550421734239205,-0.05515977226221069
2021-09-22,Equity Equal Weight,0.008905878341474216,1.1653288384997058,-0.046745140141847163
2021-09-23,Equity Equal Weight,0.011459114793696434,1.178682475432479,-0.035821683275083616
2021-09-24,Equity Equal Weight,-0.002344335646622537,1.1759192480892733,-0.0380820408726823
2021-09-27,Equity Equal Weight,0.00328948149457919,1.1797874126949823,-0.03491782954682965
2021-09-28,Equity Equal Weight,-0.011152180037691915,1.1666302110624052,-0.045680599662889954
2021-09-29,Equity Equal Weight,0.003919694130095626,1.1712030446526986,-0.04193995951115226
2021-09-30,Equity Equal Weight,-0.01011277736990756,1.159358929007168,-0.05162860740762054
2021-10-01,Equity Equal Weight,0.012342170182835965,1.1736679342119647,-0.03992364628371248
2021-10-04,Equity Equal Weight,-0.002745104393907883,1.1704460932087706,-0.04255915610078609
2021-10-05,Equity Equal Weight,0.005693677902995397,1.1771102362663208,-0.037107796324451714
2021-10-06,Equity Equal Weight,0.001097153300396221,1.1784017066469707,-0.03605135596526321
2021-10-07,Equity Equal Weight,0.008043666617446347,1.1878803771166688,-0.028297674436308262
2021-10-08,Equity Equal Weight,-0.0008405341466329578,1.1868819230975869,-0.029114423421307323
2021-10-11,Equity Equal Weight,-0.008973806475380097,1.1762310744105822,-0.03782696269526242
2021-10-12,Equity Equal Weight,-0.0007657505468342872,1.1753303748221489,-0.03856374722472766
2021-10-13,Equity Equal Weight,0.0032749128553063644,1.179179479375886,-0.03541512728095619
2021-10-14,Equity Equal Weight,0.012783921551769491,1.194254017335684,-0.023083949938092263
2021-10-15,Equity Equal Weight,0.0047869773089702266,1.1999708842178163,-0.01840747497367723
2021-10-18,Equity Equal Weight,0.00027362495568025177,1.200299226197828,-0.018138886762520734
2021-10-19,Equity Equal Weight,0.009805851901735373,1.2120691826476915,-0.008510902098041062
2021-10-20,Equity Equal Weight,0.008858487613223512,1.2228062824885462,0.0
2021-10-21,Equity Equal Weight,0.0007577563531104435,1.2237328717177254,0.0
2021-10-22,Equity Equal Weight,0.0012181275672072393,1.2252235344636624,0.0
2021-10-25,Equity Equal Weight,0.0061577379699742085,1.2327681399435353,0.0
2021-10-26,Equity Equal Weight,0.005035039278010809,1.2389751759488312,0.0
2021-10-27,Equity Equal Weight,-0.016021570019775676,1.2191248484146031,-0.016021570019775666
2021-10-28,Equity Equal Weight,0.008177747360443858,1.2290945434257772,-0.00797484301127116
2021-10-29,Equity Equal Weight,-0.0029640878507516404,1.2254513992221836,-0.010915292726741521
2021-11-01,Equity Equal Weight,0.007461175731891202,1.2345947074626722,-0.003535557912049625
2021-11-02,Equity Equal Weight,0.004540063787491219,1.2401998461862518,0.0
2021-11-03,Equity Equal Weight,0.005006007983429447,1.2464082965173082,0.0
2021-11-04,Equity Equal Weight,0.004566805541999333,1.2521004008334375,0.0
2021-11-05,Equity Equal Weight,0.0043175481299794465,1.2575064045776025,0.0
2021-11-08,Equity Equal Weight,0.0037433371955652994,1.2622136750755195,0.0
2021-11-09,Equity Equal Weight,-0.0007145187867039059,1.2613117996918435,-0.0007145187867039215
2021-11-10,Equity Equal Weight,-0.007127343452293768,1.2523219972950088,-0.007836769618201789
2021-11-11,Equity Equal Weight,0.0010659591267172443,1.2536569213576143,-0.006779164167582952
2021-11-12,Equity Equal Weight,0.002158136556547572,1.256362484188965,-0.004635657973048435
2021-11-15,Equity Equal Weight,-0.0008570796974349084,1.2552856814111477,-0.005488764542150304
2021-11-16,Equity Equal Weight,-4.381857837486576e-05,1.255230676577134,-0.00553234261066593
2021-11-17,Equity Equal Weight,-0.006410498431443284,1.2471840222938368,-0.011907375968481237
2021-11-18,Equity Equal Weight,-0.0012952494090488886,1.2455686079259856,-0.013187202355843697
2021-11-19,Equity Equal Weight,-0.00810801196367364,1.2354695227513455,-0.021188292325048597
2021-11-22,Equity Equal Weight,0.0021290502357046793,1.2380998994299652,-0.019104353028112753
2021-11-23,Equity Equal Weight,0.0076140353899424845,1.2475268358805094,-0.011635778858228085
2021-11-24,Equity Equal Weight,0.0015933253638177264,1.249514552030161,-0.010060993075993063
2021-11-26,Equity Equal Weight,-0.021907080259714443,1.222141336453155,-0.031747666352899384
2021-11-29,Equity Equal Weight,0.007100239839562273,1.2308188330598158,-0.024872842558788966
2021-11-30,Equity Equal Weight,-0.0227366521971692,1.202834133334809,-0.04704396958554413
2021-12-01,Equity Equal Weight,-0.013137975243081343,1.187031328269523,-0.059563882320874284
2021-12-02,Equity Equal Weight,0.021514026022957152,1.212569151155979,-0.03933131521219668
2021-12-03,Equity Equal Weight,-0.0009151530011433481,1.2114594648582049,-0.040210474042184585
2021-12-06,Equity Equal Weight,0.013552429844853974,1.22787768426558,-0.02720299382581559
2021-12-07,Equity Equal Weight,0.014952137327276693,1.2462370800218177,-0.012657599397935537
2021-12-08,Equity Equal Weight,-0.0005769049565259765,1.2455181196733467,-0.013227202122631065
2021-12-09,Equity Equal Weight,-0.00681983318171246,1.2370238938723743,-0.01995682799240628
2021-12-10,Equity Equal Weight,0.005428423454781844,1.2437389833919967,-0.014636738650781522
2021-12-13,Equity Equal Weight,-0.006038152907783945,1.236229097232904,-0.020586512692520875
2021-12-14,Equity Equal Weight,-0.001934503618555359,1.2338376075709434,-0.022481191627779173
2021-12-15,Equity Equal Weight,0.008657972774681649,1.244520139985671,-0.014017860398153226
2021-12-16,Equity Equal Weight,0.004803852555990488,1.2504986312411228,-0.009281347576665877
2021-12-17,Equity Equal Weight,-0.012437317144134917,1.2349457831760704,-0.021603229657464862
2021-12-20,Equity Equal Weight,-0.008131606148534016,1.2249036904524897,-0.029559166850887997
2021-12-21,Equity Equal Weight,0.01462265780225411,1.2428150379586946,-0.015368742630414212
2021-12-22,Equity Equal Weight,0.0059381861769704,1.250195105037632,-0.00952181890848891
2021-12-23,Equity Equal Weight,0.005000741890955203,1.2564470080712609,-0.004568693176227545
2021-12-27,Equity Equal Weight,0.01264332388442449,1.272332674537922,0.0
2021-12-28,Equity Equal Weight,0.001782330226257714,1.2746003915216062,0.0
2021-12-29,Equity Equal Weight,0.0003804504800486441,1.2750853138524307,0.0
2021-12-30,Equity Equal Weight,-0.0015226750242771365,1.273143773291205,-0.0015226750242771647
2021-12-31,Equity Equal Weight,-0.0011037789850730853,1.2717385039492695,-0.0026247733126574246
2022-01-03,Equity Equal Weight,0.007893532580496583,1.281777013264065,0.0
2022-01-04,Equity Equal Weight,0.008287326862424097,1.292399518337726,0.0
2022-01-05,Equity Equal Weight,-0.009811024567845612,1.2797197549118426,-0.009811024567845661
2022-01-06,Equity Equal Weight,0.0005963769310551337,1.2804829502518875,-0.00922049870551278
2022-01-07,Equity Equal Weight,0.0013930725716407816,1.282266755928337,-0.007840270957715667
2022-01-10,Equity Equal Weight,-0.006524926800297903,1.273900059207449,-0.01431404056392005
2022-01-11,Equity Equal Weight,0.010108670902059979,1.2867774956680917,-0.004350065587199525
2022-01-12,Equity Equal Weight,0.0028088568181742126,1.290391869410272,-0.0015534274804095416
2022-01-13,Equity Equal Weight,-0.005023576980461089,1.2839094865193286,-0.006569200698339106
2022-01-14,Equity Equal Weight,0.0018072024404420658,1.286229770876673,-0.004773870133430891
2022-01-18,Equity Equal Weight,-0.010761970773172893,1.2723874036749134,-0.015484464655752816
2022-01-19,Equity Equal Weight,-0.0067844203426378705,1.2637549926897051,-0.022163831881385376
2022-01-20,Equity Equal Weight,-0.011862060931541647,1.24876425396388,-0.03376298408867351
2022-01-21,Equity Equal Weight,-0.012930960558085396,1.232616532649526,-0.04625735683118515
2022-01-24,Equity Equal Weight,0.0023074557928835946,1.2354607408081921,-0.04405663784428515
2022-01-25,Equity Equal Weight,-0.0033894377559069424,1.231273223527356,-0.04729674836848441
2022-01-26,Equity Equal Weight,-0.008848441165001992,1.220378374850932,-0.0557266870382519
2022-01-27,Equity Equal Weight,-0.0034117832324707786,1.2162147083743455,-0.05894834289428452
2022-01-28,Equity Equal Weight,0.0168862597049742,1.2367520257969642,-0.04305750021660104
2022-01-31,Equity Equal Weight,0.014021638256743595,1.254093315315984,-0.02963959865213439
2022-02-01,Equity Equal Weight,0.010950258432124882,1.2678259612166942,-0.01901390148507487
2022-02-02,Equity Equal Weight,0.009991702955684328,1.2804937016206765,-0.00921217978505795
2022-02-03,Equity Equal Weight,-0.00951382855415483,1.2683113040787823,-0.01863836524012763
2022-02-04,Equity Equal Weight,-0.000965093450563159,1.2670872651459406,-0.01958547092646845
2022-02-07,Equity Equal Weight,0.0023266470700742488,1.2700353300189209,-0.017304392334941188
2022-02-08,Equity Equal Weight,0.004025120961881327,1.27514737584811,-0.013348923645379762
2022-02-09,Equity Equal Weight,0.012606793313618199,1.29122289525983,-0.0009104174531180398
2022-02-10,Equity Equal Weight,-0.016922118858680182,1.2693726679531938,-0.017817130119445634
2022-02-11,Equity Equal Weight,-0.010206802133622505,1.256416432297567,-0.02784207633134994
2022-02-14,Equity Equal Weight,-0.00634100905569615,1.2484494843226428,-0.034006538528899566
2022-02-15,Equity Equal Weight,0.010470141652055797,1.261520927268937,-0.02389245015233743
2022-02-16,Equity Equal Weight,-0.0004521061122067472,1.260950585947042,-0.024333754341794633
2022-02-17,Equity Equal Weight,-0.015235853249305863,1.2417389278649267,-0.03919886208094425
2022-02-18,Equity Equal Weight,-0.008409016441980765,1.2312971248038629,-0.047278254647179385
2022-02-22,Equity Equal Weight,-0.006636163123505222,1.2231260362301615,-0.0536006715606514
2022-02-23,Equity Equal Weight,-0.011444759515712766,1.2091276528881003,-0.0644319842804717
2022-02-24,Equity Equal Weight,0.0066461620133129295,1.2171637111639715,-0.058214047673526004
2022-02-25,Equity Equal Weight,0.025427521482620955,1.24811316757746,-0.03426676513871407
2022-02-28,Equity Equal Weight,-0.002195598379704531,1.245372812329039,-0.0363871274644022
2022-03-01,Equity Equal Weight,-0.012896231197349315,1.2293121966143508,-0.0488141018533631
2022-03-02,Equity Equal Weight,0.01978061939202785,1.253628753289557,-0.029999055631060312
2022-03-03,Equity Equal Weight,-0.0008418490610408492,1.2525733871007063,-0.030815650015286078
2022-03-04,Equity Equal Weight,0.0018169686926337776,1.2548492737302945,-0.02905467239397319
2022-03-07,Equity Equal Weight,-0.01776749892036473,1.232553740614071,-0.04630594245394659
2022-03-08,Equity Equal Weight,-0.004451663647359792,1.227066825933562,-0.050551467620627344
2022-03-09,Equity Equal Weight,0.015019626125899077,1.2454969108905778,-0.03629110563850557
2022-03-10,Equity Equal Weight,-0.0008810613935192386,1.2443995516466446,-0.03714019233991861
2022-03-11,Equity Equal Weight,-0.008321164119682886,1.2340446987469331,-0.04515230682370441
2022-03-14,Equity Equal Weight,-0.009521426509802988,1.222294832838002,-0.05424381896233754
2022-03-15,Equity Equal Weight,0.009821014009503299,1.2342990075150475,-0.044955534258792396
2022-03-16,Equity Equal Weight,0.01583014592972459,1.2538381409249248,-0.029837040996733233
2022-03-17,Equity Equal Weight,0.014569366617528792,1.2721057684791008,-0.015702381168268165
2022-03-18,Equity Equal Weight,0.004900691902451894,1.2783399669177486,-0.010878641798056865
2022-03-21,Equity Equal Weight,0.003616403556229848,1.2829629601201806,-0.007301579800712443
2022-03-22,Equity Equal Weight,0.0055469342443239394,1.2900794712978705,-0.0017951469394227315
2022-03-23,Equity Equal Weight,-0.009675333619606638,1.277597522017258,-0.011453111913494185
2022-03-24,Equity Equal Weight,0.010775713212324891,1.291364546515293,-0.0008008141505376765
2022-03-25,Equity Equal Weight,0.009012400337871582,1.3030028407906227,0.0
2022-03-28,Equity Equal Weight,0.0008465485017869991,1.3041058958933183,0.0
2022-03-29,Equity Equal Weight,0.012421936723784473,1.3203054168132193,0.0
2022-03-30,Equity Equal Weight,-0.004279865159334702,1.3146546876601197,-0.004279865159334539
2022-03-31,Equity Equal Weight,-0.01461285970420726,1.295443823149864,-0.01883018379441559
2022-04-01,Equity Equal Weight,0.006186125023239844,1.3034576006004528,-0.012760544642338556
2022-04-04,Equity Equal Weight,0.002385126357386453,1.3065665116793805,-0.010405853796313203
2022-04-05,Equity Equal Weight,-0.010698340505611342,1.2925884182442058,-0.020992868934759934
2022-04-06,Equity Equal Weight,-0.0012633246356550405,1.2909554594516754,-0.022229672761916675
2022-04-07,Equity Equal Weight,0.0016102370143205448,1.2930342037163236,-0.020655230789493717
2022-04-08,Equity Equal Weight,0.003154132343436489,1.297112604719435,-0.017566247777551447
2022-04-11,Equity Equal Weight,-0.011840453695113766,1.2817542029859061,-0.02919870912925815
2022-04-12,Equity Equal Weight,-0.0008602131354637925,1.2806516211840617,-0.030033805151590376
2022-04-13,Equity Equal Weight,0.009111691535789817,1.2923205237211002,-0.021195772383987843
2022-04-14,Equity Equal Weight,-0.0021576094399995685,1.2895322007596144,-0.023307649625403548
2022-04-18,Equity Equal Weight,0.0008561339045568393,1.2906362129977023,-0.02247147018992679
2022-04-19,Equity Equal Weight,0.012514123824200304,1.3067873943791526,-0.010238557126194925
2022-04-20,Equity Equal Weight,0.0015008733592365077,1.3087487167655625,-0.008753050544586083
2022-04-21,Equity Equal Weight,-0.01236558266008561,1.292565276327117,-0.021010396634634665
2022-04-22,Equity Equal Weight,-0.02310687701405426,1.2626981294543893,-0.04363178899763587
2022-04-25,Equity Equal Weight,-0.002562322005097424,1.259462690251493,-0.046082312309662865
2022-04-26,Equity Equal Weight,-0.020589946642060254,1.233530420661549,-0.06572342660012453
2022-04-27,Equity Equal Weight,0.0004532832337849477,1.2340895593195984,-0.06529993469368434
2022-04-28,Equity Equal Weight,0.017596976760320904,1.2558058046151,-0.04885203936661875
2022-04-29,Equity Equal Weight,-0.03513723368055067,1.2116802626009473,-0.08227274752417302
2022-05-02,Equity Equal Weight,0.004282752066340887,1.216869588749346,-0.07834234923729488
2022-05-03,Equity Equal Weight,0.006419254004216236,1.2246809837295343,-0.07242599467211974
2022-05-04,Equity Equal Weight,0.03059747582803359,1.2621531305262512,-0.04404457146538754
2022-05-05,Equity Equal Weight,-0.025223333537134414,1.2303174211400492,-0.06815695408595035
2022-05-06,Equity Equal Weight,-0.00373481405522967,1.2257224143431813,-0.07163721459109829
2022-05-09,Equity Equal Weight,-0.035055110842849325,1.1827545792458163,-0.10418107493598361
2022-05-10,Equity Equal Weight,-0.004350157266790659,1.1776094108180801,-0.1080780281425795
2022-05-11,Equity Equal Weight,-0.0034181327814378324,1.173584185487233,-0.11112673587306998
2022-05-12,Equity Equal Weight,0.0022033135934364768,1.1761699594761592,-0.10916826932737689
2022-05-13,Equity Equal Weight,0.02229112494462501,1.2023881109989567,-0.08931062791431699
2022-05-16,Equity Equal Weight,0.0013181692032246067,1.203973061977199,-0.08811018523032954
2022-05-17,Equity Equal Weight,0.01945053993405474,1.2273909880987128,-0.0703734359726943
2022-05-18,Equity Equal Weight,-0.02801387185213911,1.193007014245645,-0.09641587540769969
2022-05-19,Equity Equal Weight,-0.0018228315479148116,1.1908323634231943,-0.0980629570562016
2022-05-20,Equity Equal Weight,0.0006859801810684977,1.1916492508234777,-0.09744424612017044
2022-05-23,Equity Equal Weight,0.019290594368582815,1.214636873150739,-0.08003340917704416
2022-05-24,Equity Equal Weight,0.0004160499764193638,1.2151422227931716,-0.07965065709862562
2022-05-25,Equity Equal Weight,0.008934932428617256,1.2259994364449884,-0.07142739790907948
2022-05-26,Equity Equal Weight,0.015234428874930362,1.2446768376602144,-0.05728112464731627
2022-05-27,Equity Equal Weight,0.019582410573768312,1.2690506105269364,-0.038820416574518846
2022-05-31,Equity Equal Weight,-0.00768683234845191,1.2592956312421153,-0.04620884288906535
2022-06-01,Equity Equal Weight,-0.0052480854871945655,1.252686740115706,-0.05121442041851376
2022-06-02,Equity Equal Weight,0.014666480722361937,1.2710592460407715,-0.037299075005926885
2022-06-03,Equity Equal Weight,-0.00828168804204499,1.260532729882105,-0.04527186374451597
2022-06-06,Equity Equal Weight,-0.0004726634839063062,1.259936922090421,-0.0457231288715817
2022-06-07,Equity Equal Weight,0.010212564518665373,1.2728041091967184,-0.03597751475651245
2022-06-08,Equity Equal Weight,-0.01288874606797629,1.256399260239005,-0.0484025557726353
2022-06-09,Equity Equal Weight,-0.023559022078012803,1.2267997223282354,-0.07082126097056829
2022-06-10,Equity Equal Weight,-0.025725198523414775,1.1952400559228713,-0.09472456849583666
2022-06-13,Equity Equal Weight,-0.04038529147505947,1.1469699378817597,-0.1312843806623426
2022-06-14,Equity Equal Weight,-0.006491442095683101,1.139524448944511,-0.13692359780288843
2022-06-15,Equity Equal Weight,0.010895650187921787,1.151940308720795,-0.1275198192390986
2022-06-16,Equity Equal Weight,-0.028833026531388663,1.1187263832368721,-0.15267606343908846
2022-06-17,Equity Equal Weight,-0.004012950146138571,1.1142369900337727,-0.1560763321541372
2022-06-21,Equity Equal Weight,0.021283145794544638,1.137951458342336,-0.13811498169190695
2022-06-22,Equity Equal Weight,-0.0034361485113255366,1.1340412881327921,-0.1410765466145002
2022-06-23,Equity Equal Weight,0.0025338360448495245,1.1369147628250105,-0.1389001754085455
2022-06-24,Equity Equal Weight,0.02872286471939655,1.1695702117551179,-0.11416692163690911
2022-06-27,Equity Equal Weight,-0.003099116276753979,1.165945577675061,-0.11691222134855128
2022-06-28,Equity Equal Weight,-0.009510549810128442,1.1548567941826833,-0.12531087165413157
2022-06-29,Equity Equal Weight,-0.005108620032928053,1.1489570696287585,-0.12977932605778364
2022-06-30,Equity Equal Weight,-0.00757003786096443,1.1402594211110462,-0.1363669295069202
2022-07-01,Equity Equal Weight,0.01073505233633957,1.1525001656736775,-0.1270957832957833
2022-07-05,Equity Equal Weight,-0.006293927342713394,1.1452464133684623,-0.13258977901286773
2022-07-06,Equity Equal Weight,-0.00013597333307193254,1.145090690396448,-0.13270772367175598
2022-07-07,Equity Equal Weight,0.01411019528266564,1.1612481436543043,-0.12047006028561691
2022-07-08,Equity Equal Weight,-0.0033276940985262076,1.1573838650597414,-0.12339686687548146
2022-07-11,Equity Equal Weight,-0.007581620815643347,1.1486090194567147,-0.13004293943663658
2022-07-12,Equity Equal Weight,-0.0038619318641055773,1.1441731696850757,-0.13340265432922993
2022-07-13,Equity Equal Weight,-0.003726968837860016,1.1399088719365438,-0.13663243563151706
2022-07-14,Equity Equal Weight,-0.004163211008786747,1.135163190771884,-0.1402268169801253
2022-07-15,Equity Equal Weight,0.01860881534336057,1.1562872329735379,-0.12422745658013512
2022-07-18,Equity Equal Weight,-0.0032098002043968567,1.1525757819767979,-0.12703851146900946
2022-07-19,Equity Equal Weight,0.027385120685752964,1.1841392088657086,-0.10313235575157376
2022-07-20,Equity Equal Weight,0.0026521370079764716,1.187279708284137,-0.100753739881006
2022-07-21,Equity Equal Weight,0.005351057035176228,1.193632909719873,-0.09594182185444022
2022-07-22,Equity Equal Weight,-0.0049439479230477265,1.187731650774982,-0.10041143840659728
2022-07-25,Equity Equal Weight,0.003585901730108284,1.1919907397564005,-0.09718560222719386
2022-07-26,Equity Equal Weight,-0.004859655657097752,1.1861980752147352,-0.1015729693226397
2022-07-27,Equity Equal Weight,0.011691570468449711,1.2000665936006476,-0.09106894638271534
2022-07-28,Equity Equal Weight,0.010345161395059145,1.2124814761962652,-0.08166590793606332
2022-07-29,Equity Equal Weight,0.009706179215131486,1.2242500386992532,-0.07275239265912581
2022-08-01,Equity Equal Weight,-0.0016167632894356567,1.222270716179594,-0.07425153255089167
2022-08-02,Equity Equal Weight,-0.009763777204931854,1.210336737222704,-0.08329033433487176
2022-08-03,Equity Equal Weight,0.006348969490789134,1.2180211282409124,-0.07747017263565226
2022-08-04,Equity Equal Weight,-0.0016205048618749829,1.2160473190807315,-0.07896513670612093
2022-08-05,Equity Equal Weight,0.0015885986438003053,1.21797913020262,-0.07750198197139968
2022-08-08,Equity Equal Weight,-0.00012185518376140361,1.2178307131318915,-0.0776143931369061
2022-08-09,Equity Equal Weight,-0.0008059676403024049,1.216849180985741,-0.07835780608791831
2022-08-10,Equity Equal Weight,0.016739152484819587,1.2372182049772888,-0.06293029686758045
2022-08-11,Equity Equal Weight,0.005926270642628072,1.2445502949039706,-0.05737696819581073
2022-08-12,Equity Equal Weight,0.014869254887947707,1.263055830459768,-0.04336086607266432
2022-08-15,Equity Equal Weight,0.004334572828434532,1.2685306379432748,-0.039214244076125726
2022-08-16,Equity Equal Weight,0.002959074994956916,1.2722843152343495,-0.03637120697026064
2022-08-17,Equity Equal Weight,-0.008142599544448665,1.2619246135487132,-0.044217650341402126
2022-08-18,Equity Equal Weight,0.003991893977378181,1.2669620828134436,-0.040402268536115615
2022-08-19,Equity Equal Weight,-0.008808503379776995,1.2558020430249321,-0.04885488839694152
2022-08-22,Equity Equal Weight,-0.019339684380979442,1.2315152278678407,-0.06724973465585615
2022-08-23,Equity Equal Weight,0.0019793433425868753,1.2339528193354155,-0.06540350162785102
2022-08-24,Equity Equal Weight,0.002355895547515559,1.236859883288332,-0.06320168989861252
2022-08-25,Equity Equal Weight,0.013855207018783827,1.2539968330245206,-0.050222155377310895
2022-08-26,Equity Equal Weight,-0.02769034731246524,1.2192732251893401,-0.07652183376459787
2022-08-29,Equity Equal Weight,-0.0038147275975503707,1.214622029968256,-0.08004465141107131
2022-08-30,Equity Equal Weight,-0.013364542345735522,1.198389162414682,-0.09233943362347385
2022-08-31,Equity Equal Weight,-0.007346647125874835,1.1895850201189486,-0.099007695514714
2022-09-01,Equity Equal Weight,-0.0006877551969647991,1.1887668768391302,-0.09962735765454911
2022-09-02,Equity Equal Weight,-0.009523452905370697,1.1774457114720882,-0.10820201411121011
2022-09-06,Equity Equal Weight,-0.003960837321840622,1.1727820405536484,-0.11173428085726067
2022-09-07,Equity Equal Weight,0.015912572907354677,1.1914440202783945,-0.09759968784029804
2022-09-08,Equity Equal Weight,0.006066542642071267,1.198671966233054,-0.09212523786636295
2022-09-09,Equity Equal Weight,0.01464305635253413,1.2162241873828077,-0.07883117656339644
2022-09-12,Equity Equal Weight,0.008484821861791865,1.2265436329567534,-0.07101522319190046
2022-09-13,Equity Equal Weight,-0.04004930998571301,1.1774214067894657,-0.10822042249029651
2022-09-14,Equity Equal Weight,0.0031318623014507806,1.1811089285063108,-0.1054274916502902
2022-09-15,Equity Equal Weight,-0.0161715370948445,1.162008581655919,-0.11989410415309565
2022-09-16,Equity Equal Weight,-0.007247144972022488,1.1535873370059242,-0.12627235917102986
2022-09-19,Equity Equal Weight,0.00623659457267969,1.1607817935310074,-0.12082327410823568
2022-09-20,Equity Equal Weight,-0.015572445225681554,1.1427055826322774,-0.13451420551587923
2022-09-21,Equity Equal Weight,-0.016955160199631784,1.1233308264177335,-0.14918865581186314
2022-09-22,Equity Equal Weight,-0.009265739650809665,1.112922335438418,-0.15707205221906584
2022-09-23,Equity Equal Weight,-0.02221841628898861,1.0881949636923338,-0.17580057626448542
2022-09-26,Equity Equal Weight,-0.016062688619373502,1.0707156268333733,-0.18903943496821607
2022-09-27,Equity Equal Weight,-0.00366578905075212,1.0667906092120583,-0.19201224532810146
2022-09-28,Equity Equal Weight,0.021300718433708194,1.0895140156066083,-0.17480152566795126
2022-09-29,Equity Equal Weight,-0.019865724827656663,1.0678700299766921,-0.1911946914872339
2022-09-30,Equity Equal Weight,-0.014866290633047615,1.0519947637527374,-0.20321862626913634
2022-10-03,Equity Equal Weight,0.0321847780436476,1.0858529817271987,-0.17757439460629598
2022-10-04,Equity Equal Weight,0.029652109428984046,1.1180508131651623,-0.15318774055796325
2022-10-05,Equity Equal Weight,-0.0032365855896064845,1.114432146014824,-0.15592852091397547
2022-10-06,Equity Equal Weight,-0.011450484466690947,1.1016713580377002,-0.16559354827402695
2022-10-07,Equity Equal Weight,-0.023496317394339123,1.0757861381449938,-0.18519902709966474
2022-10-10,Equity Equal Weight,-0.005697925739041466,1.0696563886187533,-0.1898417025353496
2022-10-11,Equity Equal Weight,-0.0033305028978534053,1.066093894916751,-0.19253993709277573
2022-10-12,Equity Equal Weight,-0.005622661763774911,1.0600996095372088,-0.1970800119142594
2022-10-13,Equity Equal Weight,0.02967841986663328,1.0915616908495083,-0.17325061538853848
2022-10-14,Equity Equal Weight,-0.018412143694895352,1.0714637001457443,-0.18847284385767094
2022-10-17,Equity Equal Weight,0.020060602583880392,1.092957907617422,-0.17219312009227306
2022-10-18,Equity Equal Weight,0.011945856181977304,1.1060142255947747,-0.16230425815844396
2022-10-19,Equity Equal Weight,-0.00776157460082436,1.0974298136732479,-0.16880609615154007
2022-10-20,Equity Equal Weight,-0.004160841489002483,1.092863582173248,-0.17226456223207864
2022-10-21,Equity Equal Weight,0.023757129279621488,1.118826883579928,-0.15259994442770208
2022-10-24,Equity Equal Weight,0.008125459137320448,1.1279178657041924,-0.14571442990318628
2022-10-25,Equity Equal Weight,0.01680246788305665,1.146869669417413,-0.1313603240486757
2022-10-26,Equity Equal Weight,0.004962875049564562,1.152561440284867,-0.12704937387383508
2022-10-27,Equity Equal Weight,-0.00014844107300958435,1.1523903528279615,-0.12717895560146164
2022-10-28,Equity Equal Weight,0.024284049445694265,1.1803750571367768,-0.10598332620204509
2022-10-31,Equity Equal Weight,-0.007574400264519281,1.171434423991768,-0.112754966332545
2022-11-01,Equity Equal Weight,0.0023824155053552673,1.174225267526993,-0.11064118000728607
2022-11-02,Equity Equal Weight,-0.017184054928434216,1.154047316031454,-0.12592397082112827
2022-11-03,Equity Equal Weight,-0.002437219007115463,1.1512346499777115,-0.12805428553310694
2022-11-04,Equity Equal Weight,0.018582602903941765,1.1726275863275057,-0.11185126456737493
2022-11-07,Equity Equal Weight,0.007644605369874352,1.1815918614708079,-0.10506171797523944
2022-11-08,Equity Equal Weight,0.00691434438709532,1.1897617945260062,-0.09887380648812483
2022-11-09,Equity Equal Weight,-0.02140736571925811,1.164292128671787,-0.11816454447183644
2022-11-10,Equity Equal Weight,0.0495644501631361,1.2219996278586716,-0.07445685498422439
2022-11-11,Equity Equal Weight,0.011668351522039641,1.2362583490763281,-0.06365729221936622
2022-11-14,Equity Equal Weight,-0.008784826109372677,1.2253980344534323,-0.07188290008599829
2022-11-15,Equity Equal Weight,0.009768660956136386,1.237368532388324,-0.06281643880934584
2022-11-16,Equity Equal Weight,-0.010351341361087306,1.2245601083201048,-0.07251754576922975
2022-11-17,Equity Equal Weight,-0.0023031547499413737,1.2217397568900386,-0.0746536813891786
2022-11-18,Equity Equal Weight,0.005043184604821626,1.2279012160230849,-0.06998698908103218
2022-11-21,Equity Equal Weight,0.0008225379434163569,1.228911211364031,-0.06922201809168038
2022-11-22,Equity Equal Weight,0.01480286462718221,1.2471026176646793,-0.05544383762752969
2022-11-23,Equity Equal Weight,0.003386155798051086,1.2513255014242493,-0.05224542330172721
2022-11-25,Equity Equal Weight,0.0007421905149644115,1.2522542233425396,-0.05154200884438753
2022-11-28,Equity Equal Weight,-0.01842082903175117,1.2291866623900582,-0.06901339134326334
2022-11-29,Equity Equal Weight,0.004199710872548122,1.234348890980489,-0.06510351676069093
2022-11-30,Equity Equal Weight,0.023794226081712402,1.2637192675561897,-0.042858378475496894
2022-12-01,Equity Equal Weight,-0.0002670937734517388,1.2633817360084345,-0.0431140250429175
2022-12-02,Equity Equal Weight,0.0015015822510261343,1.2652788075994952,-0.04167718204666626
2022-12-05,Equity Equal Weight,-0.017223212605578297,1.2434866416908765,-0.05818257968505347
2022-12-06,Equity Equal Weight,-0.01234790929014816,1.2281321814357666,-0.06981205575898375
2022-12-07,Equity Equal Weight,-0.0011825738283450572,1.2266798244602524,-0.0709120716772852
2022-12-08,Equity Equal Weight,0.007090693516795499,1.2353778351387366,-0.06432419392739441
2022-12-09,Equity Equal Weight,-0.010230167262818932,1.2227397132524882,-0.07389631392729001
2022-12-12,Equity Equal Weight,0.01662403157485824,1.2430665768534308,-0.05850073700842462
2022-12-13,Equity Equal Weight,0.008769632273229215,1.253967813623577,-0.050244134686472264
2022-12-14,Equity Equal Weight,-0.008793645194072684,1.2429408655857843,-0.05859595078702884
2022-12-15,Equity Equal Weight,-0.021585069814526625,1.216111900226787,-0.07891622291296885
2022-12-16,Equity Equal Weight,-0.009499489174056304,1.2045594583961416,-0.08766604828180602
2022-12-19,Equity Equal Weight,-0.006694591923182899,1.1964954243749693,-0.09377375178622416
2022-12-20,Equity Equal Weight,0.0031792629903663805,1.2002993979958274,-0.0908926202143795
2022-12-21,Equity Equal Weight,0.017830127277777868,1.2217008890335332,-0.07468311992363463
2022-12-22,Equity Equal Weight,-0.011582264695177421,1.2075508259584133,-0.08540038495559477
2022-12-23,Equity Equal Weight,0.007750029854520147,1.2169093809104414,-0.07831221063406812
2022-12-27,Equity Equal Weight,0.0002655482786428598,1.2172325291018067,-0.07806745802815573
2022-12-28,Equity Equal Weight,-0.012808033008290866,1.2016421746903052,-0.08987560045714871
2022-12-29,Equity Equal Weight,0.013599359712046968,1.217983738869085,-0.07749849136505471
2022-12-30,Equity Equal Weight,-0.001881776224189355,1.215691766027832,-0.07923443277078279
2023-01-03,Equity Equal Weight,0.0022509057491670527,1.218428173613199,-0.07716187626187154
2023-01-04,Equity Equal Weight,0.018428178719494946,1.2408815857534108,-0.060155650388461934
2023-01-05,Equity Equal Weight,-0.00679763801193668,1.2324465219177811,-0.06654437206468522
2023-01-06,Equity Equal Weight,0.023249459158050576,1.26110023699359,-0.044842033567150774
2023-01-09,Equity Equal Weight,0.00017208903132034795,1.261317258511772,-0.04467766135794948
2023-01-10,Equity Equal Weight,0.007616604974202161,1.2709242138169998,-0.03740134848148191
2023-01-11,Equity Equal Weight,0.00985384963869968,1.2834477099221353,-0.027916046107003267
2023-01-12,Equity Equal Weight,0.007037757028810944,1.292480303063751,-0.021074755427898606
2023-01-13,Equity Equal Weight,0.0034311464254617027,1.2969149922355878,-0.01771591957419083
2023-01-17,Equity Equal Weight,-0.004052224805721268,1.291659601133139,-0.02169635549115745
2023-01-18,Equity Equal Weight,-0.01596550501830723,1.2710376032893032,-0.03731546723699153
2023-01-19,Equity Equal Weight,-0.007476202030265403,1.261535069379048,-0.044512691295339524
2023-01-20,Equity Equal Weight,0.01531290783669132,1.2808528396292034,-0.029881402198016715
2023-01-23,Equity Equal Weight,0.011435710954858264,1.2955003024789122,-0.018787406321621014
2023-01-24,Equity Equal Weight,-0.0028834216294746063,1.2917648288857535,-0.021616655937346185
2023-01-25,Equity Equal Weight,0.0018486905394841727,1.294152902304153,-0.019807927905188705
2023-01-26,Equity Equal Weight,0.008422064284225662,1.3050523412409758,-0.011552687263117867
2023-01-27,Equity Equal Weight,-0.001206481854240275,1.3034778192724348,-0.0127452310098074
2023-01-30,Equity Equal Weight,-0.010144239154965134,1.2902550285405427,-0.022760179493323762
2023-01-31,Equity Equal Weight,0.011922802217140906,1.305638484055503,-0.011108742394708493
2023-02-01,Equity Equal Weight,0.006518284067217185,1.3141490065836676,-0.004662868266049558
2023-02-02,Equity Equal Weight,0.00015704536703527573,1.3143553875967455,-0.004506555180872618
2023-02-03,Equity Equal Weight,-0.012768350780830776,1.2975732369572355,-0.017217364684340875
2023-02-06,Equity Equal Weight,-0.004594982931553284,1.2916109100809767,-0.021733234119043154
2023-02-07,Equity Equal Weight,0.01095346104811467,1.3057585198738686,-0.011017827204301112
2023-02-08,Equity Equal Weight,-0.009564990182089905,1.2932689524510947,-0.020477431977353855
2023-02-09,Equity Equal Weight,-0.009694773106965707,1.2807310033907982,-0.029973681027485877
2023-02-10,Equity Equal Weight,0.00760192629547806,1.2904670260829088,-0.022599612445982853
2023-02-13,Equity Equal Weight,0.00875099441629904,1.3017598958225785,-0.014046387112009007
2023-02-14,Equity Equal Weight,-0.0006439293321590837,1.30092165444223,-0.014681271563495746
2023-02-15,Equity Equal Weight,0.00028921341721578115,1.3012978984394414,-0.014396304166997775
2023-02-16,Equity Equal Weight,-0.013939445741509307,1.2831585269906047,-0.028135073407692945
2023-02-17,Equity Equal Weight,-0.0027721399648127057,1.279601431956744,-0.03082921901109925
2023-02-21,Equity Equal Weight,-0.0175027760743078,1.2572048546288415,-0.04779239816851
2023-02-22,Equity Equal Weight,-0.0055512586445058175,1.2502257853116685,-0.0530783488495411
2023-02-23,Equity Equal Weight,0.005478965095513964,1.2570757287509027,-0.047890198174701304
2023-02-24,Equity Equal Weight,-0.009477223615106894,1.2451621409684068,-0.05691355567273482
2023-02-27,Equity Equal Weight,0.0017761100564900147,1.2473736859689413,-0.05523853035482584
2023-02-28,Equity Equal Weight,-0.0042929255026671834,1.2420188036610893,-0.05929432096180298
2023-03-01,Equity Equal Weight,-0.001058031993739652,1.2407047080299896,-0.06028961766691798
2023-03-02,Equity Equal Weight,0.011963634596800691,1.2555480457993906,-0.04904726602586518
2023-03-03,Equity Equal Weight,0.013041698662887858,1.271922525069484,-0.036645227026725236
2023-03-06,Equity Equal Weight,-0.0018086637367767805,1.2696220449224012,-0.03838761187025275
2023-03-07,Equity Equal Weight,-0.017166087290682315,1.2478276020730885,-0.05489473406468959
2023-03-08,Equity Equal Weight,0.003191727051693716,1.2518103271864753,-0.051878216020705636
2023-03-09,Equity Equal Weight,-0.01731871782501915,1.230130577359488,-0.06829846966119679
2023-03-10,Equity Equal Weight,-0.013042274760361034,1.214086876378444,-0.08044997701452417
2023-03-13,Equity Equal Weight,-0.003516018063804469,1.2098181249900695,-0.083683131505913
2023-03-14,Equity Equal Weight,0.01454549521775727,1.2274155287414685,-0.07035484887728194
2023-03-15,Equity Equal Weight,-0.00968814247115212,1.2155241522277167,-0.0793613835489746
2023-03-16,Equity Equal Weight,0.014200648998945934,1.232785384063244,-0.06628771770187825
2023-03-17,Equity Equal Weight,-0.012241012240181464,1.2176948430874088,-0.07771730117829745
2023-03-20,Equity Equal Weight,0.011381656021337802,1.2315542269303865,-0.06722019674587776
2023-03-21,Equity Equal Weight,0.008352348230895295,1.2418405966989403,-0.0594292950063533
2023-03-22,Equity Equal Weight,-0.01994875486296806,1.217067423056511,-0.07819250943156064
2023-03-23,Equity Equal Weight,0.0017877909140547078,1.2192432851372434,-0.07654451037541488
2023-03-24,Equity Equal Weight,0.007631212702629167,1.2285475899823781,-0.06949742511267909
2023-03-27,Equity Equal Weight,0.004297343942389522,1.233827081526126,-0.06549873550910923
2023-03-28,Equity Equal Weight,0.001599486089735003,1.2358005707801656,-0.06400401373571618
2023-03-29,Equity Equal Weight,0.01557046620206545,1.2550425617999914,-0.04943011986631918
2023-03-30,Equity Equal Weight,0.004909293457587829,1.2612039340376304,-0.044763493372798835
2023-03-31,Equity Equal Weight,0.01245554165487161,1.276912912173324,-0.032865505274249696
2023-04-03,Equity Equal Weight,0.006940014431519134,1.2857747062115998,-0.026153577923633153
2023-04-04,Equity Equal Weight,-0.0050640905631622185,1.279263426655521,-0.031085224399639455
2023-04-05,Equity Equal Weight,0.003700067303833979,1.2839967874334794,-0.02750017451823905
2023-04-06,Equity Equal Weight,-0.00016101982917674716,1.2837900384901035,-0.02765676627401248
2023-04-10,Equity Equal Weight,0.003514247817485643,1.2883015948309773,-0.024239711187043933
2023-04-11,Equity Equal Weight,0.002569206481788522,1.2916115076389156,-0.021732781528353673
2023-04-12,Equity Equal Weight,-0.0022219339949199977,1.2887416321218628,-0.023906426717191787
2023-04-13,Equity Equal Weight,0.00697289572006567,1.2977278931327558,-0.01710022801766442
2023-04-14,Equity Equal Weight,-0.005796901834398558,1.2902050919285044,-0.02279800150889877
2023-04-17,Equity Equal Weight,0.0050131419049538805,1.2966730731408362,-0.01789914922065816
2023-04-18,Equity Equal Weight,0.0003185701739072887,1.2970861545072476,-0.01758628118183092
2023-04-19,Equity Equal Weight,0.0021501861398795594,1.2998751311788987,-0.015473908820000548
2023-04-20,Equity Equal Weight,-0.006963271769652837,1.290823747373887,-0.022329431557200796
2023-04-21,Equity Equal Weight,-0.0010172047667623987,1.2895107153050083,-0.02332392271974415
2023-04-24,Equity Equal Weight,0.0017570893495593106,1.2917765008490134,-0.02160781558638558
2023-04-25,Equity Equal Weight,-0.014954209205319131,1.2724590048088023,-0.036238896996955816
2023-04-26,Equity Equal Weight,-0.012476823412631977,1.2565827585059894,-0.04826357409108817
2023-04-27,Equity Equal Weight,0.01466191302179606,1.2750066656158927,-0.03430929739473676
2023-04-28,Equity Equal Weight,0.009482238561268225,1.2870965829864698,-0.025152387776234852
2023-05-01,Equity Equal Weight,-0.003422566579296094,1.2826914092372141,-0.028488868633738562
2023-05-02,Equity Equal Weight,-0.016682054474223176,1.2612934812747008,-0.044695670249504715
2023-05-03,Equity Equal Weight,-0.012217496177713009,1.2458836329882528,-0.056367097246784126
2023-05-04,Equity Equal Weight,-0.005351289952589209,1.2392165484209474,-0.06141675051821993
2023-05-05,Equity Equal Weight,0.01751524961317628,1.2609217355913191,-0.04497723062080039
2023-05-08,Equity Equal Weight,-0.0006943661313251724,1.2600461942438728,-0.04564036608650168
2023-05-09,Equity Equal Weight,-0.004258718762879401,1.2546800118743515,-0.049704715365983865
2023-05-10,Equity Equal Weight,-0.0017783329876314966,1.2524487730203135,-0.051394656818639195
2023-05-11,Equity Equal Weight,-0.008972948417903203,1.2412106147839361,-0.059906443631952855
2023-05-12,Equity Equal Weight,-0.0008388740546909411,1.2401693954027868,-0.060695063725372256
2023-05-15,Equity Equal Weight,0.004566875681341903,1.2458330948553964,-0.05640537485453512
2023-05-16,Equity Equal Weight,-0.015969316778035862,1.2259379915110897,-0.07147393633353516
2023-05-17,Equity Equal Weight,0.012319075380388223,1.2410404140401965,-0.06003535376257285
2023-05-18,Equity Equal Weight,0.005885373981134901,1.2483444010025255,-0.05450331029042044
2023-05-19,Equity Equal Weight,-0.0024750102388178584,1.2452547358284733,-0.05684342427822009
2023-05-22,Equity Equal Weight,0.0006733174629292172,1.246093187587902,-0.05620838048551002
2023-05-23,Equity Equal Weight,-0.007158860298573354,1.2371725805389562,-0.06296485284057862
2023-05-24,Equity Equal Weight,-0.0092430297574062,1.2257373575619877,-0.07162589658950858
2023-05-25,Equity Equal Weight,9.278741905413931e-05,1.2258510905678341,-0.07153975515253641
2023-05-26,Equity Equal Weight,0.008663674683658414,1.2364714656271216,-0.06349587763446818
2023-05-30,Equity Equal Weight,-0.0018190711166541518,1.2342222360974324,-0.06519944523409082
2023-05-31,Equity Equal Weight,-0.004663092855496196,1.228466943206192,-0.06955850702233346
2023-06-01,Equity Equal Weight,0.005148317863618266,1.2347914815147651,-0.06476829846298482
2023-06-02,Equity Equal Weight,0.019500197664424103,1.25887015947865,-0.04653109542097744
2023-06-05,Equity Equal Weight,-0.0058969493851712155,1.251446665865702,-0.05215365329161459
2023-06-06,Equity Equal Weight,0.004403184679716094,1.2569570166523236,-0.04798011077906339
2023-06-07,Equity Equal Weight,0.00825333091667653,1.2673310988587938,-0.040122775594065185
2023-06-08,Equity Equal Weight,0.004105881849056211,1.2725346106143427,-0.03618163312105438
2023-06-09,Equity Equal Weight,-0.002802731516898366,1.2689680377548298,-0.03888295723447155
2023-06-12,Equity Equal Weight,0.005228664642244208,1.2756030460659764,-0.0338575985359052
2023-06-13,Equity Equal Weight,0.00731871902904849,1.2849388263527317,-0.026786673757539292
2023-06-14,Equity Equal Weight,0.0001272434929677031,1.2851023264572468,-0.026662838694505364
2023-06-15,Equity Equal Weight,0.010003512200136698,1.297957863258386,-0.01692604852653945
2023-06-16,Equity Equal Weight,0.0005502064556709694,1.2986720080539398,-0.016385154892036624
2023-06-20,Equity Equal Weight,-0.012622406708579167,1.2822796417872357,-0.028800741511585404
2023-06-21,Equity Equal Weight,-0.003164890673324905,1.2782213669083489,-0.031874480986715525
2023-06-22,Equity Equal Weight,-0.00559242287012034,1.271073012502974,-0.03728864828039258
2023-06-23,Equity Equal Weight,-0.00725958143982272,1.2618455544527478,-0.044277529741242994
2023-06-26,Equity Equal Weight,0.006682503230795584,1.2702778414471434,-0.03789091124599486
2023-06-27,Equity Equal Weight,0.007222896182025429,1.2794529264182437,-0.03094169718214146
2023-06-28,Equity Equal Weight,-0.0017040372863230942,1.2772726909255319,-0.032593008662763934
2023-06-29,Equity Equal Weight,0.006333876012833468,1.2853627777844325,-0.026465572725685504
2023-06-30,Equity Equal Weight,0.008314033679412117,1.296049327209195,-0.018371574709259653
2023-07-03,Equity Equal Weight,0.005677130992006777,1.3034071690118638,-0.012798741553406878
2023-07-05,Equity Equal Weight,-0.004240653464778886,1.297879870884576,-0.016985119990472475
2023-07-06,Equity Equal Weight,-0.012084138933912192,1.2821961102052788,-0.028864008374610672
2023-07-07,Equity Equal Weight,0.0006819149565187501,1.283070458910018,-0.02820177621710762
2023-07-10,Equity Equal Weight,0.0047796696983343516,1.2892031119032983,-0.023556901693997268
2023-07-11,Equity Equal Weight,0.014211688018259465,1.3075248643218371,-0.009679997013289698
2023-07-12,Equity Equal Weight,0.00823735096035434,1.3182954055186458,-0.0015223835856290613
2023-07-13,Equity Equal Weight,0.0056132899986313725,1.3256953799336852,0.0
2023-07-14,Equity Equal Weight,-0.006609687433745769,1.3169329478399627,-0.006609687433745792
2023-07-17,Equity Equal Weight,-0.003559608817588056,1.3122451817066594,-0.010145768349663187
2023-07-18,Equity Equal Weight,0.0059362027528230285,1.3200349351666854,-0.00426979293484675
2023-07-19,Equity Equal Weight,0.00603795227252624,1.3280052431032892,0.0
2023-07-20,Equity Equal Weight,0.0017480758015509055,1.3303266969330907,0.0
2023-07-21,Equity Equal Weight,0.0044898923598515935,1.3362997206057572,0.0
2023-07-24,Equity Equal Weight,0.0054649418308621855,1.343602520847465,0.0
2023-07-25,Equity Equal Weight,0.0034160131953540496,1.3481922847879908,0.0
2023-07-26,Equity Equal Weight,0.0021904630775948695,1.3511454502093172,0.0
2023-07-27,Equity Equal Weight,-0.004634011643839129,1.344884226460527,-0.004634011643839142
2023-07-28,Equity Equal Weight,0.004241321399844554,1.3505883127105272,-0.0004123445767468814
2023-07-31,Equity Equal Weight,0.004314741590100032,1.3564157522744822,0.0
2023-08-01,Equity Equal Weight,-0.0036317010240047836,1.3514896557979708,-0.0036317010240047853
2023-08-02,Equity Equal Weight,-0.013699281238668086,1.3329752189120436,-0.01728123056897024
2023-08-03,Equity Equal Weight,-0.004931584621457255,1.3264015388216734,-0.022127591339513697
2023-08-04,Equity Equal Weight,-0.002197023217300111,1.3234874038454196,-0.024275999724897912
2023-08-07,Equity Equal Weight,0.008020413923411242,1.3341023206466809,-0.016450289367685
2023-08-08,Equity Equal Weight,-0.0034409407439325817,1.3295117536149927,-0.019834625640682724
2023-08-09,Equity Equal Weight,-0.001925595822674385,1.3269516513360353,-0.02172202799107903
2023-08-10,Equity Equal Weight,0.0009644399956669525,1.3282314165809002,-0.02077853758799364
2023-08-11,Equity Equal Weight,0.0016758150228857098,1.3304572867426752,-0.019137543550551528
2023-08-14,Equity Equal Weight,0.0017062775996715214,1.3327274162083638,-0.0174639199127532
2023-08-15,Equity Equal Weight,-0.01322545628250715,1.3151014880288014,-0.030458407885932903
2023-08-16,Equity Equal Weight,-0.008186117279367165,1.3043359130135275,-0.038395189066202984
2023-08-17,Equity Equal Weight,-0.0046557882757702375,1.298263201162053,-0.042872217470872886
2023-08-18,Equity Equal Weight,0.001733029370723882,1.3005131294205967,-0.04121348691221416
2023-08-21,Equity Equal Weight,-0.0005131283529655397,1.299845799260487,-0.041705467456520484
2023-08-22,Equity Equal Weight,-0.004904403466574166,1.2934708310165821,-0.0464053304839257
2023-08-23,Equity Equal Weight,0.007321780440630267,1.302941340447645,-0.039423319684373626
2023-08-24,Equity Equal Weight,-0.012228581664713425,1.2870082158616498,-0.05116981006483268
2023-08-25,Equity Equal Weight,0.004912513294952161,1.2933306608327828,-0.04650866914212415
2023-08-28,Equity Equal Weight,0.008364884527056863,1.3041492224659512,-0.03853282426194826
2023-08-29,Equity Equal Weight,0.011982477817999243,1.3197761615955106,-0.027012065155932574
2023-08-30,Equity Equal Weight,0.0015849659208836808,1.3218679618348343,-0.025469912437773634
2023-08-31,Equity Equal Weight,-0.0030555686910886835,1.3178289034768986,-0.028447656061852622
2023-09-01,Equity Equal Weight,0.004049068438607959,1.323164882897452,-0.024513774129557242
2023-09-05,Equity Equal Weight,-0.00872481301933522,1.3116205167004211,-0.033024709053213974
2023-09-06,Equity Equal Weight,-0.00417614715166231,1.3061429964155409,-0.03706294016022915
2023-09-07,Equity Equal Weight,-0.00017340816510796284,1.3059165005551638,-0.03722992130889036
2023-09-08,Equity Equal Weight,0.002637923536046848,1.30936140842809,-0.03469020745850959
2023-09-11,Equity Equal Weight,0.002865687446399155,1.313113628979022,-0.03192393130413729
2023-09-12,Equity Equal Weight,0.002308243851204291,1.3161446154390453,-0.029689375671072105
2023-09-13,Equity Equal Weight,-0.0009672270966173914,1.3148716047039255,-0.03062788639905878
2023-09-14,Equity Equal Weight,0.012360870706178877,1.3311245626048966,-0.018645603036662184
2023-09-15,Equity Equal Weight,-0.010489077213557508,1.3171622942868708,-0.028939105080274863
2023-09-18,Equity Equal Weight,-0.00024995003851792553,1.3168330695206796,-0.02918182178836326
2023-09-19,Equity Equal Weight,-0.004213502014856906,1.311284590729024,-0.03327236613831763
2023-09-20,Equity Equal Weight,-0.005264643861468341,1.3043811443578046,-0.03836184284163924
2023-09-21,Equity Equal Weight,-0.0185880687890133,1.28013521791939,-0.0562368390570388
2023-09-22,Equity Equal Weight,-0.0033341264056424035,1.275867085286532,-0.05938346473261136
2023-09-25,Equity Equal Weight,0.002086940375641444,1.2785297438207683,-0.0574204541071659
2023-09-26,Equity Equal Weight,-0.01203867858893119,1.2631379351685217,-0.06876786630467036
2023-09-27,Equity Equal Weight,-0.0014106684457594154,1.2613560663407377,-0.07008152609135165
2023-09-28,Equity Equal Weight,0.004051206390830821,1.2664660800978107,-0.0663142344269011
2023-09-29,Equity Equal Weight,-0.001064597661618716,1.2651178032704191,-0.06730823410961695
2023-10-02,Equity Equal Weight,-0.01427779454884416,1.247054711195239,-0.08062501552039847
2023-10-03,Equity Equal Weight,-0.008623840049693498,1.2363003108326744,-0.0885535583322401
2023-10-04,Equity Equal Weight,0.0014587619619191327,1.2381037786996258,-0.08722397493280876
2023-10-05,Equity Equal Weight,-0.0018481504494788205,1.2358155766445207,-0.08891092235381015
2023-10-06,Equity Equal Weight,0.010572819190709792,1.248881631289446,-0.07927814226922647
2023-10-09,Equity Equal Weight,0.008763926303623774,1.2598267378680161,-0.0712090037619384
2023-10-10,Equity Equal Weight,0.008282561086268072,1.2702613297825218,-0.06351623559922082
2023-10-11,Equity Equal Weight,0.003365157629009226,1.274535959387275,-0.060364820115004214
2023-10-12,Equity Equal Weight,-0.008311144835865694,1.2639431064302882,-0.06817426418790318
2023-10-13,Equity Equal Weight,0.0011147766253742544,1.2653521206611396,-0.06713548663869773
2023-10-16,Equity Equal Weight,0.010057492329704919,1.2780783899090649,-0.057753208950912516
2023-10-17,Equity Equal Weight,0.0027932697004872196,1.2816484075504455,-0.05512125953909364
2023-10-18,Equity Equal Weight,-0.014298523672335568,1.2633227274554744,-0.06863163057706045
2023-10-19,Equity Equal Weight,-0.009313396223776083,1.2515569023361799,-0.07730583323178863
2023-10-20,Equity Equal Weight,-0.008972743882415861,1.2403270027972475,-0.08558493167199899
2023-10-23,Equity Equal Weight,-0.0065969844195609105,1.2321445848846333,-0.09161731363077064
2023-10-24,Equity Equal Weight,0.010865236461424663,1.2455321271540687,-0.08174752094590487
2023-10-25,Equity Equal Weight,-0.012071946699170872,1.2304961297029597,-0.09283261592942749
2023-10-26,Equity Equal Weight,-0.0020912306436232254,1.2279228784896652,-0.0947297121618913
2023-10-27,Equity Equal Weight,-0.010091752733279386,1.2155309844244109,-0.10386547606353813
2023-10-30,Equity Equal Weight,0.010000411649502997,1.2276867946413805,-0.09490376193084216
2023-10-31,Equity Equal Weight,0.0058765673887027255,1.234901378822311,-0.08958490289456744
2023-11-01,Equity Equal Weight,0.004883111660390648,1.2409315401446708,-0.08513924431809616
2023-11-02,Equity Equal Weight,0.025794960167503,1.2729413197933006,-0.061540447566469925
2023-11-03,Equity Equal Weight,0.01279402160740212,1.289227358543691,-0.04953377577496232
2023-11-06,Equity Equal Weight,-0.004456576056500963,1.2834818187662194,-0.05376960079235649
2023-11-07,Equity Equal Weight,-0.0037390629774691326,1.2786827994154157,-0.05730761584618971
2023-11-08,Equity Equal Weight,-0.0011798844009913996,1.2771741015265694,-0.05841988388518626
2023-11-09,Equity Equal Weight,-0.008903880726641448,1.2658022956594213,-0.06680360093364979
2023-11-10,Equity Equal Weight,0.010646732594233557,1.2792789542184742,-0.05686810841488865
2023-11-13,Equity Equal Weight,-0.0011335907036108953,1.277828775488647,-0.05793723395946848
2023-11-14,Equity Equal Weight,0.02459404341561296,1.3092557518707342,-0.03476810139123543
2023-11-15,Equity Equal Weight,0.005349194798091735,1.3162592159280126,-0.029604887940245295
2023-11-16,Equity Equal Weight,0.000763167978912289,1.317263742813557,-0.02886431346382834
2023-11-17,Equity Equal Weight,0.003168319812704509,1.3214372556284706,-0.025787445027351308
2023-11-20,Equity Equal Weight,0.004432305553655234,1.3272942693153995,-0.021469437309505457
2023-11-21,Equity Equal Weight,-0.0023448833096139056,1.3241819191363355,-0.023763977293905558
2023-11-22,Equity Equal Weight,0.0017220553186484756,1.3264622336530425,-0.02208284485874823
2023-11-24,Equity Equal Weight,0.002442867504645432,1.3297026051397731,-0.019693922818218246
2023-11-27,Equity Equal Weight,0.0005314905739881357,1.3304093295406123,-0.019172899378572916
2023-11-28,Equity Equal Weight,0.0020426557000202085,1.3331268977409585,-0.017169407310754226
2023-11-29,Equity Equal Weight,0.004678034968830294,1.339363311986479,-0.012571691429717702
2023-11-30,Equity Equal Weight,0.006384512229031318,1.3479144934309726,-0.006267443318359045
2023-12-01,Equity Equal Weight,0.009225927380084266,1.36035025466193,0.0
2023-12-04,Equity Equal Weight,-0.0018134092183667127,1.3578833829699184,-0.0018134092183668127
2023-12-05,Equity Equal Weight,-0.0052614857299654785,1.350738898927465,-0.007065353721607215
2023-12-06,Equity Equal Weight,-0.0007160063436409092,1.3497717613072304,-0.007776301227163329
2023-12-07,Equity Equal Weight,0.0049002939512802985,1.3563860397047733,-0.0029141134377497213
2023-12-08,Equity Equal Weight,0.0032286936961363594,1.3607653947606955,0.0
2023-12-11,Equity Equal Weight,0.006783475745804726,1.369996113811785,0.0
2023-12-12,Equity Equal Weight,0.0007978025859253558,1.371089100254092,0.0
2023-12-13,Equity Equal Weight,0.02090241145857909,1.3997481687739761,0.0
2023-12-14,Equity Equal Weight,0.014493407254842453,1.4200352890382373,0.0
2023-12-15,Equity Equal Weight,-0.003011783157942524,1.415758450671028,-0.0030117831579424825
2023-12-18,Equity Equal Weight,-0.001377038017755587,1.4138088974604952,-0.004384673835788333
2023-12-19,Equity Equal Weight,0.008156436334441007,1.425340539721698,0.0
2023-12-20,Equity Equal Weight,-0.014752978135857561,1.4043125219030326,-0.014752978135857409
2023-12-21,Equity Equal Weight,0.008160532810200164,1.415772460313797,-0.006712837487783174
2023-12-22,Equity Equal Weight,0.00195996413291749,1.4185473235563846,-0.004766030275571764
2023-12-26,Equity Equal Weight,0.006506457589898613,1.4277770415563682,0.0
2023-12-27,Equity Equal Weight,0.0014553578874705298,1.4298549681353465,0.0
2023-12-28,Equity Equal Weight,0.0012242203691481567,1.4316054257122655,0.0
2023-12-29,Equity Equal Weight,-0.003035118739159236,1.4272603332576042,-0.0030351187391591816
2021-01-01,Crypto Minimum-Variance,0.030927869675988463,1.0309278696759885,0.0
2021-01-02,Crypto Minimum-Variance,0.07267370301115662,1.1058492155027457,0.0
2021-01-03,Crypto Minimum-Variance,-0.08446989570728018,1.0124382476012512,-0.08446989570728014
2021-01-04,Crypto Minimum-Variance,-0.013068545679409235,0.9992071521148933,-0.09643454269610385
2021-01-05,Crypto Minimum-Variance,0.03947641364037021,1.038652266964197,-0.06076501895242492
2021-01-06,Crypto Minimum-Variance,0.07746585402215513,1.1191123518566262,0.0
2021-01-07,Crypto Minimum-Variance,0.12408145391862935,1.2579734395732929,0.0
2021-01-08,Crypto Minimum-Variance,0.03850139756476768,1.3064071750962225,0.0
2021-01-09,Crypto Minimum-Variance,-0.07871475212396747,1.2035736581355507,-0.0787147521239675
2021-01-10,Crypto Minimum-Variance,-0.06958441092855228,1.1198236941250657,-0.14282184339458648
2021-01-11,Crypto Minimum-Variance,-0.025143258788857974,1.0916676771857843,-0.16437409561427263
2021-01-12,Crypto Minimum-Variance,-0.030363489216479883,1.058520837441574,-0.1897466137510999
2021-01-13,Crypto Minimum-Variance,0.08382443621284735,1.147250749859665,-0.12182758045923547
2021-01-14,Crypto Minimum-Variance,0.02143459389494539,1.1718416037785784,-0.10300431127663767
2021-01-15,Crypto Minimum-Variance,-0.049670855503740466,1.113635228804021,-0.147558854518694
2021-01-16,Crypto Minimum-Variance,-0.031223552656874123,1.0788635805969085,-0.17417509551151578
2021-01-17,Crypto Minimum-Variance,-0.009364602656239458,1.0687604518443306,-0.18190861760567734
2021-01-18,Crypto Minimum-Variance,0.006564280845396831,1.0757760956066897,-0.1765384360144423
2021-01-19,Crypto Minimum-Variance,-0.037424318448226676,1.035515908425715,-0.20735592381491252
2021-01-20,Crypto Minimum-Variance,-0.008507234602093329,1.0267065316585378,-0.21409913292697857
2021-01-21,Crypto Minimum-Variance,-0.09509583408590151,0.9290710176690261,-0.2888350313901208
2021-01-22,Crypto Minimum-Variance,0.053051554960965676,0.9783596798255347,-0.25110662397160033
2021-01-23,Crypto Minimum-Variance,-0.02387411413597642,0.9550022091633426,-0.26898578990657906
2021-01-24,Crypto Minimum-Variance,-0.021107367875301576,0.9348446262128062,-0.2844155757610939
2021-01-25,Crypto Minimum-Variance,0.015252143944214556,0.9491030110172793,-0.27350137911836425
2021-01-26,Crypto Minimum-Variance,0.00837765894801645,0.9570542723501176,-0.2674150214464135
2021-01-27,Crypto Minimum-Variance,-0.03877072848266224,0.9199485810136593,-0.2958178747403917
2021-01-28,Crypto Minimum-Variance,0.10134507702881666,1.0131808408190393,-0.22445248301364074
2021-01-29,Crypto Minimum-Variance,0.04696701838198259,1.0607669239940596,-0.18802732852724147
2021-01-30,Crypto Minimum-Variance,0.0708222600954973,1.1358928349858675,-0.130521588797762
2021-01-31,Crypto Minimum-Variance,-0.003582361011278519,1.1318236567808235,-0.1336363743582013
2021-02-01,Crypto Minimum-Variance,-0.03273790786854952,1.0947701181816882,-0.16199930691512487
2021-02-02,Crypto Minimum-Variance,0.018261006896845407,1.1147617228602642,-0.14669657047914086
2021-02-03,Crypto Minimum-Variance,0.029204729945935745,1.1473180379304642,-0.12177607425804349
2021-02-04,Crypto Minimum-Variance,0.01653976036437073,1.166294403339554,-0.10725046098001467
2021-02-05,Crypto Minimum-Variance,0.048520690255229204,1.2228838128303998,-0.06393363712172728
2021-02-06,Crypto Minimum-Variance,0.017518613916677542,1.2443070422123303,-0.04753505191007401
2021-02-07,Crypto Minimum-Variance,0.010185860561997127,1.2569813802406162,-0.03783337675864029
2021-02-08,Crypto Minimum-Variance,0.18413669259448023,1.488437774250968,0.0
2021-02-09,Crypto Minimum-Variance,0.050662910887874994,1.5638463645699916,0.0
2021-02-10,Crypto Minimum-Variance,0.001435956131920291,1.5660919793465773,0.0
2021-02-11,Crypto Minimum-Variance,0.13626234739988086,1.7794913486964674,0.0
2021-02-12,Crypto Minimum-Variance,-0.05035663001767787,1.6898821612305008,-0.05035663001767787
2021-02-13,Crypto Minimum-Variance,0.05681452024854899,1.785892005497393,0.0
2021-02-14,Crypto Minimum-Variance,-0.004163365579673794,1.7784566841926905,-0.004163365579673783
2021-02-15,Crypto Minimum-Variance,-0.05774097565536168,1.6757668600866051,-0.06166394444445522
2021-02-16,Crypto Minimum-Variance,0.023105925910875548,1.7144870049996666,-0.03998282106528572
2021-02-17,Crypto Minimum-Variance,0.04918290173188023,1.798810450887151,0.0
2021-02-18,Crypto Minimum-Variance,-0.001085122467954039,1.7968585212513029,-0.0010851224679540028
2021-02-19,Crypto Minimum-Variance,0.11355495128872992,2.0009007031047337,0.0
2021-02-20,Crypto Minimum-Variance,0.00496803033411519,2.01084123849331,0.0
2021-02-21,Crypto Minimum-Variance,0.041261995043971975,2.0938125597102353,0.0
2021-02-22,Crypto Minimum-Variance,-0.048979726422410344,1.9912581933558213,-0.04897972642241033
2021-02-23,Crypto Minimum-Variance,-0.1126160083529536,1.7670106440199749,-0.1560798334954524
2021-02-24,Crypto Minimum-Variance,0.025532738509352393,1.8121272647369793,-0.13453224056132262
2021-02-25,Crypto Minimum-Variance,-0.06169637774576546,1.700325576488366,-0.1879284663744324
2021-02-26,Crypto Minimum-Variance,-0.010924099074160299,1.6817510514324785,-0.19679961626306341
2021-02-27,Crypto Minimum-Variance,0.007364413713167343,1.6941361619377815,-0.1908845163426498
2021-02-28,Crypto Minimum-Variance,-0.025156927679414385,1.651516901032832,-0.2112393760493121
2021-03-01,Crypto Minimum-Variance,0.08668315077545394,1.7946755895732716,-0.14286711995765355
2021-03-02,Crypto Minimum-Variance,-0.03877805000878012,1.7250815698112623,-0.17610506164410533
2021-03-03,Crypto Minimum-Variance,0.044808346908781764,1.802379623237311,-0.1391876914298651
2021-03-04,Crypto Minimum-Variance,-0.020395837020867835,1.7656185821920296,-0.15674467898101863
2021-03-05,Crypto Minimum-Variance,0.00550354433850668,1.7753357423440148,-0.15210378593310891
2021-03-06,Crypto Minimum-Variance,-0.008801787447279465,1.7597096144923448,-0.1595667881866787
2021-03-07,Crypto Minimum-Variance,0.04016336715464128,1.830385477824753,-0.12581216053166577
2021-03-08,Crypto Minimum-Variance,0.012346586396402168,1.852984490265436,-0.11501892484498599
2021-03-09,Crypto Minimum-Variance,0.0560082343952742,1.9567668799270301,-0.06545269735232218
2021-03-10,Crypto Minimum-Variance,0.00798447798917835,1.972390642009761,-0.05799082498448571
2021-03-11,Crypto Minimum-Variance,0.029337976130444643,2.0302565915849557,-0.030354182293220733
2021-03-12,Crypto Minimum-Variance,-0.03766317518300264,1.9537906819096458,-0.06687412259097691
2021-03-13,Crypto Minimum-Variance,0.09017196146687956,2.129967819993151,0.0
2021-03-14,Crypto Minimum-Variance,-0.035120057275145646,2.055163228160774,-0.03512005727514578
2021-03-15,Crypto Minimum-Variance,-0.04421557298460253,1.96429300845076,-0.07778277680407575
2021-03-16,Crypto Minimum-Variance,0.047501501954876776,2.0575998766316346,-0.03397607357361343
2021-03-17,Crypto Minimum-Variance,0.04003989359844069,2.13998595676013,0.0
2021-03-18,Crypto Minimum-Variance,-0.014012666305905587,2.109999047648726,-0.014012666305905697
2021-03-19,Crypto Minimum-Variance,0.019148513049340066,2.150402391946723,0.0
2021-03-20,Crypto Minimum-Variance,0.011904533793383633,2.1760019298910254,0.0
2021-03-21,Crypto Minimum-Variance,-0.009037297207335926,2.1563367537268636,-0.009037297207335926
2021-03-22,Crypto Minimum-Variance,-0.041307566960189626,2.067263728883573,-0.04997155540799447
2021-03-23,Crypto Minimum-Variance,0.012604389434117581,2.093320325985448,-0.03799702691886775
2021-03-24,Crypto Minimum-Variance,-0.04568541382061341,1.9976861206337013,-0.08194653084073966
2021-03-25,Crypto Minimum-Variance,-0.013519964231405585,1.9706774757371583,-0.09435858090629068
2021-03-26,Crypto Minimum-Variance,0.09284107440392451,2.15363728988821,-0.010277858532935835
2021-03-27,Crypto Minimum-Variance,0.007105974404577418,2.168940981346899,-0.003244918328027424
2021-03-28,Crypto Minimum-Variance,0.001955676119213849,2.1731827274281033,-0.0012955882180964995
2021-03-29,Crypto Minimum-Variance,0.02559640942941764,2.2288084022842916,0.0
2021-03-30,Crypto Minimum-Variance,0.025942471285961898,2.2866292002624626,0.0
2021-03-31,Crypto Minimum-Variance,0.06702042759719341,2.4398800670202814,0.0
2021-04-01,Crypto Minimum-Variance,0.002763334447408057,2.4466222716570227,0.0
2021-04-02,Crypto Minimum-Variance,0.01689542348877462,2.487958991053736,0.0
2021-04-03,Crypto Minimum-Variance,-0.016898054448602172,2.4459173245570205,-0.01689805444860215
2021-04-04,Crypto Minimum-Variance,0.0608787768353317,2.5948217795163986,0.0
2021-04-05,Crypto Minimum-Variance,0.01838563327977756,2.642529221180967,0.0
2021-04-06,Crypto Minimum-Variance,-0.006977628531262072,2.624090633892561,-0.006977628531262048
2021-04-07,Crypto Minimum-Variance,-0.024158611741367145,2.5606962470941927,-0.030967670454066898
2021-04-08,Crypto Minimum-Variance,0.05397145651597982,2.6989007532448697,0.0
2021-04-09,Crypto Minimum-Variance,-0.009539278674470408,2.673155186844929,-0.009539278674470353
2021-04-10,Crypto Minimum-Variance,0.0322990736640308,2.759495623140219,0.0
2021-04-11,Crypto Minimum-Variance,0.0005436950210143504,2.760995947171031,0.0
2021-04-12,Crypto Minimum-Variance,0.010580454083957386,2.790208538016066,0.0
2021-04-13,Crypto Minimum-Variance,0.0762162894329596,3.002867879527814,0.0
2021-04-14,Crypto Minimum-Variance,-0.015885319601902856,2.955166363539226,-0.01588531960190287
2021-04-15,Crypto Minimum-Variance,0.05849731021403259,3.1280356470412545,0.0
2021-04-16,Crypto Minimum-Variance,-0.01593171571440481,3.078200672368069,-0.01593171571440477
2021-04-17,Crypto Minimum-Variance,-0.0076732553108798335,3.054580852710867,-0.023482722903067632
2021-04-18,Crypto Minimum-Variance,-0.06923353340044196,2.8431014272203585,-0.09109046442306679
2021-04-19,Crypto Minimum-Variance,-0.02513422361191256,2.7716422801972542,-0.11393519993325696
2021-04-20,Crypto Minimum-Variance,0.012267445646371385,2.8056432512207587,-0.10306544815927532
2021-04-21,Crypto Minimum-Variance,-0.059564804930569516,2.6385256582570253,-0.15649117977515592
2021-04-22,Crypto Minimum-Variance,-0.041400084809630255,2.5292904722327987,-0.19141251647013569
2021-04-23,Crypto Minimum-Variance,-0.008421897984182834,2.5079890459032885,-0.19822235776771135
2021-04-24,Crypto Minimum-Variance,-0.029011899847973383,2.4352275188837282,-0.22148345042449868
2021-04-25,Crypto Minimum-Variance,-0.024215121669278035,2.3762581882215845,-0.24033532339401598
2021-04-26,Crypto Minimum-Variance,0.12953646477568181,2.6840702733180755,-0.14193104677151513
2021-04-27,Crypto Minimum-Variance,0.017820430353520367,2.7319015606876946,-0.12663988875198884
2021-04-28,Crypto Minimum-Variance,-0.002608136187119209,2.7247763893676176,-0.12891773086252123
2021-04-29,Crypto Minimum-Variance,-0.019099260723912853,2.6727351746927233,-0.14555475823275565
2021-04-30,Crypto Minimum-Variance,0.08043426691022114,2.8877146691142945,-0.07682808159628063
2021-05-01,Crypto Minimum-Variance,0.032627323332303525,2.9819330693149224,-0.04670745292321954
2021-05-02,Crypto Minimum-Variance,-0.017586735355771804,2.9294906015762563,-0.06347275666528862
2021-05-03,Crypto Minimum-Variance,0.030763208127831815,3.019611130661074,-0.03466217416119832
2021-05-04,Crypto Minimum-Variance,-0.016403554936900103,2.9700787735911995,-0.05049714622001289
2021-05-05,Crypto Minimum-Variance,0.08446673867493741,3.2209516412041057,0.0
2021-05-06,Crypto Minimum-Variance,0.07533953700774272,3.463616646576752,0.0
2021-05-07,Crypto Minimum-Variance,0.009204375366791839,3.4954970743185134,0.0
2021-05-08,Crypto Minimum-Variance,0.03552635581638661,3.6196793471358912,0.0
2021-05-09,Crypto Minimum-Variance,-0.04564307108032268,3.4544660654065917,-0.04564307108032273
2021-05-10,Crypto Minimum-Variance,-0.058374930402780564,3.252811849259715,-0.10135359038542024
2021-05-11,Crypto Minimum-Variance,0.026363314191382877,3.338566750047202,-0.07766229274179293
2021-05-12,Crypto Minimum-Variance,-0.13241001463738702,2.896507077805558,-0.1997890420604661
2021-05-13,Crypto Minimum-Variance,0.02362956242288737,2.9649502726088994,-0.18088040727835542
2021-05-14,Crypto Minimum-Variance,0.0389305779677974,3.080377500367342,-0.14899160810895506
2021-05-15,Crypto Minimum-Variance,-0.051567865445214515,2.921529007907933,-0.19287629435474085
2021-05-16,Crypto Minimum-Variance,-0.009562172179019985,2.8935928445083157,-0.2005941501978895
2021-05-17,Crypto Minimum-Variance,-0.05852336558685671,2.724250052609643,-0.24737807099813025
2021-05-18,Crypto Minimum-Variance,-0.02250723129569067,2.66293472656826,-0.2643175068323842
2021-05-19,Crypto Minimum-Variance,-0.1331488722445122,2.3083679708649476,-0.36227280112768345
2021-05-20,Crypto Minimum-Variance,0.13053384036099905,2.609688107068276,-0.27902782075621735
2021-05-21,Crypto Minimum-Variance,-0.0815713235823867,2.3968123940375032,-0.33783847568321046
2021-05-22,Crypto Minimum-Variance,-0.0004977873332689623,2.395619291187529,-0.3381680913025935
2021-05-23,Crypto Minimum-Variance,-0.07139455821278348,2.224585110247174,-0.3854192880351681
2021-05-24,Crypto Minimum-Variance,0.13355553633786804,2.5216907677754703,-0.3033386314257963
2021-05-25,Crypto Minimum-Variance,0.013593829243002826,2.555970201476267,-0.29386833574120175
2021-05-26,Crypto Minimum-Variance,0.023819718357340612,2.6168526918051866,-0.27704847837535707
2021-05-27,Crypto Minimum-Variance,-0.030724829582823243,2.53645033880612,-0.299261040673917
2021-05-28,Crypto Minimum-Variance,-0.07881772146891555,2.336533102482363,-0.3544916887924979
2021-05-29,Crypto Minimum-Variance,-0.026015105780622813,2.2757479466613573,-0.37128465579083225
2021-05-30,Crypto Minimum-Variance,0.04019704747959368,2.3672262949248917,-0.34601215524850726
2021-05-31,Crypto Minimum-Variance,0.05144622457588856,2.4890111505155463,-0.31236694971752066
2021-06-01,Crypto Minimum-Variance,-0.024550302544093208,2.4279051737347683,-0.3292485491412731
2021-06-02,Crypto Minimum-Variance,0.02470964425813739,2.4878978468702457,-0.3126745194049244
2021-06-03,Crypto Minimum-Variance,0.0480938612933723,2.607550460829703,-0.2796183830777844
2021-06-04,Crypto Minimum-Variance,-0.054539590309960945,2.4653357269835015,-0.3189077013315492
2021-06-05,Crypto Minimum-Variance,-0.03556673202498475,2.3776517918302584,-0.3431319286025708
2021-06-06,Crypto Minimum-Variance,0.008561447980546127,2.3980079339618654,-0.3375081867792201
2021-06-07,Crypto Minimum-Variance,-0.0571749280299933,2.2609020029222426,-0.37538610852057797
2021-06-08,Crypto Minimum-Variance,-0.003167176324477394,2.253741327626624,-0.3773643708496113
2021-06-09,Crypto Minimum-Variance,0.12063718824073881,2.5256263444134497,-0.3022513592504049
2021-06-10,Crypto Minimum-Variance,-0.02206684017257319,2.4698937515356376,-0.31764846698645655
2021-06-11,Crypto Minimum-Variance,0.024693945565929788,2.530885173389689,-0.3007985153733913
2021-06-12,Crypto Minimum-Variance,-0.05714065866646605,2.3862687275730092,-0.3407513487455266
2021-06-13,Crypto Minimum-Variance,0.10710589328136254,2.6418521712490963,-0.27014193305838285
2021-06-14,Crypto Minimum-Variance,0.028597065246276525,2.7174013901613243,-0.2492701342975321
2021-06-15,Crypto Minimum-Variance,-0.003908995253634906,2.706779081024963,-0.25220473377932506
2021-06-16,Crypto Minimum-Variance,-0.047870149349641934,2.577205162159811,-0.28800180485626403
2021-06-17,Crypto Minimum-Variance,-0.00566153424171125,2.5626142268863283,-0.29203280701810685
2021-06-18,Crypto Minimum-Variance,-0.05567951063309314,2.4199291207918954,-0.3314520738676233
2021-06-19,Crypto Minimum-Variance,-0.005448913269505766,2.406743136894349,-0.3350949335336266
2021-06-20,Crypto Minimum-Variance,0.000944515291071833,2.409016342588828,-0.33446692053123794
2021-06-21,Crypto Minimum-Variance,-0.10579458488622517,2.1541554586405103,-0.40487671640168676
2021-06-22,Crypto Minimum-Variance,0.02585908245894652,2.2098599422748846,-0.38948737433787906
2021-06-23,Crypto Minimum-Variance,0.042974584278772474,2.30482775460846,-0.3632508480531076
2021-06-24,Crypto Minimum-Variance,0.038032579439651666,2.3924862992803204,-0.33903363534855646
2021-06-25,Crypto Minimum-Variance,-0.09169483992893611,2.1731076510356386,-0.3996408403536814
2021-06-26,Crypto Minimum-Variance,0.018316136125665166,2.212910586587732,-0.38864458026130944
2021-06-27,Crypto Minimum-Variance,0.08418996305353411,2.3992154471133276,-0.3371745900609313
2021-06-28,Crypto Minimum-Variance,-0.019676354954518496,2.352007632363562,-0.3502165780997667
2021-06-29,Crypto Minimum-Variance,0.07528615738038222,2.5290812491335455,-0.3012968811354223
2021-06-30,Crypto Minimum-Variance,-0.0208352241899343,2.476387274313289,-0.31585451725917213
2021-07-01,Crypto Minimum-Variance,-0.04629053172668533,2.36175399062413,-0.3475239754336549
2021-07-02,Crypto Minimum-Variance,0.02093339780877288,2.411193526436322,-0.33386543525072077
2021-07-03,Crypto Minimum-Variance,0.02563401259510615,2.4730020916622295,-0.31678973342790206
2021-07-04,Crypto Minimum-Variance,0.013298947237896526,2.5058904159984534,-0.3077037561403705
2021-07-05,Crypto Minimum-Variance,-0.04250453948572566,2.3993786978647456,-0.33712948917332175
2021-07-06,Crypto Minimum-Variance,0.018861029013527226,2.4446334490996113,-0.32462706923640827
2021-07-07,Crypto Minimum-Variance,-0.013348103183757572,2.4120022295745644,-0.3336420168037575
2021-07-08,Crypto Minimum-Variance,-0.03474803863270655,2.328189882919133,-0.3567966497470729
2021-07-09,Crypto Minimum-Variance,0.01860033399745124,2.371494992350916,-0.3448328526040888
2021-07-10,Crypto Minimum-Variance,-0.008826217566618229,2.350563661590281,-0.35061550038950584
2021-07-11,Crypto Minimum-Variance,0.025162288833838538,2.4097092233655406,-0.33427550004608886
2021-07-12,Crypto Minimum-Variance,-0.04178572988010882,2.3090177646683814,-0.3620932841757335
2021-07-13,Crypto Minimum-Variance,-0.015114775824875061,2.2741174787797647,-0.37173510118259956
2021-07-14,Crypto Minimum-Variance,0.006424381927509467,2.2887272780114705,-0.3676988875209486
2021-07-15,Crypto Minimum-Variance,-0.034658301403801293,2.2094038781790473,-0.38961337005520646
2021-07-16,Crypto Minimum-Variance,-0.011106166447137519,2.18486587095904,-0.3963924255644806
2021-07-17,Crypto Minimum-Variance,0.008316692376022965,2.2030367282906775,-0.391372407052063
2021-07-18,Crypto Minimum-Variance,0.012774755814892855,2.2311799845458316,-0.383597338169947
2021-07-19,Crypto Minimum-Variance,-0.020925036580383284,2.184492461751791,-0.39649558641698657
2021-07-20,Crypto Minimum-Variance,-0.033751834349341106,2.11076183404536,-0.4168649674133367
2021-07-21,Crypto Minimum-Variance,0.07911576888118711,2.2777563794709237,-0.37072979094868663
2021-07-22,Crypto Minimum-Variance,-0.0055350099673819285,2.2651489752072846,-0.37421280782796207
2021-07-23,Crypto Minimum-Variance,0.04312468346013288,2.362832807753143,-0.3472259332521377
2021-07-24,Crypto Minimum-Variance,0.032023335706313334,2.438498595973713,-0.3263219301722954
2021-07-25,Crypto Minimum-Variance,0.031172744960859786,2.5145132907934165,-0.3053215355158321
2021-07-26,Crypto Minimum-Variance,0.05349809540827253,2.649034962729652,-0.2681575607447858
2021-07-27,Crypto Minimum-Variance,0.057611883450817254,2.8016508562595726,-0.22599473943005266
2021-07-28,Crypto Minimum-Variance,0.0069336730894359235,2.8210765874076142,-0.22062803998375702
2021-07-29,Crypto Minimum-Variance,-0.003392189282459202,2.8115069616428134,-0.22327181719357336
2021-07-30,Crypto Minimum-Variance,0.05706950678588497,2.9719582772688513,-0.17894432289411377
2021-07-31,Crypto Minimum-Variance,-0.01060938848877032,2.9404276173328894,-0.1876552215434405
2021-08-01,Crypto Minimum-Variance,-0.03203474373382533,2.8462317721437675,-0.21367847834480758
2021-08-02,Crypto Minimum-Variance,-0.021086259158468967,2.7862153913712757,-0.2302590577323106
2021-08-03,Crypto Minimum-Variance,-0.028492862999335913,2.7068281379382926,-0.25219118094532367
2021-08-04,Crypto Minimum-Variance,0.050296644194958606,2.842972509689077,-0.2145789068474785
2021-08-05,Crypto Minimum-Variance,0.03572004852158372,2.9445236256806995,-0.18652362729019512
2021-08-06,Crypto Minimum-Variance,0.046682915996853744,3.081982574749103,-0.14854817811755794
2021-08-07,Crypto Minimum-Variance,0.050450793641788096,3.237471041635357,-0.10559175795584219
2021-08-08,Crypto Minimum-Variance,-0.013764335662451195,3.1929094035208228,-0.11790269321860092
2021-08-09,Crypto Minimum-Variance,0.03941207687049547,3.3187485943729134,-0.08313740635647526
2021-08-10,Crypto Minimum-Variance,-0.008743126102650949,3.2897323569093153,-0.09115365163150424
2021-08-11,Crypto Minimum-Variance,0.006688543731148253,3.311735875642277,-0.0850747930855471
2021-08-12,Crypto Minimum-Variance,-0.018875786670069773,3.2492242557460367,-0.10234472611033374
2021-08-13,Crypto Minimum-Variance,0.072709649173258,3.4854742114665713,-0.03707652606729128
2021-08-14,Crypto Minimum-Variance,-0.013854469974319694,3.437184813657542,-0.05041732042445968
2021-08-15,Crypto Minimum-Variance,0.004711695552445056,3.453379782056984,-0.04594317593642472
2021-08-16,Crypto Minimum-Variance,-0.028145090547609684,3.3561840953957054,-0.072795191637259
2021-08-17,Crypto Minimum-Variance,-0.0274120605328454,3.2641841738133452,-0.09821178597044378
2021-08-18,Crypto Minimum-Variance,0.016097074898307827,3.31672799094109,-0.08369563354679876
2021-08-19,Crypto Minimum-Variance,0.05005293721156384,3.4827399688195007,-0.037831908626034916
2021-08-20,Crypto Minimum-Variance,0.050679876064292896,3.659244798803432,0.0
2021-08-21,Crypto Minimum-Variance,-0.008165728642527337,3.6293643987398236,-0.008165728642527292
2021-08-22,Crypto Minimum-Variance,0.008934095825158252,3.661789488062583,0.0
2021-08-23,Crypto Minimum-Variance,0.010885937688358455,3.7016515002575185,0.0
2021-08-24,Crypto Minimum-Variance,-0.03169568909991239,3.584325105149132,-0.03169568909991238
2021-08-25,Crypto Minimum-Variance,0.02496206749211377,3.6737972703375426,-0.007524811538319631
2021-08-26,Crypto Minimum-Variance,-0.03859410584278254,3.53201034964121,-0.04582850400814531
2021-08-27,Crypto Minimum-Variance,0.05760751881578665,3.7354807023157193,0.0
2021-08-28,Crypto Minimum-Variance,-0.0064851176075053875,3.711255670640635,-0.006485117607505364
2021-08-29,Crypto Minimum-Variance,-0.003963665529150404,3.696545494469053,-0.010423078299542476
2021-08-30,Crypto Minimum-Variance,-0.029583765982204153,3.5871877576181093,-0.03969849037251871
2021-08-31,Crypto Minimum-Variance,0.006031268245093668,3.60882304922982,-0.03390665437178708
2021-09-01,Crypto Minimum-Variance,0.0432351647318543,3.764851108251384,0.0
2021-09-02,Crypto Minimum-Variance,0.01133089185192965,3.807510228997598,0.0
2021-09-03,Crypto Minimum-Variance,-0.02754205800791616,3.7026435614048117,-0.027542058007916204
2021-09-04,Crypto Minimum-Variance,-0.007473169708612221,3.674973077699933,-0.034809401242910876
2021-09-05,Crypto Minimum-Variance,0.014458559343214378,3.7281078940285726,-0.020854135693268883
2021-09-06,Crypto Minimum-Variance,0.025156436606625567,3.821893803927362,0.0
2021-09-07,Crypto Minimum-Variance,-0.09457260192022435,3.460447362627168,-0.09457260192022432
2021-09-08,Crypto Minimum-Variance,-0.007753075251042974,3.4336182538224467,-0.10159244867189277
2021-09-09,Crypto Minimum-Variance,0.004979108537150202,3.450714611783369,-0.09711917996323471
2021-09-10,Crypto Minimum-Variance,-0.0324413607490054,3.3387687342206407,-0.1264098623594052
2021-09-11,Crypto Minimum-Variance,0.012901435639789639,3.38184364416133,-0.11513929542308021
2021-09-12,Crypto Minimum-Variance,0.030539894301348312,3.4851247915977037,-0.08811574303388447
2021-09-13,Crypto Minimum-Variance,-0.03246634963136569,3.371975511604752,-0.11772129614388449
2021-09-14,Crypto Minimum-Variance,0.058133824409234376,3.568001343908621,-0.06643106089390616
2021-09-15,Crypto Minimum-Variance,0.02289224772473512,3.6496809145555646,-0.045059569471771366
2021-09-16,Crypto Minimum-Variance,-0.0092858432912198,3.615790549520046,-0.05392699666210643
2021-09-17,Crypto Minimum-Variance,-0.020533273738270543,3.541546532386499,-0.07335297261603113
2021-09-18,Crypto Minimum-Variance,0.019690930849522403,3.6112828802560872,-0.05510643007789806
2021-09-19,Crypto Minimum-Variance,-0.014869571029572107,3.5575846529602417,-0.0691565921312407
2021-09-20,Crypto Minimum-Variance,-0.09081424463663658,3.2345052899707665,-0.15369043309183472
2021-09-21,Crypto Minimum-Variance,-0.04623742888318405,3.0849500816534605,-0.19282161150490928
2021-09-22,Crypto Minimum-Variance,0.08066698208207011,3.333803694614281,-0.1277089669031416
2021-09-23,Crypto Minimum-Variance,0.029636889367916888,3.432607265885917,-0.10185697405862404
2021-09-24,Crypto Minimum-Variance,-0.03912599279290509,3.2983030987399906,-0.1369977116186044
2021-09-25,Crypto Minimum-Variance,-0.002775266802368237,3.289149427645909,-0.13939277321991717
2021-09-26,Crypto Minimum-Variance,0.013099912440290608,3.3322369971511026,-0.12811889390361664
2021-09-27,Crypto Minimum-Variance,-0.02012137112728537,3.265187819847354,-0.14566233721825017
2021-09-28,Crypto Minimum-Variance,-0.0273475773821413,3.1758928432768534,-0.1690264025616517
2021-09-29,Crypto Minimum-Variance,0.008416452843433873,3.202622595628092,-0.1620325524646733
2021-09-30,Crypto Minimum-Variance,0.04913383850401137,3.3599797370309807,-0.12085999522585389
2021-10-01,Crypto Minimum-Variance,0.10007601602416195,3.6962331230349528,-0.0328791660205946
2021-10-02,Crypto Minimum-Variance,-0.01576260790853131,3.6379708495780263,-0.04812351252678382
2021-10-03,Crypto Minimum-Variance,0.004614572761978441,3.6547585307693606,-0.043731009214922234
2021-10-04,Crypto Minimum-Variance,0.021665047518320164,3.733939048006465,-0.023013396089267446
2021-10-05,Crypto Minimum-Variance,0.047080487408277756,3.90973471833941,0.0
2021-10-06,Crypto Minimum-Variance,0.06592199136675694,4.167472216688091,0.0
2021-10-07,Crypto Minimum-Variance,-0.025991690778138784,4.059152567505449,-0.0259916907781389
2021-10-08,Crypto Minimum-Variance,0.009079712403458307,4.096008505420158,-0.01714797545182567
2021-10-09,Crypto Minimum-Variance,0.015507958544150192,4.1595292355187,-0.0019059470000986067
2021-10-10,Crypto Minimum-Variance,0.0006146025714094595,4.162085692882703,-0.0012925158286163363
2021-10-11,Crypto Minimum-Variance,0.04833357334912625,4.363254167004998,0.0
2021-10-12,Crypto Minimum-Variance,-0.02162707498657072,4.268889741949714,-0.021627074986570682
2021-10-13,Crypto Minimum-Variance,0.019786341527528003,4.353355452327292,-0.002268654150968441
2021-10-14,Crypto Minimum-Variance,-0.0014333642203757289,4.347115508383348,-0.003698766563655642
2021-10-15,Crypto Minimum-Variance,0.07252620695987075,4.662395307422822,0.0
2021-10-16,Crypto Minimum-Variance,-0.01628652955550194,4.586461068449047,-0.016286529555501916
2021-10-17,Crypto Minimum-Variance,0.017539167582086474,4.66690377773729,0.0
2021-10-18,Crypto Minimum-Variance,0.0016706887041572594,4.674700721162145,0.0
2021-10-19,Crypto Minimum-Variance,0.03870223964973204,4.855622108763337,0.0
2021-10-20,Crypto Minimum-Variance,0.01125829415522312,4.910288130770399,0.0
2021-10-21,Crypto Minimum-Variance,-0.05177146398236219,4.656075325665199,-0.05177146398236221
2021-10-22,Crypto Minimum-Variance,-0.020058663550923245,4.562680677239926,-0.07079166115572444
2021-10-23,Crypto Minimum-Variance,0.008920054669259518,4.603380038319281,-0.06250307197410154
2021-10-24,Crypto Minimum-Variance,-0.005963101661708487,4.575929615163304,-0.06809346146345929
2021-10-25,Crypto Minimum-Variance,0.03370510107011085,4.730161785332096,-0.0366834573941881
2021-10-26,Crypto Minimum-Variance,-0.046884090041504706,4.508392454277701,-0.08184767691619
2021-10-27,Crypto Minimum-Variance,-0.021569154545720493,4.411150240678626,-0.1016514462692969
2021-10-28,Crypto Minimum-Variance,0.03726819459807824,4.575545846249596,-0.06817161755195911
2021-10-29,Crypto Minimum-Variance,0.023639031219662203,4.6837073173560855,-0.04614409732790248
2021-10-30,Crypto Minimum-Variance,-0.001463713149262495,4.676851713368374,-0.04754026875514539
2021-10-31,Crypto Minimum-Variance,-0.014716681858125115,4.608023974605104,-0.06155731560255129
2021-11-01,Crypto Minimum-Variance,-0.012948575394894432,4.548356628748449,-0.07370881145525876
2021-11-02,Crypto Minimum-Variance,0.04451880121471478,4.750844013357332,-0.03247143816549347
2021-11-03,Crypto Minimum-Variance,-0.005840098472689462,4.723098616490938,-0.038121900241746665
2021-11-04,Crypto Minimum-Variance,-0.023509125515293376,4.612062698294744,-0.06073481321937535
2021-11-05,Crypto Minimum-Variance,-0.002695557912176648,4.5996306161969,-0.06326665692523403
2021-11-06,Crypto Minimum-Variance,0.01132478366656206,4.651720437871425,-0.05265835446165679
2021-11-07,Crypto Minimum-Variance,0.029330981237016177,4.788159962754476,-0.024871894431327757
2021-11-08,Crypto Minimum-Variance,0.04819659863038946,5.018932986657454,0.0
2021-11-09,Crypto Minimum-Variance,-0.04837789909679154,4.776127553055381,-0.04837789909679158
2021-11-10,Crypto Minimum-Variance,-0.03685736359622434,4.600092083250473,-0.08345218087598405
2021-11-11,Crypto Minimum-Variance,-0.0023711164823855386,4.589184729091387,-0.0856254225168035
2021-11-12,Crypto Minimum-Variance,-0.005607805659496182,4.5634494729951145,-0.09075305744731321
2021-11-13,Crypto Minimum-Variance,0.0009718785639199577,4.56788459171545,-0.08986937983453658
2021-11-14,Crypto Minimum-Variance,0.00029275737889689394,4.569221873635624,-0.08960293237972317
2021-11-15,Crypto Minimum-Variance,-0.015603282012146846,4.497927016165217,-0.10380811456883388
2021-11-16,Crypto Minimum-Variance,-0.038931697657949564,4.32281508148435,-0.13869838609594776
2021-11-17,Crypto Minimum-Variance,0.007130632165061778,4.353639485747997,-0.13255676110402392
2021-11-18,Crypto Minimum-Variance,-0.04605668063193272,4.1531253023663295,-0.17250831732418515
2021-11-19,Crypto Minimum-Variance,0.01428039237604824,4.212433561271014,-0.1606914114076582
2021-11-20,Crypto Minimum-Variance,0.025543664472152495,4.320034550771355,-0.1392523944320596
2021-11-21,Crypto Minimum-Variance,-0.01672261410200754,4.247792280071466,-0.15364634447919934
2021-11-22,Crypto Minimum-Variance,-0.03989364272516239,4.078332372479592,-0.18741047483168138
2021-11-23,Crypto Minimum-Variance,0.01942050926545484,4.157535664106936,-0.17162957242913857
2021-11-24,Crypto Minimum-Variance,-0.022034918779151112,4.065924703426916,-0.18988264751971307
2021-11-25,Crypto Minimum-Variance,0.0028585855972074353,4.0775474972234615,-0.18756685772386517
2021-11-26,Crypto Minimum-Variance,-0.05780736978927268,3.8418352012181414,-0.23453148080848252
2021-11-27,Crypto Minimum-Variance,0.027125018953434422,3.946045053867155,-0.21376813271715522
2021-11-28,Crypto Minimum-Variance,0.051460078175974075,4.1491088408250745,-0.173308579362338
2021-11-29,Crypto Minimum-Variance,0.0073622451423261265,4.179655597233421,-0.1672222744665457
2021-11-30,Crypto Minimum-Variance,-0.01671094188615491,4.109809615443911,-0.18113877464201955
2021-12-01,Crypto Minimum-Variance,0.002778672018675765,4.12122942842443,-0.17886342786793885
2021-12-02,Crypto Minimum-Variance,0.0004957854300219078,4.1232726739288195,-0.17845632031941772
2021-12-03,Crypto Minimum-Variance,-0.05111253923126884,3.912521737621414,-0.2204475038772924
2021-12-04,Crypto Minimum-Variance,-0.05886251660889852,3.682220861857997,-0.26633392562782354
2021-12-05,Crypto Minimum-Variance,0.013271553507108314,3.731089653051136,-0.2565970370654431
2021-12-06,Crypto Minimum-Variance,0.015554753276300669,3.789125832056105,-0.2450335873921251
2021-12-07,Crypto Minimum-Variance,0.003250411678328787,3.8014420509112776,-0.24257963574783847
2021-12-08,Crypto Minimum-Variance,-0.015983152064163363,3.7406830245484577,-0.25468560060617473
2021-12-09,Crypto Minimum-Variance,-0.043649617771615065,3.5774036403221485,-0.2872182892593961
2021-12-10,Crypto Minimum-Variance,-0.011558032238903292,3.5360558937157354,-0.2954566432514366
2021-12-11,Crypto Minimum-Variance,0.04016004952618519,3.6780640735347183,-0.26716214715106956
2021-12-12,Crypto Minimum-Variance,0.01622083681758608,3.7377253506761505,-0.25527490392625696
2021-12-13,Crypto Minimum-Variance,-0.0657808496932337,3.4918546011887335,-0.3042635535338628
2021-12-14,Crypto Minimum-Variance,-0.012013300718040031,3.4499059018009812,-0.31262164468576115
2021-12-15,Crypto Minimum-Variance,0.052329151003298754,3.6304365486834964,-0.2766517189341232
2021-12-16,Crypto Minimum-Variance,-0.0226740209273548,3.548119954403213,-0.29305293299677704
2021-12-17,Crypto Minimum-Variance,-0.03198390818265532,3.434637211560534,-0.3156638630778055
2021-12-18,Crypto Minimum-Variance,0.0110272077442116,3.4725116696184113,-0.3081175463290933
2021-12-19,Crypto Minimum-Variance,-0.008481528119141461,3.443059464248496,-0.31398576681504364
2021-12-20,Crypto Minimum-Variance,0.0035197169962358607,3.455178059163862,-0.3115711908588429
2021-12-21,Crypto Minimum-Variance,0.04798298003524943,3.620967798994953,-0.27853832505413223
2021-12-22,Crypto Minimum-Variance,-0.003880504828093114,3.6069166159685837,-0.28133796056704385
2021-12-23,Crypto Minimum-Variance,0.04841464725307297,3.78154421160195,-0.2465441914337233
2021-12-24,Crypto Minimum-Variance,-0.0026309760622993256,3.771595059302699,-0.24852651563006156
2021-12-25,Crypto Minimum-Variance,0.001504580671677819,3.777269728330321,-0.24739586315020023
2021-12-26,Crypto Minimum-Variance,0.010283287793826604,3.816112480021651,-0.23965661821614925
2021-12-27,Crypto Minimum-Variance,-0.0030244578952072975,3.80457080850245,-0.24195624476025412
2021-12-28,Crypto Minimum-Variance,-0.05914853836375681,3.5795360060781136,-0.2867934248984585
2021-12-29,Crypto Minimum-Variance,-0.032071826579122976,3.4647337480574496,-0.3096672624902054
2021-12-30,Crypto Minimum-Variance,0.017701299071004154,3.526064036333216,-0.2974474762450394
2021-12-31,Crypto Minimum-Variance,-0.02336549930692895,3.4436757895360848,-0.31386296675191727
2022-01-01,Crypto Minimum-Variance,0.029639415566535078,3.5457443273385607,-0.2935262660878878
2022-01-02,Crypto Minimum-Variance,-0.012392184112729515,3.5018048108175153,-0.3022810186693341
2022-01-03,Crypto Minimum-Variance,-0.020914016706367028,3.4285680065016413,-0.316873125101233
2022-01-04,Crypto Minimum-Variance,-0.010283212307129348,3.3933113137813535,-0.3238978637885229
2022-01-05,Crypto Minimum-Variance,-0.04568317009292794,3.2382940958556232,-0.3547843526772637
2022-01-06,Crypto Minimum-Variance,-0.01099618535559442,3.2026852137416677,-0.36187926352955435
2022-01-07,Crypto Minimum-Variance,-0.04092822793529588,3.071604983308647,-0.3879964144820556
2022-01-08,Crypto Minimum-Variance,0.002437795621981278,3.0790929284894126,-0.3865044748206432
2022-01-09,Crypto Minimum-Variance,0.0018843325085814895,3.0848949633915086,-0.3853484452586784
2022-01-10,Crypto Minimum-Variance,-0.0004545996785987255,3.08349257113264,-0.38562786565791407
2022-01-11,Crypto Minimum-Variance,0.024868788199468222,3.1601752947987714,-0.37034917517330546
2022-01-12,Crypto Minimum-Variance,0.025844148912416712,3.2418473357068915,-0.3540763854936583
2022-01-13,Crypto Minimum-Variance,-0.03235437435979051,3.1369593933901414,-0.3749748399252255
2022-01-14,Crypto Minimum-Variance,0.009759420010868358,3.1675742976672745,-0.3688749568706955
2022-01-15,Crypto Minimum-Variance,0.00046240549432785295,3.1690390014262078,-0.3685831211831446
2022-01-16,Crypto Minimum-Variance,0.00877299271101621,3.1968409574866463,-0.3630437055076716
2022-01-17,Crypto Minimum-Variance,-0.016391599129155717,3.144439622031859,-0.37348443774978235
2022-01-18,Crypto Minimum-Variance,0.009209618746419509,3.173398712121908,-0.3677144682827592
2022-01-19,Crypto Minimum-Variance,-0.01557692227404998,3.1239669270386146,-0.377563530865325
2022-01-20,Crypto Minimum-Variance,-0.024698011456490986,3.046811156084916,-0.392936473910951
2022-01-21,Crypto Minimum-Variance,-0.10253237123093845,2.7344143835586525,-0.45518013672867585
2022-01-22,Crypto Minimum-Variance,-0.038712989862981446,2.6285570272467558,-0.4762717425726496
2022-01-23,Crypto Minimum-Variance,0.03937743909899634,2.7320628715054034,-0.4556486650113807
2022-01-24,Crypto Minimum-Variance,0.00800508934282171,2.75393327888201,-0.45129108394091255
2022-01-25,Crypto Minimum-Variance,0.009482053909181902,2.7800462226946596,-0.4460881964183915
2022-01-26,Crypto Minimum-Variance,0.004444114201275699,2.7924010655931397,-0.4436265491058402
2022-01-27,Crypto Minimum-Variance,0.004525284719904458,2.8050374754671132,-0.4411088008299483
2022-01-28,Crypto Minimum-Variance,0.014993585743533417,2.847095045369354,-0.43272901771388594
2022-01-29,Crypto Minimum-Variance,0.010239929499834585,2.876249097913264,-0.4269202028479743
2022-01-30,Crypto Minimum-Variance,-0.004029751963760902,2.864658527462683,-0.4292295722859394
2022-01-31,Crypto Minimum-Variance,0.020217272029881023,2.922574108185114,-0.41769015128223264
2022-02-01,Crypto Minimum-Variance,0.005961232315595754,2.9399962514035507,-0.4142188669943666
2022-02-02,Crypto Minimum-Variance,-0.04547260227920592,2.8063069711611206,-0.4408558594781945
2022-02-03,Crypto Minimum-Variance,0.007743743364452718,2.8280382921476668,-0.4365259907502561
2022-02-04,Crypto Minimum-Variance,0.11704471553510551,3.159045229574476,-0.37057433562619446
2022-02-05,Crypto Minimum-Variance,-0.0034336632892264765,3.1481981319406804,-0.37273557142325175
2022-02-06,Crypto Minimum-Variance,0.021798100686868264,3.2168228718029335,-0.35906239825184494
2022-02-07,Crypto Minimum-Variance,0.023709327181654208,3.2930915777559377,-0.3438661989489732
2022-02-08,Crypto Minimum-Variance,0.01160758405889243,3.331316415058371,-0.3362500706993927
2022-02-09,Crypto Minimum-Variance,-0.0011773153792326969,3.3273944050098323,-0.3370315136991229
2022-02-10,Crypto Minimum-Variance,-0.012097173857188498,3.287142336400992,-0.3450515587397417
2022-02-11,Crypto Minimum-Variance,-0.022671281360642722,3.212618607619965,-0.3599000791282674
2022-02-12,Crypto Minimum-Variance,-0.009902097226568058,3.1808069458154304,-0.36623841077945773
2022-02-13,Crypto Minimum-Variance,-0.0037370520305952527,3.168920104759639,-0.36860681081336777
2022-02-14,Crypto Minimum-Variance,0.012448057869815645,3.208367005608509,-0.3607471918557651
2022-02-15,Crypto Minimum-Variance,0.04558345237521219,3.3546154502108667,-0.3316078419200017
2022-02-16,Crypto Minimum-Variance,-0.0160133293433051,3.3008968881865,-0.34231102567781924
2022-02-17,Crypto Minimum-Variance,-0.07294683170536467,3.0601069184071976,-0.3902873526021733
2022-02-18,Crypto Minimum-Variance,-0.015699596496866423,3.012064474550935,-0.3998595951453554
2022-02-19,Crypto Minimum-Variance,0.0016759997532720362,3.017112693867122,-0.39885375997489037
2022-02-20,Crypto Minimum-Variance,-0.04587307177105121,2.878708466720006,-0.4264301845884598
2022-02-21,Crypto Minimum-Variance,-0.0350009613571553,2.777950902917823,-0.4465056795333099
2022-02-22,Crypto Minimum-Variance,0.032874850820919586,2.869275624439085,-0.4283096363177412
2022-02-23,Crypto Minimum-Variance,-0.025347251462373925,2.7965473736715674,-0.4428004157246115
2022-02-24,Crypto Minimum-Variance,0.033638910605305355,2.890620180778007,-0.4240568287198583
2022-02-25,Crypto Minimum-Variance,0.02193371534009035,2.954022220979512,-0.4114242551489308
2022-02-26,Crypto Minimum-Variance,-0.000426810467430708,2.952761413374575,-0.41167546543770905
2022-02-27,Crypto Minimum-Variance,-0.038951623862208115,2.8377465614459667,-0.4345916614168881
2022-02-28,Crypto Minimum-Variance,0.15170859672440568,3.2682571101424416,-0.34881435579416664
2022-03-01,Crypto Minimum-Variance,0.03500276502368146,3.382655145805734,-0.3260210577032351
2022-03-02,Crypto Minimum-Variance,-0.007960272208560167,3.3557282900574332,-0.33138611354675485
2022-03-03,Crypto Minimum-Variance,-0.04075940215386184,3.218950811163891,-0.35863841583035927
2022-03-04,Crypto Minimum-Variance,-0.07374789173347326,2.9815599752468005,-0.40593748050171086
2022-03-05,Crypto Minimum-Variance,0.0003091220587745072,2.9824816412047084,-0.4057538426726427
2022-03-06,Crypto Minimum-Variance,-0.023401358787988987,2.9126875182402867,-0.41966001020864396
2022-03-07,Crypto Minimum-Variance,-0.007151854403372574,2.8918564011873116,-0.42381051732008646
2022-03-08,Crypto Minimum-Variance,0.01870548482049226,2.9459499772027637,-0.4130326136980902
2022-03-09,Crypto Minimum-Variance,0.08853405536102442,3.2067668755752416,-0.36106601062412114
2022-03-10,Crypto Minimum-Variance,-0.06495301880767682,2.998477686394168,-0.40256670205291656
2022-03-11,Crypto Minimum-Variance,-0.026674766692631167,2.918493993676543,-0.4185030958900642
2022-03-12,Crypto Minimum-Variance,0.0037352138041130125,2.9293951927289443,-0.4163310806267838
2022-03-13,Crypto Minimum-Variance,-0.02364602413548149,2.860126643299312,-0.4301325299814134
2022-03-14,Crypto Minimum-Variance,0.046767600826169445,2.9938879044654265,-0.4034811956197649
2022-03-15,Crypto Minimum-Variance,-0.011022184807297369,2.9608887186900765,-0.410056136122672
2022-03-16,Crypto Minimum-Variance,0.04415183660911744,3.0916173936154596,-0.38400903103620876
2022-03-17,Crypto Minimum-Variance,-0.0039007132409360126,3.079557880712276,-0.38641183516514277
2022-03-18,Crypto Minimum-Variance,0.02257953528753075,3.149092866549812,-0.37255729954524297
2022-03-19,Crypto Minimum-Variance,0.01038834705399953,3.1818067361528057,-0.36603920701642023
2022-03-20,Crypto Minimum-Variance,-0.02039910309504493,3.1169007325135163,-0.3789714385907087
2022-03-21,Crypto Minimum-Variance,-0.014092373754184538,3.0729762024362444,-0.38772320519011194
2022-03-22,Crypto Minimum-Variance,0.024527981070083107,3.1483501045584164,-0.37270529155736387
2022-03-23,Crypto Minimum-Variance,0.027895409669818055,3.2361746205090878,-0.35520664868164753
2022-03-24,Crypto Minimum-Variance,0.028207437952866173,3.3274588153217377,-0.3370186802319145
2022-03-25,Crypto Minimum-Variance,0.012720470697431286,3.3697856576789476,-0.32858524578086024
2022-03-26,Crypto Minimum-Variance,0.007927426816123209,3.3964993868662186,-0.32326265445352276
2022-03-27,Crypto Minimum-Variance,0.05370048299334945,3.5788930444275495,-0.2869215321380397
2022-03-28,Crypto Minimum-Variance,-0.0056568238155926195,3.558647877020373,-0.2909552913974276
2022-03-29,Crypto Minimum-Variance,0.008431803387226261,3.5886536962437785,-0.2849767658217376
2022-03-30,Crypto Minimum-Variance,-0.009529736491618842,3.5544547721589015,-0.2917907488288415
2022-03-31,Crypto Minimum-Variance,-0.022729666413944045,3.4736632009042783,-0.307888108859231
2022-04-01,Crypto Minimum-Variance,0.019371059055992523,3.540951735909623,-0.29448116854258843
2022-04-02,Crypto Minimum-Variance,-0.011469477244822505,3.500338870549593,-0.30257310072578303
2022-04-03,Crypto Minimum-Variance,0.006863273282051552,3.5243626527979623,-0.2977864693218103
2022-04-04,Crypto Minimum-Variance,0.005208606665359926,3.542719671602471,-0.29412891524541407
2022-04-05,Crypto Minimum-Variance,-0.024016008668866277,3.4576376852579025,-0.3110811213359823
2022-04-06,Crypto Minimum-Variance,-0.04662100248586638,3.2964391501382684,-0.3431992100907377
2022-04-07,Crypto Minimum-Variance,0.010588457964794958,3.331343357513012,-0.3362447025355394
2022-04-08,Crypto Minimum-Variance,-0.028102619650153402,3.2377238822127588,-0.3548979652009576
2022-04-09,Crypto Minimum-Variance,0.013137032359769207,3.2802579656253856,-0.3464232388944496
2022-04-10,Crypto Minimum-Variance,-0.01561960936471367,3.229021617586827,-0.35663185259277297
2022-04-11,Crypto Minimum-Variance,-0.05991045899150653,3.0355694503837034,-0.39517633360445514
2022-04-12,Crypto Minimum-Variance,0.013936564615860845,3.077874860174909,-0.38674716949653176
2022-04-13,Crypto Minimum-Variance,0.014180173610173928,3.121519660042579,-0.3780511378930621
2022-04-14,Crypto Minimum-Variance,-0.034659483301299344,3.0133294015106555,-0.3996075640935196
2022-04-15,Crypto Minimum-Variance,0.004476438146694331,3.0268183841921337,-0.3969199444904411
2022-04-16,Crypto Minimum-Variance,-0.021788827469695668,2.9608675606368684,-0.41006035177035327
2022-04-17,Crypto Minimum-Variance,-0.0051369015833054085,2.9456578753766753,-0.41309081368339884
2022-04-18,Crypto Minimum-Variance,0.0318260064634868,3.039406401957634,-0.39441183812620695
2022-04-19,Crypto Minimum-Variance,0.00460000246253366,3.0533876788912795,-0.3916261310903063
2022-04-20,Crypto Minimum-Variance,-0.011201634102467727,3.019184747339356,-0.3984409125673354
2022-04-21,Crypto Minimum-Variance,0.018342700811941132,3.074564749855778,-0.3874066942058536
2022-04-22,Crypto Minimum-Variance,-0.023184858249263408,3.0032814019521896,-0.4016095831651386
2022-04-23,Crypto Minimum-Variance,-0.004329104515049646,2.9902798828750337,-0.4042000778204209
2022-04-24,Crypto Minimum-Variance,0.0007802250867617653,2.9926129742560916,-0.4037352197744457
2022-04-25,Crypto Minimum-Variance,0.028346675330041676,3.077443602625799,-0.3868330956386533
2022-04-26,Crypto Minimum-Variance,-0.05437419749213296,2.9101100764057226,-0.42017355399203704
2022-04-27,Crypto Minimum-Variance,0.028770349975683354,2.9938349617716775,-0.4034917442152314
2022-04-28,Crypto Minimum-Variance,0.007839624368826284,3.017305503294227,-0.3988153435569749
2022-04-29,Crypto Minimum-Variance,-0.0292355150682049,2.929093022787291,-0.41639128663918856
2022-04-30,Crypto Minimum-Variance,-0.008733672323956575,2.903511284119879,-0.42148833390708784
2022-05-01,Crypto Minimum-Variance,0.031708045530675445,2.9955759521155825,-0.4031448596585868
2022-05-02,Crypto Minimum-Variance,-0.011472880166399507,2.9612080681876125,-0.40999250716042346
2022-05-03,Crypto Minimum-Variance,-0.002204645004099507,2.9546796556139836,-0.4112932642318935
2022-05-04,Crypto Minimum-Variance,0.08405536182775152,3.2030363231517134,-0.3618093065464707
2022-05-05,Crypto Minimum-Variance,-0.09131923488822542,2.910537496802304,-0.42008839238543305
2022-05-06,Crypto Minimum-Variance,0.023318144792931903,2.9784058315779975,-0.4065659295519747
2022-05-07,Crypto Minimum-Variance,-0.016024396028467763,2.930678676999294,-0.41607535211361946
2022-05-08,Crypto Minimum-Variance,-0.029316838296865884,2.8447604441256327,-0.4331941765932589
2022-05-09,Crypto Minimum-Variance,-0.10584078112355957,2.5436687766099717,-0.4931853476880107
2022-05-10,Crypto Minimum-Variance,0.02882838391410757,2.616998636652412,-0.47857470031786575
2022-05-11,Crypto Minimum-Variance,-0.01253878028959859,2.584184665729248,-0.4851127375880182
2022-05-12,Crypto Minimum-Variance,-0.00042852943941492933,2.5830772665230985,-0.4853333819379415
2022-05-13,Crypto Minimum-Variance,0.01975346339542479,2.6341019887549164,-0.47516693373720553
2022-05-14,Crypto Minimum-Variance,0.02174929336004173,2.6913918456486168,-0.46375218541400576
2022-05-15,Crypto Minimum-Variance,0.03622132847457605,2.7888776337436507,-0.4443285771781129
2022-05-16,Crypto Minimum-Variance,-0.03865907569877261,2.681062202186141,-0.465810320776629
2022-05-17,Crypto Minimum-Variance,0.005362235348614096,2.6954386886985366,-0.46294586999583254
2022-05-18,Crypto Minimum-Variance,-0.03685199290686936,2.596106401261717,-0.482737384985351
2022-05-19,Crypto Minimum-Variance,0.043665468081608004,2.7094666024624687,-0.4601508707796198
2022-05-20,Crypto Minimum-Variance,-0.033779523498329966,2.6179421116966473,-0.4783867171256726
2022-05-21,Crypto Minimum-Variance,0.014434771454581377,2.6557315077603127,-0.47085734859970774
2022-05-22,Crypto Minimum-Variance,0.03640333036635427,2.7524089792016473,-0.45159479384985435
2022-05-23,Crypto Minimum-Variance,-0.03803673810016701,2.6477163197152063,-0.4724543390489555
2022-05-24,Crypto Minimum-Variance,0.03081240193643967,2.7292988191719423,-0.4561993901039072
2022-05-25,Crypto Minimum-Variance,0.020977657591557373,2.7865531152655736,-0.4447917271114268
2022-05-26,Crypto Minimum-Variance,0.007060180626562813,2.80622668358486,-0.44087185641947146
2022-05-27,Crypto Minimum-Variance,-0.0171363005501094,2.758138339723213,-0.4504532443338921
2022-05-28,Crypto Minimum-Variance,8.987820701797876e-05,2.7583862362518947,-0.4504038520568203
2022-05-29,Crypto Minimum-Variance,0.01725463329853036,2.8059811792541347,-0.4409207720617758
2022-05-30,Crypto Minimum-Variance,0.07248493638631813,3.009372546533576,-0.4003959497897619
2022-05-31,Crypto Minimum-Variance,0.015424127420704824,3.0557894921476807,-0.39114758051734855
2022-06-01,Crypto Minimum-Variance,-0.045817044186792014,2.9157822499604156,-0.4190433987240204
2022-06-02,Crypto Minimum-Variance,0.01527652590925152,2.9603252730476717,-0.41016840015247724
2022-06-03,Crypto Minimum-Variance,-0.02761997744859049,2.8785611557656026,-0.42645953563873185
2022-06-04,Crypto Minimum-Variance,0.0004831696703626583,2.8799519892103524,-0.42618241828162684
2022-06-05,Crypto Minimum-Variance,-0.0005085518189428973,2.878487384387771,-0.42647423425655107
2022-06-06,Crypto Minimum-Variance,0.04445373920193569,3.0064469118694075,-0.40097886944060135
2022-06-07,Crypto Minimum-Variance,-0.003429977098874538,2.9961348678127133,-0.403033498200162
2022-06-08,Crypto Minimum-Variance,-0.028014127113738123,2.912200764775905,-0.41975699366422614
2022-06-09,Crypto Minimum-Variance,0.0048073315400545035,2.9262006793633835,-0.41696757315897215
2022-06-10,Crypto Minimum-Variance,-0.02218373141808149,2.8612866294169788,-0.42990140792404574
2022-06-11,Crypto Minimum-Variance,-0.014528011161320641,2.8197178253290716,-0.43818380663277834
2022-06-12,Crypto Minimum-Variance,-0.028458304774084012,2.7394734360789395,-0.45417214309063847
2022-06-13,Crypto Minimum-Variance,-0.18349379106448577,2.2367970697723614,-0.5543281658235408
2022-06-14,Crypto Minimum-Variance,-0.07298219043958483,2.0735507200515295,-0.5868542724989663
2022-06-15,Crypto Minimum-Variance,0.005127252868723117,2.084182338929357,-0.5847359698824359
2022-06-16,Crypto Minimum-Variance,-0.09198789090142266,1.892462801317251,-0.6229352321801755
2022-06-17,Crypto Minimum-Variance,0.006321118456699941,1.9044252828592758,-0.6205517611169383
2022-06-18,Crypto Minimum-Variance,-0.06301875663832791,1.7844107694228883,-0.6444641173399521
2022-06-19,Crypto Minimum-Variance,0.02547697361007108,1.829872155505002,-0.6354061390399888
2022-06-20,Crypto Minimum-Variance,0.00044169289015749246,1.8306803970259855,-0.6352451005238076
2022-06-21,Crypto Minimum-Variance,0.02000647845510832,1.8673058649472751,-0.6279476394860419
2022-06-22,Crypto Minimum-Variance,-0.03668051007418252,1.7988121333564966,-0.6415947098439976
2022-06-23,Crypto Minimum-Variance,0.033178254206066765,1.8584935795859558,-0.6297034480184026
2022-06-24,Crypto Minimum-Variance,0.008303246105852551,1.8739251091634048,-0.6266287846151508
2022-06-25,Crypto Minimum-Variance,-0.007581381470769123,1.8597181680631842,-0.629459454229188
2022-06-26,Crypto Minimum-Variance,-0.01576416219044713,1.830401269233315,-0.6353007154908559
2022-06-27,Crypto Minimum-Variance,-0.0021130012870249895,1.8265336289956529,-0.6360713255484008
2022-06-28,Crypto Minimum-Variance,-0.01708335814069938,1.7953303008554888,-0.6422884494317275
2022-06-29,Crypto Minimum-Variance,-0.01321834626990631,1.771599003269926,-0.647016804571884
2022-06-30,Crypto Minimum-Variance,-0.018390666325287068,1.7390181171385777,-0.6535084007374361
2022-07-01,Crypto Minimum-Variance,-0.01017922674067185,1.7213162574180878,-0.6570354172900676
2022-07-02,Crypto Minimum-Variance,-3.2551668574385545e-05,1.7212602257017646,-0.6570465813594968
2022-07-03,Crypto Minimum-Variance,0.00551357502270279,1.7307505230897657,-0.6551556819565301
2022-07-04,Crypto Minimum-Variance,0.035847195882027866,1.7927930761138868,-0.6427939801388214
2022-07-05,Crypto Minimum-Variance,0.01237989088868785,1.8149876587821718,-0.6383718085881576
2022-07-06,Crypto Minimum-Variance,0.006081797412259772,1.8260260460286366,-0.6361724591894289
2022-07-07,Crypto Minimum-Variance,0.05045994330066795,1.9181672167767847,-0.6178137421089059
2022-07-08,Crypto Minimum-Variance,0.011233786633528661,1.9397154980174844,-0.6135203432334906
2022-07-09,Crypto Minimum-Variance,-0.016777131000206294,1.9071726370041147,-0.6200043630639771
2022-07-10,Crypto Minimum-Variance,-0.03435790290754891,1.8416461847139933,-0.6330602162631171
2022-07-11,Crypto Minimum-Variance,-0.03398618672101001,1.7790556536062678,-0.645531100268566
2022-07-12,Crypto Minimum-Variance,-0.017877494965713715,1.7472505951151973,-0.6518681162390167
2022-07-13,Crypto Minimum-Variance,0.03796328438403664,1.813581966347733,-0.638651886532648
2022-07-14,Crypto Minimum-Variance,0.0013826995185784645,1.8160896052595046,-0.6381522506701176
2022-07-15,Crypto Minimum-Variance,0.008437818244654003,1.83141343926469,-0.6350990451290348
2022-07-16,Crypto Minimum-Variance,-0.008699775247170857,1.815480553958439,-0.6382736014238902
2022-07-17,Crypto Minimum-Variance,-0.029827235304111396,1.7613297882854824,-0.6490628998299286
2022-07-18,Crypto Minimum-Variance,0.04992599463099473,1.8492659298388343,-0.6315420160510208
2022-07-19,Crypto Minimum-Variance,0.05730910206474478,1.955245699756823,-0.6104260198423187
2022-07-20,Crypto Minimum-Variance,-0.011188646724797384,1.9333691463620648,-0.6147848254794762
2022-07-21,Crypto Minimum-Variance,-0.014156670395499513,1.9059990766041888,-0.6202381897365081
2022-07-22,Crypto Minimum-Variance,-0.026945960020345595,1.8546401016871967,-0.6304712362931222
2022-07-23,Crypto Minimum-Variance,-0.018106976519565804,1.8210581769137015,-0.6371622849408668
2022-07-24,Crypto Minimum-Variance,-0.00192684105728232,1.8175492872507244,-0.6378614155473733
2022-07-25,Crypto Minimum-Variance,-0.043017434721915965,1.7393629794325514,-0.6534396884643512
2022-07-26,Crypto Minimum-Variance,0.0009580275342195355,1.7410293370588499,-0.6531076741436324
2022-07-27,Crypto Minimum-Variance,0.04175664091852224,1.813728873915029,-0.6386226158554571
2022-07-28,Crypto Minimum-Variance,0.03546092719049833,1.8780453814562346,-0.6258078387480146
2022-07-29,Crypto Minimum-Variance,0.0045910386584826,1.886667560404885,-0.6240899080700055
2022-07-30,Crypto Minimum-Variance,-0.0023863433071874764,1.882165323899225,-0.6249869586019869
2022-07-31,Crypto Minimum-Variance,-0.017843468774484596,1.8485809657138115,-0.6316784920961969
2022-08-01,Crypto Minimum-Variance,0.016560549948077256,1.87919448312958,-0.6255788853676049
2022-08-02,Crypto Minimum-Variance,-0.01980489088222,1.8419772414447286,-0.6329942546868986
2022-08-03,Crypto Minimum-Variance,-0.004343133247487592,1.8339772888462946,-0.634588209541387
2022-08-04,Crypto Minimum-Variance,-0.009595376622122993,1.8163795860433944,-0.6380944732930016
2022-08-05,Crypto Minimum-Variance,0.0033220918150938077,1.8224137657992927,-0.636892189904891
2022-08-06,Crypto Minimum-Variance,-0.004269983467754107,1.8146320891479222,-0.6384426542510095
2022-08-07,Crypto Minimum-Variance,0.008899725135266047,1.8307818159629723,-0.6352248932532072
2022-08-08,Crypto Minimum-Variance,0.020206932006966064,1.8677762996377258,-0.627853907473341
2022-08-09,Crypto Minimum-Variance,-0.017020311506069828,1.8359861651942373,-0.6341879498939114
2022-08-10,Crypto Minimum-Variance,0.012903019351927,1.859675930213609,-0.6294678699322245
2022-08-11,Crypto Minimum-Variance,-0.01236478630608795,1.8366814347379423,-0.6340494205400521
2022-08-12,Crypto Minimum-Variance,0.005914222134951277,1.8475439767341235,-0.6318851075227119
2022-08-13,Crypto Minimum-Variance,-0.009641746029486836,1.8297304269321448,-0.6354343778256497
2022-08-14,Crypto Minimum-Variance,0.005626362863092685,1.8400251542557065,-0.6333831993478877
2022-08-15,Crypto Minimum-Variance,-0.0017058644952539592,1.8368863206746873,-0.6340085979314838
2022-08-16,Crypto Minimum-Variance,-0.012028508888945822,1.8147913172384689,-0.6384109287645426
2022-08-17,Crypto Minimum-Variance,-0.030436281525755757,1.7595558177965018,-0.6494163555333016
2022-08-18,Crypto Minimum-Variance,-0.012538274421698786,1.7374940240926728,-0.6538120694753843
2022-08-19,Crypto Minimum-Variance,-0.07093858282784911,1.6142386603516818,-0.6783701506589064
2022-08-20,Crypto Minimum-Variance,0.01932302094157208,1.6454306277903525,-0.6721552903446538
2022-08-21,Crypto Minimum-Variance,0.002442912354241796,1.6494502705990295,-0.6713543944531639
2022-08-22,Crypto Minimum-Variance,-0.030219021657324836,1.5996054971491172,-0.6812857431247684
2022-08-23,Crypto Minimum-Variance,0.012764591784001269,1.6200238083356702,-0.6772174857400147
2022-08-24,Crypto Minimum-Variance,-0.011966512991577515,1.6006377723865566,-0.6810800668903609
2022-08-25,Crypto Minimum-Variance,0.005669499917808599,1.6097125881055436,-0.6792719503558082
2022-08-26,Crypto Minimum-Variance,-0.04169959577168543,1.542588223872949,-0.6926461803786121
2022-08-27,Crypto Minimum-Variance,-0.006542281203915055,1.5324961779305242,-0.6946569754956726
2022-08-28,Crypto Minimum-Variance,-0.01538386571747929,1.5089204625166908,-0.6993543315824161
2022-08-29,Crypto Minimum-Variance,0.01643875082119379,1.5337252300090032,-0.6944120923538282
2022-08-30,Crypto Minimum-Variance,-0.0062934809620038695,1.5240727594729966,-0.696335304032818
2022-08-31,Crypto Minimum-Variance,0.004883088836867053,1.531514942151352,-0.69485248234579
2022-09-01,Crypto Minimum-Variance,-0.020638852598116608,1.4999062310084772,-0.7011503769833365
2022-09-02,Crypto Minimum-Variance,-0.02333956136419395,1.464899077489318,-0.7081253960984002
2022-09-03,Crypto Minimum-Variance,-0.0010421622663359187,1.4633724149467684,-0.7084295767970881
2022-09-04,Crypto Minimum-Variance,0.004797844844809482,1.470393448743857,-0.7070306671452251
2022-09-05,Crypto Minimum-Variance,-0.03598426528162148,1.4174824208158998,-0.717572953338051
2022-09-06,Crypto Minimum-Variance,-0.027546198483299193,1.3784361687055176,-0.725352744822453
2022-09-07,Crypto Minimum-Variance,-0.0008372706840201836,1.3772820445116674,-0.7255826989176598
2022-09-08,Crypto Minimum-Variance,0.004299933816244475,1.3832042661493693,-0.7244027226849734
2022-09-09,Crypto Minimum-Variance,0.10956468950446911,1.534754612091282,-0.6942069925676754
2022-09-10,Crypto Minimum-Variance,0.0012603222265888205,1.5366888974412602,-0.693821594843673
2022-09-11,Crypto Minimum-Variance,0.009188636911112432,1.5508089737651858,-0.691008232648668
2022-09-12,Crypto Minimum-Variance,0.04510415537049812,1.6207569026678534,-0.6770714199658487
2022-09-13,Crypto Minimum-Variance,-0.08990386273165842,1.4750445965690149,-0.7061039466973684
2022-09-14,Crypto Minimum-Variance,-0.01624737870526606,1.4510789884014017,-0.7108789871753594
2022-09-15,Crypto Minimum-Variance,0.009405331267993285,1.4647268669833415,-0.7081597082732058
2022-09-16,Crypto Minimum-Variance,0.032015582294806576,1.5116209505326608,-0.6988162713964863
2022-09-17,Crypto Minimum-Variance,0.019626855925511666,1.5412893171427504,-0.6929049817480768
2022-09-18,Crypto Minimum-Variance,0.005435175808820875,1.5496664955536787,-0.6912358663338645
2022-09-19,Crypto Minimum-Variance,0.007859694004869062,1.5618464000183283,-0.6888090747235702
2022-09-20,Crypto Minimum-Variance,-0.011087060324726544,1.544530114763368,-0.6922592672846175
2022-09-21,Crypto Minimum-Variance,-0.0031991251447605756,1.5395889696363887,-0.6932437684007142
2022-09-22,Crypto Minimum-Variance,0.073144079788628,1.6522007880731644,-0.6708063661209572
2022-09-23,Crypto Minimum-Variance,-0.0017265972190573138,1.649348102787153,-0.6713747509337442
2022-09-24,Crypto Minimum-Variance,-0.02180402812975753,1.6133856703582197,-0.6785401051085334
2022-09-25,Crypto Minimum-Variance,0.0029594600647045903,1.6181604208186113,-0.6775887573871979
2022-09-26,Crypto Minimum-Variance,0.002186101211725751,1.6216978832753295,-0.6768839337790482
2022-09-27,Crypto Minimum-Variance,-0.009761368043458068,1.6058678933813821,-0.6800379886221852
2022-09-28,Crypto Minimum-Variance,0.018914905080505688,1.6362427321565227,-0.6739859375476062
2022-09-29,Crypto Minimum-Variance,0.025991777869417906,1.6787715897911843,-0.6655122524540371
2022-09-30,Crypto Minimum-Variance,-0.0045540492017351,1.6711263813728003,-0.6670355261137388
2022-10-01,Crypto Minimum-Variance,-0.007058477080559583,1.6593307741111618,-0.6693857482213057
2022-10-02,Crypto Minimum-Variance,-0.005708663377320097,1.6498582132901332,-0.6712731136924548
2022-10-03,Crypto Minimum-Variance,0.018564320167024223,1.6804867093918459,-0.6651705225275325
2022-10-04,Crypto Minimum-Variance,0.035012862506456646,1.7393253594917104,-0.6534471840696803
2022-10-05,Crypto Minimum-Variance,0.0014562424906496162,1.7418582389852668,-0.6529425191338682
2022-10-06,Crypto Minimum-Variance,-0.0024883377900372593,1.737523907304312,-0.6538061153788226
2022-10-07,Crypto Minimum-Variance,-0.005088361243709878,1.7286827579943653,-0.6555676749241384
2022-10-08,Crypto Minimum-Variance,-0.0029891252724736713,1.723515508674355,-0.6565972262916795
2022-10-09,Crypto Minimum-Variance,0.004739591865435948,1.7316842687592209,-0.6549696372988434
2022-10-10,Crypto Minimum-Variance,-0.002040327217497794,1.7281510662135586,-0.6556736121387257
2022-10-11,Crypto Minimum-Variance,-0.010921331544322153,1.7092773554607665,-0.6594341147800175
2022-10-12,Crypto Minimum-Variance,0.00729570258585608,1.7217477346829468,-0.6569494473705637
2022-10-13,Crypto Minimum-Variance,0.008810073880367735,1.7369164594288595,-0.6539271466571974
2022-10-14,Crypto Minimum-Variance,0.014184965667102223,1.7615545597724827,-0.6490181151142136
2022-10-15,Crypto Minimum-Variance,-0.016272375198674055,1.7328898830429296,-0.654729424033013
2022-10-16,Crypto Minimum-Variance,-0.0004760085945151015,1.7320650125652528,-0.6548937757946065
2022-10-17,Crypto Minimum-Variance,0.012828618194622622,1.7542850132997168,-0.6504665398076876
2022-10-18,Crypto Minimum-Variance,-0.010900098981017604,1.735163133013834,-0.6542764891209614
2022-10-19,Crypto Minimum-Variance,-0.0034716000952558107,1.7291393405159787,-0.6554767028942612
2022-10-20,Crypto Minimum-Variance,0.00037038204121642767,1.7297797826744667,-0.6553490976522326
2022-10-21,Crypto Minimum-Variance,-0.001908556578575511,1.7264784000907565,-0.6560068833992204
2022-10-22,Crypto Minimum-Variance,-0.003699235373497322,1.7200917501215616,-0.6572793949043896
2022-10-23,Crypto Minimum-Variance,0.004531223911753206,1.7278858709901217,-0.6557264511035299
2022-10-24,Crypto Minimum-Variance,-0.009392324928464407,1.7116570054504796,-0.6589599801390411
2022-10-25,Crypto Minimum-Variance,0.0021534265077190235,1.7153429330181396,-0.6582255755200795
2022-10-26,Crypto Minimum-Variance,0.024324315463019334,1.7570674756481335,-0.649912146601838
2022-10-27,Crypto Minimum-Variance,-0.012412965492256553,1.7352570577053468,-0.6542577750453277
2022-10-28,Crypto Minimum-Variance,0.010526672580691046,1.7535235405951441,-0.6506182598459103
2022-10-29,Crypto Minimum-Variance,-0.00190991794645604,1.7501744545154283,-0.6512855503015946
2022-10-30,Crypto Minimum-Variance,-0.005974759423493271,1.7397175832005551,-0.6533690352460384
2022-10-31,Crypto Minimum-Variance,-0.001472537730398025,1.7371557834190554,-0.6538794624201629
2022-11-01,Crypto Minimum-Variance,-0.0031969237811292988,1.7316022287835167,-0.6549859833978892
2022-11-02,Crypto Minimum-Variance,-0.02198677454743094,1.6935298809734245,-0.6625717287966233
2022-11-03,Crypto Minimum-Variance,-0.003598145559189702,1.687436313952845,-0.6637858448321988
2022-11-04,Crypto Minimum-Variance,0.030188262716282402,1.7383770847154487,-0.6536361235870602
2022-11-05,Crypto Minimum-Variance,-0.002731222679077991,1.7336291897968843,-0.6545821204615327
2022-11-06,Crypto Minimum-Variance,-0.0064556164312729964,1.722437544713497,-0.6568120058003367
2022-11-07,Crypto Minimum-Variance,-0.01901024944204675,1.689693577340147,-0.663336095175588
2022-11-08,Crypto Minimum-Variance,-0.067454605045515,1.5757159644327239,-0.6860456259085996
2022-11-09,Crypto Minimum-Variance,-0.12348704405911645,1.381135457708167,-0.7248149235345767
2022-11-10,Crypto Minimum-Variance,0.07055817246052296,1.478585851524483,-0.7053983674507671
2022-11-11,Crypto Minimum-Variance,-0.04091491185480756,1.4180896417395932,-0.7174519672788015
2022-11-12,Crypto Minimum-Variance,-0.010832070378075428,1.4027287949378502,-0.7205125474544243
2022-11-13,Crypto Minimum-Variance,-0.04758177618253352,1.3359844673723225,-0.7338110568672742
2022-11-14,Crypto Minimum-Variance,0.020171436583779335,1.3629331933328375,-0.7284416434815693
2022-11-15,Crypto Minimum-Variance,0.016660755961643257,1.3856406906589789,-0.7239172759742707
2022-11-16,Crypto Minimum-Variance,-0.009720196348143152,1.372171991077797,-0.726600854260131
2022-11-17,Crypto Minimum-Variance,-0.0006562420374040059,1.3712715141347034,-0.7267802702725559
2022-11-18,Crypto Minimum-Variance,0.0009047225844886217,1.3725121344430071,-0.7265330822125435
2022-11-19,Crypto Minimum-Variance,0.00934891157318704,1.385343629021041,-0.7239764641799566
2022-11-20,Crypto Minimum-Variance,-0.020079913631919577,1.3575260485997684,-0.7295189929396002
2022-11-21,Crypto Minimum-Variance,-0.009814426021289362,1.3442027096238127,-0.7321736087735583
2022-11-22,Crypto Minimum-Variance,-0.002308559269627294,1.3410995379982527,-0.7327919018716749
2022-11-23,Crypto Minimum-Variance,0.0031710753039293437,1.34535226562331,-0.7319445648706903
2022-11-24,Crypto Minimum-Variance,0.012722382273647088,1.3624683514392868,-0.7285342611544463
2022-11-25,Crypto Minimum-Variance,0.00390936477970448,1.3677947372258654,-0.7274730025561071
2022-11-26,Crypto Minimum-Variance,-0.013212623012639249,1.3497225810042282,-0.7310737990340999
2022-11-27,Crypto Minimum-Variance,0.010216691508573255,1.3635122802365036,-0.7283262630002586
2022-11-28,Crypto Minimum-Variance,-0.009150401810949841,1.3510355949981752,-0.7308121868552886
2022-11-29,Crypto Minimum-Variance,0.005055273469069241,1.3578654493973377,-0.7294513688453013
2022-11-30,Crypto Minimum-Variance,0.02834601335572708,1.396355521561235,-0.7217823937332165
2022-12-01,Crypto Minimum-Variance,-0.010611242319773773,1.3815384547573948,-0.7247346281709408
2022-12-02,Crypto Minimum-Variance,0.0024683549472044623,1.3849485820369483,-0.7240551755285924
2022-12-03,Crypto Minimum-Variance,-0.004273950482602309,1.3790293803763722,-0.7252345500443136
2022-12-04,Crypto Minimum-Variance,-0.0006959199944053176,1.378069686257696,-0.7254257648147096
2022-12-05,Crypto Minimum-Variance,-0.004403670701040368,1.372001121156331,-0.7266348993294556
2022-12-06,Crypto Minimum-Variance,0.006567171297601819,1.3810112875394664,-0.724839663886566
2022-12-07,Crypto Minimum-Variance,-0.005054002843922814,1.3740316525647525,-0.7262303250078179
2022-12-08,Crypto Minimum-Variance,0.02114378491641251,1.4030838822949243,-0.7204417978831472
2022-12-09,Crypto Minimum-Variance,-0.0008509723671415654,1.4018898966823097,-0.7206796941881564
2022-12-10,Crypto Minimum-Variance,-0.0006473563213947462,1.400982374395793,-0.7208605139538176
2022-12-11,Crypto Minimum-Variance,-0.0058326745633477586,1.392810900136956,-0.7224886437337051
2022-12-12,Crypto Minimum-Variance,0.0038977293930612194,1.398239700121396,-0.7214069795634777
2022-12-13,Crypto Minimum-Variance,0.02589900219544888,1.4344527131846037,-0.7141916983155555
2022-12-14,Crypto Minimum-Variance,0.018789882777019706,1.4614059115145202,-0.7088213938302057
2022-12-15,Crypto Minimum-Variance,-0.00825275217510304,1.4493452906995603,-0.7112244187056169
2022-12-16,Crypto Minimum-Variance,-0.0165285251606603,1.4253897505957482,-0.7159974531668254
2022-12-17,Crypto Minimum-Variance,0.019628384424744554,1.4533678485755321,-0.7104229419999775
2022-12-18,Crypto Minimum-Variance,-0.008374471891813519,1.4411966603791708,-0.7128479969327126
2022-12-19,Crypto Minimum-Variance,-0.007301155558806487,1.43067425937091,-0.7149445383761298
2022-12-20,Crypto Minimum-Variance,0.020870562038514326,1.4605332352580163,-0.7089952706798914
2022-12-21,Crypto Minimum-Variance,-0.006658193854351787,1.450808721846945,-0.7109328365802379
2022-12-22,Crypto Minimum-Variance,0.004723923577272501,1.4576622313741903,-0.709567305391544
2022-12-23,Crypto Minimum-Variance,-0.01366391806021615,1.4377448540852216,-0.7135357539326816
2022-12-24,Crypto Minimum-Variance,0.005768588710926086,1.4460386128196896,-0.7118832595167338
2022-12-25,Crypto Minimum-Variance,-0.0012606372073658413,1.4442156827410815,-0.712246470199852
2022-12-26,Crypto Minimum-Variance,-0.00041341809313738456,1.4436186178474437,-0.7123654327154355
2022-12-27,Crypto Minimum-Variance,-0.007834861810808244,1.432308065469099,-0.7146190098021217
2022-12-28,Crypto Minimum-Variance,0.005297572755631063,1.4398958216543987,-0.7131071832434743
2022-12-29,Crypto Minimum-Variance,-0.0006959520589785765,1.4388937231926038,-0.7133068468900022
2022-12-30,Crypto Minimum-Variance,0.00024673153514743383,1.4392487436498413,-0.7132361106482191
2022-12-31,Crypto Minimum-Variance,-0.005990991370960208,1.4306262168459698,-0.7149541106348286
2023-01-01,Crypto Minimum-Variance,0.0036671243721884904,1.4358725011132574,-0.7139088119067455
2023-01-02,Crypto Minimum-Variance,0.000550081871417054,1.436662348545786,-0.7137514383306032
2023-01-03,Crypto Minimum-Variance,-0.0016375904565297465,1.4343096839945517,-0.7142201962433884
2023-01-04,Crypto Minimum-Variance,-0.02537623985960746,1.3979122974205482,-0.7214722130905478
2023-01-05,Crypto Minimum-Variance,-0.00723546826290505,1.3877977473582372,-0.7234874920530683
2023-01-06,Crypto Minimum-Variance,-0.018088862961036158,1.3626940640886394,-0.7284892889163327
2023-01-07,Crypto Minimum-Variance,0.001121698253189606,1.3642225956399594,-0.7281847358259879
2023-01-08,Crypto Minimum-Variance,0.006927463622615001,1.3736731980444048,-0.726301745471351
2023-01-09,Crypto Minimum-Variance,-0.004964007043300677,1.366854274614119,-0.7276603855345702
2023-01-10,Crypto Minimum-Variance,0.00938275115158651,1.3796791281333056,-0.7251050907033221
2023-01-11,Crypto Minimum-Variance,0.030202289038356225,1.421348595941375,-0.7168026351975711
2023-01-12,Crypto Minimum-Variance,0.04828314337564607,1.4899757739859856,-0.7031289762292103
2023-01-13,Crypto Minimum-Variance,0.06556989277431641,1.587673325722576,-0.683663175032758
2023-01-14,Crypto Minimum-Variance,0.041271649470798526,1.6531992226959351,-0.6706074324780047
2023-01-15,Crypto Minimum-Variance,-0.0001312501278166314,1.6529822400866498,-0.6706506652945938
2023-01-16,Crypto Minimum-Variance,0.01033333455319452,1.6700630585839542,-0.6672473884342107
2023-01-17,Crypto Minimum-Variance,-0.0026063344699117654,1.6657103156674407,-0.6681146530356878
2023-01-18,Crypto Minimum-Variance,-0.021833775459885386,1.629341570653943,-0.6753609631797328
2023-01-19,Crypto Minimum-Variance,0.015023144244885083,1.6538194040940648,-0.6704838641020614
2023-01-20,Crypto Minimum-Variance,0.06159907379642041,1.7556931476128073,-0.650185975329773
2023-01-21,Crypto Minimum-Variance,0.00697245176057847,1.7679346333909158,-0.6477469139175859
2023-01-22,Crypto Minimum-Variance,-0.007814099717873828,1.7541198158709166,-0.6504994546581626
2023-01-23,Crypto Minimum-Variance,0.022758644002753063,1.7940412042984974,-0.6425452961679597
2023-01-24,Crypto Minimum-Variance,-0.007886900654174847,1.779891779550699,-0.6453645059054505
2023-01-25,Crypto Minimum-Variance,0.014851769754812163,1.8063263224490687,-0.6400975412002743
2023-01-26,Crypto Minimum-Variance,-0.00651011064923167,1.7945669382213054,-0.6424405460299911
2023-01-27,Crypto Minimum-Variance,0.01311709884547002,1.8181064501347668,-0.6377504033291341
2023-01-28,Crypto Minimum-Variance,0.0046592527102858805,1.8265774675401452,-0.6360625909140455
2023-01-29,Crypto Minimum-Variance,0.014163661074948996,1.8524484917175223,-0.630907904799257
2023-01-30,Crypto Minimum-Variance,-0.02582793553204036,1.8046035714970168,-0.6404407916394874
2023-01-31,Crypto Minimum-Variance,0.0015946605949252422,1.8074813017019444,-0.6398674167383724
2023-02-01,Crypto Minimum-Variance,0.01762641578483763,1.8393407186490625,-0.6335195700881353
2023-02-02,Crypto Minimum-Variance,-0.008486172507175047,1.823731756011135,-0.6366295862368712
2023-02-03,Crypto Minimum-Variance,-0.006187683981848142,1.8124470802372772,-0.6388780075255909
2023-02-04,Crypto Minimum-Variance,-0.006578192806333477,1.8005244538922003,-0.6412535376186947
2023-02-05,Crypto Minimum-Variance,-0.004741344275622368,1.7919875475796205,-0.6429544781045061
2023-02-06,Crypto Minimum-Variance,-0.00826009131045258,1.777185566809419,-0.6459037067173511
2023-02-07,Crypto Minimum-Variance,0.022911179954189387,1.8179029851425776,-0.6377909428208408
2023-02-08,Crypto Minimum-Variance,-3.679740829977708e-05,1.817836091024184,-0.6378042711754077
2023-02-09,Crypto Minimum-Variance,-0.0450359004064143,1.7359682058736334,-0.6541160819463807
2023-02-10,Crypto Minimum-Variance,0.006826348778605508,1.747818530315497,-0.651754957684836
2023-02-11,Crypto Minimum-Variance,0.0017679203112417404,1.7509085341956063,-0.6511392882012379
2023-02-12,Crypto Minimum-Variance,0.003404331580783163,1.7568692074136314,-0.6499516506627668
2023-02-13,Crypto Minimum-Variance,0.01834745104149442,1.7891032791829622,-0.643529155711146
2023-02-14,Crypto Minimum-Variance,0.0005681412672032715,1.7901197425871544,-0.6433266299139508
2023-02-15,Crypto Minimum-Variance,0.08287700496868736,1.9384795053880954,-0.6137666092491307
2023-02-16,Crypto Minimum-Variance,-0.03500697052380155,1.870619210481981,-0.6272874701744544
2023-02-17,Crypto Minimum-Variance,0.048031587021411914,1.960468019874171,-0.6093854958641681
2023-02-18,Crypto Minimum-Variance,0.0027019003360026312,1.9657650090757917,-0.608330094404196
2023-02-19,Crypto Minimum-Variance,-0.008548753498544533,1.9489601685771385,-0.6116783838799327
2023-02-20,Crypto Minimum-Variance,0.02887693387687927,2.005240162493812,-0.6004648462482707
2023-02-21,Crypto Minimum-Variance,-0.014276809433993664,1.9766117308244973,-0.6061689335005656
2023-02-22,Crypto Minimum-Variance,-0.008850981023689928,1.9591167779037666,-0.6096547247966916
2023-02-23,Crypto Minimum-Variance,-0.009228099419268844,1.941037853503313,-0.6132568698041095
2023-02-24,Crypto Minimum-Variance,-0.025066307687729418,1.892383201433869,-0.6229510921017154
2023-02-25,Crypto Minimum-Variance,0.002196622107346139,1.8965400522097091,-0.6221228581350753
2023-02-26,Crypto Minimum-Variance,0.01445269202275365,1.9239501614931132,-0.6166615161812632
2023-02-27,Crypto Minimum-Variance,0.0001729651496331686,1.9242829378206825,-0.6165952119830493
2023-02-28,Crypto Minimum-Variance,-0.006440027417301324,1.9118905029424722,-0.619064349329803
2023-03-01,Crypto Minimum-Variance,0.010885397096297319,1.9327021902716404,-0.6149177135041216
2023-03-02,Crypto Minimum-Variance,-0.002044393921108805,1.9287509856625353,-0.6157049733897604
2023-03-03,Crypto Minimum-Variance,-0.04659783128981279,1.8388753726325724,-0.6336122882052585
2023-03-04,Crypto Minimum-Variance,0.0008008716542132334,1.8403480757941444,-0.6333188586724301
2023-03-05,Crypto Minimum-Variance,0.005665298964592952,1.8507741978424315,-0.6312415003821312
2023-03-06,Crypto Minimum-Variance,0.0053531401909244535,1.8606816515852276,-0.6292674844370819
2023-03-07,Crypto Minimum-Variance,-0.012635472838232282,1.8371710591160253,-0.6339518650677267
2023-03-08,Crypto Minimum-Variance,-0.011207910740544218,1.8165802098703419,-0.6380544998907902
2023-03-09,Crypto Minimum-Variance,-0.08561875053810145,1.6610468820490012,-0.669043821373029
2023-03-10,Crypto Minimum-Variance,-0.019675493539153124,1.6283649648530156,-0.6755555475273468
2023-03-11,Crypto Minimum-Variance,0.029250256206141148,1.6759950572720703,-0.6660654641678605
2023-03-12,Crypto Minimum-Variance,0.07415174902057968,1.800273022118641,-0.641303634277532
2023-03-13,Crypto Minimum-Variance,0.08523650175177318,1.9537219967221264,-0.6107296108722742
2023-03-14,Crypto Minimum-Variance,0.023178226986296017,1.9990058086302716,-0.6017070134340279
2023-03-15,Crypto Minimum-Variance,-0.008571685329829897,1.9818709598661908,-0.6051210555839496
2023-03-16,Crypto Minimum-Variance,0.02597956572293828,2.033359106722417,-0.5948622720948884
2023-03-17,Crypto Minimum-Variance,0.07650051891983278,2.188912133537049,-0.5638690256761454
2023-03-18,Crypto Minimum-Variance,-0.01917630235204989,2.146936892642272,-0.5722324051048737
2023-03-19,Crypto Minimum-Variance,0.0408406231038451,2.2346191331024152,-0.5547621099857236
2023-03-20,Crypto Minimum-Variance,-0.0030842695110334614,2.2277269654414154,-0.5561353436350516
2023-03-21,Crypto Minimum-Variance,0.01636085208074903,2.2641744767992984,-0.548873339648392
2023-03-22,Crypto Minimum-Variance,-0.060532494753941526,2.1271183471604367,-0.576181161849489
2023-03-23,Crypto Minimum-Variance,0.05544986781340008,2.245066778333941,-0.5526804632972142
2023-03-24,Crypto Minimum-Variance,-0.02816280635770418,2.181839397395607,-0.5652782367893928
2023-03-25,Crypto Minimum-Variance,0.015066979365131263,2.214713126574197,-0.5587282929535251
2023-03-26,Crypto Minimum-Variance,0.014802702951564727,2.247496867109806,-0.5521962789531862
2023-03-27,Crypto Minimum-Variance,-0.00925406275237856,2.2266983900657977,-0.5563402826885021
2023-03-28,Crypto Minimum-Variance,-0.008151087763711304,2.208548376065057,-0.5599565919815315
2023-03-29,Crypto Minimum-Variance,0.0392131693516886,2.295152557557093,-0.5427010953008091
2023-03-30,Crypto Minimum-Variance,-0.0017355757120901766,2.291169146522655,-0.5434947721729704
2023-03-31,Crypto Minimum-Variance,0.009073111798655864,2.311957180338686,-0.539352849204225
2023-04-01,Crypto Minimum-Variance,0.005697030254569007,2.325128470342343,-0.5367285284494605
2023-04-02,Crypto Minimum-Variance,-0.009350553012534523,2.303387233319454,-0.5410603729033887
2023-04-03,Crypto Minimum-Variance,-0.022259840965375564,2.2521141998240863,-0.551276296015268
2023-04-04,Crypto Minimum-Variance,-0.0014677374477030428,2.248808687476501,-0.5519349045992783
2023-04-05,Crypto Minimum-Variance,-0.004251482142730855,2.2392479174992768,-0.5538398453511555
2023-04-06,Crypto Minimum-Variance,0.004439383351456638,2.249188797424007,-0.5518591693885241
2023-04-07,Crypto Minimum-Variance,0.0001808526005133296,2.2495955690670666,-0.5517781219539117
2023-04-08,Crypto Minimum-Variance,-0.001618885043665037,2.245953732446009,-0.5525037416485241
2023-04-09,Crypto Minimum-Variance,0.012663542736209824,2.274395463520389,-0.5468368536565962
2023-04-10,Crypto Minimum-Variance,0.04039190909635028,2.366262638332056,-0.5285327290436772
2023-04-11,Crypto Minimum-Variance,0.014385879982155032,2.4003034086533583,-0.5217502574681854
2023-04-12,Crypto Minimum-Variance,-0.02259651884290488,2.346064907451034,-0.53255703678692
2023-04-13,Crypto Minimum-Variance,-0.017198716989987085,2.3057156010676434,-0.5405964560201827
2023-04-14,Crypto Minimum-Variance,-0.009955603683809372,2.2827608103358377,-0.5451700956349832
2023-04-15,Crypto Minimum-Variance,-0.013560733851332992,2.25180489854062,-0.5513379229157045
2023-04-16,Crypto Minimum-Variance,0.0008011449938603919,2.253608920762236,-0.5509784795387134
2023-04-17,Crypto Minimum-Variance,-0.023901166276463156,2.199745039224977,-0.561710617560969
2023-04-18,Crypto Minimum-Variance,0.03444280691130642,2.2755104328651075,-0.5466147009903456
2023-04-19,Crypto Minimum-Variance,-0.03243296017836033,2.20170889361055,-0.5613193283385798
2023-04-20,Crypto Minimum-Variance,-0.021171012566075488,2.155096486957081,-0.570606642350818
2023-04-21,Crypto Minimum-Variance,-0.018042562609309813,2.116213023662054,-0.5783539988902252
2023-04-22,Crypto Minimum-Variance,0.019320461071458753,2.157099235004631,-0.5702076037398476
2023-04-23,Crypto Minimum-Variance,-0.0001269330280607887,2.156825427866904,-0.5702621585901424
2023-04-24,Crypto Minimum-Variance,0.00016621134355764472,2.1571839167190894,-0.5701907312861441
2023-04-25,Crypto Minimum-Variance,0.02111367175051142,2.2027299898421786,-0.5611158794711923
2023-04-26,Crypto Minimum-Variance,-0.005400884658245935,2.190833299233782,-0.5634862419845041
2023-04-27,Crypto Minimum-Variance,0.030621161816606412,2.257919160202829,-0.5501196835651367
2023-04-28,Crypto Minimum-Variance,0.007902456514191056,2.2757622681788905,-0.5465645239279198
2023-04-29,Crypto Minimum-Variance,0.003424794137709672,2.2835562854537703,-0.5450116007676384
2023-04-30,Crypto Minimum-Variance,0.004244018497134924,2.293247740568485,-0.5430806215853146
2023-05-01,Crypto Minimum-Variance,-0.027051103647189316,2.231212858249684,-0.5554407950492195
2023-05-02,Crypto Minimum-Variance,0.01657903998707894,2.26820422544629,-0.5480704302137165
2023-05-03,Crypto Minimum-Variance,0.002337468351875697,2.2735060810388616,-0.5470140591470642
2023-05-04,Crypto Minimum-Variance,0.005083981384662846,2.2850645436327808,-0.5447110870562539
2023-05-05,Crypto Minimum-Variance,0.008137564283030769,2.303659403247467,-0.5410061442598231
2023-05-06,Crypto Minimum-Variance,-0.003491379403491882,2.2956164542543087,-0.5426086659540835
2023-05-07,Crypto Minimum-Variance,-0.014284550956206744,2.2628246040376063,-0.5491422957721899
2023-05-08,Crypto Minimum-Variance,-0.025674774651263933,2.2047270922536053,-0.560717965728025
2023-05-09,Crypto Minimum-Variance,0.0018266724015671733,2.2087544063860123,-0.5599155413595162
2023-05-10,Crypto Minimum-Variance,-0.0022656547360547807,2.203750131504402,-0.560912620797499
2023-05-11,Crypto Minimum-Variance,-0.012929216587068344,2.175257368750401,-0.5665896766238565
2023-05-12,Crypto Minimum-Variance,-0.007773262686958191,2.1583485218113627,-0.5699586889186987
2023-05-13,Crypto Minimum-Variance,0.004130118026896874,2.167262755949622,-0.5681825675474914
2023-05-14,Crypto Minimum-Variance,0.0026145069414669404,2.1729290794690352,-0.5670535778728979
2023-05-15,Crypto Minimum-Variance,0.010655998426367703,2.196083808320466,-0.56244010148001
2023-05-16,Crypto Minimum-Variance,-0.004704784664783707,2.1857517068965,-0.5644987265804913
2023-05-17,Crypto Minimum-Variance,0.012586770014665582,2.213263260940369,-0.5590171722108659
2023-05-18,Crypto Minimum-Variance,-0.016598018896991567,2.1765274755112634,-0.5663366135197587
2023-05-19,Crypto Minimum-Variance,0.00648300014483223,2.190637903450234,-0.563525173722399
2023-05-20,Crypto Minimum-Variance,0.01835884228305157,2.2308554792189517,-0.555512001226246
2023-05-21,Crypto Minimum-Variance,0.007051951652989991,2.2465873642032115,-0.5523774933485592
2023-05-22,Crypto Minimum-Variance,0.011912184129679974,2.2733491265490122,-0.5470453316287385
2023-05-23,Crypto Minimum-Variance,0.005991578055917675,2.2869700752890827,-0.5443314183773997
2023-05-24,Crypto Minimum-Variance,-0.028660572629124515,2.2214242033456255,-0.5573911408558045
2023-05-25,Crypto Minimum-Variance,0.008718752763355755,2.24079225175713,-0.5535321436420554
2023-05-26,Crypto Minimum-Variance,-0.004235231030444653,2.2313019788797086,-0.5554230381613986
2023-05-27,Crypto Minimum-Variance,0.012215986509630144,2.258559533752614,-0.5499920919930859
2023-05-28,Crypto Minimum-Variance,0.019720775543773734,2.30310007937,-0.5411175870463583
2023-05-29,Crypto Minimum-Variance,-0.00991822791363123,2.280257407874906,-0.5456688874035895
2023-05-30,Crypto Minimum-Variance,0.004619944241316929,2.290792069955138,-0.5435699029962987
2023-05-31,Crypto Minimum-Variance,-0.009305389599600785,2.2694753572525292,-0.5478171628739017
2023-06-01,Crypto Minimum-Variance,-0.01183116306567952,2.2426248242273332,-0.5531670117554423
2023-06-02,Crypto Minimum-Variance,0.06446035486919288,2.3871852162354883,-0.5243639987659362
2023-06-03,Crypto Minimum-Variance,-0.006914169121901918,2.370679813925132,-0.5276526265189336
2023-06-04,Crypto Minimum-Variance,-0.004794275563927567,2.3593141216233344,-0.5299171899892994
2023-06-05,Crypto Minimum-Variance,-0.04327875808929353,2.2572059364969443,-0.5502617902056877
2023-06-06,Crypto Minimum-Variance,0.020494892971369534,2.303467130579789,-0.5410444537308179
2023-06-07,Crypto Minimum-Variance,-0.025415481117601144,2.2449234052175235,-0.5527090297508407
2023-06-08,Crypto Minimum-Variance,0.0047567972268123745,2.2556020506458685,-0.5505813573039813
2023-06-09,Crypto Minimum-Variance,-0.038227133523983166,2.1693768498788586,-0.5677613437664892
2023-06-10,Crypto Minimum-Variance,-0.02826992312949268,2.108048733093882,-0.5799806973518058
2023-06-11,Crypto Minimum-Variance,0.00940911505111209,2.1278836061569137,-0.5760286874095011
2023-06-12,Crypto Minimum-Variance,0.007187861721005728,2.1431785392763647,-0.5729812402409273
2023-06-13,Crypto Minimum-Variance,0.0074504893158755525,2.159146268085257,-0.569799741533664
2023-06-14,Crypto Minimum-Variance,-0.013146877102988678,2.1307602374513634,-0.5754555314613947
2023-06-15,Crypto Minimum-Variance,-0.0024144574566905322,2.1256156075076293,-0.5764805760191545
2023-06-16,Crypto Minimum-Variance,0.006635201878188373,2.1397194961788704,-0.5736704391417076
2023-06-17,Crypto Minimum-Variance,0.017551265720295913,2.177274281623203,-0.5661878157346667
2023-06-18,Crypto Minimum-Variance,-0.015283506663089398,2.1439978956326415,-0.5728179871434154
2023-06-19,Crypto Minimum-Variance,0.007019056290187972,2.1590467375481315,-0.5698195725490192
2023-06-20,Crypto Minimum-Variance,0.0351067620851203,2.234843877693889,-0.5547173306288222
2023-06-21,Crypto Minimum-Variance,0.04355836542701196,2.3321900239907998,-0.5353215453980371
2023-06-22,Crypto Minimum-Variance,-0.0012836288300122213,2.3291963576389385,-0.5359180200590496
2023-06-23,Crypto Minimum-Variance,0.030253881293329444,2.399663587751802,-0.5218777389275429
2023-06-24,Crypto Minimum-Variance,-0.001273433056869317,2.3966077768137932,-0.5224865956200178
2023-06-25,Crypto Minimum-Variance,0.005015339010729768,2.4086275772902654,-0.5200917040148845
2023-06-26,Crypto Minimum-Variance,0.012860425519520375,2.4396035528522697,-0.5139198791181679
2023-06-27,Crypto Minimum-Variance,0.034734039599079544,2.524340839263096,-0.4970363529511329
2023-06-28,Crypto Minimum-Variance,-0.005065273101235848,2.5115543635116255,-0.49958400118342905
2023-06-29,Crypto Minimum-Variance,0.013416056458139225,2.5452495186501833,-0.49287039189074977
2023-06-30,Crypto Minimum-Variance,0.020608984176696522,2.5977045257057894,-0.48241896582169197
2023-07-01,Crypto Minimum-Variance,0.0029812197822129387,2.6054488538261675,-0.4808759430037014
2023-07-02,Crypto Minimum-Variance,-0.010894917549131237,2.577062703385253,-0.48653175680244654
2023-07-03,Crypto Minimum-Variance,0.016109596900234106,2.6185781447234167,-0.4782599903834627
2023-07-04,Crypto Minimum-Variance,-0.006171999649603994,2.602416281331723,-0.4814801695400003
2023-07-05,Crypto Minimum-Variance,-0.002237938935865715,2.5965922326084,-0.4826405852576052
2023-07-06,Crypto Minimum-Variance,-0.008008210903307103,2.575798174379783,-0.4867837085636738
2023-07-07,Crypto Minimum-Variance,0.018655047841382052,2.6238498125525824,-0.47720963409395245
2023-07-08,Crypto Minimum-Variance,0.014712205797691981,2.662452430977092,-0.46951823464169196
2023-07-09,Crypto Minimum-Variance,-0.022363989069662055,2.602909373912225,-0.4813819230438201
2023-07-10,Crypto Minimum-Variance,0.0012390891271667082,2.60613461061644,-0.4807393090235116
2023-07-11,Crypto Minimum-Variance,-0.0021152296125087826,2.60062203751388,-0.48183766461367683
2023-07-12,Crypto Minimum-Variance,-0.002243283409326554,2.5947881052431963,-0.4830000495839869
2023-07-13,Crypto Minimum-Variance,0.11262253511343315,2.8870197197378666,-0.42477420451461634
2023-07-14,Crypto Minimum-Variance,-0.03851161714655951,2.7758359215967543,-0.4469270801231745
2023-07-15,Crypto Minimum-Variance,0.001327902524557898,2.779521961124801,-0.4461926531966055
2023-07-16,Crypto Minimum-Variance,0.0018392515483235108,2.7846342011953986,-0.44517406217652455
2023-07-17,Crypto Minimum-Variance,-0.0024766321971733175,2.7777376864753682,-0.446548161957965
2023-07-18,Crypto Minimum-Variance,0.003085851547521497,2.7863093726137866,-0.4448402917470644
2023-07-19,Crypto Minimum-Variance,0.03320659338836957,2.878833215004376,-0.42640532904950335
2023-07-20,Crypto Minimum-Variance,0.012611083050230275,2.9151384197665573,-0.41917167901697716
2023-07-21,Crypto Minimum-Variance,-0.005706355623946446,2.8985036032503397,-0.42248609197296605
2023-07-22,Crypto Minimum-Variance,0.032001020740590656,2.991258677174631,-0.40400505742421333
2023-07-23,Crypto Minimum-Variance,-0.005892341059299139,2.97363316085213,-0.4075168628954873
2023-07-24,Crypto Minimum-Variance,-0.03256545113890008,2.876795455447387,-0.4268113435474865
2023-07-25,Crypto Minimum-Variance,0.003530567754937324,2.8869521767199395,-0.42478766215951946
2023-07-26,Crypto Minimum-Variance,0.016202002463053353,2.933726582997873,-0.4154680704450493
2023-07-27,Crypto Minimum-Variance,0.0038978281414074937,2.9451617450322773,-0.41318966544047886
2023-07-28,Crypto Minimum-Variance,0.023112910361475496,3.0132330044452553,-0.3996267707786171
2023-07-29,Crypto Minimum-Variance,-0.01861785403157244,2.957133072205377,-0.4108044319247246
2023-07-30,Crypto Minimum-Variance,-0.03180086684621431,2.8630936771296374,-0.42954136173146606
2023-07-31,Crypto Minimum-Variance,-0.021884089093894745,2.800437480015166,-0.4420253293957165
2023-08-01,Crypto Minimum-Variance,0.01564478081109802,2.8442497105651867,-0.4332959379759679
2023-08-02,Crypto Minimum-Variance,-0.02533554261435636,2.772189100817292,-0.4476536928891065
2023-08-03,Crypto Minimum-Variance,0.007880789683527305,2.7940361400838,-0.4433007678102926
2023-08-04,Crypto Minimum-Variance,-0.005851194791489382,2.777687690373708,-0.4465581234581072
2023-08-05,Crypto Minimum-Variance,0.005362395603641137,2.792582750632856,-0.443590349172468
2023-08-06,Crypto Minimum-Variance,-0.003136091855505233,2.783824954612772,-0.4453353009467528
2023-08-07,Crypto Minimum-Variance,0.00541685132673573,2.798904520511566,-0.4423307647357927
2023-08-08,Crypto Minimum-Variance,0.006169374911043504,2.816172011838816,-0.438890294147093
2023-08-09,Crypto Minimum-Variance,-0.006843020689382476,2.796900888496943,-0.44272997947325776
2023-08-10,Crypto Minimum-Variance,0.0037985812511909063,2.807525143773427,-0.44061314402143403
2023-08-11,Crypto Minimum-Variance,0.0005878493210194643,2.809175545522939,-0.4402843088379599
2023-08-12,Crypto Minimum-Variance,0.0023110529785505527,2.8156676990346914,-0.4389907762227584
2023-08-13,Crypto Minimum-Variance,-0.0036210657581877527,2.8054719811432816,-0.44102222751300557
2023-08-14,Crypto Minimum-Variance,0.004048309180800816,2.816829399121023,-0.43875931266478296
2023-08-15,Crypto Minimum-Variance,-0.009164574368408535,2.791014356609659,-0.44390284468244334
2023-08-16,Crypto Minimum-Variance,-0.019684872507767563,2.736073594832449,-0.45484954628680163
2023-08-17,Crypto Minimum-Variance,-0.04156198025275762,2.622356958113931,-0.47750707867881137
2023-08-18,Crypto Minimum-Variance,-0.0133319999291626,2.5873956953341173,-0.4844729542688534
2023-08-19,Crypto Minimum-Variance,0.010040726281047144,2.6133750272917267,-0.4792966883121902
2023-08-20,Crypto Minimum-Variance,0.01858482982507293,2.661944157443039,-0.46961950587512025
2023-08-21,Crypto Minimum-Variance,-0.003857895123483881,2.651674656059053,-0.4716656581969956
2023-08-22,Crypto Minimum-Variance,0.006259122462934726,2.6682718124631872,-0.4683587488502765
2023-08-23,Crypto Minimum-Variance,0.019596902084247813,2.720561673906187,-0.45794022730754835
2023-08-24,Crypto Minimum-Variance,-0.013264754070710932,2.6844740923676196,-0.46513051688393925
2023-08-25,Crypto Minimum-Variance,0.006297057581686636,2.701378380303804,-0.4617624129500705
2023-08-26,Crypto Minimum-Variance,0.0014608343362475854,2.705324646596949,-0.4609761370018489
2023-08-27,Crypto Minimum-Variance,-0.0007396199264315223,2.7033237345808594,-0.4613748097917444
2023-08-28,Crypto Minimum-Variance,-0.011061132341951744,2.673421912989521,-0.46733261430334694
2023-08-29,Crypto Minimum-Variance,0.03640997616246579,2.7707611411136837,-0.4479382074876087
2023-08-30,Crypto Minimum-Variance,-0.02004298138041153,2.715226827152774,-0.4590031717157712
2023-08-31,Crypto Minimum-Variance,-0.010286816732692388,2.6872957863941638,-0.4645683069412989
2023-09-01,Crypto Minimum-Variance,-0.006313385027096647,2.6703298534129627,-0.46794869337528877
2023-09-02,Crypto Minimum-Variance,0.008838172644829636,2.693930689676069,-0.4632463320714324
2023-09-03,Crypto Minimum-Variance,0.004453907985884952,2.705929209088238,-0.4608556806233922
2023-09-04,Crypto Minimum-Variance,0.0021591357496063045,2.7117716775794842,-0.45969159484922906
2023-09-05,Crypto Minimum-Variance,-0.0025377669021691305,2.7048898331698834,-0.46106277163678455
2023-09-06,Crypto Minimum-Variance,0.013227753576641904,2.7406694493350185,-0.45393384278671756
2023-09-07,Crypto Minimum-Variance,0.0116143182244579,2.7725004564676454,-0.4475916566652356
2023-09-08,Crypto Minimum-Variance,-0.003910792819203912,2.761657781591252,-0.44975201124761754
2023-09-09,Crypto Minimum-Variance,0.002088313213700186,2.7674249880282673,-0.4486029211018939
2023-09-10,Crypto Minimum-Variance,-0.0026506359089368643,2.76008955197971,-0.45006447399930416
2023-09-11,Crypto Minimum-Variance,-0.01174090423649272,2.727683604865772,-0.45652121434632364
2023-09-12,Crypto Minimum-Variance,0.035755445361722135,2.8252131469636153,-0.43708888832062853
2023-09-13,Crypto Minimum-Variance,0.008981620250279808,2.8505881385757403,-0.4320330344808616
2023-09-14,Crypto Minimum-Variance,0.024674237995180603,2.9209242287331967,-0.4180188824002419
2023-09-15,Crypto Minimum-Variance,0.0004195792512067248,2.92214978793392,-0.417774695198703
2023-09-16,Crypto Minimum-Variance,-0.0047434536601708155,2.9082887058267777,-0.4205364539518067
2023-09-17,Crypto Minimum-Variance,0.0012464247625694027,2.911913668886421,-0.41981419623900595
2023-09-18,Crypto Minimum-Variance,0.006142009160603283,2.9297986693156073,-0.41625068971745405
2023-09-19,Crypto Minimum-Variance,0.012184687384996664,2.965497350202197,-0.4091378868604538
2023-09-20,Crypto Minimum-Variance,0.0007060344830441666,2.9675910935908156,-0.408720717833853
2023-09-21,Crypto Minimum-Variance,-0.017428191330696008,2.9158713482204455,-0.4190256462933212
2023-09-22,Crypto Minimum-Variance,0.001932670085902435,2.921506765549491,-0.41790281453923583
2023-09-23,Crypto Minimum-Variance,0.00152928594495441,2.925974584784135,-0.41701262149491314
2023-09-24,Crypto Minimum-Variance,-0.0046323130572328425,2.9124205545099078,-0.41971320154056424
2023-09-25,Crypto Minimum-Variance,0.007104117366710528,2.9331107319503666,-0.4155907760179557
2023-09-26,Crypto Minimum-Variance,-0.0016845691121990093,2.9281697042086634,-0.41657525374556004
2023-09-27,Crypto Minimum-Variance,0.008532554075011611,2.9531544705506345,-0.4115971505494441
2023-09-28,Crypto Minimum-Variance,0.016725459241148176,3.0025473352806435,-0.40175584267358344
2023-09-29,Crypto Minimum-Variance,0.013536809363556997,3.043192246163394,-0.39365752556299394
2023-09-30,Crypto Minimum-Variance,-0.005357618897374802,3.0268879818770045,-0.39690607746231865
2023-10-01,Crypto Minimum-Variance,0.022694260448723372,3.0955809660868323,-0.38321930690920614
2023-10-02,Crypto Minimum-Variance,-0.01656234046815542,3.044310900179761,-0.39343463874236073
2023-10-03,Crypto Minimum-Variance,0.024451649218836986,3.118749322424038,-0.3786031153005919
2023-10-04,Crypto Minimum-Variance,-0.0011963799851628784,3.1150181131559496,-0.3793465420962888
2023-10-05,Crypto Minimum-Variance,-0.009692464775169411,3.084825909820171,-0.3853622038746075
2023-10-06,Crypto Minimum-Variance,0.00012393031105427328,3.0852082132547234,-0.385286031621348
2023-10-07,Crypto Minimum-Variance,0.011295668194978698,3.120057701544072,-0.37834242659972417
2023-10-08,Crypto Minimum-Variance,0.00013973496297601303,3.12049368269148,-0.3782555593017214
2023-10-09,Crypto Minimum-Variance,-0.011353980268350916,3.0850636589906872,-0.3853148334133665
2023-10-10,Crypto Minimum-Variance,-0.0016213624008835684,3.0800616527696674,-0.3863114608308509
2023-10-11,Crypto Minimum-Variance,-0.016278420804937542,3.029923113080731,-0.3963013411146138
2023-10-12,Crypto Minimum-Variance,-0.005690548524844133,3.012681188579198,-0.3997367176273844
2023-10-13,Crypto Minimum-Variance,0.004767478826401127,3.0270440823564466,-0.39687497513840686
2023-10-14,Crypto Minimum-Variance,-0.003253312340299396,3.0171961624886863,-0.3988371292245325
2023-10-15,Crypto Minimum-Variance,0.022204962936810194,3.0841928914498333,-0.38548832995997684
2023-10-16,Crypto Minimum-Variance,0.04353424762536393,3.2184609085105977,-0.3587360267477785
2023-10-17,Crypto Minimum-Variance,0.0009257298075229419,3.221440333707953,-0.3581423895732484
2023-10-18,Crypto Minimum-Variance,0.004827343960000061,3.2369913342453787,-0.35504392211437474
2023-10-19,Crypto Minimum-Variance,0.014179951978600698,3.282891715920125,-0.3458984759016498
2023-10-20,Crypto Minimum-Variance,0.021140908566501925,3.3522950295201195,-0.33207017538747696
2023-10-21,Crypto Minimum-Variance,0.005155325956740402,3.369577203100457,-0.3286267794253709
2023-10-22,Crypto Minimum-Variance,-0.014629764130194511,3.320281083400617,-0.3384488112857067
2023-10-23,Crypto Minimum-Variance,0.06924963707844173,3.550209343424525,-0.2926366315584302
2023-10-24,Crypto Minimum-Variance,0.016842352630825536,3.610003221099732,-0.2807229682690088
2023-10-25,Crypto Minimum-Variance,0.021379940681660686,3.687184875827448,-0.26534486799691925
2023-10-26,Crypto Minimum-Variance,-0.017997085395020963,3.6208262947499517,-0.2785665191434691
2023-10-27,Crypto Minimum-Variance,0.005616942788596361,3.6411642688950074,-0.27451426855572003
2023-10-28,Crypto Minimum-Variance,0.009795422436800608,3.6768310110706186,-0.26740782934435203
2023-10-29,Crypto Minimum-Variance,0.00821839592308616,3.7070486640618783,-0.2613870968357508
2023-10-30,Crypto Minimum-Variance,-0.0009413825769843112,3.7035589130374977,-0.2620824141539253
2023-10-31,Crypto Minimum-Variance,0.013133918898679707,3.7522011554378145,-0.25239066442751346
2023-11-01,Crypto Minimum-Variance,0.027498428117459343,3.855380789192869,-0.23183258285333197
2023-11-02,Crypto Minimum-Variance,-0.01487642674653791,3.798026499302432,-0.2432601691635915
2023-11-03,Crypto Minimum-Variance,-0.021133823234992133,3.7177596786243585,-0.25925297498336597
2023-11-04,Crypto Minimum-Variance,0.006803577623025634,3.743053745181634,-0.25421324509964005
2023-11-05,Crypto Minimum-Variance,-0.010550989542550451,3.7035608242590183,-0.26208203335156643
2023-11-06,Crypto Minimum-Variance,-0.013732335683505778,3.652702283796012,-0.2722153705764727
2023-11-07,Crypto Minimum-Variance,0.005904218909481945,3.6742686376907088,-0.26791837080539993
2023-11-08,Crypto Minimum-Variance,0.013798819649812367,3.724969207967165,-0.25781650843520276
2023-11-09,Crypto Minimum-Variance,-0.012176445650549312,3.679612322856383,-0.2668536653829765
2023-11-10,Crypto Minimum-Variance,0.06096556076154773,3.903941951504424,-0.22215698797277628
2023-11-11,Crypto Minimum-Variance,0.01357903977980001,3.956953734561932,-0.21159462677001917
2023-11-12,Crypto Minimum-Variance,0.0015392664270151223,3.963044540598795,-0.21038106084812802
2023-11-13,Crypto Minimum-Variance,-0.015251039277641777,3.9026039926510787,-0.22242357030350313
2023-11-14,Crypto Minimum-Variance,-0.03659247748336764,3.7597980439234933,-0.2508770182987696
2023-11-15,Crypto Minimum-Variance,0.04106293430044643,3.9141863839840707,-0.22011583051821748
2023-11-16,Crypto Minimum-Variance,-0.027076828592844104,3.8082026301844896,-0.24123262049754834
2023-11-17,Crypto Minimum-Variance,0.01766859802209399,3.8754882316439008,-0.22782626467684175
2023-11-18,Crypto Minimum-Variance,-0.005640460243648889,3.8536286943485845,-0.2321816799321219
2023-11-19,Crypto Minimum-Variance,0.009615462309488957,3.8906831158138586,-0.224798751814974
2023-11-20,Crypto Minimum-Variance,-0.011966455002786551,3.8441254313783704,-0.23407516266948414
2023-11-21,Crypto Minimum-Variance,-0.044395356392995154,3.673464112832951,-0.26807866879301934
2023-11-22,Crypto Minimum-Variance,0.042891192957609854,3.831023370919324,-0.23668568974643
2023-11-23,Crypto Minimum-Variance,0.00023960864856429557,3.8319413172518484,-0.23650279303612043
2023-11-24,Crypto Minimum-Variance,0.022673407516234017,3.918824484316194,-0.21919170972512192
2023-11-25,Crypto Minimum-Variance,0.02616106659229008,4.021345112613886,-0.19876493204742873
2023-11-26,Crypto Minimum-Variance,-0.0070392642345145345,3.9930378017880237,-0.20440503740470606
2023-11-27,Crypto Minimum-Variance,-0.03271680357200765,3.8623983683713234,-0.23043436151881513
2023-11-28,Crypto Minimum-Variance,0.012736698683468417,3.9115925725847895,-0.22063263586432924
2023-11-29,Crypto Minimum-Variance,0.007240075027551365,3.9399127962875164,-0.214989957673962
2023-11-30,Crypto Minimum-Variance,-0.0030300367673876537,3.927974715654464,-0.21736856696497842
2023-12-01,Crypto Minimum-Variance,0.009248848136138998,3.964303957282146,-0.21013012769426864
2023-12-02,Crypto Minimum-Variance,0.01013787221392266,4.004493564218221,-0.20212252786320561
2023-12-03,Crypto Minimum-Variance,0.007862066679414638,4.035977159637391,-0.19584956197526338
2023-12-04,Crypto Minimum-Variance,0.02746270567585204,4.146816012486974,-0.17376541517668254
2023-12-05,Crypto Minimum-Variance,0.02010455723334463,4.230185912346169,-0.15715433467793327
2023-12-06,Crypto Minimum-Variance,-0.005986103725710882,4.204863580695824,-0.16219969625531694
2023-12-07,Crypto Minimum-Variance,-0.010403302452795865,4.1611191130931,-0.17091558621021707
2023-12-08,Crypto Minimum-Variance,-0.0010390533831919914,4.156795488200776,-0.171777049175317
2023-12-09,Crypto Minimum-Variance,-0.013678546346919862,4.099936568460754,-0.1831059351937553
2023-12-10,Crypto Minimum-Variance,0.004359666473634326,4.117810924462299,-0.17954454952690868
2023-12-11,Crypto Minimum-Variance,-0.04301205655318012,3.940695408104024,-0.21483402576202204
2023-12-12,Crypto Minimum-Variance,-0.006827845439145535,3.9137889489347395,-0.22019501767819505
2023-12-13,Crypto Minimum-Variance,0.005364987348938758,3.9347863771321907,-0.2160113738133992
2023-12-14,Crypto Minimum-Variance,0.018474944245174513,4.00748133606638,-0.2015272276557507
2023-12-15,Crypto Minimum-Variance,-0.03030802426436278,3.8860224944938997,-0.22572735981439318
2023-12-16,Crypto Minimum-Variance,0.004889475784802678,3.9050231073799258,-0.22194157248937052
2023-12-17,Crypto Minimum-Variance,-0.008420132596778823,3.8721422950223015,-0.2284929276170512
2023-12-18,Crypto Minimum-Variance,0.006836226553662062,3.8986131369990913,-0.22321873048248875
2023-12-19,Crypto Minimum-Variance,-0.0029974932204035413,3.8869270705519603,-0.22554712707160396
2023-12-20,Crypto Minimum-Variance,0.02437707175192365,3.9816789706452997,-0.20666823381974508
2023-12-21,Crypto Minimum-Variance,0.002914768107575966,3.993284641523543,-0.20435585568895587
2023-12-22,Crypto Minimum-Variance,0.00851895696436606,4.027303261531146,-0.19757779746462023
2023-12-23,Crypto Minimum-Variance,0.008105836788587615,4.059947924467264,-0.19107349405532947
2023-12-24,Crypto Minimum-Variance,-0.006191091492281255,4.03481241541299,-0.1960816320641643
2023-12-25,Crypto Minimum-Variance,-0.004547582343884169,4.016463773711773,-0.19973751704011355
2023-12-26,Crypto Minimum-Variance,-0.02549407181381989,3.9140677578271585,-0.22013946625059877
2023-12-27,Crypto Minimum-Variance,0.02243336321788701,4.001873461497916,-0.2026445716377031
2023-12-28,Crypto Minimum-Variance,-0.005012164526122709,3.981815413296164,-0.20664104823045204
2023-12-29,Crypto Minimum-Variance,-0.007157415363543472,3.9533159064822443,-0.21231944778065215
2023-12-30,Crypto Minimum-Variance,0.00488437658197045,3.9726253901169972,-0.20847211933731846
2023-12-31,Crypto Minimum-Variance,0.010615631935853697,4.014797319077506,-0.20006955068923704
2021-01-01,Crypto Maximum-Sharpe,-0.001338123146624316,0.9986618768533757,0.0
2021-01-02,Crypto Maximum-Sharpe,0.07440357096257637,1.0729658866754554,0.0
2021-01-03,Crypto Maximum-Sharpe,0.1089451807250128,1.1898603491110866,0.0
2021-01-04,Crypto Maximum-Sharpe,0.01675498474767256,1.209796441112303,0.0
2021-01-05,Crypto Maximum-Sharpe,0.07098363814286271,1.295672193914742,0.0
2021-01-06,Crypto Maximum-Sharpe,0.11000250856397432,1.438199385521952,0.0
2021-01-07,Crypto Maximum-Sharpe,0.03426190859157872,1.4874748414051697,0.0
2021-01-08,Crypto Maximum-Sharpe,0.022768030210936065,1.52134171353229,0.0
2021-01-09,Crypto Maximum-Sharpe,0.01650223012842688,1.546447244592975,0.0
2021-01-10,Crypto Maximum-Sharpe,-0.04128980244793841,1.4825947433675721,-0.04128980244793845
2021-01-11,Crypto Maximum-Sharpe,-0.09494967107124802,1.3418228601528597,-0.132319020358158
2021-01-12,Crypto Maximum-Sharpe,-0.03540281630584795,1.2943185519198805,-0.16303737069249635
2021-01-13,Crypto Maximum-Sharpe,0.09418374042708928,1.4162223144438688,-0.08420909966662415
2021-01-14,Crypto Maximum-Sharpe,0.05188037155606002,1.4896964543232,-0.03669752748966981
2021-01-15,Crypto Maximum-Sharpe,-0.04962270539952019,1.41577368603561,-0.08449920229367935
2021-01-16,Crypto Maximum-Sharpe,0.024296532755383245,1.450172077772584,-0.06225570717462825
2021-01-17,Crypto Maximum-Sharpe,0.0015739231434190402,1.4524545371677304,-0.06077976972954113
2021-01-18,Crypto Maximum-Sharpe,0.017943328494616502,1.4785164060516272,-0.04392703260900899
2021-01-19,Crypto Maximum-Sharpe,0.019801836157683803,1.507793745680709,-0.02499503235394207
2021-01-20,Crypto Maximum-Sharpe,-0.005419881801310489,1.4996216817983643,-0.030279444034274183
2021-01-21,Crypto Maximum-Sharpe,-0.15452771746171215,1.2678885662539692,-0.1801281481233603
2021-01-22,Crypto Maximum-Sharpe,0.08673122959068319,1.3778541005891445,-0.10901965430330873
2021-01-23,Crypto Maximum-Sharpe,-0.01914472124529732,1.3514754679166754,-0.12607722465671056
2021-01-24,Crypto Maximum-Sharpe,0.04681943010514112,1.4147507791256133,-0.08516065835923425
2021-01-25,Crypto Maximum-Sharpe,-0.01660769995777754,1.391255022670863,-0.10035403565477485
2021-01-26,Crypto Maximum-Sharpe,0.011351545730141193,1.407047917683,-0.09014166334957308
2021-01-27,Crypto Maximum-Sharpe,-0.07174338497116646,1.3061015372517903,-0.1554179802651099
2021-01-28,Crypto Maximum-Sharpe,0.08913186864661293,1.422516807909256,-0.08013880662080863
2021-01-29,Crypto Maximum-Sharpe,0.02696579732868094,1.4608761078479793,-0.05533401610962674
2021-01-30,Crypto Maximum-Sharpe,0.0023979284100322357,1.4643791841705251,-0.05306877470886506
2021-01-31,Crypto Maximum-Sharpe,-0.03868767943099751,1.4077257517279103,-0.0897033463961302
2021-02-01,Crypto Maximum-Sharpe,0.03845501158212712,1.4618598618150658,-0.054697878038621695
2021-02-02,Crypto Maximum-Sharpe,0.08996807676759991,1.5933805820863165,0.0
2021-02-03,Crypto Maximum-Sharpe,0.07584069440995132,1.714223671891075,0.0
2021-02-04,Crypto Maximum-Sharpe,-0.030923173825471804,1.6612144353094487,-0.030923173825471828
2021-02-05,Crypto Maximum-Sharpe,0.10220146190097674,1.83099297912908,0.0
2021-02-06,Crypto Maximum-Sharpe,0.024589260481870434,1.876015742433361,0.0
2021-02-07,Crypto Maximum-Sharpe,-0.013391133428022482,1.8508937653133652,-0.01339113342802245
2021-02-08,Crypto Maximum-Sharpe,0.07590792225041319,1.9913912653445465,0.0
2021-02-09,Crypto Maximum-Sharpe,0.014833561998863027,2.0209306911430294,0.0
2021-02-10,Crypto Maximum-Sharpe,0.05487663246533229,2.131832561918795,0.0
2021-02-11,Crypto Maximum-Sharpe,0.025964068897288764,2.1871836094339385,0.0
2021-02-12,Crypto Maximum-Sharpe,0.032238049050874525,2.2576941419181384,0.0
2021-02-13,Crypto Maximum-Sharpe,-0.0113198756101679,2.2321373250658203,-0.011319875610167895
2021-02-14,Crypto Maximum-Sharpe,-0.018352739726052895,2.1911714897060794,-0.029464864605416086
2021-02-15,Crypto Maximum-Sharpe,-0.010619328777456126,2.1679027192491023,-0.03977129629824405
2021-02-16,Crypto Maximum-Sharpe,0.0036951515362899363,2.175913448312663,-0.03622310572857068
2021-02-17,Crypto Maximum-Sharpe,0.03540713346371819,2.252956306182569,-0.0020985286038543993
2021-02-18,Crypto Maximum-Sharpe,0.0364191031137456,2.335006954208195,0.0
2021-02-19,Crypto Maximum-Sharpe,0.018832000232384006,2.3789798057124623,0.0
2021-02-20,Crypto Maximum-Sharpe,0.024725393997674868,2.4378010187212147,0.0
2021-02-21,Crypto Maximum-Sharpe,0.004968749284665989,2.4499138407891436,0.0
2021-02-22,Crypto Maximum-Sharpe,-0.06132977203275282,2.2996611834336598,-0.061329772032752694
2021-02-23,Crypto Maximum-Sharpe,-0.1234902405606269,2.0156754706835014,-0.1772463842915265
2021-02-24,Crypto Maximum-Sharpe,0.04873063061462467,2.113900607484339,-0.13715308175759
2021-02-25,Crypto Maximum-Sharpe,-0.06440776667425693,1.9777489903849177,-0.19272712474334874
2021-02-26,Crypto Maximum-Sharpe,0.018552681224297853,2.014441536945206,-0.17775004842768982
2021-02-27,Crypto Maximum-Sharpe,0.026309469616431654,2.0674404253555436,-0.15611708830968574
2021-02-28,Crypto Maximum-Sharpe,-0.02939910278569823,2.0066595317872085,-0.18092648876956352
2021-03-01,Crypto Maximum-Sharpe,0.07836166449051443,2.1639047127638107,-0.11674252508945637
2021-03-02,Crypto Maximum-Sharpe,-0.041084908096301616,2.0750008865107556,-0.15303107727152743
2021-03-03,Crypto Maximum-Sharpe,0.013496697154319762,2.1030065450709365,-0.1415997942223407
2021-03-04,Crypto Maximum-Sharpe,-0.06577878402840258,1.9646733317323983,-0.19806431596812568
2021-03-05,Crypto Maximum-Sharpe,0.031857103155916514,2.0272621327290756,-0.17251696815751172
2021-03-06,Crypto Maximum-Sharpe,-0.019355457124762446,1.9880235474383834,-0.1885332805018075
2021-03-07,Crypto Maximum-Sharpe,0.02005033602991498,2.0278840875999062,-0.1722631000987762
2021-03-08,Crypto Maximum-Sharpe,4.445351992447788e-05,2.027974234185599,-0.17222630428000418
2021-03-09,Crypto Maximum-Sharpe,0.06109706680251888,2.151877511445423,-0.12165175949523177
2021-03-10,Crypto Maximum-Sharpe,-0.02149742774126959,2.105617680135062,-0.14053398732715439
2021-03-11,Crypto Maximum-Sharpe,0.007466958084999632,2.1213402390956646,-0.13411639063504455
2021-03-12,Crypto Maximum-Sharpe,-0.048901376702766515,2.0176037809489107,-0.17645929119735138
2021-03-13,Crypto Maximum-Sharpe,0.06434380240986987,2.1474240799716937,-0.1234695505536696
2021-03-14,Crypto Maximum-Sharpe,-0.03668362503367553,2.0686487802337266,-0.15562386489175783
2021-03-15,Crypto Maximum-Sharpe,-0.03743937115303755,1.9911998707652776,-0.18723677640684266
2021-03-16,Crypto Maximum-Sharpe,0.12783384248658206,2.2457426014039887,-0.08333813050314831
2021-03-17,Crypto Maximum-Sharpe,0.08000051859693473,2.4254031741515374,-0.010004705565364369
2021-03-18,Crypto Maximum-Sharpe,-0.06758696881121647,2.2614775254655317,-0.07691548665356929
2021-03-19,Crypto Maximum-Sharpe,0.033923127936414735,2.3381939168872257,-0.04560157261119513
2021-03-20,Crypto Maximum-Sharpe,-0.04422677365794702,2.234783143756666,-0.08781153583882029
2021-03-21,Crypto Maximum-Sharpe,-0.014073075182649058,2.2033328725576613,-0.10064883267570579
2021-03-22,Crypto Maximum-Sharpe,-0.06080368597982059,2.069362112465649,-0.15533269863927734
2021-03-23,Crypto Maximum-Sharpe,0.0078464162867304,2.0855991890480428,-0.14870508736901178
2021-03-24,Crypto Maximum-Sharpe,-0.03925492203850185,2.003729155478399,-0.18212260279611459
2021-03-25,Crypto Maximum-Sharpe,0.006681467473699746,2.017117006656832,-0.17665798156922263
2021-03-26,Crypto Maximum-Sharpe,0.0877482206782693,2.1941154348908456,-0.10441118444226705
2021-03-27,Crypto Maximum-Sharpe,-0.012375169932148676,2.166962883533321,-0.1154942482241258
2021-03-28,Crypto Maximum-Sharpe,0.007244658655593519,2.1826617899438605,-0.10908630597360047
2021-03-29,Crypto Maximum-Sharpe,0.018634958563188832,2.22333560195692,-0.09248416620204103
2021-03-30,Crypto Maximum-Sharpe,0.013472782638649762,2.2532901192548573,-0.08025740263214798
2021-03-31,Crypto Maximum-Sharpe,-0.009894538253872959,2.230994853972816,-0.08935783094552074
2021-04-01,Crypto Maximum-Sharpe,-0.0008143775126166315,2.229177981932977,-0.09009943745003912
2021-04-02,Crypto Maximum-Sharpe,0.013879995243933579,2.2601189617200887,-0.07747002196939301
2021-04-03,Crypto Maximum-Sharpe,-0.018371283503362812,2.218597675523003,-0.09441808173614441
2021-04-04,Crypto Maximum-Sharpe,0.03661318098838085,2.299827593757328,-0.061261847062944685
2021-04-05,Crypto Maximum-Sharpe,0.01328941554305782,2.33039095832816,-0.04878656566244144
2021-04-06,Crypto Maximum-Sharpe,-0.0037867467003782117,2.321566358056119,-0.052388569996274725
2021-04-07,Crypto Maximum-Sharpe,-0.052293252899589436,2.200164101371112,-0.10194225415600111
2021-04-08,Crypto Maximum-Sharpe,0.04587909002625407,2.3011056282504496,-0.060740181985649455
2021-04-09,Crypto Maximum-Sharpe,-0.00934122945758369,2.279610472570825,-0.06951402346600977
2021-04-10,Crypto Maximum-Sharpe,0.026621278161153034,2.3402966170602104,-0.044743297459646336
2021-04-11,Crypto Maximum-Sharpe,0.014769420944816295,2.3748614429333026,-0.030634709109470526
2021-04-12,Crypto Maximum-Sharpe,0.01283651350474269,2.4053463839174087,-0.01819143846192539
2021-04-13,Crypto Maximum-Sharpe,0.07004260888037427,2.573823119907958,0.0
2021-04-14,Crypto Maximum-Sharpe,0.0062886679190796635,2.590009038791509,0.0
2021-04-15,Crypto Maximum-Sharpe,0.02113526953011039,2.6447495779117896,0.0
2021-04-16,Crypto Maximum-Sharpe,-0.032078611851170495,2.5599096827584105,-0.03207861185117045
2021-04-17,Crypto Maximum-Sharpe,-0.019029221882097262,2.5111965934070715,-0.05049740271068204
2021-04-18,Crypto Maximum-Sharpe,-0.0753502530924142,2.3219772945290402,-0.12204266372833683
2021-04-19,Crypto Maximum-Sharpe,-0.03187067563818396,2.2479743093358775,-0.15002375721681493
2021-04-20,Crypto Maximum-Sharpe,0.030573367580249734,2.3167024542061614,-0.12403712111172494
2021-04-21,Crypto Maximum-Sharpe,-0.04513088198347133,2.2121476291545648,-0.16357009842073345
2021-04-22,Crypto Maximum-Sharpe,-0.044836936243914174,2.1129617069440356,-0.20107305259034647
2021-04-23,Crypto Maximum-Sharpe,-0.006420276657574195,2.099395908218595,-0.20620238462190765
2021-04-24,Crypto Maximum-Sharpe,-0.03350434348399178,2.029057026600752,-0.23279805258430886
2021-04-25,Crypto Maximum-Sharpe,-0.014264072567336196,2.0001144099300556,-0.24374147683604785
2021-04-26,Crypto Maximum-Sharpe,0.11575166320395791,2.2316309794776625,-0.1562032949676515
2021-04-27,Crypto Maximum-Sharpe,0.03673938927635075,2.3136197387538564,-0.12520271935136584
2021-04-28,Crypto Maximum-Sharpe,0.004508553551486105,2.3240508172438035,-0.12125864896486704
2021-04-29,Crypto Maximum-Sharpe,-0.020307118275106166,2.2768560424206767,-0.13910335351356395
2021-04-30,Crypto Maximum-Sharpe,0.061809910568780255,2.4175883107806855,-0.08589140878527468
2021-05-01,Crypto Maximum-Sharpe,0.003214166253950955,2.425358841545143,-0.0829533117989456
2021-05-02,Crypto Maximum-Sharpe,-0.01656825863274196,2.3851748689812156,-0.09814717850736021
2021-05-03,Crypto Maximum-Sharpe,0.05319107609446784,2.512044886935808,-0.05017665645333469
2021-05-04,Crypto Maximum-Sharpe,-0.06629013103329963,2.345521102219303,-0.11314057035552982
2021-05-05,Crypto Maximum-Sharpe,0.11512839475343806,2.6155571815781262,-0.01103786784861227
2021-05-06,Crypto Maximum-Sharpe,0.02653895142722876,2.6849713265751673,0.0
2021-05-07,Crypto Maximum-Sharpe,0.003784197842767139,2.6951317892770845,0.0
2021-05-08,Crypto Maximum-Sharpe,0.030299726767360483,2.7767935460942077,0.0
2021-05-09,Crypto Maximum-Sharpe,0.023250859659204138,2.8413563831370277,0.0
2021-05-10,Crypto Maximum-Sharpe,-0.04497387145393027,2.7135695864070186,-0.04497387145393028
2021-05-11,Crypto Maximum-Sharpe,0.04855438796135017,2.8453252968655454,0.0
2021-05-12,Crypto Maximum-Sharpe,-0.12105985395764624,2.500870631965006,-0.12105985395764618
2021-05-13,Crypto Maximum-Sharpe,0.07346713039584885,2.6846024207867276,-0.056486643638206324
2021-05-14,Crypto Maximum-Sharpe,0.0390701126866429,2.7894901398856993,-0.019623470483798422
2021-05-15,Crypto Maximum-Sharpe,-0.025327392880342293,2.7188396271769735,-0.04445385201752172
2021-05-16,Crypto Maximum-Sharpe,0.009830768595316954,2.745567910399528,-0.035060098954559415
2021-05-17,Crypto Maximum-Sharpe,-0.07954022967773809,2.527184808210522,-0.11181164030892765
2021-05-18,Crypto Maximum-Sharpe,0.0033278471137111977,2.5355948928803405,-0.1088558852396978
2021-05-19,Crypto Maximum-Sharpe,-0.22633488183181413,1.961701322426917,-0.31055288314908747
2021-05-20,Crypto Maximum-Sharpe,0.14476420090563194,2.2456854467835714,-0.2107456222114732
2021-05-21,Crypto Maximum-Sharpe,-0.11770965458028983,1.9813465885466934,-0.3036484823969422
2021-05-22,Crypto Maximum-Sharpe,-0.034245359301468416,1.913494662721173,-0.3274952903173818
2021-05-23,Crypto Maximum-Sharpe,-0.08961817209949419,1.7420107687259634,-0.38776393312743906
2021-05-24,Crypto Maximum-Sharpe,0.17651399885898306,2.0495000555691942,-0.2796956967180676
2021-05-25,Crypto Maximum-Sharpe,0.003915363752677514,2.05752459379788,-0.2768754433581
2021-05-26,Crypto Maximum-Sharpe,0.0737931751361631,2.20935586649497,-0.22351378630456387
2021-05-27,Crypto Maximum-Sharpe,-0.0484631365043501,2.1022835515503377,-0.26114474367263174
2021-05-28,Crypto Maximum-Sharpe,-0.0864077476686847,1.92062996489995,-0.3249875622250482
2021-05-29,Crypto Maximum-Sharpe,-0.051354919582241296,1.8219961675052703,-0.35965277168399357
2021-05-30,Crypto Maximum-Sharpe,0.0642904825202091,1.9391331802641558,-0.3184845393950789
2021-05-31,Crypto Maximum-Sharpe,0.09120587532875735,2.1159935193491854,-0.2563263252605258
2021-06-01,Crypto Maximum-Sharpe,-0.01717477635158005,2.0796518038929706,-0.2690987543027339
2021-06-02,Crypto Maximum-Sharpe,0.01751415246417419,2.116075142658747,-0.2562976384493372
2021-06-03,Crypto Maximum-Sharpe,0.04808728072210544,2.217831442072847,-0.22053501421575783
2021-06-04,Crypto Maximum-Sharpe,-0.0654351585349374,2.0727072900570414,-0.27153942913298246
2021-06-05,Crypto Maximum-Sharpe,-0.026628611871973584,2.017513972105902,-0.2909373229386366
2021-06-06,Crypto Maximum-Sharpe,0.020925211244386368,2.059730878160719,-0.27610003663561755
2021-06-07,Crypto Maximum-Sharpe,-0.06259634285980532,1.9307992579124427,-0.32141352693857494
2021-06-08,Crypto Maximum-Sharpe,-0.006490511207963322,1.9182673836886348,-0.3258179000475524
2021-06-09,Crypto Maximum-Sharpe,0.036724096206512104,1.9887140196370305,-0.3010591717481903
2021-06-10,Crypto Maximum-Sharpe,-0.05606254535440588,1.8772216497141867,-0.34024357363210345
2021-06-11,Crypto Maximum-Sharpe,-0.050113709022957316,1.783147110188814,-0.3733064152091303
2021-06-12,Crypto Maximum-Sharpe,0.013054778541908866,1.8064257008199738,-0.3651250692460506
2021-06-13,Crypto Maximum-Sharpe,0.0566548364720115,1.9087684534987681,-0.3291563338640059
2021-06-14,Crypto Maximum-Sharpe,0.010153144728158838,1.928148455859685,-0.3223451610317585
2021-06-15,Crypto Maximum-Sharpe,0.018791879400142587,1.9643819891077712,-0.3096107530229444
2021-06-16,Crypto Maximum-Sharpe,-0.08043787840134459,1.8063712695341287,-0.3651441993208806
2021-06-17,Crypto Maximum-Sharpe,0.0014674441040151965,1.809022018403269,-0.36421258391927425
2021-06-18,Crypto Maximum-Sharpe,-0.05213186476438617,1.714714327184073,-0.3973573675132931
2021-06-19,Crypto Maximum-Sharpe,-0.021870284441649596,1.6772130371123855,-0.4105373333024419
2021-06-20,Crypto Maximum-Sharpe,0.02575955977938306,1.7204173066046426,-0.3953530345019316
2021-06-21,Crypto Maximum-Sharpe,-0.17591965607255713,1.417762085725479,-0.5017223207176671
2021-06-22,Crypto Maximum-Sharpe,-0.02300351177662858,1.3851485788900353,-0.5131844571810694
2021-06-23,Crypto Maximum-Sharpe,0.08007223343745737,1.4960605192444805,-0.47420404939548955
2021-06-24,Crypto Maximum-Sharpe,0.04501364495806093,1.5634036562935238,-0.4505360571545919
2021-06-25,Crypto Maximum-Sharpe,-0.08073619628517353,1.437180391826052,-0.4948976858957841
2021-06-26,Crypto Maximum-Sharpe,0.004208425657325857,1.4432286586612182,-0.4927720003575333
2021-06-27,Crypto Maximum-Sharpe,0.07067261991051,1.5452254090987378,-0.45692486873083293
2021-06-28,Crypto Maximum-Sharpe,0.020462781827684153,1.5768450195197192,-0.445812040803631
2021-06-29,Crypto Maximum-Sharpe,0.06707692997745195,1.682614942479337,-0.40863881387026924
2021-06-30,Crypto Maximum-Sharpe,0.029797750789264988,1.7327530832096298,-0.3910175806195314
2021-07-01,Crypto Maximum-Sharpe,-0.05518647209222,1.6371285535403735,-0.4246251719113242
2021-07-02,Crypto Maximum-Sharpe,0.026327804039266593,1.680230553285072,-0.409476816188279
2021-07-03,Crypto Maximum-Sharpe,0.02814270691717099,1.7275167892994499,-0.39285789529847104
2021-07-04,Crypto Maximum-Sharpe,0.031198821102148916,1.7814132765597621,-0.3739157773903059
2021-07-05,Crypto Maximum-Sharpe,-0.045135489064347174,1.701008317096516,-0.402174394973266
2021-07-06,Crypto Maximum-Sharpe,0.031297256225280574,1.754245210238019,-0.3834640938347109
2021-07-07,Crypto Maximum-Sharpe,-0.011721877755427566,1.7336821623305647,-0.39069105235861223
2021-07-08,Crypto Maximum-Sharpe,-0.06628638928143721,1.6187626316280372,-0.431079942454632
2021-07-09,Crypto Maximum-Sharpe,0.013353544980880403,1.6403788512428505,-0.42348284287567495
2021-07-10,Crypto Maximum-Sharpe,-0.014056402557218382,1.6173210257634336,-0.4315866001173575
2021-07-11,Crypto Maximum-Sharpe,0.011457033550333633,1.6358507270172653,-0.42507426872444287
2021-07-12,Crypto Maximum-Sharpe,-0.03677070534440233,1.5756993419466871,-0.44621469338409137
2021-07-13,Crypto Maximum-Sharpe,-0.04275261024286778,1.5083340821204971,-0.46989046075606844
2021-07-14,Crypto Maximum-Sharpe,0.011336879673745687,1.5254338841173067,-0.4638806726957553
2021-07-15,Crypto Maximum-Sharpe,-0.03929819607149037,1.4654870842451697,-0.48494919513787293
2021-07-16,Crypto Maximum-Sharpe,-0.029956789846220785,1.4215857956400864,-0.5003784638592546
2021-07-17,Crypto Maximum-Sharpe,0.004492622425017902,1.427972443864666,-0.49813385294196677
2021-07-18,Crypto Maximum-Sharpe,0.0053814487875581615,1.435657004441368,-0.4954330859733648
2021-07-19,Crypto Maximum-Sharpe,-0.04074341828010457,1.3771634306026515,-0.5159908668018536
2021-07-20,Crypto Maximum-Sharpe,-0.03856666498415476,1.3240508299461697,-0.5346574848911776
2021-07-21,Crypto Maximum-Sharpe,0.10554027268327898,1.4637915155852104,-0.48554510895546954
2021-07-22,Crypto Maximum-Sharpe,0.015504350330295135,1.4864866520533573,-0.4775688200955813
2021-07-23,Crypto Maximum-Sharpe,0.03722719256197444,1.5418243768901523,-0.4581201739609
2021-07-24,Crypto Maximum-Sharpe,0.035094917130153336,1.5959345756263625,-0.4391029463715559
2021-07-25,Crypto Maximum-Sharpe,-0.003605326715023359,1.5901807100654273,-0.4411251635033804
2021-07-26,Crypto Maximum-Sharpe,0.019395616613884753,1.6210232454646512,-0.4302854414395445
2021-07-27,Crypto Maximum-Sharpe,0.02306175297815502,1.658406883123404,-0.41714682502196465
2021-07-28,Crypto Maximum-Sharpe,0.0007175469102063232,1.659596867858254,-0.4167286005271553
2021-07-29,Crypto Maximum-Sharpe,0.0159185438934025,1.6860152334446088,-0.4074437691528805
2021-07-30,Crypto Maximum-Sharpe,0.03032342009890113,1.7371409816614964,-0.3894754376326819
2021-07-31,Crypto Maximum-Sharpe,0.016440118017424784,1.7656997844129165,-0.3794383417748266
2021-08-01,Crypto Maximum-Sharpe,-0.0013270976835462944,1.7633565283191839,-0.38026188771395497
2021-08-02,Crypto Maximum-Sharpe,0.004097385491583515,1.770581679774808,-0.3777225817640928
2021-08-03,Crypto Maximum-Sharpe,-0.00818619147758963,1.7560873591174593,-0.3828166638619519
2021-08-04,Crypto Maximum-Sharpe,0.045747826128887926,1.8364245382895028,-0.3545818679106615
2021-08-05,Crypto Maximum-Sharpe,0.021810579417297006,1.8764780215257388,-0.34050492448336356
2021-08-06,Crypto Maximum-Sharpe,0.020281266207943134,1.914535371813657,-0.327129529293983
2021-08-07,Crypto Maximum-Sharpe,0.07614840185215499,2.0603241806666883,-0.2758915182962126
2021-08-08,Crypto Maximum-Sharpe,-0.03675291561692122,1.9846012599111433,-0.3025046162217687
2021-08-09,Crypto Maximum-Sharpe,0.0438550468627551,2.0716360411684294,-0.271915923479619
2021-08-10,Crypto Maximum-Sharpe,0.04248676582103871,2.159653156515976,-0.24098198582247055
2021-08-11,Crypto Maximum-Sharpe,0.03514843230326827,2.2355615792863173,-0.21430369253419046
2021-08-12,Crypto Maximum-Sharpe,-0.013521821658212514,2.2053327143052557,-0.2249277378812593
2021-08-13,Crypto Maximum-Sharpe,0.11538625897965121,2.4597978060143793,-0.13549504911648214
2021-08-14,Crypto Maximum-Sharpe,0.008339844769980802,2.4803121378820783,-0.12828521202323373
2021-08-15,Crypto Maximum-Sharpe,0.018125167677027546,2.5252682112725577,-0.1124852353246103
2021-08-16,Crypto Maximum-Sharpe,-0.045041567094689525,2.411526173702438,-0.1524602911452645
2021-08-17,Crypto Maximum-Sharpe,-0.06012881020146929,2.2665239741080088,-0.20342184543719943
2021-08-18,Crypto Maximum-Sharpe,0.038279980402878784,2.3532864674195184,-0.17292884929117402
2021-08-19,Crypto Maximum-Sharpe,0.086914143553819,2.557820345272078,-0.10104466856924488
2021-08-20,Crypto Maximum-Sharpe,0.030565699632925717,2.636001913660651,-0.07356746992531515
2021-08-21,Crypto Maximum-Sharpe,-0.016149554395511773,2.5934316573693152,-0.08852894246352783
2021-08-22,Crypto Maximum-Sharpe,0.044869509971657076,2.709797664980459,-0.047631682758518146
2021-08-23,Crypto Maximum-Sharpe,0.03779103759842255,2.812203730421853,-0.011640695874098994
2021-08-24,Crypto Maximum-Sharpe,-0.056720063133899115,2.6526953572869387,-0.06770049800309674
2021-08-25,Crypto Maximum-Sharpe,0.013497406120058314,2.6884998638370337,-0.055116872999116495
2021-08-26,Crypto Maximum-Sharpe,-0.05531364361859881,2.5397891405001007,-0.1073818015472705
2021-08-27,Crypto Maximum-Sharpe,0.09513717525067181,2.7814175050596117,-0.02246062756913436
2021-08-28,Crypto Maximum-Sharpe,-0.014943556323707804,2.7398532359130066,-0.03706854223969702
2021-08-29,Crypto Maximum-Sharpe,-0.002773401160426311,2.7322545237691274,-0.03973913746206048
2021-08-30,Crypto Maximum-Sharpe,-0.025452416498895708,2.6627120436491634,-0.064180096882965
2021-08-31,Crypto Maximum-Sharpe,0.03250287255176688,2.749257833845947,-0.03376326184054512
2021-09-01,Crypto Maximum-Sharpe,0.06908015732542103,2.9391769975361712,0.0
2021-09-02,Crypto Maximum-Sharpe,0.014919112870330854,2.9830269109082934,0.0
2021-09-03,Crypto Maximum-Sharpe,0.013655976058764023,3.023763054986306,0.0
2021-09-04,Crypto Maximum-Sharpe,-0.030202630469461228,2.932437456809345,-0.030202630469461256
2021-09-05,Crypto Maximum-Sharpe,0.03415004203528252,3.032580319225221,0.0
2021-09-06,Crypto Maximum-Sharpe,-0.013681387633843812,2.991090412347135,-0.013681387633843856
2021-09-07,Crypto Maximum-Sharpe,-0.13034668734502486,2.6012116855482215,-0.14224475142251403
2021-09-08,Crypto Maximum-Sharpe,-0.007091486667210485,2.582765227561564,-0.1483275113315311
2021-09-09,Crypto Maximum-Sharpe,0.008744666454779256,2.6053506480075916,-0.1408799194894137
2021-09-10,Crypto Maximum-Sharpe,-0.04952477074281765,2.4763212544603643,-0.18342764451725146
2021-09-11,Crypto Maximum-Sharpe,0.06390439397777467,2.6345690635209364,-0.13124508300112248
2021-09-12,Crypto Maximum-Sharpe,0.00035100791397412313,2.6354938181121437,-0.13094014314995195
2021-09-13,Crypto Maximum-Sharpe,-0.05437393716843302,2.4921916428383204,-0.1781943492019239
2021-09-14,Crypto Maximum-Sharpe,0.015239739852852702,2.5301719951386303,-0.1656702448741567
2021-09-15,Crypto Maximum-Sharpe,0.041346021629603935,2.6347845411762503,-0.1311740287725015
2021-09-16,Crypto Maximum-Sharpe,-0.024021321326589563,2.571493535086325,-0.15204437660424341
2021-09-17,Crypto Maximum-Sharpe,-0.029270124021619066,2.4962256003935566,-0.1768641428658665
2021-09-18,Crypto Maximum-Sharpe,0.011737683983607515,2.525525507642767,-0.1672024342992502
2021-09-19,Crypto Maximum-Sharpe,-0.03334254435680759,2.441318061379939,-0.19497002407386888
2021-09-20,Crypto Maximum-Sharpe,-0.10083113808408149,2.195157182825776,-0.27614211273830147
2021-09-21,Crypto Maximum-Sharpe,-0.04745283211150834,2.090990757570773,-0.31049121953512193
2021-09-22,Crypto Maximum-Sharpe,0.12398149208786464,2.3502349116363317,-0.22500489212540253
2021-09-23,Crypto Maximum-Sharpe,0.023793167610846228,2.4061544448137573,-0.20656530362615633
2021-09-24,Crypto Maximum-Sharpe,-0.0397754613294915,2.3104485417412834,-0.238124534709251
2021-09-25,Crypto Maximum-Sharpe,0.003318998586179803,2.318116917184764,-0.2355958711171059
2021-09-26,Crypto Maximum-Sharpe,-0.015567467345472069,2.282029707773504,-0.24749570743223437
2021-09-27,Crypto Maximum-Sharpe,-0.033282054508238644,2.2060790706499662,-0.27254059631515837
2021-09-28,Crypto Maximum-Sharpe,-0.036705246821305826,2.1251043938544423,-0.29924217327989033
2021-09-29,Crypto Maximum-Sharpe,0.013354210830589562,2.1534834859669867,-0.28988410552068433
2021-09-30,Crypto Maximum-Sharpe,0.03269104564344402,2.223883112899136,-0.26666967440212597
2021-10-01,Crypto Maximum-Sharpe,0.08303280076291061,2.4085383563324916,-0.20577920358335733
2021-10-02,Crypto Maximum-Sharpe,0.006429603104629398,2.4240243020259857,-0.20067267908495579
2021-10-03,Crypto Maximum-Sharpe,0.004154509315702694,2.4340949335702424,-0.19735186628391854
2021-10-04,Crypto Maximum-Sharpe,-0.017562593845090686,2.391345912871555,-0.21144844945689412
2021-10-05,Crypto Maximum-Sharpe,0.030392376002220185,2.46402459700692,-0.18748249423565422
2021-10-06,Crypto Maximum-Sharpe,0.009645070045947047,2.487790286839988,-0.17964570597899898
2021-10-07,Crypto Maximum-Sharpe,0.01137254585469186,2.516082795953933,-0.17031618915315183
2021-10-08,Crypto Maximum-Sharpe,-0.011724273913381907,2.486583552065421,-0.18004362941301888
2021-10-09,Crypto Maximum-Sharpe,0.013790708655506016,2.5208753013795286,-0.16873584999602764
2021-10-10,Crypto Maximum-Sharpe,-0.03150388776414875,2.4414579288174534,-0.19492390248011326
2021-10-11,Crypto Maximum-Sharpe,0.010848816764929532,2.467944858526478,-0.18618977941629555
2021-10-12,Crypto Maximum-Sharpe,-0.022323521350224845,2.4128516387859844,-0.2043568892505272
2021-10-13,Crypto Maximum-Sharpe,0.029574639250218897,2.4842108555673796,-0.18082603127818941
2021-10-14,Crypto Maximum-Sharpe,0.009395300989271237,2.5075507642762505,-0.17312964527947206
2021-10-15,Crypto Maximum-Sharpe,0.024892191170045,2.5699691972692076,-0.15254703033692574
2021-10-16,Crypto Maximum-Sharpe,-0.01272767262249785,2.5372594706764615,-0.16333313429776086
2021-10-17,Crypto Maximum-Sharpe,-0.004549886673781028,2.5257152276229062,-0.1671398737204136
2021-10-18,Crypto Maximum-Sharpe,-0.013387513204192443,2.491902181663075,-0.1782897996582269
2021-10-19,Crypto Maximum-Sharpe,0.009929891210511847,2.5166464992342266,-0.17013030676226504
2021-10-20,Crypto Maximum-Sharpe,0.04407537901731135,2.627568647540565,-0.13355348549783197
2021-10-21,Crypto Maximum-Sharpe,-0.025276872569058285,2.561151929670229,-0.15545454363280808
2021-10-22,Crypto Maximum-Sharpe,-0.005350864438215003,2.5474475528888907,-0.15997359188173943
2021-10-23,Crypto Maximum-Sharpe,0.01946600814837251,2.597036187710977,-0.1436216309764613
2021-10-24,Crypto Maximum-Sharpe,-0.018067379945633344,2.550114548175044,-0.15909414434683145
2021-10-25,Crypto Maximum-Sharpe,0.017811068031738965,2.5955348118813166,-0.14411671294350525
2021-10-26,Crypto Maximum-Sharpe,-0.013875883563561469,2.559519473046481,-0.15599284977869943
2021-10-27,Crypto Maximum-Sharpe,-0.08174340071910312,2.350295647112895,-0.22498486446902743
2021-10-28,Crypto Maximum-Sharpe,0.05477329539252727,2.4790290848519807,-0.1825347315169098
2021-10-29,Crypto Maximum-Sharpe,0.019655240997695906,2.5277549989550443,-0.16646725465762835
2021-10-30,Crypto Maximum-Sharpe,-0.02161202225846628,2.4731251016536784,-0.18448158290312822
2021-10-31,Crypto Maximum-Sharpe,0.0017103316803881291,2.4773549658646,-0.18308677591842748
2021-11-01,Crypto Maximum-Sharpe,-0.0036243038421576923,2.4683762787434285,-0.1860475176551757
2021-11-02,Crypto Maximum-Sharpe,0.03335738930264829,2.550714867218895,-0.1588961878277425
2021-11-03,Crypto Maximum-Sharpe,0.024462071676626687,2.613110637127441,-0.13832104608690088
2021-11-04,Crypto Maximum-Sharpe,-0.027662225910073147,2.5408261803552064,-0.1621570039720005
2021-11-05,Crypto Maximum-Sharpe,-0.005422283385059235,2.5270491007731426,-0.16670002612865142
2021-11-06,Crypto Maximum-Sharpe,0.00750901248566704,2.5460247440227417,-0.16044276622054554
2021-11-07,Crypto Maximum-Sharpe,0.015167420294823973,2.5846413713963563,-0.14770884879425272
2021-11-08,Crypto Maximum-Sharpe,0.046840854800628294,2.7057081825856297,-0.10778680273276398
2021-11-09,Crypto Maximum-Sharpe,0.033309660810238895,2.795834404399045,-0.07806748376137362
2021-11-10,Crypto Maximum-Sharpe,-0.05092815496727665,2.6534477165889667,-0.12501980581774574
2021-11-11,Crypto Maximum-Sharpe,0.005045590434793406,2.6668359270070128,-0.12060501411934599
2021-11-12,Crypto Maximum-Sharpe,-0.01696356303696071,2.6215968876499978,-0.1355226863967196
2021-11-13,Crypto Maximum-Sharpe,0.0017768352228240518,2.62625503334002,-0.13398665265657705
2021-11-14,Crypto Maximum-Sharpe,-0.005056873037505016,2.612974395072311,-0.13836597220287739
2021-11-15,Crypto Maximum-Sharpe,-0.014927294117160768,2.5739697577564566,-0.1512278367571589
2021-11-16,Crypto Maximum-Sharpe,-0.07110342277461804,2.390951697861618,-0.21157844271954174
2021-11-17,Crypto Maximum-Sharpe,0.007320981531874659,2.4084558110852674,-0.2058064230593596
2021-11-18,Crypto Maximum-Sharpe,-0.05601982418772916,2.273534539984356,-0.25029700761059803
2021-11-19,Crypto Maximum-Sharpe,0.055958642391374505,2.400758446271779,-0.20834464595973612
2021-11-20,Crypto Maximum-Sharpe,0.026194116362668468,2.463644192372081,-0.187607933496876
2021-11-21,Crypto Maximum-Sharpe,-0.03438687191292759,2.378927175089954,-0.2155435554307975
2021-11-22,Crypto Maximum-Sharpe,-0.0382928497015239,2.2878312743233638,-0.2455826281600778
2021-11-23,Crypto Maximum-Sharpe,0.02126974515804137,2.336492862492819,-0.2295363629182432
2021-11-24,Crypto Maximum-Sharpe,-0.02955271619451856,2.2674431520370506,-0.25230565612311684
2021-11-25,Crypto Maximum-Sharpe,-0.006250359087310855,2.253270818126755,-0.25697901425989866
2021-11-26,Crypto Maximum-Sharpe,-0.06321471402921813,2.11083094772849,-0.30394887339116694
2021-11-27,Crypto Maximum-Sharpe,0.01344891701413506,2.139219337975358,-0.2945877395518096
2021-11-28,Crypto Maximum-Sharpe,0.036498175873689864,2.217296941605181,-0.26884147880651443
2021-11-29,Crypto Maximum-Sharpe,0.01919530654488498,2.2598586361003283,-0.25480666685930076
2021-11-30,Crypto Maximum-Sharpe,0.003536378103030896,2.2678503506969787,-0.2521713814734574
2021-12-01,Crypto Maximum-Sharpe,-0.007038638835776657,2.2518877711448333,-0.25743507703032353
2021-12-02,Crypto Maximum-Sharpe,0.031399119672586635,2.3225950647602445,-0.23411919214933352
2021-12-03,Crypto Maximum-Sharpe,-0.07280468628718416,2.1534992596982128,-0.28987890409827644
2021-12-04,Crypto Maximum-Sharpe,-0.06154095855577764,2.020970851007227,-0.3335804370307479
2021-12-05,Crypto Maximum-Sharpe,-0.004328827031987987,2.012222417756527,-0.3364652520495748
2021-12-06,Crypto Maximum-Sharpe,0.03371786431803408,2.0800702602161483,-0.3140922774478814
2021-12-07,Crypto Maximum-Sharpe,-0.015587195442154717,2.0476477985367456,-0.3247836551745845
2021-12-08,Crypto Maximum-Sharpe,0.02222247145272923,2.0931515932849725,-0.3097786792272854
2021-12-09,Crypto Maximum-Sharpe,-0.0749524551936548,1.9362647422757535,-0.36151246184620756
2021-12-10,Crypto Maximum-Sharpe,-0.052116755343723876,1.8353529064218896,-0.39478836066218526
2021-12-11,Crypto Maximum-Sharpe,0.07249972097056194,1.9684154800199867,-0.3509106856820573
2021-12-12,Crypto Maximum-Sharpe,0.003676156140318483,1.9756516826735602,-0.3485245320136122
2021-12-13,Crypto Maximum-Sharpe,-0.08873124850025182,1.8003496422683118,-0.4063307636553303
2021-12-14,Crypto Maximum-Sharpe,-0.00481537011778304,1.7916802923993718,-0.40918950075587146
2021-12-15,Crypto Maximum-Sharpe,0.06932512001699337,1.91588874370204,-0.3682314919884724
2021-12-16,Crypto Maximum-Sharpe,-0.030907041281761277,1.8566742912091794,-0.38775758734610144
2021-12-17,Crypto Maximum-Sharpe,-0.019681090412422983,1.8201329166174702,-0.39980718562386275
2021-12-18,Crypto Maximum-Sharpe,0.01997118042015396,1.8564831194838987,-0.38782062664107697
2021-12-19,Crypto Maximum-Sharpe,-0.004761494247311735,1.8476434857902446,-0.3907355152056484
2021-12-20,Crypto Maximum-Sharpe,-0.0019609159471623413,1.844020412214288,-0.39193023164992125
2021-12-21,Crypto Maximum-Sharpe,0.027120063170418367,1.8940303622810803,-0.37543934112024546
2021-12-22,Crypto Maximum-Sharpe,0.01101299977688049,1.9148893182382867,-0.36856105472335443
2021-12-23,Crypto Maximum-Sharpe,0.0644698796611955,2.038342002149618,-0.3278522619079769
2021-12-24,Crypto Maximum-Sharpe,-0.028753305508993403,1.9797329318299968,-0.3471787311685156
2021-12-25,Crypto Maximum-Sharpe,0.024645883533774587,2.028525199095857,-0.331089374208524
2021-12-26,Crypto Maximum-Sharpe,-0.0028870746940961233,2.022668695327211,-0.3330205691488586
2021-12-27,Crypto Maximum-Sharpe,0.010323603052786963,2.043549924045067,-0.32613493826037765
2021-12-28,Crypto Maximum-Sharpe,-0.0657080399883724,1.9092722639176787,-0.3704132906839318
2021-12-29,Crypto Maximum-Sharpe,-0.04481747292134397,1.823703505930075,-0.39862977598034277
2021-12-30,Crypto Maximum-Sharpe,0.021808469437307985,1.8634756881018624,-0.38551481182930303
2021-12-31,Crypto Maximum-Sharpe,-0.020159771370687436,1.8259084442748943,-0.3979026927334981
2022-01-01,Crypto Maximum-Sharpe,0.033900498297365605,1.887807650381181,-0.37749129399366166
2022-01-02,Crypto Maximum-Sharpe,0.008549258134327584,1.903947005292248,-0.3721693063751472
2022-01-03,Crypto Maximum-Sharpe,-0.02917482973577957,1.8483996755868992,-0.3904861599645487
2022-01-04,Crypto Maximum-Sharpe,-0.004254991066799964,1.840534751479401,-0.39307963590899053
2022-01-05,Crypto Maximum-Sharpe,-0.06054707876844867,1.7290957489055105,-0.42982689099978444
2022-01-06,Crypto Maximum-Sharpe,0.002860396497199131,1.7340416483290018,-0.42819596983600305
2022-01-07,Crypto Maximum-Sharpe,-0.052248414488774056,1.6434407215463112,-0.45807182381036304
2022-01-08,Crypto Maximum-Sharpe,-0.025988944518002897,1.6007294318154173,-0.4721559651140981
2022-01-09,Crypto Maximum-Sharpe,0.004174290295792436,1.6074113411488338,-0.4699525908815819
2022-01-10,Crypto Maximum-Sharpe,-0.03377364775234012,1.5531231967197563,-0.4878542253691879
2022-01-11,Crypto Maximum-Sharpe,0.0479874484043739,1.6276536159879818,-0.46327765643357377
2022-01-12,Crypto Maximum-Sharpe,0.06908960911957336,1.7401075680986517,-0.4261957195108279
2022-01-13,Crypto Maximum-Sharpe,-0.04322591339308204,1.6648898290653729,-0.4509989336438326
2022-01-14,Crypto Maximum-Sharpe,0.0375116157808453,1.7273425366507102,-0.4304050165794058
2022-01-15,Crypto Maximum-Sharpe,0.009494751896850577,1.7437432254770855,-0.4249968535301364
2022-01-16,Crypto Maximum-Sharpe,0.0362412411050772,1.8069386441369455,-0.4041580258627441
2022-01-17,Crypto Maximum-Sharpe,0.038108664633863094,1.8757986629403276,-0.3814512838955685
2022-01-18,Crypto Maximum-Sharpe,-0.031528992515675584,1.816656620935568,-0.4009535017362058
2022-01-19,Crypto Maximum-Sharpe,-0.0523583459484982,1.7215394851069936,-0.432318585531538
2022-01-20,Crypto Maximum-Sharpe,-0.05195935394742418,1.632089405665853,-0.4618149450752792
2022-01-21,Crypto Maximum-Sharpe,-0.12109719658626353,1.4344479540615773,-0.526987646471287
2022-01-22,Crypto Maximum-Sharpe,-0.05690951066317193,1.3528142229241449,-0.5539065480482415
2022-01-23,Crypto Maximum-Sharpe,0.05034217590612426,1.420917834502899,-0.5314492330195157
2022-01-24,Crypto Maximum-Sharpe,-0.04237024543656336,1.3607131971098212,-0.5513018440159689
2022-01-25,Crypto Maximum-Sharpe,-0.007787222008195104,1.350117021354446,-0.5547959561712843
2022-01-26,Crypto Maximum-Sharpe,0.01998902245257593,1.3771045408079048,-0.5458967625432145
2022-01-27,Crypto Maximum-Sharpe,-0.022457653977290496,1.3461780035398854,-0.5560948559199864
2022-01-28,Crypto Maximum-Sharpe,0.025649469752706558,1.3807067555234405,-0.5447089243538352
2022-01-29,Crypto Maximum-Sharpe,0.011198890764839887,1.396169139656824,-0.5396101693314674
2022-01-30,Crypto Maximum-Sharpe,-0.012327385209918702,1.3789580248540736,-0.5452855721208476
2022-01-31,Crypto Maximum-Sharpe,0.023173371618321587,1.4109131316100838,-0.5347483057033916
2022-02-01,Crypto Maximum-Sharpe,0.03600121067660678,1.4617077125075695,-0.5179986814393711
2022-02-02,Crypto Maximum-Sharpe,-0.03601092299940403,1.4090702686248244,-0.5353559938076691
2022-02-03,Crypto Maximum-Sharpe,0.04443703240854519,1.4716851698176232,-0.5147085930460642
2022-02-04,Crypto Maximum-Sharpe,0.06919612383493204,1.5735200790743566,-0.48112830875445123
2022-02-05,Crypto Maximum-Sharpe,-0.00796504180766914,1.5609869258593225,-0.48526114346803806
2022-02-06,Crypto Maximum-Sharpe,0.015372241239099199,1.584982793454712,-0.47734845359029054
2022-02-07,Crypto Maximum-Sharpe,0.07017068541666492,1.6962021224450492,-0.4406736363446415
2022-02-08,Crypto Maximum-Sharpe,-0.016085010127080402,1.6689186941279452,-0.4496704065683811
2022-02-09,Crypto Maximum-Sharpe,0.03488447302379578,1.7271380432921601,-0.4304724487121192
2022-02-10,Crypto Maximum-Sharpe,-0.007230388070471907,1.7146501649878823,-0.4345903539247562
2022-02-11,Crypto Maximum-Sharpe,-0.05645775732234395,1.6178448620802794,-0.4665121145105846
2022-02-12,Crypto Maximum-Sharpe,-0.026777525410353557,1.5745229801759146,-0.4807975999203933
2022-02-13,Crypto Maximum-Sharpe,0.011874690778838256,1.5932199536896785,-0.47463223196781734
2022-02-14,Crypto Maximum-Sharpe,-0.018712718200583855,1.5634064776647363,-0.48446329096267327
2022-02-15,Crypto Maximum-Sharpe,0.06061965785429159,1.6581796434279559,-0.453211632049503
2022-02-16,Crypto Maximum-Sharpe,-0.027962015739475446,1.6118135981395456,-0.46850093700029694
2022-02-17,Crypto Maximum-Sharpe,-0.07576011841372823,1.4897024090836364,-0.5087673689499399
2022-02-18,Crypto Maximum-Sharpe,-0.016872743018765957,1.4645670431607316,-0.5170558108960799
2022-02-19,Crypto Maximum-Sharpe,-0.004880324500818013,1.4574194807369036,-0.5194127352546914
2022-02-20,Crypto Maximum-Sharpe,-0.055494371390971145,1.3765409028004536,-0.5460826234102386
2022-02-21,Crypto Maximum-Sharpe,-0.0835378221583645,1.2615476736685949,-0.5840018924903854
2022-02-22,Crypto Maximum-Sharpe,0.05184418598172463,1.3269515858870817,-0.5624348092366114
2022-02-23,Crypto Maximum-Sharpe,-0.013121294816078556,1.3095402629219943,-0.5681762311058716
2022-02-24,Crypto Maximum-Sharpe,-0.008263826921239888,1.298718448842812,-0.57174474799249
2022-02-25,Crypto Maximum-Sharpe,0.05333180046831166,1.3679814420210121,-0.548905124342919
2022-02-26,Crypto Maximum-Sharpe,0.010702864547788673,1.3826227620988516,-0.5440771169905597
2022-02-27,Crypto Maximum-Sharpe,-0.04332784077944325,1.3227167032045986,-0.5638312710732974
2022-02-28,Crypto Maximum-Sharpe,0.10880927648883018,1.4666405506799818,-0.5163720672517302
2022-03-01,Crypto Maximum-Sharpe,0.00467039288124323,1.4734903382672202,-0.5141133347974522
2022-03-02,Crypto Maximum-Sharpe,-0.021141162537123434,1.4423390395290319,-0.5243855437611202
2022-03-03,Crypto Maximum-Sharpe,0.0021386304545975357,1.4454236697248237,-0.5233683802003609
2022-03-04,Crypto Maximum-Sharpe,-0.07801350043982411,1.332661109631014,-0.5605520812812341
2022-03-05,Crypto Maximum-Sharpe,0.021331505314067217,1.3610887771729587,-0.551177995667829
2022-03-06,Crypto Maximum-Sharpe,-0.042340479921936604,1.303459625131094,-0.5701813347307786
2022-03-07,Crypto Maximum-Sharpe,-0.014635615522147209,1.284382691209033,-0.5764719954599014
2022-03-08,Crypto Maximum-Sharpe,0.017156747358465382,1.3064185205536922,-0.569205632486772
2022-03-09,Crypto Maximum-Sharpe,0.05629722070225738,1.37996625233482,-0.5449531069015905
2022-03-10,Crypto Maximum-Sharpe,-0.04683155122793446,1.315340292095781,-0.566263658786841
2022-03-11,Crypto Maximum-Sharpe,0.010854423180827478,1.3296175522529818,-0.5615557009904096
2022-03-12,Crypto Maximum-Sharpe,-0.007486941314256062,1.319662783668859,-0.5648383077266645
2022-03-13,Crypto Maximum-Sharpe,-0.03145602315171098,1.27815144059332,-0.5785267639935523
2022-03-14,Crypto Maximum-Sharpe,0.021275127337308804,1.3053442752483078,-0.5695598672282476
2022-03-15,Crypto Maximum-Sharpe,-0.0012763747784151984,1.303678166738232,-0.5701092701573351
2022-03-16,Crypto Maximum-Sharpe,0.05272867306318074,1.3724193865717793,-0.547441702410569
2022-03-17,Crypto Maximum-Sharpe,-0.0013432701142671527,1.3705758566255566,-0.5480496104466845
2022-03-18,Crypto Maximum-Sharpe,0.03047340132393231,1.4123419647493995,-0.5342771448473187
2022-03-19,Crypto Maximum-Sharpe,0.13100219649418807,1.597361864332488,-0.4732664278647729
2022-03-20,Crypto Maximum-Sharpe,0.06717825494766734,1.7046698468982973,-0.437881385666377
2022-03-21,Crypto Maximum-Sharpe,0.014607287177849981,1.7295704488953623,-0.4296703576387907
2022-03-22,Crypto Maximum-Sharpe,0.12299832405446046,1.9423047154436128,-0.3595207674697821
2022-03-23,Crypto Maximum-Sharpe,-0.005135002197803432,1.932330976461006,-0.36280962973647224
2022-03-24,Crypto Maximum-Sharpe,0.04890233235463367,2.0268264680910555,-0.3316495344766732
2022-03-25,Crypto Maximum-Sharpe,-0.008852599134452563,2.0088837858539472,-0.33756617322927596
2022-03-26,Crypto Maximum-Sharpe,-0.007841294954119334,1.9931315355605186,-0.3427605122525712
2022-03-27,Crypto Maximum-Sharpe,0.026299189240464704,2.0455492789953627,-0.32547564658799544
2022-03-28,Crypto Maximum-Sharpe,-0.005572882367617863,2.034149673486356,-0.32923469146365414
2022-03-29,Crypto Maximum-Sharpe,0.027754807878529644,2.0906071068701433,-0.31061772919364516
2022-03-30,Crypto Maximum-Sharpe,0.004368695738394497,2.0997403332285844,-0.30760602780504864
2022-03-31,Crypto Maximum-Sharpe,-0.04624811822018371,2.002631294065741,-0.3396279460860633
2022-04-01,Crypto Maximum-Sharpe,0.011352608227461107,2.025366382571323,-0.33213100087361447
2022-04-02,Crypto Maximum-Sharpe,-0.030163965267418904,1.9642733013536438,-0.35227657816644864
2022-04-03,Crypto Maximum-Sharpe,0.026273538948382393,2.0158817124420265,-0.3352585916151253
2022-04-04,Crypto Maximum-Sharpe,0.0017080013630409755,2.019324841154607,-0.33412321238353415
2022-04-05,Crypto Maximum-Sharpe,-0.046875112680116765,1.9246687616877258,-0.36533626183413015
2022-04-06,Crypto Maximum-Sharpe,-0.12805102240100663,1.6782129589703332,-0.44660560238711455
2022-04-07,Crypto Maximum-Sharpe,0.11705571656404011,1.8746573794296635,-0.3818276246320129
2022-04-08,Crypto Maximum-Sharpe,-0.06335141904570599,1.7558951742182898,-0.4209897218264298
2022-04-09,Crypto Maximum-Sharpe,0.03438434394924414,1.8162704778274295,-0.4010808332715622
2022-04-10,Crypto Maximum-Sharpe,-0.031850842521533564,1.7584207328616375,-0.4201569133341577
2022-04-11,Crypto Maximum-Sharpe,-0.0842258386813786,1.6103162718816417,-0.46899468361218755
2022-04-12,Crypto Maximum-Sharpe,0.028566402189042682,1.6563172141557725,-0.4538257721797335
2022-04-13,Crypto Maximum-Sharpe,0.013005729617367073,1.6778588280036733,-0.4467223778487288
2022-04-14,Crypto Maximum-Sharpe,-0.03542225285231187,1.6184252883476435,-0.466320717678097
2022-04-15,Crypto Maximum-Sharpe,0.011044073164831513,1.6362992956439686,-0.46042672463757905
2022-04-16,Crypto Maximum-Sharpe,0.020516149769218766,1.6698698570606674,-0.44935675850877577
2022-04-17,Crypto Maximum-Sharpe,-0.039537760954411846,1.6038469418272248,-0.47112795936201823
2022-04-18,Crypto Maximum-Sharpe,0.008626879102218753,1.6176831354928316,-0.4665654442068906
2022-04-19,Crypto Maximum-Sharpe,0.02329558833966105,1.6553680158812847,-0.4541387723889845
2022-04-20,Crypto Maximum-Sharpe,-0.031496410361984875,1.603229865552983,-0.4713314416145178
2022-04-21,Crypto Maximum-Sharpe,-0.042033164946761285,1.5358410401666207,-0.49355305433130126
2022-04-22,Crypto Maximum-Sharpe,0.014228575582004783,1.5576938704885763,-0.48634703568657867
2022-04-23,Crypto Maximum-Sharpe,-0.025125794268364466,1.518555574765588,-0.49925297439325333
2022-04-24,Crypto Maximum-Sharpe,-0.024659708555186646,1.4811084368670147,-0.5116012501045922
2022-04-25,Crypto Maximum-Sharpe,0.002607123995652281,1.4849698702129337,-0.5103279340042933
2022-04-26,Crypto Maximum-Sharpe,-0.08698849941695608,1.3557945695237186,-0.5529237722316606
2022-04-27,Crypto Maximum-Sharpe,0.020928957571038808,1.3841699365443252,-0.5435669328296769
2022-04-28,Crypto Maximum-Sharpe,-0.0024697120261707463,1.3807514354057777,-0.5446941910648094
2022-04-29,Crypto Maximum-Sharpe,-0.06091897730191842,1.296637470052702,-0.572430955304764
2022-04-30,Crypto Maximum-Sharpe,-0.10059007608496708,1.1662086082854815,-0.6154401580422344
2022-05-01,Crypto Maximum-Sharpe,0.06383712248164534,1.240656010051751,-0.5908909643096543
2022-05-02,Crypto Maximum-Sharpe,0.010385740614597029,1.2535411415640894,-0.5866420639818865
2022-05-03,Crypto Maximum-Sharpe,-0.02585673796570181,1.22112865673744,-0.5973301518195502
2022-05-04,Crypto Maximum-Sharpe,0.05693218044223775,1.2906501737660034,-0.5744052793642922
2022-05-05,Crypto Maximum-Sharpe,-0.06516767768720294,1.206541499235088,-0.6021402989440552
2022-05-06,Crypto Maximum-Sharpe,-0.019688422857003042,1.1827866000036253,-0.6099735289762054
2022-05-07,Crypto Maximum-Sharpe,-0.021935635087957997,1.1568414247590193,-0.6185290073192274
2022-05-08,Crypto Maximum-Sharpe,-0.044848873197181616,1.1049583903907552,-0.6356375514983703
2022-05-09,Crypto Maximum-Sharpe,-0.10818267951870125,0.985421030961612,-0.6750552574932716
2022-05-10,Crypto Maximum-Sharpe,0.0436511011139235,1.0284357440239043,-0.6608710616816724
2022-05-11,Crypto Maximum-Sharpe,-0.11610712664361159,0.9090270248477039,-0.700246348271512
2022-05-12,Crypto Maximum-Sharpe,-0.05322196142896381,0.8606468235933736,-0.7161998255619967
2022-05-13,Crypto Maximum-Sharpe,0.02716838594075958,0.8840292086554473,-0.7084894328928101
2022-05-14,Crypto Maximum-Sharpe,0.020835387399957994,0.9024482996906619,-0.7024156972959503
2022-05-15,Crypto Maximum-Sharpe,0.04350801345188926,0.9417120324532378,-0.6894683954508314
2022-05-16,Crypto Maximum-Sharpe,-0.05732090938796811,0.8877322423714264,-0.7072683494172947
2022-05-17,Crypto Maximum-Sharpe,0.03352192147291116,0.9174907328891728,-0.6974554220138256
2022-05-18,Crypto Maximum-Sharpe,-0.08315410077017737,0.8411976160308027,-0.7226132443391586
2022-05-19,Crypto Maximum-Sharpe,0.05305973501342907,0.8858313386313252,-0.7078951765875596
2022-05-20,Crypto Maximum-Sharpe,-0.028280961322595513,0.8607791768051497,-0.7161561818006305
2022-05-21,Crypto Maximum-Sharpe,0.006734699921219742,0.8665762662593669,-0.7142445788605645
2022-05-22,Crypto Maximum-Sharpe,0.034793581522234794,0.8967275582246961,-0.7043021243197289
2022-05-23,Crypto Maximum-Sharpe,-0.03439039069859773,0.8658887471471493,-0.7144712897931189
2022-05-24,Crypto Maximum-Sharpe,0.004041201774801119,0.8693879782889006,-0.7133174106626742
2022-05-25,Crypto Maximum-Sharpe,-0.01729086561556348,0.8543555075885207,-0.7182744007892277
2022-05-26,Crypto Maximum-Sharpe,-0.07244651972202694,0.7924604244583866,-0.7386844399686507
2022-05-27,Crypto Maximum-Sharpe,-0.04345167207124345,0.7580266939653824,-0.7500390379902463
2022-05-28,Crypto Maximum-Sharpe,0.019119248873316678,0.772519594979924,-0.7452599721489681
2022-05-29,Crypto Maximum-Sharpe,0.030815948088992465,0.7963255187165548,-0.7374099166745223
2022-05-30,Crypto Maximum-Sharpe,0.10148065133492253,0.8771371510305307,-0.7107621039845612
2022-05-31,Crypto Maximum-Sharpe,-0.027186934231186392,0.8532904809937335,-0.7186255956406997
2022-06-01,Crypto Maximum-Sharpe,-0.06120255856944698,0.8010669203539629,-0.735846429103443
2022-06-02,Crypto Maximum-Sharpe,0.008924915904946045,0.8082163752523561,-0.7334888806972
2022-06-03,Crypto Maximum-Sharpe,-0.03651199348035505,0.7787067842284259,-0.743219732947626
2022-06-04,Crypto Maximum-Sharpe,-0.009575553603478388,0.7712502356746543,-0.7456785461591016
2022-06-05,Crypto Maximum-Sharpe,0.013177089958018579,0.7814130694102823,-0.7423273294835859
2022-06-06,Crypto Maximum-Sharpe,0.0034263556344134192,0.7840904684834605,-0.7414444512771277
2022-06-07,Crypto Maximum-Sharpe,0.0037697449969036306,0.7870462896041459,-0.7404697627909078
2022-06-08,Crypto Maximum-Sharpe,-0.016777864091887754,0.773841333923143,-0.7448241258385374
2022-06-09,Crypto Maximum-Sharpe,0.0042040429958103386,0.7770945961628911,-0.7437513554920692
2022-06-10,Crypto Maximum-Sharpe,-0.025093907437285016,0.7575942562967651,-0.750181635258281
2022-06-11,Crypto Maximum-Sharpe,-0.037963570827518105,0.728833273089322,-0.759665632442168
2022-06-12,Crypto Maximum-Sharpe,0.006267465900107824,0.7334012107752733,-0.7581593449888753
2022-06-13,Crypto Maximum-Sharpe,-0.16525123860314014,0.6122057523016168,-0.7981238127740583
2022-06-14,Crypto Maximum-Sharpe,-0.12552909351544667,0.5353561191702527,-0.8234651475588853
2022-06-15,Crypto Maximum-Sharpe,0.12811457007507204,0.6039430382148087,-0.8008484608351257
2022-06-16,Crypto Maximum-Sharpe,-0.0610649170021419,0.5670633067122,-0.8130096330450776
2022-06-17,Crypto Maximum-Sharpe,0.01326787144829433,0.5745870297687021,-0.8105286688942502
2022-06-18,Crypto Maximum-Sharpe,0.017520138991895497,0.5846538743931902,-0.8072091048382981
2022-06-19,Crypto Maximum-Sharpe,0.009388895965015714,0.5901431287954112,-0.8053990111806226
2022-06-20,Crypto Maximum-Sharpe,-0.00557766747329291,0.5868515066613417,-0.8064844307862311
2022-06-21,Crypto Maximum-Sharpe,0.06040688099228972,0.6223013757843793,-0.7947947588265798
2022-06-22,Crypto Maximum-Sharpe,-0.026539834684573996,0.6057856001470789,-0.8002408720037304
2022-06-23,Crypto Maximum-Sharpe,0.009853533091908964,0.6117547286047301,-0.7982725388256083
2022-06-24,Crypto Maximum-Sharpe,0.033789708201680695,0.6324257423752824,-0.7914562267762597
2022-06-25,Crypto Maximum-Sharpe,-0.014976910332770255,0.6229539587395921,-0.7945795681682892
2022-06-26,Crypto Maximum-Sharpe,0.0007701480956911948,0.6234337255446187,-0.794421364013898
2022-06-27,Crypto Maximum-Sharpe,0.032448746003128616,0.6436633681546002,-0.7877505950711153
2022-06-28,Crypto Maximum-Sharpe,-0.015416255334360309,0.6337404893217545,-0.791022686092065
2022-06-29,Crypto Maximum-Sharpe,-0.018292497182254782,0.6221477932065556,-0.7948454030178811
2022-06-30,Crypto Maximum-Sharpe,-0.001156833980073163,0.6214280714987467,-0.7950827328268383
2022-07-01,Crypto Maximum-Sharpe,0.002918676202519943,0.623241818822608,-0.7944846456756546
2022-07-02,Crypto Maximum-Sharpe,-0.002740850942955508,0.6215336058957988,-0.7950479326283463
2022-07-03,Crypto Maximum-Sharpe,0.022851584856107054,0.6357366338318488,-0.7903644530693683
2022-07-04,Crypto Maximum-Sharpe,0.014974489922158453,0.6452564656483107,-0.7872252676845295
2022-07-05,Crypto Maximum-Sharpe,0.014218133416779898,0.6544308081649383,-0.7842000081527485
2022-07-06,Crypto Maximum-Sharpe,-0.008915808026445083,0.6485960287127484,-0.7861240394521669
2022-07-07,Crypto Maximum-Sharpe,0.01565420115157369,0.6587492814123296,-0.7827759821442651
2022-07-08,Crypto Maximum-Sharpe,0.005506639248160413,0.6623767760600522,-0.7815798078418976
2022-07-09,Crypto Maximum-Sharpe,0.011749922495481348,0.6701596518415646,-0.7790133875125917
2022-07-10,Crypto Maximum-Sharpe,-0.031303255677289206,0.649181472915365,-0.7859309879445432
2022-07-11,Crypto Maximum-Sharpe,-0.04329832708605953,0.6210730011628657,-0.7951998180475099
2022-07-12,Crypto Maximum-Sharpe,-0.0011434093422714282,0.6203628604911036,-0.7954339884888533
2022-07-13,Crypto Maximum-Sharpe,0.02473545679409052,0.6357078192234397,-0.7903739547495798
2022-07-14,Crypto Maximum-Sharpe,0.009646287784761858,0.6418400397946923,-0.7883518415899129
2022-07-15,Crypto Maximum-Sharpe,0.0028258556827358617,0.6436537871185535,-0.7877537544387292
2022-07-16,Crypto Maximum-Sharpe,0.027224929424934277,0.6611772160469478,-0.7819753653826162
2022-07-17,Crypto Maximum-Sharpe,-0.02133619055889247,0.6470702129721722,-0.7866271805333457
2022-07-18,Crypto Maximum-Sharpe,0.024485687630326138,0.6629141720818974,-0.7814026003270832
2022-07-19,Crypto Maximum-Sharpe,0.0009264959728163575,0.6635283593926542,-0.781200070716618
2022-07-20,Crypto Maximum-Sharpe,-0.022229544954451955,0.6487784258989815,-0.7860638935806539
2022-07-21,Crypto Maximum-Sharpe,0.0063159936476378025,0.6528761063156839,-0.7847126744915089
2022-07-22,Crypto Maximum-Sharpe,-0.014375485976497857,0.6434906950049523,-0.787807534420274
2022-07-23,Crypto Maximum-Sharpe,-0.0014168035950877778,0.6425789950748637,-0.7881081694683578
2022-07-24,Crypto Maximum-Sharpe,-0.00022398808957523647,0.6424350650333557,-0.7881556307146753
2022-07-25,Crypto Maximum-Sharpe,-0.0461430915634288,0.6127911250039643,-0.7979307848438049
2022-07-26,Crypto Maximum-Sharpe,0.023240140888373336,0.6270324770842012,-0.7932346678143718
2022-07-27,Crypto Maximum-Sharpe,0.05090373027344766,0.6589507691703871,-0.7827095411148948
2022-07-28,Crypto Maximum-Sharpe,0.015888785446275276,0.6694206965613935,-0.7792570596341466
2022-07-29,Crypto Maximum-Sharpe,-0.006680486349147198,0.6649486407361784,-0.7807317298339314
2022-07-30,Crypto Maximum-Sharpe,-0.002121517694833927,0.6635379404287008,-0.7811969113490043
2022-07-31,Crypto Maximum-Sharpe,-0.002892497329803572,0.6616186587077875,-0.7818297986986801
2022-08-01,Crypto Maximum-Sharpe,0.014417661538122399,0.6711576525963429,-0.7786842945786137
2022-08-02,Crypto Maximum-Sharpe,-0.02236292830825457,0.6561486021277944,-0.7836335618324429
2022-08-03,Crypto Maximum-Sharpe,-0.008014934069561223,0.6508896143419053,-0.7853677245692217
2022-08-04,Crypto Maximum-Sharpe,0.01649838185355954,0.6616282397438341,-0.7818266393310663
2022-08-05,Crypto Maximum-Sharpe,0.01282205762636807,0.670111675161062,-0.779029207928031
2022-08-06,Crypto Maximum-Sharpe,-0.0050982932849176175,0.6666952493074434,-0.7801557818334144
2022-08-07,Crypto Maximum-Sharpe,0.0023174746100917978,0.6682402986203823,-0.7796462984396378
2022-08-08,Crypto Maximum-Sharpe,0.006850215755795936,0.6728178888426494,-0.7781368280413611
2022-08-09,Crypto Maximum-Sharpe,-0.02333473786677057,0.6571178597744322,-0.7833139470013062
2022-08-10,Crypto Maximum-Sharpe,0.02698830576387937,0.6748523574969305,-0.7774659575482092
2022-08-11,Crypto Maximum-Sharpe,0.0001279869944872859,0.6749387298218892,-0.7774374760849447
2022-08-12,Crypto Maximum-Sharpe,0.0017062042548747938,0.6760903131544911,-0.7770577389596652
2022-08-13,Crypto Maximum-Sharpe,-0.007764251531842006,0.6708409779049178,-0.7787887187514599
2022-08-14,Crypto Maximum-Sharpe,0.007095445962613102,0.6756008938131487,-0.7772191260590405
2022-08-15,Crypto Maximum-Sharpe,-0.020795480714849372,0.6615514484549223,-0.781851961426717
2022-08-16,Crypto Maximum-Sharpe,0.011314861723397544,0.6690368116171032,-0.7793836465350299
2022-08-17,Crypto Maximum-Sharpe,-0.021472839461445604,0.6546706915674516,-0.7841209060755527
2022-08-18,Crypto Maximum-Sharpe,-0.01137513503146882,0.6472237240497268,-0.7865765599194146
2022-08-19,Crypto Maximum-Sharpe,-0.04983470035393109,0.6149695236997533,-0.7972124531043356
2022-08-20,Crypto Maximum-Sharpe,0.02663778610244915,0.6313509503315924,-0.7918106418058886
2022-08-21,Crypto Maximum-Sharpe,0.0029487941744384097,0.6332126743359563,-0.7911967342392657
2022-08-22,Crypto Maximum-Sharpe,-0.006410731239346304,0.6291533180634408,-0.7925353158579556
2022-08-23,Crypto Maximum-Sharpe,0.010646739052612595,0.6358517492649476,-0.7903264935032626
2022-08-24,Crypto Maximum-Sharpe,-0.02120499745979929,0.6223685145369754,-0.7947726196759131
2022-08-25,Crypto Maximum-Sharpe,0.01000732731018796,0.6285967599695024,-0.7927188421079975
2022-08-26,Crypto Maximum-Sharpe,-0.058837938333828145,0.5916114225695727,-0.8049148380938116
2022-08-27,Crypto Maximum-Sharpe,0.020308838699607288,0.6036263635233834,-0.8009528850079721
2022-08-28,Crypto Maximum-Sharpe,-0.02271858540835162,0.5899128264289447,-0.8054749538902044
2022-08-29,Crypto Maximum-Sharpe,0.030746144050940935,0.6080503711678268,-0.7994940588009967
2022-08-30,Crypto Maximum-Sharpe,0.021069783537932936,0.6208618608684927,-0.7952694420218642
2022-08-31,Crypto Maximum-Sharpe,-0.01992399246834462,0.6084918138286665,-0.7993484921170606
2022-09-01,Crypto Maximum-Sharpe,-0.0024760459126030652,0.6069851601601836,-0.7998453144630118
2022-09-02,Crypto Maximum-Sharpe,-0.010387346569569968,0.6006801949390138,-0.8019243905492077
2022-09-03,Crypto Maximum-Sharpe,0.008291662153363513,0.6056608321776646,-0.8002820145148202
2022-09-04,Crypto Maximum-Sharpe,0.006464717582825413,0.6095762584086722,-0.7989908941424477
2022-09-05,Crypto Maximum-Sharpe,-0.008894834443921648,0.6041541785091818,-0.8007788368607713
2022-09-06,Crypto Maximum-Sharpe,-0.03478677350625366,0.5831376039385262,-0.8077090983405482
2022-09-07,Crypto Maximum-Sharpe,0.017345513711815305,0.593252425243517,-0.8043737138691568
2022-09-08,Crypto Maximum-Sharpe,-0.009560146485464318,0.5875808451553319,-0.806243929820975
2022-09-09,Crypto Maximum-Sharpe,0.03573523740846632,0.608578186153625,-0.7993200106537961
2022-09-10,Crypto Maximum-Sharpe,0.019758443555117012,0.6206027438936169,-0.7953548864116576
2022-09-11,Crypto Maximum-Sharpe,-0.00882954139335735,0.615123106277577,-0.7971618089130342
2022-09-12,Crypto Maximum-Sharpe,-0.0042903199409328775,0.6124840313485858,-0.7980320496490374
2022-09-13,Crypto Maximum-Sharpe,-0.04272751511817755,0.5863141106394968,-0.8066616383010454
2022-09-14,Crypto Maximum-Sharpe,0.008380256669178696,0.591227573375417,-0.8050414132060097
2022-09-15,Crypto Maximum-Sharpe,-0.005762263502000238,0.5878207643079796,-0.8061648159550943
2022-09-16,Crypto Maximum-Sharpe,0.0006367045549158004,0.5881950324660886,-0.80604140021051
2022-09-17,Crypto Maximum-Sharpe,0.01625009891845509,0.5977532599270065,-0.8028895537778458
2022-09-18,Crypto Maximum-Sharpe,-0.022668900596807255,0.5842028506963036,-0.807357830889848
2022-09-19,Crypto Maximum-Sharpe,-0.008886943168517302,0.5790110731632797,-0.8090698308985899
2022-09-20,Crypto Maximum-Sharpe,-0.009728975325037602,0.5733778887195506,-0.8109273858025827
2022-09-21,Crypto Maximum-Sharpe,-0.009272323901975334,0.5680613432171122,-0.8126805283224144
2022-09-22,Crypto Maximum-Sharpe,0.018008632976894295,0.5782913514554707,-0.809307160707547
2022-09-23,Crypto Maximum-Sharpe,0.00310319270228888,0.5800859009571041,-0.808715404080276
2022-09-24,Crypto Maximum-Sharpe,-0.00952901981854193,0.5745582509104271,-0.8105381587857768
2022-09-25,Crypto Maximum-Sharpe,-0.0024051894599253047,0.5731763294612242,-0.8109938504093233
2022-09-26,Crypto Maximum-Sharpe,-0.002996910591782747,0.5714585712485027,-0.8115602849409437
2022-09-27,Crypto Maximum-Sharpe,-0.002317514863343539,0.5701342075158493,-0.8119969967814372
2022-09-28,Crypto Maximum-Sharpe,0.0031139815961498266,0.5719095949453892,-0.8114115588893938
2022-09-29,Crypto Maximum-Sharpe,0.024112776748687715,0.5856999233287398,-0.8068641679115106
2022-09-30,Crypto Maximum-Sharpe,-0.00029493712229878205,0.5855271786788225,-0.8069211308380396
2022-10-01,Crypto Maximum-Sharpe,-0.008834055700825516,0.5803545989680265,-0.8086268003228688
2022-10-02,Crypto Maximum-Sharpe,-0.022395315271052634,0.5673573747551323,-0.8129126634640682
2022-10-03,Crypto Maximum-Sharpe,0.0198755753612585,0.5786339290138437,-0.8091941950076112
2022-10-04,Crypto Maximum-Sharpe,0.017330183060149773,0.5886617609284673,-0.8058874954781539
2022-10-05,Crypto Maximum-Sharpe,-0.011163940853987857,0.5820899758464576,-0.8080545559976552
2022-10-06,Crypto Maximum-Sharpe,0.006745464888963102,0.5860164433407473,-0.806759794744541
2022-10-07,Crypto Maximum-Sharpe,-0.01192588131003946,0.5790276807917341,-0.8090643544967452
2022-10-08,Crypto Maximum-Sharpe,-0.019067830132506895,0.5679868793323778,-0.8127050829514418
2022-10-09,Crypto Maximum-Sharpe,0.0005099378453117288,0.5682765173377898,-0.8126095741850043
2022-10-10,Crypto Maximum-Sharpe,-0.10205848229109565,0.5102790784566255,-0.831734356639565
2022-10-11,Crypto Maximum-Sharpe,-0.020476771027723162,0.4998302106068316,-0.8351798936904891
2022-10-12,Crypto Maximum-Sharpe,0.0037441434700016254,0.5017016466259847,-0.8345627835657253
2022-10-13,Crypto Maximum-Sharpe,-0.0342304404176824,0.48452817830370076,-0.840225772345746
2022-10-14,Crypto Maximum-Sharpe,0.006974740512235586,0.4879076366182353,-0.8391113885673147
2022-10-15,Crypto Maximum-Sharpe,-0.016660345728548916,0.47977892670857625,-0.8417918484575695
2022-10-16,Crypto Maximum-Sharpe,0.015459436316509473,0.48719603847203075,-0.8393460396140465
2022-10-17,Crypto Maximum-Sharpe,0.031285805671106934,0.5024383590553998,-0.8343198510291179
2022-10-18,Crypto Maximum-Sharpe,-0.01845199059485913,0.4931673711796131,-0.8373769795796835
2022-10-19,Crypto Maximum-Sharpe,-0.04522768530800744,0.47086255251172426,-0.8447320423710912
2022-10-20,Crypto Maximum-Sharpe,-0.03013100276438028,0.45667499164035036,-0.8494104216316276
2022-10-21,Crypto Maximum-Sharpe,0.01698762208838732,0.46443281381555407,-0.8468522627838561
2022-10-22,Crypto Maximum-Sharpe,0.0540107985950837,0.489517200983494,-0.8385806311937821
2022-10-23,Crypto Maximum-Sharpe,0.007369990463987676,0.49312493808670027,-0.8373909719849774
2022-10-24,Crypto Maximum-Sharpe,-0.03186247028200072,0.47741275940159933,-0.8425720973076911
2022-10-25,Crypto Maximum-Sharpe,0.09178607503555876,0.5212326027589677,-0.8281224080184841
2022-10-26,Crypto Maximum-Sharpe,0.030491111371853334,0.5371255641003323,-0.8228816692190498
2022-10-27,Crypto Maximum-Sharpe,-0.027118506618596157,0.5225595209352603,-0.8276848538446077
2022-10-28,Crypto Maximum-Sharpe,0.02831226633160421,0.5373543652660948,-0.8228062215336869
2022-10-29,Crypto Maximum-Sharpe,0.014211386038809781,0.5449909155905309,-0.8202880523442269
2022-10-30,Crypto Maximum-Sharpe,-0.05168795496319221,0.5168214496901387,-0.8295769954010059
2022-10-31,Crypto Maximum-Sharpe,-0.010367958739022957,0.5114630662243093,-0.8313439340808686
2022-11-01,Crypto Maximum-Sharpe,-0.009403623757315403,0.506653459983773,-0.8329299122691611
2022-11-02,Crypto Maximum-Sharpe,-0.04642644307921404,0.4831313419629495,-0.8406863821874362
2022-11-03,Crypto Maximum-Sharpe,0.04639275621103353,0.505545136528546,-0.8332953843551603
2022-11-04,Crypto Maximum-Sharpe,0.07440238210982228,0.5431588989503052,-0.8208921638424818
2022-11-05,Crypto Maximum-Sharpe,0.026803739625887987,0.5577175886532533,-0.8160914040371594
2022-11-06,Crypto Maximum-Sharpe,-0.06126434598614991,0.5235493853394391,-0.827358443890054
2022-11-07,Crypto Maximum-Sharpe,0.008036656813394263,0.5277569720742756,-0.825970982951868
2022-11-08,Crypto Maximum-Sharpe,-0.12762194887499007,0.46040359876579284,-0.8481809052683494
2022-11-09,Crypto Maximum-Sharpe,-0.16049494344988385,0.38651114921775387,-0.8725471022919182
2022-11-10,Crypto Maximum-Sharpe,0.1969719116963348,0.4626429891711222,-0.84744246137912
2022-11-11,Crypto Maximum-Sharpe,-0.022368374082366138,0.45229441772275847,-0.8508549254720769
2022-11-12,Crypto Maximum-Sharpe,-0.046390756994594586,0.4313121373001703,-0.8577738783814425
2022-11-13,Crypto Maximum-Sharpe,-0.02517110538213354,0.4204555340395945,-0.8613538670767953
2022-11-14,Crypto Maximum-Sharpe,0.021568766870459596,0.42952424143268914,-0.858363440958284
2022-11-15,Crypto Maximum-Sharpe,0.008133317591649591,0.43301769850157357,-0.8572114658410093
2022-11-16,Crypto Maximum-Sharpe,-0.03002362339682306,0.4200169381976032,-0.8614984950159832
2022-11-17,Crypto Maximum-Sharpe,-0.014167424290186574,0.4140663800250927,-0.8634607046019211
2022-11-18,Crypto Maximum-Sharpe,-0.004962174976228964,0.4120117101956345,-0.8641382364768174
2022-11-19,Crypto Maximum-Sharpe,-0.0022918204568016373,0.4110674533297663,-0.864449607245757
2022-11-20,Crypto Maximum-Sharpe,-0.0682849781259329,0.38299772127086024,-0.8737056628499421
2022-11-21,Crypto Maximum-Sharpe,-0.008340457176574372,0.37980334517787506,-0.874759015360586
2022-11-22,Crypto Maximum-Sharpe,0.022542509021489444,0.3883650655129392,-0.8719357693344918
2022-11-23,Crypto Maximum-Sharpe,0.1042633972567872,0.428857326619173,-0.8585833575782291
2022-11-24,Crypto Maximum-Sharpe,-0.0071226017542980035,0.4258027466722517,-0.8595906120036293
2022-11-25,Crypto Maximum-Sharpe,-0.006097788843771763,0.4232062914339463,-0.8604467988033144
2022-11-26,Crypto Maximum-Sharpe,-0.010662635021684404,0.4186937972095055,-0.8619348036537824
2022-11-27,Crypto Maximum-Sharpe,-0.0025026601020584575,0.4176459489482499,-0.862280333912161
2022-11-28,Crypto Maximum-Sharpe,-0.0248782043165645,0.4072556676983299,-0.8657065519035032
2022-11-29,Crypto Maximum-Sharpe,0.00985065605426549,0.41126740320697636,-0.8643836733359633
2022-11-30,Crypto Maximum-Sharpe,0.03944387135074522,0.4274893817498274,-0.8590344403939664
2022-12-01,Crypto Maximum-Sharpe,-0.027637935886688825,0.41567445762478544,-0.8629304374925891
2022-12-02,Crypto Maximum-Sharpe,0.006479436125589766,0.4183677937220044,-0.8620423040175599
2022-12-03,Crypto Maximum-Sharpe,-0.03151532905605281,0.4051827950364006,-0.8663900862022613
2022-12-04,Crypto Maximum-Sharpe,0.014542010566793717,0.4110749675233029,-0.8644471294239863
2022-12-05,Crypto Maximum-Sharpe,-0.0036432651890609957,0.4095773124040309,-0.8649409844786331
2022-12-06,Crypto Maximum-Sharpe,0.005735792131690953,0.4119265627298371,-0.8641663140400917
2022-12-07,Crypto Maximum-Sharpe,-0.043243580181327235,0.39411338338561086,-0.8700402489302242
2022-12-08,Crypto Maximum-Sharpe,0.024848901391609113,0.40390666798647334,-0.8668108918910133
2022-12-09,Crypto Maximum-Sharpe,-0.0013950850387053353,0.4033431838369321,-0.8669967020230547
2022-12-10,Crypto Maximum-Sharpe,-0.00047411287891419035,0.40315195363885276,-0.8670597605995636
2022-12-11,Crypto Maximum-Sharpe,-0.011616441250740683,0.3984687626542857,-0.8686040530804182
2022-12-12,Crypto Maximum-Sharpe,-0.01952656551962262,0.39068803625279386,-0.8711697646469563
2022-12-13,Crypto Maximum-Sharpe,0.03818825014103511,0.40560772870832534,-0.8662499633935657
2022-12-14,Crypto Maximum-Sharpe,-0.02416185772806756,0.39580749247387015,-0.8694816127491742
2022-12-15,Crypto Maximum-Sharpe,-0.03436482598910329,0.3822056368698223,-0.8739668544154273
2022-12-16,Crypto Maximum-Sharpe,-0.12209162228254589,0.33554153061885206,-0.88935444562122
2022-12-17,Crypto Maximum-Sharpe,0.016665018036335244,0.34113333627855474,-0.8875105354618573
2022-12-18,Crypto Maximum-Sharpe,-0.013907374087478441,0.3363890673572193,-0.8890749685260895
2022-12-19,Crypto Maximum-Sharpe,-0.0503884747435871,0.31943893533267126,-0.8946643116729442
2022-12-20,Crypto Maximum-Sharpe,0.05188837019268688,0.33601410106317064,-0.8891986144825285
2022-12-21,Crypto Maximum-Sharpe,0.04211147726598008,0.3501641512411411,-0.8845326044552704
2022-12-22,Crypto Maximum-Sharpe,-0.007907032466754504,0.3473953919285839,-0.8854456089006941
2022-12-23,Crypto Maximum-Sharpe,-0.005822311241030498,0.34537274783307587,-0.886112580219701
2022-12-24,Crypto Maximum-Sharpe,0.003924943583662577,0.3467283163836552,-0.8856655785221744
2022-12-25,Crypto Maximum-Sharpe,-0.016356458046188127,0.3410570692233005,-0.8875356846903117
2022-12-26,Crypto Maximum-Sharpe,0.004246180940797652,0.34250525925036074,-0.8870581408581238
2022-12-27,Crypto Maximum-Sharpe,-0.02534542937916273,0.3338243163900389,-0.8899207007729556
2022-12-28,Crypto Maximum-Sharpe,-0.046101650398290395,0.318434464461377,-0.8949955381420096
2022-12-29,Crypto Maximum-Sharpe,0.0409951347289097,0.33148872823429937,-0.8906908660810047
2022-12-30,Crypto Maximum-Sharpe,-0.01232546381256483,0.32740297591017437,-0.8920381518555061
2022-12-31,Crypto Maximum-Sharpe,0.009889568115576397,0.33064084994168047,-0.8909704558043976
2023-01-01,Crypto Maximum-Sharpe,0.0049434237358108035,0.3322753477673108,-0.8904314765677164
2023-01-02,Crypto Maximum-Sharpe,0.02161291645034889,0.33945678709711635,-0.8880633812251864
2023-01-03,Crypto Maximum-Sharpe,-0.013599928123315333,0.334840199191624,-0.8895857111948907
2023-01-04,Crypto Maximum-Sharpe,0.2071955633759503,0.40421760290404796,-0.8667083604211613
2023-01-05,Crypto Maximum-Sharpe,-0.050623219647585274,0.3837548064068159,-0.8734560123687476
2023-01-06,Crypto Maximum-Sharpe,0.12214984105590079,0.4306303950138465,-0.8579986843930102
2023-01-07,Crypto Maximum-Sharpe,-0.019883416365192072,0.422067991570279,-0.860822155675629
2023-01-08,Crypto Maximum-Sharpe,0.014308122750075232,0.4281069922025443,-0.8588307819949451
2023-01-09,Crypto Maximum-Sharpe,-0.008355099863224658,0.42453011553054726,-0.8600102649089907
2023-01-10,Crypto Maximum-Sharpe,0.004772475647558226,0.42655617516857186,-0.8593421673073607
2023-01-11,Crypto Maximum-Sharpe,0.013503899719821605,0.4323163469829189,-0.8574427380398719
2023-01-12,Crypto Maximum-Sharpe,0.019352010697919916,0.440682537554618,-0.8546839683813533
2023-01-13,Crypto Maximum-Sharpe,0.03311346019350905,0.4552750612199074,-0.8498720517528705
2023-01-14,Crypto Maximum-Sharpe,0.04267744552268503,0.4747050378429571,-0.8434649744201211
2023-01-15,Crypto Maximum-Sharpe,-0.003302374157561501,0.47313738419352025,-0.8439819116433493
2023-01-16,Crypto Maximum-Sharpe,-0.026533619927421724,0.4605833366678749,-0.8481216363016076
2023-01-17,Crypto Maximum-Sharpe,-0.0005457074243953191,0.46033199292150245,-0.8482045174522829
2023-01-18,Crypto Maximum-Sharpe,-0.06532354288795904,0.43026147623919503,-0.8581203361666871
2023-01-19,Crypto Maximum-Sharpe,0.015519927034928223,0.43693910295636784,-0.8559183741362539
2023-01-20,Crypto Maximum-Sharpe,0.08507978373645937,0.4741137873418982,-0.843659940567369
2023-01-21,Crypto Maximum-Sharpe,-0.030692586127461934,0.4595620090896898,-0.8484584213066775
2023-01-22,Crypto Maximum-Sharpe,0.033402440846711026,0.4749125019137039,-0.8433965626885567
2023-01-23,Crypto Maximum-Sharpe,0.010021334680341512,0.4796717590392594,-0.8418271872311668
2023-01-24,Crypto Maximum-Sharpe,-0.06862239758402806,0.44675553288063724,-0.8526813848759737
2023-01-25,Crypto Maximum-Sharpe,0.031174941968313826,0.46068311069221424,-0.8480887355986297
2023-01-26,Crypto Maximum-Sharpe,0.005657817072608031,0.46328957146095084,-0.8472292494533782
2023-01-27,Crypto Maximum-Sharpe,0.00043809229410322995,0.46349253505214627,-0.8471623217647994
2023-01-28,Crypto Maximum-Sharpe,-0.012488962541781994,0.45770399414348445,-0.8490711058032517
2023-01-29,Crypto Maximum-Sharpe,0.0482780871478325,0.47980106746065465,-0.8417845474960951
2023-01-30,Crypto Maximum-Sharpe,-0.062103055975393846,0.45000395491109185,-0.8516102105991175
2023-01-31,Crypto Maximum-Sharpe,0.01623319422747136,0.4573089565142939,-0.8492013703263993
2023-02-01,Crypto Maximum-Sharpe,0.030430468286701796,0.4712250822127268,-0.8446124974084387
2023-02-02,Crypto Maximum-Sharpe,0.005804222314833259,0.47396017735021506,-0.8437105937984506
2023-02-03,Crypto Maximum-Sharpe,0.016697745086242076,0.481874243572639,-0.8411009131340169
2023-02-04,Crypto Maximum-Sharpe,0.00660558696663228,0.4850573057955383,-0.8400512913968052
2023-02-05,Crypto Maximum-Sharpe,-0.011320478378196788,0.4795662250530935,-0.8418619872941682
2023-02-06,Crypto Maximum-Sharpe,-0.020429440927340916,0.46976895518762346,-0.8450926584831091
2023-02-07,Crypto Maximum-Sharpe,0.04330129913204242,0.4901105612391498,-0.8383849693503367
2023-02-08,Crypto Maximum-Sharpe,0.001601005208506046,0.4908952308004375,-0.8381262228444937
2023-02-09,Crypto Maximum-Sharpe,-0.06802988359348346,0.45749968539248753,-0.8491384770612203
2023-02-10,Crypto Maximum-Sharpe,0.009653857941302055,0.46191632236345703,-0.8476820813499608
2023-02-11,Crypto Maximum-Sharpe,0.01271586504375428,0.46778998798013804,-0.8457452272526614
2023-02-12,Crypto Maximum-Sharpe,-0.007061449715101794,0.4644867125027882,-0.8468344895737312
2023-02-13,Crypto Maximum-Sharpe,0.011571901986913668,0.4698617072140942,-0.8450620732993028
2023-02-14,Crypto Maximum-Sharpe,0.02061485567879462,0.4795478384973048,-0.8418680503011963
2023-02-15,Crypto Maximum-Sharpe,0.05985091511032352,0.5082492154705461,-0.8324037084035432
2023-02-16,Crypto Maximum-Sharpe,-0.052772722454012974,0.4814275206850492,-0.8412482209842849
2023-02-17,Crypto Maximum-Sharpe,0.05201976019484594,0.5064712648622847,-0.8329899915093821
2023-02-18,Crypto Maximum-Sharpe,0.0006032289719886103,0.5067767830027293,-0.8328892462336486
2023-02-19,Crypto Maximum-Sharpe,-0.00037843777957882984,0.5065849995222277,-0.8329524872562477
2023-02-20,Crypto Maximum-Sharpe,0.025098001233629038,0.5192992704651745,-0.8287599285753303
2023-02-21,Crypto Maximum-Sharpe,-0.02785050218117442,0.5048365250004019,-0.8335290505580475
2023-02-22,Crypto Maximum-Sharpe,-0.005356622929898793,0.5021323060947342,-0.8344207726629903
2023-02-23,Crypto Maximum-Sharpe,-0.004120744885067236,0.5000631469627673,-0.8351030824171127
2023-02-24,Crypto Maximum-Sharpe,-0.032482843190548595,0.4838196741746035,-0.8404594031335625
2023-02-25,Crypto Maximum-Sharpe,-0.0021013659242344975,0.48280299199781873,-0.8407946563073496
2023-02-26,Crypto Maximum-Sharpe,0.023118836176686686,0.4939648352754305,-0.8371140140480662
2023-02-27,Crypto Maximum-Sharpe,-0.002723933277017994,0.492619308022947,-0.8375577046055604
2023-02-28,Crypto Maximum-Sharpe,-0.013262091158775373,0.48608614585337384,-0.8397120291351223
2023-03-01,Crypto Maximum-Sharpe,0.01736601744551856,0.4945275263422884,-0.836928465436776
2023-03-02,Crypto Maximum-Sharpe,-0.0032484737493850774,0.49292106665461716,-0.8374581990360765
2023-03-03,Crypto Maximum-Sharpe,-0.035778425803177534,0.4752851268444918,-0.8432736888017792
2023-03-04,Crypto Maximum-Sharpe,-0.007072721237622517,0.4719235676339327,-0.8443821703114851
2023-03-05,Crypto Maximum-Sharpe,0.008577821104056563,0.4759716435718847,-0.8430473084078154
2023-03-06,Crypto Maximum-Sharpe,0.002155878155053016,0.476997780440686,-0.8427089375286351
2023-03-07,Crypto Maximum-Sharpe,-0.0168840475817531,0.46894412721933487,-0.8453646473115861
2023-03-08,Crypto Maximum-Sharpe,-0.015136610098711844,0.46184590280753507,-0.8477053023527075
2023-03-09,Crypto Maximum-Sharpe,-0.10424459322010864,0.41370096453898975,-0.8635812011585289
2023-03-10,Crypto Maximum-Sharpe,-0.017790799615420152,0.40634089357817055,-0.8660082006724938
2023-03-11,Crypto Maximum-Sharpe,0.03230745384392247,0.4194687332423455,-0.8616792668002562
2023-03-12,Crypto Maximum-Sharpe,0.09174652589269125,0.4579535322379388,-0.8489888200702499
2023-03-13,Crypto Maximum-Sharpe,0.038788499416653195,0.4757168625560043,-0.8431313230056368
2023-03-14,Crypto Maximum-Sharpe,-0.0012942640063594222,0.4751011593435798,-0.8433343524879957
2023-03-15,Crypto Maximum-Sharpe,-0.02711044378636833,0.4622209560703573,-0.847581627718125
2023-03-16,Crypto Maximum-Sharpe,0.0008268156577531441,0.4626031275941779,-0.847455605821393
2023-03-17,Crypto Maximum-Sharpe,0.037144166293379625,0.47978613509337353,-0.8417894714769
2023-03-18,Crypto Maximum-Sharpe,-0.028291215216658092,0.4662124022874783,-0.8462654395888882
2023-03-19,Crypto Maximum-Sharpe,0.013540362147742372,0.4725250870522197,-0.8441838179662978
2023-03-20,Crypto Maximum-Sharpe,-0.024831885170287463,0.4607913983504589,-0.8480530275062313
2023-03-21,Crypto Maximum-Sharpe,0.03182268095502375,0.4754550160069848,-0.8432176674784804
2023-03-22,Crypto Maximum-Sharpe,-0.10877755166543747,0.4237361834386936,-0.8602720657545677
2023-03-23,Crypto Maximum-Sharpe,0.0899875209775062,0.4618671521348115,-0.8476982953405133
2023-03-24,Crypto Maximum-Sharpe,-0.02788724682776954,0.448986948861589,-0.8519455705706425
2023-03-25,Crypto Maximum-Sharpe,0.004413414874033764,0.4509685145399418,-0.8512921449496323
2023-03-26,Crypto Maximum-Sharpe,0.007736687449051443,0.4544575169863003,-0.8501416387538888
2023-03-27,Crypto Maximum-Sharpe,-0.009904134227396815,0.44995650873741855,-0.8516258560787681
2023-03-28,Crypto Maximum-Sharpe,0.009987387448830123,0.4544503987253021,-0.8501439860160382
2023-03-29,Crypto Maximum-Sharpe,0.001962224168099693,0.4553421322808834,-0.8498499349236638
2023-03-30,Crypto Maximum-Sharpe,0.007444674741593042,0.458732006351858,-0.8487321165267414
2023-03-31,Crypto Maximum-Sharpe,0.012280124823089048,0.46436529265020493,-0.8468745280359653
2023-04-01,Crypto Maximum-Sharpe,0.018684475571800505,0.4730417146171197,-0.844013458895633
2023-04-02,Crypto Maximum-Sharpe,-0.022889786979284454,0.46221389053721834,-0.8475839575931472
2023-04-03,Crypto Maximum-Sharpe,0.006874721367533751,0.46539148224686544,-0.8465361397696579
2023-04-04,Crypto Maximum-Sharpe,0.0003345685821407605,0.4655471876152212,-0.8464847955835308
2023-04-05,Crypto Maximum-Sharpe,0.004955689869292401,0.4678542950965635,-0.8457240218402218
2023-04-06,Crypto Maximum-Sharpe,-0.0001664600473345605,0.46777641604845605,-0.8457497026268488
2023-04-07,Crypto Maximum-Sharpe,0.0002270185175645715,0.46788260995697906,-0.8457146849530053
2023-04-08,Crypto Maximum-Sharpe,0.0006049447925895446,0.46816565310541575,-0.8456213508550946
2023-04-09,Crypto Maximum-Sharpe,0.007543159882891004,0.471697101478468,-0.8444568480220898
2023-04-10,Crypto Maximum-Sharpe,0.010262265981658693,0.4765377825966175,-0.842860622824867
2023-04-11,Crypto Maximum-Sharpe,-0.013425230022953927,0.4701401532506295,-0.8449702551091067
2023-04-12,Crypto Maximum-Sharpe,-0.021164485206505934,0.4601898789321721,-0.8482513798514185
2023-04-13,Crypto Maximum-Sharpe,0.00435214918302096,0.46219269393780127,-0.8475909472182143
2023-04-14,Crypto Maximum-Sharpe,0.014530850392202367,0.46890874682578043,-0.8453763140738249
2023-04-15,Crypto Maximum-Sharpe,-0.003878781936080489,0.46708995204892245,-0.8459760656336855
2023-04-16,Crypto Maximum-Sharpe,0.008348362206530568,0.47098938815165786,-0.8446902180411207
2023-04-17,Crypto Maximum-Sharpe,-0.011539824760441133,0.46555425314836035,-0.8464824657085084
2023-04-18,Crypto Maximum-Sharpe,0.014866843976229841,0.47247557559238723,-0.8442001444785813
2023-04-19,Crypto Maximum-Sharpe,-0.013675467968596871,0.46601425099242916,-0.8463307804122765
2023-04-20,Crypto Maximum-Sharpe,-0.006621217245374902,0.4629286693971676,-0.847348257699094
2023-04-21,Crypto Maximum-Sharpe,-0.006298362200304667,0.46001297696439913,-0.8483097136626128
2023-04-22,Crypto Maximum-Sharpe,0.0165227255820446,0.4676136451469613,-0.8458033766879983
2023-04-23,Crypto Maximum-Sharpe,0.009110851112868133,0.4718740034462408,-0.8443985142108956
2023-04-24,Crypto Maximum-Sharpe,-0.00805364927840202,0.4680736957188893,-0.8456516740046394
2023-04-25,Crypto Maximum-Sharpe,-0.004188163310319569,0.46611332663995375,-0.8462981100005824
2023-04-26,Crypto Maximum-Sharpe,-0.01032445541178706,0.4613009603822198,-0.8478849983105887
2023-04-27,Crypto Maximum-Sharpe,0.009373606223726183,0.46562501393546946,-0.8464591321840308
2023-04-28,Crypto Maximum-Sharpe,0.013922306004232167,0.4721075878627039,-0.8443214892381414
2023-04-29,Crypto Maximum-Sharpe,0.01939730825310093,0.4812652042731047,-0.84130174517651
2023-04-30,Crypto Maximum-Sharpe,-0.009720025830082803,0.47658729405645006,-0.8428442963125834
2023-05-01,Crypto Maximum-Sharpe,0.017240124160491588,0.48480371817929596,-0.8401349124684829
2023-05-02,Crypto Maximum-Sharpe,0.013691031774949774,0.4914411812895024,-0.8379461944753839
2023-05-03,Crypto Maximum-Sharpe,0.002733945905605805,0.4927847548949349,-0.837503148137282
2023-05-04,Crypto Maximum-Sharpe,-2.2516336657559563e-05,0.492773659187494,-0.8375068069711042
2023-05-05,Crypto Maximum-Sharpe,0.014859602398470768,0.5000960798354598,-0.8350922227302369
2023-05-06,Crypto Maximum-Sharpe,-0.029365567336091858,0.48541047472853605,-0.8399348331678974
2023-05-07,Crypto Maximum-Sharpe,-0.008628762027220668,0.48122198325658333,-0.841315997401339
2023-05-08,Crypto Maximum-Sharpe,-0.03532421630852567,0.46422319382761007,-0.8469213854338367
2023-05-09,Crypto Maximum-Sharpe,0.016739322506231703,0.4719939755839634,-0.8443589531358066
2023-05-10,Crypto Maximum-Sharpe,0.008116028192558208,0.4758246919965205,-0.8430957660115375
2023-05-11,Crypto Maximum-Sharpe,-0.014763111144694566,0.4688000391831858,-0.8454121606569823
2023-05-12,Crypto Maximum-Sharpe,0.009558030724060362,0.4732808443611394,-0.8439346053389757
2023-05-13,Crypto Maximum-Sharpe,0.001457427136375536,0.4739706167068381,-0.8437071513977474
2023-05-14,Crypto Maximum-Sharpe,0.01597867741515615,0.48154404029545933,-0.8412097983876362
2023-05-15,Crypto Maximum-Sharpe,0.024766720043585905,0.4934703067301142,-0.8372770859186383
2023-05-16,Crypto Maximum-Sharpe,0.015647200814338205,0.5011917357154334,-0.8347309278049129
2023-05-17,Crypto Maximum-Sharpe,0.02230066317326623,0.512368643798848,-0.831045317892932
2023-05-18,Crypto Maximum-Sharpe,-0.020915916541348674,0.5016519840067473,-0.8345791599231536
2023-05-19,Crypto Maximum-Sharpe,0.008559017564330631,0.5059456321490423,-0.8331633200474295
2023-05-20,Crypto Maximum-Sharpe,0.01959749685918309,0.5158609000860005,-0.8298937387360625
2023-05-21,Crypto Maximum-Sharpe,0.01988384443886361,0.5261181979754027,-0.8265113722990136
2023-05-22,Crypto Maximum-Sharpe,0.01830235854461764,0.5357474018715966,-0.8233361212314165
2023-05-23,Crypto Maximum-Sharpe,0.0054358253191057046,0.5386596311633354,-0.8223758072462348
2023-05-24,Crypto Maximum-Sharpe,-0.03686178120559835,0.5188036776951042,-0.8289233513763452
2023-05-25,Crypto Maximum-Sharpe,0.002163041670245125,0.5199258716686351,-0.8285533054565664
2023-05-26,Crypto Maximum-Sharpe,-0.007154024195159291,0.5162063094030285,-0.8297798392575101
2023-05-27,Crypto Maximum-Sharpe,0.01981931734469843,0.5264371660644226,-0.8264061918732891
2023-05-28,Crypto Maximum-Sharpe,0.015357590250777896,0.5345219723536206,-0.823740209298007
2023-05-29,Crypto Maximum-Sharpe,-0.012465970495430728,0.5278586372171009,-0.8259374586484288
2023-05-30,Crypto Maximum-Sharpe,0.007781657583650883,0.531966252384497,-0.8245829635534908
2023-05-31,Crypto Maximum-Sharpe,-0.01655799205869534,0.5231579594020206,-0.827487517449932
2023-06-01,Crypto Maximum-Sharpe,0.0113003603584613,0.5290698328676607,-0.8255380642307835
2023-06-02,Crypto Maximum-Sharpe,0.020011874639284694,0.5396575120384357,-0.822046753842843
2023-06-03,Crypto Maximum-Sharpe,0.0020216176346466394,0.5407484931814421,-0.821687000422269
2023-06-04,Crypto Maximum-Sharpe,-0.006387250861821331,0.5372945969023404,-0.8228259302824958
2023-06-05,Crypto Maximum-Sharpe,-0.06369206473904876,0.5030731946524954,-0.8341105126010239
2023-06-06,Crypto Maximum-Sharpe,0.036093571164447544,0.5212309028046113,-0.8281229685821552
2023-06-07,Crypto Maximum-Sharpe,-0.02225147081509217,0.5096327485829303,-0.831947485330534
2023-06-08,Crypto Maximum-Sharpe,-0.0011485662560213996,0.5090474016049444,-0.832140504778123
2023-06-09,Crypto Maximum-Sharpe,0.012505436019299307,0.5154132613165057,-0.8300413486003939
2023-06-10,Crypto Maximum-Sharpe,-0.11531660157123608,0.45597755561673875,-0.8496404026874269
2023-06-11,Crypto Maximum-Sharpe,0.009324928713599474,0.4602295138178662,-0.8482383101610815
2023-06-12,Crypto Maximum-Sharpe,0.0004783607832069424,0.460449669568551,-0.8481657133202695
2023-06-13,Crypto Maximum-Sharpe,-0.0034895180361918634,0.4588429221418329,-0.8486955418021507
2023-06-14,Crypto Maximum-Sharpe,-0.06016479206906355,0.431236733138808,-0.8577987430687466
2023-06-15,Crypto Maximum-Sharpe,0.014319770757549675,0.4374119442995904,-0.8557624536680557
2023-06-16,Crypto Maximum-Sharpe,0.013671464897622278,0.443392006341883,-0.8537905151164593
2023-06-17,Crypto Maximum-Sharpe,0.010700744799590677,0.44813663104792595,-0.852225964731441
2023-06-18,Crypto Maximum-Sharpe,0.00637726499922832,0.45099451709998,-0.851283570548528
2023-06-19,Crypto Maximum-Sharpe,0.005168082662979953,0.4533252940449034,-0.8505149917477796
2023-06-20,Crypto Maximum-Sharpe,0.028512082837268162,0.46625054238094066,-0.8462528628095626
2023-06-21,Crypto Maximum-Sharpe,0.050098907938543845,0.48960918537997955,-0.8385502991376441
2023-06-22,Crypto Maximum-Sharpe,0.005740906346075441,0.49241998585942426,-0.8376234315253914
2023-06-23,Crypto Maximum-Sharpe,0.04678281529716078,0.5154567791065162,-0.8300269985138571
2023-06-24,Crypto Maximum-Sharpe,-0.016654096445170692,0.5068723121939592,-0.8328577452736825
2023-06-25,Crypto Maximum-Sharpe,-0.011230411557520158,0.5011799275209092,-0.8347348215829109
2023-06-26,Crypto Maximum-Sharpe,-0.013839566614509032,0.4942438145281288,-0.8370220200286729
2023-06-27,Crypto Maximum-Sharpe,0.00853673194090203,0.49846304148620435,-0.835630720701388
2023-06-28,Crypto Maximum-Sharpe,-0.05207191127629381,0.4725071182154231,-0.8441897432295737
2023-06-29,Crypto Maximum-Sharpe,0.020592893875955615,0.48223740715646696,-0.8409811591471149
2023-06-30,Crypto Maximum-Sharpe,0.21243803472016207,0.5846829742013334,-0.8071995091128498
2023-07-01,Crypto Maximum-Sharpe,-0.006922874486629887,0.5806352873564682,-0.8085342427122221
2023-07-02,Crypto Maximum-Sharpe,0.03432772413690553,0.6005671753249939,-0.8019616590143835
2023-07-03,Crypto Maximum-Sharpe,-0.037359575294556926,0.5781302407190004,-0.8093602873256448
2023-07-04,Crypto Maximum-Sharpe,-0.04513819502068294,0.5520344851660718,-0.8179654198550268
2023-07-05,Crypto Maximum-Sharpe,-0.006910865325328042,0.5482194491841522,-0.8192234363229614
2023-07-06,Crypto Maximum-Sharpe,-0.005050109298745611,0.5454508810460741,-0.8201363777281822
2023-07-07,Crypto Maximum-Sharpe,0.010205717910731809,0.5510175988721905,-0.8183007403368735
2023-07-08,Crypto Maximum-Sharpe,-0.017266382636469544,0.5415035181706346,-0.8214380292789802
2023-07-09,Crypto Maximum-Sharpe,-0.023578204648032716,0.5287358374015777,-0.8256481999669965
2023-07-10,Crypto Maximum-Sharpe,0.02867607868907206,0.5438979078806377,-0.8206484740296687
2023-07-11,Crypto Maximum-Sharpe,-0.0013971521604150905,0.543137999743597,-0.820899055401652
2023-07-12,Crypto Maximum-Sharpe,0.02001050657870934,0.5540064662606132,-0.8173151547715136
2023-07-13,Crypto Maximum-Sharpe,0.014763653379311913,0.5621856256983824,-0.814618059038907
2023-07-14,Crypto Maximum-Sharpe,-0.0459100434971724,0.5363756591690846,-0.8231289520120211
2023-07-15,Crypto Maximum-Sharpe,-0.03068992819051466,0.5199143287060454,-0.8285571117737532
2023-07-16,Crypto Maximum-Sharpe,-0.013272132021401524,0.5130139570956403,-0.8308325244204224
2023-07-17,Crypto Maximum-Sharpe,-0.02322872482650485,0.5010972970541093,-0.8347620691602549
2023-07-18,Crypto Maximum-Sharpe,0.0048826545952670025,0.5035439820742464,-0.8339552694179277
2023-07-19,Crypto Maximum-Sharpe,0.0030910684966321336,0.5051004710139049,-0.8334420137821937
2023-07-20,Crypto Maximum-Sharpe,-0.0010815927728036643,0.5045541579949165,-0.8336221616963396
2023-07-21,Crypto Maximum-Sharpe,0.010116631968921763,0.5096585467197403,-0.8319389783384368
2023-07-22,Crypto Maximum-Sharpe,-0.026845110488168518,0.4959767067218095,-0.8364505950336959
2023-07-23,Crypto Maximum-Sharpe,0.034267167067166,0.5129724233924685,-0.83084622024998
2023-07-24,Crypto Maximum-Sharpe,-0.043855160104601276,0.49047593563534647,-0.8382644863432156
2023-07-25,Crypto Maximum-Sharpe,-0.001804847064151354,0.4895907015828781,-0.838556394210208
2023-07-26,Crypto Maximum-Sharpe,0.016283021109594495,0.49756271731181334,-0.8359276045691237
2023-07-27,Crypto Maximum-Sharpe,0.007547159794365628,0.5013179026470844,-0.8346893239829626
2023-07-28,Crypto Maximum-Sharpe,-0.005224696342533426,0.49869866883467767,-0.8355530220673305
2023-07-29,Crypto Maximum-Sharpe,0.00943626532481277,0.5034045217909326,-0.8340012567516942
2023-07-30,Crypto Maximum-Sharpe,0.029356859112038107,0.518182897413512,-0.8291280550333784
2023-07-31,Crypto Maximum-Sharpe,-0.018191908331053042,0.5087561616450459,-0.8322365417925599
2023-08-01,Crypto Maximum-Sharpe,-0.004812308717748128,0.5063078699331534,-0.8330438713450111
2023-08-02,Crypto Maximum-Sharpe,-0.052258170755092405,0.4798491468115395,-0.8417686932248727
2023-08-03,Crypto Maximum-Sharpe,-0.026205320945522845,0.4672745459139078,-0.8459151954025443
2023-08-04,Crypto Maximum-Sharpe,-0.013434655196358513,0.46099687350751944,-0.8479852716233095
2023-08-05,Crypto Maximum-Sharpe,-0.00370536988916514,0.45928870957342544,-0.8485485424205461
2023-08-06,Crypto Maximum-Sharpe,-0.013224296065257607,0.45321493969859633,-0.8505513813350916
2023-08-07,Crypto Maximum-Sharpe,0.03277142880896795,0.4680674408300896,-0.845653736567916
2023-08-08,Crypto Maximum-Sharpe,0.019050832671021596,0.476984515324097,-0.8427133117298738
2023-08-09,Crypto Maximum-Sharpe,-0.0021384968865863566,0.4759644854231265,-0.843049668823041
2023-08-10,Crypto Maximum-Sharpe,-0.020750868721726476,0.46608780886990714,-0.8463065245411255
2023-08-11,Crypto Maximum-Sharpe,-0.006488090841133321,0.4630637888260144,-0.8473037017715922
2023-08-12,Crypto Maximum-Sharpe,-0.003651451906105825,0.46137293367165705,-0.8478612649608137
2023-08-13,Crypto Maximum-Sharpe,-0.003384171303752602,0.4598115686291973,-0.8483761285021225
2023-08-14,Crypto Maximum-Sharpe,0.008957604835938816,0.4639303789599708,-0.8470179417775493
2023-08-15,Crypto Maximum-Sharpe,-0.022480176518838265,0.4535011421484991,-0.8504570054506052
2023-08-16,Crypto Maximum-Sharpe,-0.06539408052719695,0.42384485193966437,-0.8602362320784465
2023-08-17,Crypto Maximum-Sharpe,-0.12414971988561901,0.3712246322963934,-0.877587864716066
2023-08-18,Crypto Maximum-Sharpe,0.004852734622536623,0.37302608692227657,-0.876993831108955
2023-08-19,Crypto Maximum-Sharpe,0.009363233698207586,0.37651881734965775,-0.8758420956033071
2023-08-20,Crypto Maximum-Sharpe,0.02197800656596851,0.3847939503895792,-0.8731133523652597
2023-08-21,Crypto Maximum-Sharpe,-0.014695473035983503,0.37913922126721955,-0.8749780116742023
2023-08-22,Crypto Maximum-Sharpe,-0.010290454839328507,0.37523770623295105,-0.876264544798992
2023-08-23,Crypto Maximum-Sharpe,0.0320335517779222,0.38725790272459304,-0.8723008586880456
2023-08-24,Crypto Maximum-Sharpe,-0.007606272730808855,0.3843123134993088,-0.8732721731843545
2023-08-25,Crypto Maximum-Sharpe,7.588573316279993e-05,0.38434147732098217,-0.8732625563503045
2023-08-26,Crypto Maximum-Sharpe,-0.007088468207676271,0.38161708497810104,-0.8741609306903375
2023-08-27,Crypto Maximum-Sharpe,0.02137440129009428,0.389773921691579,-0.8714711959249408
2023-08-28,Crypto Maximum-Sharpe,-0.019042444491508707,0.38235167342352944,-0.8739186985421001
2023-08-29,Crypto Maximum-Sharpe,0.10622499158335624,0.422966976714826,-0.8605257133559161
2023-08-30,Crypto Maximum-Sharpe,-0.028762482876652284,0.41080139628967643,-0.8645373401372498
2023-08-31,Crypto Maximum-Sharpe,-0.03875087487627125,0.39488248278305765,-0.8697866367199982
2023-09-01,Crypto Maximum-Sharpe,-0.030022047286704927,0.3830273022122533,-0.8736959084697513
2023-09-02,Crypto Maximum-Sharpe,-0.013817729397656412,0.37773473459837,-0.8754411442283331
2023-09-03,Crypto Maximum-Sharpe,0.007952668461411856,0.38073873370899025,-0.8744505689444482
2023-09-04,Crypto Maximum-Sharpe,-0.0067697985896396865,0.3781612091665059,-0.8753005133057381
2023-09-05,Crypto Maximum-Sharpe,-0.007125269325673913,0.37546670870267207,-0.876189030733208
2023-09-06,Crypto Maximum-Sharpe,0.0024261118175546393,0.37637763292175397,-0.8758886514775269
2023-09-07,Crypto Maximum-Sharpe,0.0020737194207018717,0.3771581345286616,-0.8756312793637664
2023-09-08,Crypto Maximum-Sharpe,-0.0007807529522894965,0.3768636672016483,-0.8757283806095756
2023-09-09,Crypto Maximum-Sharpe,-0.000641027049661459,0.3766220873969374,-0.8758080420791101
2023-09-10,Crypto Maximum-Sharpe,-0.01267410398222906,0.3718487398992645,-0.8773820638675561
2023-09-11,Crypto Maximum-Sharpe,-0.038546704364278365,0.3575151964541381,-0.8821085812014113
2023-09-12,Crypto Maximum-Sharpe,0.05791323089601379,0.3782200565752203,-0.8752811082438701
2023-09-13,Crypto Maximum-Sharpe,0.005619767427484532,0.380345565329583,-0.874580217078387
2023-09-14,Crypto Maximum-Sharpe,0.030574213425992865,0.39197433181959956,-0.8707456058674999
2023-09-15,Crypto Maximum-Sharpe,0.03695807080923931,0.40646094693039264,-0.8659686128167456
2023-09-16,Crypto Maximum-Sharpe,-0.006961231633464031,0.403631478128853,-0.8669016363490828
2023-09-17,Crypto Maximum-Sharpe,-0.020878960714303202,0.39520407235394456,-0.8696805918548883
2023-09-18,Crypto Maximum-Sharpe,0.030702254193795443,0.40733772824177844,-0.8656794922596321
2023-09-19,Crypto Maximum-Sharpe,0.012305164232622599,0.4123500858859369,-0.8640266563520778
2023-09-20,Crypto Maximum-Sharpe,-0.0060096925434908015,0.4098719886494804,-0.8648438143415121
2023-09-21,Crypto Maximum-Sharpe,-0.02991774282304422,0.3976095439026955,-0.8688873823449864
2023-09-22,Crypto Maximum-Sharpe,0.0009306090606306999,0.39797956294684456,-0.8687653677550337
2023-09-23,Crypto Maximum-Sharpe,-0.0017852666903692776,0.3972690632896678,-0.8689996565726035
2023-09-24,Crypto Maximum-Sharpe,-0.014270134300893533,0.3915999804029341,-0.8708690490667756
2023-09-25,Crypto Maximum-Sharpe,0.01985445788711701,0.39937498572243996,-0.8683052240395486
2023-09-26,Crypto Maximum-Sharpe,0.009622801453955788,0.40321809191572344,-0.8670379513579579
2023-09-27,Crypto Maximum-Sharpe,0.04304466888547911,0.42057448117087043,-0.8613146439998263
2023-09-28,Crypto Maximum-Sharpe,0.03625390734613812,0.43582194944338926,-0.8562867579531297
2023-09-29,Crypto Maximum-Sharpe,-0.0020964532936088975,0.43490826908205166,-0.8565880460527541
2023-09-30,Crypto Maximum-Sharpe,-0.006722481590161833,0.4319846062497384,-0.8575521302729736
2023-10-01,Crypto Maximum-Sharpe,0.027694246079568084,0.443948094237804,-0.8536071439152431
2023-10-02,Crypto Maximum-Sharpe,-0.008656234765149415,0.4401051753105409,-0.8548743548454535
2023-10-03,Crypto Maximum-Sharpe,-0.006538518009658912,0.43722753969562883,-0.8558232614899599
2023-10-04,Crypto Maximum-Sharpe,-0.005788529941481206,0.43469663499086053,-0.8566578328576904
2023-10-05,Crypto Maximum-Sharpe,-0.008469853519986942,0.4310148181668567,-0.8578719200166232
2023-10-06,Crypto Maximum-Sharpe,-0.00715827938608308,0.42792949367887656,-0.8588893125217517
2023-10-07,Crypto Maximum-Sharpe,0.004484725526393889,0.429848640002675,-0.858256469819571
2023-10-08,Crypto Maximum-Sharpe,-0.004772327652206886,0.4277972614517267,-0.8589329163881725
2023-10-09,Crypto Maximum-Sharpe,-0.02981693428271642,0.41504165862069453,-0.8631391043496809
2023-10-10,Crypto Maximum-Sharpe,-0.010948338183916998,0.4104976421817013,-0.8646375037194143
2023-10-11,Crypto Maximum-Sharpe,0.0013603793552466488,0.4110560746995027,-0.8644533593739996
2023-10-12,Crypto Maximum-Sharpe,-0.007882692045652458,0.4078158462491518,-0.8655218317998771
2023-10-13,Crypto Maximum-Sharpe,0.010626549457303658,0.4121495215087906,-0.8640927928945709
2023-10-14,Crypto Maximum-Sharpe,-0.007936796051988989,0.40887837481365047,-0.8651714606793621
2023-10-15,Crypto Maximum-Sharpe,0.012074803479792347,0.4138155008366622,-0.8635434325635979
2023-10-16,Crypto Maximum-Sharpe,0.046752814651427686,0.4331625402471664,-0.8571637039582738
2023-10-17,Crypto Maximum-Sharpe,-0.010711785618471508,0.4285225959780862,-0.8586937357400093
2023-10-18,Crypto Maximum-Sharpe,0.0048978662169351025,0.43062144232412053,-0.858001636562049
2023-10-19,Crypto Maximum-Sharpe,0.005495955622898708,0.43298811866140247,-0.8572212198580698
2023-10-20,Crypto Maximum-Sharpe,0.029426129795380583,0.44572928324099054,-0.8530197929415873
2023-10-21,Crypto Maximum-Sharpe,0.01059716854277973,0.4504527515799477,-0.8514622189149366
2023-10-22,Crypto Maximum-Sharpe,-0.007890691260604892,0.44689836798974036,-0.8526342846860141
2023-10-23,Crypto Maximum-Sharpe,0.041517219157751514,0.4654523454748119,-0.8465160699869846
2023-10-24,Crypto Maximum-Sharpe,-0.013758311271591862,0.4590485072236769,-0.8486277496712908
2023-10-25,Crypto Maximum-Sharpe,0.011197173270944199,0.46418855289882865,-0.8469328083559475
2023-10-26,Crypto Maximum-Sharpe,-0.015001844303558966,0.45722486850074606,-0.8492290985329747
2023-10-27,Crypto Maximum-Sharpe,-0.008764065093247342,0.45321771999095406,-0.8505504645275992
2023-10-28,Crypto Maximum-Sharpe,0.014052627963002667,0.45958661999622724,-0.848450305806362
2023-10-29,Crypto Maximum-Sharpe,0.0057271350471898765,0.4622187346348272,-0.8475823602413548
2023-10-30,Crypto Maximum-Sharpe,0.004061590305527576,0.4640960777664533,-0.8469633022333196
2023-10-31,Crypto Maximum-Sharpe,0.00734942009236229,0.4675069148051766,-0.8458385712518844
2023-11-01,Crypto Maximum-Sharpe,0.01871256621313953,0.47625516890356906,-0.8429538153089231
2023-11-02,Crypto Maximum-Sharpe,-0.018179377133424594,0.4675971465763283,-0.8458088171277877
2023-11-03,Crypto Maximum-Sharpe,-0.007974063800152644,0.4638684970967593,-0.8470383474574317
2023-11-04,Crypto Maximum-Sharpe,0.008148756505974115,0.46764844853039295,-0.8457919001961108
2023-11-05,Crypto Maximum-Sharpe,-0.0005781750276040386,0.4673780658757549,-0.8458810594684717
2023-11-06,Crypto Maximum-Sharpe,0.0024549241298266206,0.468525443567425,-0.8455027091624976
2023-11-07,Crypto Maximum-Sharpe,0.0009115743321659559,0.4689525393357477,-0.8453618733977809
2023-11-08,Crypto Maximum-Sharpe,0.011050420220637465,0.4741346619589427,-0.8436530571166942
2023-11-09,Crypto Maximum-Sharpe,0.006673412335452676,0.4772987580607252,-0.8426096894994465
2023-11-10,Crypto Maximum-Sharpe,0.03624778065428754,0.49459977874947425,-0.8369046400473122
2023-11-11,Crypto Maximum-Sharpe,0.0015842030254268748,0.49538332521534467,-0.8366462638846421
2023-11-12,Crypto Maximum-Sharpe,0.0007973822980957928,0.4957783351096432,-0.8365160085071359
2023-11-13,Crypto Maximum-Sharpe,-0.01182977575763177,0.4899133885798041,-0.838449987466459
2023-11-14,Crypto Maximum-Sharpe,-0.03096959616204327,0.4747409687811094,-0.8434531261145959
2023-11-15,Crypto Maximum-Sharpe,0.03737055039584878,0.4924823000799179,-0.8376028832747487
2023-11-16,Crypto Maximum-Sharpe,-0.026844501193278143,0.47926185838775415,-0.8419623528684648
2023-11-17,Crypto Maximum-Sharpe,0.004466751624308721,0.48140260207217683,-0.841256437951438
2023-11-18,Crypto Maximum-Sharpe,-0.004562188133082356,0.47920635283376817,-0.8419806559464191
2023-11-19,Crypto Maximum-Sharpe,0.012885439831154486,0.4853811374599146,-0.8399445071964583
2023-11-20,Crypto Maximum-Sharpe,-0.012555326690265293,0.47928701870981283,-0.8419540561971781
2023-11-21,Crypto Maximum-Sharpe,-0.045239587490828466,0.4576042716936719,-0.8491039894994165
2023-11-22,Crypto Maximum-Sharpe,0.044784785703436594,0.47809798093845024,-0.8423461440056443
2023-11-23,Crypto Maximum-Sharpe,0.003305563687519721,0.47967836426331684,-0.8418250091440719
2023-11-24,Crypto Maximum-Sharpe,0.015881908710401196,0.4872965722549014,-0.8393128883790295
2023-11-25,Crypto Maximum-Sharpe,0.017602685521973402,0.49587430057223997,-0.8364843636857313
2023-11-26,Crypto Maximum-Sharpe,-0.007194847233796887,0.4923065607324568,-0.8376608337093496
2023-11-27,Crypto Maximum-Sharpe,-0.027449640927653864,0.47879292241402266,-0.8421169855325227
2023-11-28,Crypto Maximum-Sharpe,0.009347292938402378,0.4832683401166603,-0.8406412067462972
2023-11-29,Crypto Maximum-Sharpe,0.0020516223840547757,0.48425982426074865,-0.8403142626789619
2023-11-30,Crypto Maximum-Sharpe,-0.0033114597499007926,0.48265621734421515,-0.8408430555707337
2023-12-01,Crypto Maximum-Sharpe,0.011818443218123965,0.4883604624427722,-0.8389620682602263
2023-12-02,Crypto Maximum-Sharpe,0.014666978009699029,0.4955232346062268,-0.8366001284566716
2023-12-03,Crypto Maximum-Sharpe,0.008627085800887892,0.49979815606750827,-0.8351904637450133
2023-12-04,Crypto Maximum-Sharpe,0.03821273549629635,0.5188968108068527,-0.8288926405288342
2023-12-05,Crypto Maximum-Sharpe,0.03422641214245701,0.5366567869129345,-0.8230362495229666
2023-12-06,Crypto Maximum-Sharpe,-0.002505255072261213,0.5353123247754575,-0.8234795888564554
2023-12-07,Crypto Maximum-Sharpe,-0.008624225485670113,0.5306956705813357,-0.8250019406849807
2023-12-08,Crypto Maximum-Sharpe,0.02136387627734129,0.5420333872285561,-0.8212633037969996
2023-12-09,Crypto Maximum-Sharpe,-0.007098661751303046,0.5381856755547075,-0.8225320951458902
2023-12-10,Crypto Maximum-Sharpe,0.003845450552266291,0.5402552419579911,-0.8218496510931594
2023-12-11,Crypto Maximum-Sharpe,-0.05238806288632143,0.511952316367631,-0.8311826027749111
2023-12-12,Crypto Maximum-Sharpe,0.003139289689874835,0.5135594829961114,-0.8306526360603309
2023-12-13,Crypto Maximum-Sharpe,0.026270858546706854,0.5270511315292222,-0.8262037354170142
2023-12-14,Crypto Maximum-Sharpe,0.006952304154331968,0.5307153513004982,-0.8249954509247465
2023-12-15,Crypto Maximum-Sharpe,-0.030433360343075627,0.5145638997747681,-0.8303214274284312
2023-12-16,Crypto Maximum-Sharpe,0.008726994563675452,0.5190544961307662,-0.8288406434480269
2023-12-17,Crypto Maximum-Sharpe,-0.01647640222345174,0.5105023454766245,-0.8316607338508843
2023-12-18,Crypto Maximum-Sharpe,0.017903830610347112,0.519642292996223,-0.8286468161446805
2023-12-19,Crypto Maximum-Sharpe,-0.006918010342727392,0.5160474022387566,-0.8298322392428508
2023-12-20,Crypto Maximum-Sharpe,0.029130978453888793,0.5310803679945592,-0.8248750858706877
2023-12-21,Crypto Maximum-Sharpe,0.009254750926247751,0.5359953845221688,-0.8232543484094405
2023-12-22,Crypto Maximum-Sharpe,0.003690977908248521,0.5379737316453633,-0.8226019841140407
2023-12-23,Crypto Maximum-Sharpe,7.016221576080794e-05,0.5380114770743967,-0.8225895374761746
2023-12-24,Crypto Maximum-Sharpe,-0.012819399302061548,0.531114493120688,-0.8248638330356309
2023-12-25,Crypto Maximum-Sharpe,0.00881429722757513,0.5357958941249267,-0.8233201308047088
2023-12-26,Crypto Maximum-Sharpe,-0.025621242060386133,0.5220681378265909,-0.8278468885005587
2023-12-27,Crypto Maximum-Sharpe,0.024101086707070295,0.5346505472833483,-0.8236978114334187
2023-12-28,Crypto Maximum-Sharpe,-0.012613042815457342,0.5279069770391557,-0.8259215184862678
2023-12-29,Crypto Maximum-Sharpe,-0.008865274862752348,0.5232269365857388,-0.8274647720725776
2023-12-30,Crypto Maximum-Sharpe,0.002813727553135324,0.5246991546337527,-0.8269793049478718
2023-12-31,Crypto Maximum-Sharpe,0.005677328249805947,0.5276780439670042,-0.8259970096680512
2021-01-01,Crypto Risk Parity,0.012549736714303282,1.0125497367143033,0.0
2021-01-02,Crypto Risk Parity,0.02402672164160743,1.0368779873866207,0.0
2021-01-03,Crypto Risk Parity,0.11179475619648356,1.1527955091920086,0.0
2021-01-04,Crypto Risk Parity,0.04151189934974743,1.200650240340428,0.0
2021-01-05,Crypto Risk Parity,0.0438853660683942,1.2533412156578732,0.0
2021-01-06,Crypto Risk Parity,0.16626580275497596,1.4617289990051268,0.0
2021-01-07,Crypto Risk Parity,0.01703427122078667,1.4866284872254691,0.0
2021-01-08,Crypto Risk Parity,-0.005056831487334842,1.4791108574812986,-0.005056831487334712
2021-01-09,Crypto Risk Parity,0.0823409590163135,1.6009022639777506,0.0
2021-01-10,Crypto Risk Parity,-0.027107530750270087,1.5575057566287969,-0.027107530750269948
2021-01-11,Crypto Risk Parity,-0.12642733685601246,1.3605944516803095,-0.15010773468478333
2021-01-12,Crypto Risk Parity,-0.020295467311564366,1.332980551461936,-0.16735669537383968
2021-01-13,Crypto Risk Parity,0.08278769938962047,1.443334944648577,-0.09842407177166901
2021-01-14,Crypto Risk Parity,0.020947814051512754,1.4735696566831258,-0.07953802687382205
2021-01-15,Crypto Risk Parity,-0.039400444155901056,1.415510357715152,-0.11580463744361047
2021-01-16,Crypto Risk Parity,0.024117164150916578,1.4496484533694909,-0.09448035274335886
2021-01-17,Crypto Risk Parity,0.001750812242244524,1.452186515628601,-0.09289495785934909
2021-01-18,Crypto Risk Parity,0.025982525492591738,1.489917988790919,-0.06932607797747103
2021-01-19,Crypto Risk Parity,0.00872241064321342,1.502913665313864,-0.06120835785466072
2021-01-20,Crypto Risk Parity,-0.006187379490553546,1.4936145681250281,-0.06701701800717397
2021-01-21,Crypto Risk Parity,-0.12941859251162388,1.30031307296343,-0.18776236237398325
2021-01-22,Crypto Risk Parity,0.06041058673739849,1.3788657486434606,-0.138694610114797
2021-01-23,Crypto Risk Parity,-0.0029501795825739945,1.374797847064702,-0.14123561569039733
2021-01-24,Crypto Risk Parity,0.027436823655762596,1.4125179331569382,-0.11767384871624531
2021-01-25,Crypto Risk Parity,-0.021039375351053182,1.3827994381711555,-0.13623743979515435
2021-01-26,Crypto Risk Parity,-0.0020282076636502027,1.3799948337533656,-0.13798932963933586
2021-01-27,Crypto Risk Parity,-0.07334288527779086,1.2787820309774485,-0.20121167934382966
2021-01-28,Crypto Risk Parity,0.09301152605126264,1.397723499165594,-0.1269151586476739
2021-01-29,Crypto Risk Parity,0.02922097335645444,1.438566340294402,-0.10140276976059337
2021-01-30,Crypto Risk Parity,0.07039832934093823,1.5398390072972357,-0.03814302600134467
2021-01-31,Crypto Risk Parity,-0.016770959499565783,1.5140144296700022,-0.05427429035665099
2021-02-01,Crypto Risk Parity,0.01657019126510528,1.5391019383477635,-0.038603434463533204
2021-02-02,Crypto Risk Parity,0.03844758663733764,1.5982766934660837,-0.0016400567172308866
2021-02-03,Crypto Risk Parity,0.04897052746950874,1.6765451461873402,0.0
2021-02-04,Crypto Risk Parity,-0.008276793650799783,1.6626687279660977,-0.008276793650799807
2021-02-05,Crypto Risk Parity,0.07690463399382448,1.790535657943308,0.0
2021-02-06,Crypto Risk Parity,0.017099650362172515,1.8211531916551411,0.0
2021-02-07,Crypto Risk Parity,-0.0069740052390401385,1.8084524597554434,-0.006974005239040126
2021-02-08,Crypto Risk Parity,0.08608510096086694,1.964133272336419,0.0
2021-02-09,Crypto Risk Parity,0.06476778703153757,2.0913458378206613,0.0
2021-02-10,Crypto Risk Parity,0.03898731313278085,2.1728817928687136,0.0
2021-02-11,Crypto Risk Parity,0.07730822376461449,2.340863424725865,0.0
2021-02-12,Crypto Risk Parity,0.05575281489348416,2.4713731499355336,0.0
2021-02-13,Crypto Risk Parity,0.09105713933577658,2.6964093191999106,0.0
2021-02-14,Crypto Risk Parity,-0.028378039947046515,2.6198905078260672,-0.028378039947046463
2021-02-15,Crypto Risk Parity,-0.04629542040772348,2.4986015753440554,-0.07335968706507423
2021-02-16,Crypto Risk Parity,-0.0037258187632280707,2.489292238712807,-0.07681218092977071
2021-02-17,Crypto Risk Parity,0.042673317976658194,2.595518597952226,-0.03741669357440924
2021-02-18,Crypto Risk Parity,0.00195527195997705,2.6005935426884013,-0.03553458142621324
2021-02-19,Crypto Risk Parity,0.052361738367992385,2.7367651413721417,0.0
2021-02-20,Crypto Risk Parity,-0.02230627228517763,2.675718112948112,-0.022306272285177675
2021-02-21,Crypto Risk Parity,0.026867852274209285,2.7476089119342277,0.0
2021-02-22,Crypto Risk Parity,-0.057183985861807826,2.5904896827604036,-0.05718398586180784
2021-02-23,Crypto Risk Parity,-0.15660253041596237,2.184812443423681,-0.2048313593925405
2021-02-24,Crypto Risk Parity,0.035840163443859756,2.263116478490164,-0.17633238534773743
2021-02-25,Crypto Risk Parity,-0.05506807894002628,2.138491001602193,-0.22169017857175144
2021-02-26,Crypto Risk Parity,-0.0016135898679872419,2.135040354189226,-0.222946051413763
2021-02-27,Crypto Risk Parity,0.027748631375346118,2.1942848019491112,-0.2013838678356864
2021-02-28,Crypto Risk Parity,-0.04303299907217185,2.0998581461027546,-0.23575071511013468
2021-03-01,Crypto Risk Parity,0.06860843037048164,2.243926117507534,-0.1833167712620779
2021-03-02,Crypto Risk Parity,-0.016215611304673222,2.2075394837896276,-0.1965597890583375
2021-03-03,Crypto Risk Parity,0.034658815174715564,2.2840501867491794,-0.16871350328337598
2021-03-04,Crypto Risk Parity,-0.015731689708523018,2.2481182179325474,-0.18179104450860695
2021-03-05,Crypto Risk Parity,-0.007965249350339971,2.230211395757673,-0.18830828285977697
2021-03-06,Crypto Risk Parity,0.00991875726840406,2.252332321249422,-0.180257309740689
2021-03-07,Crypto Risk Parity,0.029525814529983426,2.31883426762652,-0.1560537391057828
2021-03-08,Crypto Risk Parity,0.018128226542138786,2.3608706205437278,-0.14075449009890162
2021-03-09,Crypto Risk Parity,0.04297086348684084,2.4623192696892056,-0.10383196859126054
2021-03-10,Crypto Risk Parity,-0.02582386224677823,2.398732676061164,-0.12697448838432623
2021-03-11,Crypto Risk Parity,0.00400081775680038,2.4083295683453665,-0.1234816724153146
2021-03-12,Crypto Risk Parity,-0.018653967590702994,2.3634046666297204,-0.13983221689073644
2021-03-13,Crypto Risk Parity,0.07872401724551492,2.549461376363609,-0.07211635349920642
2021-03-14,Crypto Risk Parity,-0.047316534784296954,2.4288296984676787,-0.11602059233464157
2021-03-15,Crypto Risk Parity,-0.03732720987692087,2.3381682625576774,-0.14901707721144253
2021-03-16,Crypto Risk Parity,0.04108467962415554,2.434231156532228,-0.1140547164630471
2021-03-17,Crypto Risk Parity,0.03068699611289949,2.5089303985706315,-0.0868677169909069
2021-03-18,Crypto Risk Parity,-0.022433549914812896,2.4526461832415056,-0.10735251564061854
2021-03-19,Crypto Risk Parity,0.019595960116489515,2.5007081400281663,-0.08986023113902741
2021-03-20,Crypto Risk Parity,0.017308707272931698,2.543992165198951,-0.07410688830235923
2021-03-21,Crypto Risk Parity,-0.015379072965014604,2.504867924067931,-0.08834626602496165
2021-03-22,Crypto Risk Parity,-0.03148823610613677,2.425994051460191,-0.11705263404740895
2021-03-23,Crypto Risk Parity,0.006760556320923865,2.442395120879314,-0.11108341865147509
2021-03-24,Crypto Risk Parity,-0.06503399029395676,2.2835564202940413,-0.1688932109750323
2021-03-25,Crypto Risk Parity,-0.0023084255742477876,2.278285000253197,-0.1708117591417484
2021-03-26,Crypto Risk Parity,0.08760963965778493,2.477884728163116,-0.0981668761516844
2021-03-27,Crypto Risk Parity,-0.007548894711152618,2.4591794372438396,-0.10497471945064518
2021-03-28,Crypto Risk Parity,0.003290397613113979,2.467271115394366,-0.10202973040384888
2021-03-29,Crypto Risk Parity,0.0379461450012377,2.5608945428964858,-0.0679552203469529
2021-03-30,Crypto Risk Parity,0.014120838516437655,2.5970565211943537,-0.05479396652338342
2021-03-31,Crypto Risk Parity,0.0681708317549101,2.774100024358686,0.0
2021-04-01,Crypto Risk Parity,0.02643869926896237,2.847443620644727,0.0
2021-04-02,Crypto Risk Parity,0.05171441495157041,2.9946975015939503,0.0
2021-04-03,Crypto Risk Parity,-0.04764482946568461,2.8520156498291946,-0.04764482946568471
2021-04-04,Crypto Risk Parity,0.07884263211181049,3.0768760704858042,0.0
2021-04-05,Crypto Risk Parity,0.10542053787738359,3.4012420008184683,0.0
2021-04-06,Crypto Risk Parity,0.03210096138330648,3.510425138942022,0.0
2021-04-07,Crypto Risk Parity,-0.07394588527714646,3.2508436443438047,-0.0739458852771464
2021-04-08,Crypto Risk Parity,0.06575932825170747,3.464616938647186,-0.013049188768241793
2021-04-09,Crypto Risk Parity,-0.02500665905778221,3.3779784440966187,-0.03772953121151601
2021-04-10,Crypto Risk Parity,0.09862209710955867,3.711121762244311,0.0
2021-04-11,Crypto Risk Parity,0.009451689093112609,3.746198131327729,0.0
2021-04-12,Crypto Risk Parity,0.001427412927318403,3.751545502968682,0.0
2021-04-13,Crypto Risk Parity,0.10763920090934338,4.155358863083272,0.0
2021-04-14,Crypto Risk Parity,0.02508834042421829,4.259609920825098,0.0
2021-04-15,Crypto Risk Parity,0.05976326589167026,4.514178121118165,0.0
2021-04-16,Crypto Risk Parity,0.04676100304098808,4.725265617967334,0.0
2021-04-17,Crypto Risk Parity,-0.030412897953970865,4.581556596922686,-0.03041289795397084
2021-04-18,Crypto Risk Parity,-0.0738517224972864,4.24320075052114,-0.10201857555122229
2021-04-19,Crypto Risk Parity,-0.05945409562854227,3.990925087328554,-0.15540724903305447
2021-04-20,Crypto Risk Parity,0.031838755218786374,4.1179911742805215,-0.1285164671754565
2021-04-21,Crypto Risk Parity,-0.04101523522728303,3.9490907976035308,-0.16426056927095878
2021-04-22,Crypto Risk Parity,-0.04779436960749327,3.760346492409317,-0.20420420851877863
2021-04-23,Crypto Risk Parity,-0.01654343563764814,3.6981374422368876,-0.21736940497585944
2021-04-24,Crypto Risk Parity,-0.06581614936942533,3.45474027594996,-0.26887913711905054
2021-04-25,Crypto Risk Parity,-0.00907591977653191,3.4233853303566844,-0.2755147314175068
2021-04-26,Crypto Risk Parity,0.14846365520732918,3.931633629684588,-0.1679550002998862
2021-04-27,Crypto Risk Parity,0.04146867109646122,4.094673251545764,-0.1334511998698671
2021-04-28,Crypto Risk Parity,0.0014828676896653892,4.100745110210219,-0.13216622265263578
2021-04-29,Crypto Risk Parity,-0.010696347617120554,4.056882115022202,-0.14144887440902199
2021-04-30,Crypto Risk Parity,0.0763306380284736,4.36654651526815,-0.07591511921259853
2021-05-01,Crypto Risk Parity,0.03842211661233494,4.534318474670967,-0.04040982216328948
2021-05-02,Crypto Risk Parity,-0.016800378133051477,4.458140209720814,-0.05653130000370832
2021-05-03,Crypto Risk Parity,0.05447764030862487,4.701009168511402,-0.005133351522864427
2021-05-04,Crypto Risk Parity,-0.025462414245316263,4.5813101256917355,-0.030465058245238597
2021-05-05,Crypto Risk Parity,0.2171062353390587,5.575941120001378,0.0
2021-05-06,Crypto Risk Parity,0.08287236842300837,6.0380325668031345,0.0
2021-05-07,Crypto Risk Parity,-0.03229823107876839,5.843014795699398,-0.03229823107876839
2021-05-08,Crypto Risk Parity,0.017188487136458763,5.943447380353415,-0.015664901671737397
2021-05-09,Crypto Risk Parity,0.01442546425601414,6.029184368096205,-0.0014654108948627398
2021-05-10,Crypto Risk Parity,-0.06393416715473403,5.643713486899633,-0.06530588822449435
2021-05-11,Crypto Risk Parity,0.11096419614092666,6.269963617223157,0.0
2021-05-12,Crypto Risk Parity,-0.17321546820218658,5.1839089336551725,-0.17321546820218658
2021-05-13,Crypto Risk Parity,0.05773257182490892,5.483189328501206,-0.12548307083644572
2021-05-14,Crypto Risk Parity,0.051086647468413286,5.763307088728913,-0.08080693277110784
2021-05-15,Crypto Risk Parity,-0.0406575778091829,5.5289849823307025,-0.1181790964236279
2021-05-16,Crypto Risk Parity,0.00026560529823669394,5.53045351003588,-0.1179448801195423
2021-05-17,Crypto Risk Parity,-0.06291666731331862,5.182495806453177,-0.1734408486490704
2021-05-18,Crypto Risk Parity,0.016795785851996772,5.2695398961972355,-0.15955813814897213
2021-05-19,Crypto Risk Parity,-0.292585480364467,3.727749034368644,-0.405459224017062
2021-05-20,Crypto Risk Parity,0.14368628053777516,4.263375427895358,-0.320031871288031
2021-05-21,Crypto Risk Parity,-0.13676844340603397,3.680280206966576,-0.41303005381768076
2021-05-22,Crypto Risk Parity,-0.057665164779535066,3.468056242396987,-0.446877772484919
2021-05-23,Crypto Risk Parity,-0.11141468002310363,3.0816638658481996,-0.5085037084771781
2021-05-24,Crypto Risk Parity,0.2446239220265281,3.8355125670794186,-0.38827195798337166
2021-05-25,Crypto Risk Parity,0.0027096216234539245,3.845905354868206,-0.38661440645305023
2021-05-26,Crypto Risk Parity,0.0677670502214921,4.106531016198666,-0.34504707413001423
2021-05-27,Crypto Risk Parity,-0.03656809969367053,3.9563629806031626,-0.3689974580178892
2021-05-28,Crypto Risk Parity,-0.08363521542696808,3.6254717104131355,-0.4217714915515275
2021-05-29,Crypto Risk Parity,-0.05536919262343706,3.4247322689284485,-0.4537875372161737
2021-05-30,Crypto Risk Parity,0.04696865485258342,3.5855873368302538,-0.4281326725755006
2021-05-31,Crypto Risk Parity,0.08993288879200965,3.908049564047447,-0.37670299181444933
2021-06-01,Crypto Risk Parity,-0.0205589796812041,3.827704052467057,-0.38951734234109137
2021-06-02,Crypto Risk Parity,0.016941707476464354,3.892551894830431,-0.3791747237355796
2021-06-03,Crypto Risk Parity,0.03585621789762063,4.032124083749268,-0.3569142773534919
2021-06-04,Crypto Risk Parity,-0.06863930089880928,3.7553619055034657,-0.40105523177395386
2021-06-05,Crypto Risk Parity,-0.03179557114401985,3.6359580288654882,-0.4200990227634236
2021-06-06,Crypto Risk Parity,0.01770090262401125,3.7003177678794277,-0.4098342520337901
2021-06-07,Crypto Risk Parity,-0.07961280124383613,3.405725104886207,-0.45681900042754386
2021-06-08,Crypto Risk Parity,-0.0011452378637453221,3.4018247395425836,-0.4574410718751213
2021-06-09,Crypto Risk Parity,0.06084208065604307,3.608798834723556,-0.4244306578094912
2021-06-10,Crypto Risk Parity,-0.04422034131440522,3.4492165185170522,-0.44988253057126315
2021-06-11,Crypto Risk Parity,-0.030709315790505815,3.343293439220083,-0.4667762616618242
2021-06-12,Crypto Risk Parity,-0.009291866137560856,3.3122280041242647,-0.4717309052598323
2021-06-13,Crypto Risk Parity,0.06367246475765702,3.5231257249861914,-0.4380947099424296
2021-06-14,Crypto Risk Parity,0.013461895993679092,3.5705536770686113,-0.4305303993693764
2021-06-15,Crypto Risk Parity,0.012052107792530395,3.613586374863658,-0.42366709035800687
2021-06-16,Crypto Risk Parity,-0.06830757039886434,3.3667510691702818,-0.46303499115655966
2021-06-17,Crypto Risk Parity,0.008829288262388218,3.3964770848676897,-0.45829397230666513
2021-06-18,Crypto Risk Parity,-0.05764325731852926,3.2006930822881734,-0.48951967225199033
2021-06-19,Crypto Risk Parity,-0.01957292368105313,3.138046160862072,-0.49951126474768115
2021-06-20,Crypto Risk Parity,0.01119751605992941,3.173184483145125,-0.4939070340968795
2021-06-21,Crypto Risk Parity,-0.183094111015721,2.592193091114788,-0.586569675780221
2021-06-22,Crypto Risk Parity,-0.030449275597933628,2.513262689280374,-0.5991583296629321
2021-06-23,Crypto Risk Parity,0.0820643567157412,2.7195119751338424,-0.5662635158418574
2021-06-24,Crypto Risk Parity,0.059023492969964675,2.8800270710798896,-0.5406628735183321
2021-06-25,Crypto Risk Parity,-0.08090667358024847,2.6470136609377497,-0.5778263124738736
2021-06-26,Crypto Risk Parity,0.011966817344581823,2.6786899899268044,-0.5727742370675599
2021-06-27,Crypto Risk Parity,0.055984637303589484,2.8286554774616124,-0.548856157683038
2021-06-28,Crypto Risk Parity,0.016775190796515096,2.8761067127936384,-0.5412881336514981
2021-06-29,Crypto Risk Parity,0.07166596878808983,3.082225686703923,-0.5084141033550399
2021-06-30,Crypto Risk Parity,0.008379642476147331,3.1080536359892994,-0.5042947892948388
2021-07-01,Crypto Risk Parity,-0.05229771462626965,2.945509533891191,-0.5302190389430522
2021-07-02,Crypto Risk Parity,0.00447672432343379,2.9586957680664683,-0.5281159590880025
2021-07-03,Crypto Risk Parity,0.023279163819770684,3.0275717315441497,-0.5171308931956766
2021-07-04,Crypto Risk Parity,0.025145958332757297,3.1037029241549927,-0.5049886867557994
2021-07-05,Crypto Risk Parity,-0.049913787767584206,2.94878535510509,-0.5296965763876236
2021-07-06,Crypto Risk Parity,0.018151619353898044,3.0023105844273066,-0.5211598076613767
2021-07-07,Crypto Risk Parity,-0.014959488304416306,2.957397554353341,-0.5283230119183508
2021-07-08,Crypto Risk Parity,-0.047670227667930616,2.816417739632736,-0.5508079613259269
2021-07-09,Crypto Risk Parity,0.02800006109532767,2.8952776084124174,-0.538230556799518
2021-07-10,Crypto Risk Parity,-0.01564702177220771,2.849975136637003,-0.5454558733310161
2021-07-11,Crypto Risk Parity,0.01304379898125527,2.8871496394208718,-0.5395268911146356
2021-07-12,Crypto Risk Parity,-0.01978282704536463,2.8300336574501217,-0.5486363509867562
2021-07-13,Crypto Risk Parity,-0.027385804789123117,2.7525309081605447,-0.5609973077675391
2021-07-14,Crypto Risk Parity,0.004581948219030664,2.7651428622530174,-0.558985820163715
2021-07-15,Crypto Risk Parity,-0.03503497970779931,2.668266138184817,-0.5744367430051309
2021-07-16,Crypto Risk Parity,-0.020468976017128288,2.6136494625949966,-0.5831475871063299
2021-07-17,Crypto Risk Parity,-0.004411725456524634,2.602118758726434,-0.5849866255079067
2021-07-18,Crypto Risk Parity,0.004961146476793227,2.615028251038487,-0.5829276833672232
2021-07-19,Crypto Risk Parity,-0.04770172378863677,2.490286895707967,-0.6028227518151268
2021-07-20,Crypto Risk Parity,-0.04217738724010957,2.385253100968722,-0.6195746504147812
2021-07-21,Crypto Risk Parity,0.08276320951665048,2.582664303114436,-0.5880894275016149
2021-07-22,Crypto Risk Parity,0.032747357113152444,2.6672397333519156,-0.5746004448853272
2021-07-23,Crypto Risk Parity,0.03066572738914081,2.74903257989637,-0.5615552580967189
2021-07-24,Crypto Risk Parity,0.016370080289588158,2.794034463947967,-0.5543778824692145
2021-07-25,Crypto Risk Parity,6.908004029366165e-06,2.7940537651493025,-0.5543748041098309
2021-07-26,Crypto Risk Parity,0.028124143020461637,2.872634132847221,-0.5418419773670946
2021-07-27,Crypto Risk Parity,0.029527491621874277,2.957455813137577,-0.5283137201923069
2021-07-28,Crypto Risk Parity,0.049338188558585766,3.1033713256998445,-0.5050415735786571
2021-07-29,Crypto Risk Parity,0.02063739978865957,3.1674168404409744,-0.4948269186538341
2021-07-30,Crypto Risk Parity,0.024872858487176585,3.246199551283163,-0.48226182008998
2021-07-31,Crypto Risk Parity,0.0014588718352626158,3.250935340380172,-0.481506506441269
2021-08-01,Crypto Risk Parity,-0.02434048404020711,3.1718060006119035,-0.4941268890461865
2021-08-02,Crypto Risk Parity,0.008255245579124751,3.1979900380762962,-0.48995078228338695
2021-08-03,Crypto Risk Parity,-0.016582213004969332,3.1449602860771453,-0.49840852705458183
2021-08-04,Crypto Risk Parity,0.037521501576415886,3.2629639184089543,-0.4795880618117435
2021-08-05,Crypto Risk Parity,0.01775685141064288,3.3209038838664315,-0.47034718435300993
2021-08-06,Crypto Risk Parity,0.02432733415810897,3.401692622356212,-0.4574621433189824
2021-08-07,Crypto Risk Parity,0.06820230949362849,3.633695915388343,-0.4204598085056138
2021-08-08,Crypto Risk Parity,-0.0421575602874749,3.4805081607690074,-0.4448918090675531
2021-08-09,Crypto Risk Parity,0.054036339729165286,3.6685820821744533,-0.4148957942758852
2021-08-10,Crypto Risk Parity,0.01712803217474246,3.731417674113621,-0.4048741106146654
2021-08-11,Crypto Risk Parity,0.05906924292742319,3.9518296911695185,-0.3697204748821643
2021-08-12,Crypto Risk Parity,-0.02206296438077382,3.864640613454361,-0.3836263095947702
2021-08-13,Crypto Risk Parity,0.09918077972863885,4.24793868286773,-0.32249388637616083
2021-08-14,Crypto Risk Parity,0.040133346305948885,4.418422677113696,-0.2953032988936978
2021-08-15,Crypto Risk Parity,0.016252398828095534,4.49023264465325,-0.2838502870544749
2021-08-16,Crypto Risk Parity,-0.042647126368438246,4.298737125633036,-0.3143920143611836
2021-08-17,Crypto Risk Parity,-0.06132170672553326,4.035131228324805,-0.3564346661852106
2021-08-18,Crypto Risk Parity,0.013250703193170048,4.088599554576829,-0.34790697296141737
2021-08-19,Crypto Risk Parity,0.06130090150051253,4.339234393146983,-0.3079330825417542
2021-08-20,Crypto Risk Parity,0.039191579588533504,4.509295843219305,-0.28080988686559827
2021-08-21,Crypto Risk Parity,-0.022551179631025542,4.407605902649429,-0.2970284722957498
2021-08-22,Crypto Risk Parity,0.018841427527891003,4.490651489835703,-0.2837834852023393
2021-08-23,Crypto Risk Parity,0.020142694478783148,4.581105310806157,-0.26935695476411103
2021-08-24,Crypto Risk Parity,-0.06447738213976649,4.285727633058794,-0.31646690559954815
2021-08-25,Crypto Risk Parity,0.022010887253440053,4.380060300789005,-0.30142173572470476
2021-08-26,Crypto Risk Parity,-0.05926780862578526,4.120463725112442,-0.3428249386019062
2021-08-27,Crypto Risk Parity,0.07137159979443138,4.414547813068639,-0.2959213031249207
2021-08-28,Crypto Risk Parity,-0.010256080110388964,4.369271857046665,-0.30314239064408965
2021-08-29,Crypto Risk Parity,-0.0003684034944448089,4.36766220202635,-0.30339911542250686
2021-08-30,Crypto Risk Parity,-0.03354918506254541,4.221130694519883,-0.32676950741392996
2021-08-31,Crypto Risk Parity,0.03235970313687051,4.357725230696478,-0.3049839685311557
2021-09-01,Crypto Risk Parity,0.05526074121365543,4.598536356950214,-0.2665768674768141
2021-09-02,Crypto Risk Parity,0.012173428711095316,4.654516311466927,-0.25764859325797485
2021-09-03,Crypto Risk Parity,0.04383433487498125,4.85854393814483,-0.22510811309993162
2021-09-04,Crypto Risk Parity,-0.010109229788657097,4.809427801035837,-0.23294167324597048
2021-09-05,Crypto Risk Parity,0.05303159781165789,5.0644794418845756,-0.1922633445634676
2021-09-06,Crypto Risk Parity,0.0058496310669627375,5.094104778165818,-0.18753838312990145
2021-09-07,Crypto Risk Parity,-0.1615138561146309,4.27133627199229,-0.31876219181571896
2021-09-08,Crypto Risk Parity,0.0011680880308107887,4.276325568767172,-0.3179664460858431
2021-09-09,Crypto Risk Parity,0.002337713601072735,4.286322393211894,-0.31637204697046994
2021-09-10,Crypto Risk Parity,-0.041428198011995085,4.1087477803626635,-0.3446935211751122
2021-09-11,Crypto Risk Parity,0.02894421404870681,4.22767225558963,-0.3257261901845002
2021-09-12,Crypto Risk Parity,0.038970516806178926,4.3924268282771015,-0.299449391347119
2021-09-13,Crypto Risk Parity,-0.04215882432828406,4.207247277248925,-0.3289837813903884
2021-09-14,Crypto Risk Parity,0.040855865745157524,4.379138007164886,-0.301568832850051
2021-09-15,Crypto Risk Parity,0.03319469027230133,4.524502136972386,-0.2783846265799865
2021-09-16,Crypto Risk Parity,-0.02160854576689118,4.426734225473221,-0.29397768540262526
2021-09-17,Crypto Risk Parity,-0.028958747691416646,4.298541545940783,-0.31442320747556063
2021-09-18,Crypto Risk Parity,0.014581908809091106,4.361222486775781,-0.30442618920534015
2021-09-19,Crypto Risk Parity,-0.033786035125558195,4.213874070647201,-0.3279268704092668
2021-09-20,Crypto Risk Parity,-0.11225827192483322,3.7408318493674835,-0.403372638544237
2021-09-21,Crypto Risk Parity,-0.052669081671311166,3.5438056711745056,-0.4347964537720894
2021-09-22,Crypto Risk Parity,0.10711081543145289,3.923385586344614,-0.3742570410508691
2021-09-23,Crypto Risk Parity,0.01733485826011358,3.9913969193836705,-0.36340987555022186
2021-09-24,Crypto Risk Parity,-0.06084713283203273,3.748531860844566,-0.40214455941217775
2021-09-25,Crypto Risk Parity,-0.004142057793987328,3.733005225234345,-0.40462091119954224
2021-09-26,Crypto Risk Parity,-0.004248919546321859,3.7171439863663247,-0.40715062904741794
2021-09-27,Crypto Risk Parity,-0.030417043936350342,3.6040794544152797,-0.42518335441132027
2021-09-28,Crypto Risk Parity,-0.03305876801335024,3.484933027830083,-0.44418608454804864
2021-09-29,Crypto Risk Parity,0.02413260741985608,3.5690335484751965,-0.4307728455279536
2021-09-30,Crypto Risk Parity,0.04112396057291219,3.7158063434060913,-0.40736397047041417
2021-10-01,Crypto Risk Parity,0.08667861845155432,4.037887303686053,-0.35599509818617525
2021-10-02,Crypto Risk Parity,0.01071050327329941,4.081135108869397,-0.34909748157727727
2021-10-03,Crypto Risk Parity,0.014757877966012129,4.141364002768898,-0.33949154164262496
2021-10-04,Crypto Risk Parity,-0.012379084964374946,4.090097705910218,-0.3476680319683192
2021-10-05,Crypto Risk Parity,0.03963567068267724,4.252211471641649,-0.32181241690763274
2021-10-06,Crypto Risk Parity,0.027710517144774103,4.37004245052978,-0.30301948825897873
2021-10-07,Crypto Risk Parity,-0.007039938851308627,4.339277618900428,-0.30792618844218933
2021-10-08,Crypto Risk Parity,-0.008236396345498491,4.303537608578013,-0.31362638265451925
2021-10-09,Crypto Risk Parity,0.03722125079891209,4.463720661229446,-0.2880786981015466
2021-10-10,Crypto Risk Parity,-0.035622424798189896,4.304712107654673,-0.3134390611406538
2021-10-11,Crypto Risk Parity,0.018235422233821828,4.383210350532801,-0.30091933253130443
2021-10-12,Crypto Risk Parity,-0.02459701156808436,4.275396474835398,-0.31811462779605615
2021-10-13,Crypto Risk Parity,0.030829811061821533,4.4072061403689515,-0.29709223060518875
2021-10-14,Crypto Risk Parity,0.008089322362987103,4.442857451558533,-0.29140618306710575
2021-10-15,Crypto Risk Parity,0.025297718318669397,4.555251607898062,-0.2734803762839867
2021-10-16,Crypto Risk Parity,0.0003987518567695129,4.557068022934763,-0.2731906752350506
2021-10-17,Crypto Risk Parity,-0.01303868080433404,4.497649867580079,-0.2826673100262742
2021-10-18,Crypto Risk Parity,-0.004954419961727247,4.47536662129528,-0.2862212774246795
2021-10-19,Crypto Risk Parity,0.015190480832701645,4.543349592175379,-0.2753786354206089
2021-10-20,Crypto Risk Parity,0.04958294387432549,4.76862224000565,-0.23944977497053188
2021-10-21,Crypto Risk Parity,-0.036244641293166804,4.595785237454027,-0.26701564506216224
2021-10-22,Crypto Risk Parity,-0.010475828262580152,4.5476405805747575,-0.2746942632836492
2021-10-23,Crypto Risk Parity,0.018954779477729645,4.633840104923526,-0.26094625299025853
2021-10-24,Crypto Risk Parity,-0.014549855829601742,4.566418399459462,-0.27169937845957737
2021-10-25,Crypto Risk Parity,0.019648163142261626,4.656140133147866,-0.25738960903094066
2021-10-26,Crypto Risk Parity,-0.013880118530576645,4.591512356204798,-0.2676971292796292
2021-10-27,Crypto Risk Parity,-0.08642014354935737,4.194713199272932,-0.33098284848889004
2021-10-28,Crypto Risk Parity,0.05604060408066537,4.429787460905327,-0.2934907231778814
2021-10-29,Crypto Risk Parity,0.028615868738457943,4.556549677425861,-0.2732733464498369
2021-10-30,Crypto Risk Parity,-0.01039339958839251,4.5091916358840125,-0.28082650695171907
2021-10-31,Crypto Risk Parity,0.011932651104801567,4.562998246439705,-0.2722448605753526
2021-11-01,Crypto Risk Parity,-0.004104738216372283,4.544268333156305,-0.2752321049083102
2021-11-02,Crypto Risk Parity,0.03415407639396653,4.699473620961609,-0.2504783268514542
2021-11-03,Crypto Risk Parity,0.016187454997290417,4.775546138711879,-0.23834547849786825
2021-11-04,Crypto Risk Parity,-0.024766650289200744,4.657271857554458,-0.2572091096731002
2021-11-05,Crypto Risk Parity,-0.009995634951129942,4.610719468198173,-0.2646337762578326
2021-11-06,Crypto Risk Parity,-0.0029739619185160317,4.597007364082791,-0.2668207274034048
2021-11-07,Crypto Risk Parity,0.024475218837340426,4.709520125315583,-0.248876004259601
2021-11-08,Crypto Risk Parity,0.06085412141183706,4.996113834813028,-0.20316701342747057
2021-11-09,Crypto Risk Parity,0.05038471349886857,5.247841598987816,-0.16301881169256582
2021-11-10,Crypto Risk Parity,-0.0493403507845737,4.988911253631879,-0.20431575712374395
2021-11-11,Crypto Risk Parity,0.010783443612829721,5.042708896824831,-0.19573554095707069
2021-11-12,Crypto Risk Parity,-0.020337029068353878,4.940155179406857,-0.2120918906392707
2021-11-13,Crypto Risk Parity,0.011289283164359898,4.99592599010306,-0.203196972885202
2021-11-14,Crypto Risk Parity,0.01230985813636326,5.057425130300998,-0.19338844065879413
2021-11-15,Crypto Risk Parity,-0.015463560603218131,4.9792193303023495,-0.20586152738992325
2021-11-16,Crypto Risk Parity,-0.08285943485959191,4.566644030551541,-0.27166339243065374
2021-11-17,Crypto Risk Parity,0.00510814642597558,4.5899711169349064,-0.26794294239179106
2021-11-18,Crypto Risk Parity,-0.0662070099055594,4.2860828537297655,-0.3164102512562924
2021-11-19,Crypto Risk Parity,0.048384564217164513,4.493463104806141,-0.28333505916000723
2021-11-20,Crypto Risk Parity,0.017400621761853512,4.571652156693716,-0.2708646435944694
2021-11-21,Crypto Risk Parity,-0.019277505615192914,4.4835221065723445,-0.28492055452181264
2021-11-22,Crypto Risk Parity,-0.03732776403080651,4.316162251351307,-0.31161287132590243
2021-11-23,Crypto Risk Parity,0.023091687697865883,4.4158297221128295,-0.2957168507353296
2021-11-24,Crypto Risk Parity,-0.024932042124898527,4.305734069464734,-0.31327606788065254
2021-11-25,Crypto Risk Parity,0.009165018789200658,4.34519620311268,-0.30698223013978476
2021-11-26,Crypto Risk Parity,-0.06731940960491835,4.052680160101602,-0.3536357772524916
2021-11-27,Crypto Risk Parity,0.012385061991497377,4.102872855116171,-0.3456305162846778
2021-11-28,Crypto Risk Parity,0.02429218213298827,4.2025405897811465,-0.3297344536039958
2021-11-29,Crypto Risk Parity,0.017990722213298147,4.278147330122009,-0.31767589234964067
2021-11-30,Crypto Risk Parity,0.002324429459740228,4.288091581809254,-0.31608987809272726
2021-12-01,Crypto Risk Parity,-0.004044154485610055,4.270749877003973,-0.31885571627999276
2021-12-02,Crypto Risk Parity,0.002717059134742048,4.282353756969485,-0.317005006981834
2021-12-03,Crypto Risk Parity,-0.05551147467414549,4.044633984843742,-0.35491906623933
2021-12-04,Crypto Risk Parity,-0.09538076177787608,3.658853714256659,-0.4164473771098064
2021-12-05,Crypto Risk Parity,-0.02232291461362292,3.5771774352095704,-0.4294739724831399
2021-12-06,Crypto Risk Parity,0.038284393625452884,3.7141275042072217,-0.40763172947211845
2021-12-07,Crypto Risk Parity,-0.005039866616842124,3.695408796988073,-0.41061718654362833
2021-12-08,Crypto Risk Parity,0.03269622443364031,3.816234712388444,-0.39134659379752845
2021-12-09,Crypto Risk Parity,-0.0676361404559415,3.5581193253684997,-0.432513561068426
2021-12-10,Crypto Risk Parity,-0.035983109749979786,3.430087127180241,-0.45293348788212606
2021-12-11,Crypto Risk Parity,0.06060908277787326,3.637981561806826,-0.41977628836417136
2021-12-12,Crypto Risk Parity,0.0020248562692126173,3.6453479515795304,-0.4186014187441197
2021-12-13,Crypto Risk Parity,-0.07981451525678564,3.354396271881894,-0.4650054646780407
2021-12-14,Crypto Risk Parity,0.009633279649450332,3.3867101092240057,-0.45985171270835656
2021-12-15,Crypto Risk Parity,0.049606140238212346,3.5547117258483434,-0.433057041019537
2021-12-16,Crypto Risk Parity,-0.03177010179442912,3.441778172468291,-0.4510688765379811
2021-12-17,Crypto Risk Parity,-0.02544975425892009,3.354185763765258,-0.4650390387351625
2021-12-18,Crypto Risk Parity,0.019815347638018215,3.4206501207167586,-0.4544386013149312
2021-12-19,Crypto Risk Parity,-0.0019889530920753715,3.413846608082251,-0.4555236973457628
2021-12-20,Crypto Risk Parity,0.00280158902104724,3.423410803258994,-0.4539982985140263
2021-12-21,Crypto Risk Parity,0.03367972624187911,3.5387103419262482,-0.43560911068037855
2021-12-22,Crypto Risk Parity,0.004759954339232684,3.555554441573588,-0.43292263581773816
2021-12-23,Crypto Risk Parity,0.05251395303737843,3.742270660540225,-0.40314316174651055
2021-12-24,Crypto Risk Parity,-0.02442713739946175,3.6508577009292345,-0.41772266574233685
2021-12-25,Crypto Risk Parity,0.010773551846825893,3.690190405655579,-0.4114494706924804
2021-12-26,Crypto Risk Parity,-0.0013672721691871702,3.6851449110149246,-0.412254179451363
2021-12-27,Crypto Risk Parity,0.00623767265597218,3.708131638659657,-0.4085880134178649
2021-12-28,Crypto Risk Parity,-0.0655030170736638,3.4652378286211407,-0.4473272828725239
2021-12-29,Crypto Risk Parity,-0.02876465962356257,3.3655614419661606,-0.46322472546392524
2021-12-30,Crypto Risk Parity,0.017300772368479583,3.4237882543657485,-0.45393809862614853
2021-12-31,Crypto Risk Parity,-0.015806272274577232,3.3696709250067443,-0.4625693017180369
2022-01-01,Crypto Risk Parity,0.02916294897606728,3.467940466258853,-0.44689623768586795
2022-01-02,Crypto Risk Parity,0.013489696942571783,3.5147219321635657,-0.43943503555445407
2022-01-03,Crypto Risk Parity,-0.02072376293571054,3.4418836680564655,-0.4510520509876885
2022-01-04,Crypto Risk Parity,-0.011255540900923669,3.403143405654435,-0.4572307570802747
2022-01-05,Crypto Risk Parity,-0.061158607930917264,3.1950118923753292,-0.4904257684049629
2022-01-06,Crypto Risk Parity,-0.001764146541608475,3.1893754231949973,-0.49132473202332416
2022-01-07,Crypto Risk Parity,-0.041018476051794456,3.0585521037784917,-0.5121898163209655
2022-01-08,Crypto Risk Parity,-0.019388094325468074,2.9992526070910754,-0.5216475261750586
2022-01-09,Crypto Risk Parity,0.008971312810174254,3.02615984042602,-0.5173560764988543
2022-01-10,Crypto Risk Parity,-0.028262038706739483,2.940634393883119,-0.5309965777464163
2022-01-11,Crypto Risk Parity,0.03401869899174262,3.0406709501733946,-0.5150416914986744
2022-01-12,Crypto Risk Parity,0.05280533406589739,3.2012345954817705,-0.4894333060102294
2022-01-13,Crypto Risk Parity,-0.03452970449440863,3.090696910882507,-0.5070630230783834
2022-01-14,Crypto Risk Parity,0.02507595747893618,3.168199095200076,-0.4947021564053017
2022-01-15,Crypto Risk Parity,0.00833255796244925,3.19459829779741,-0.49049173283524816
2022-01-16,Crypto Risk Parity,0.007269439375001331,3.2178212364507304,-0.4867878933760321
2022-01-17,Crypto Risk Parity,0.0007898500757060807,3.2203628327979494,-0.48638253275476184
2022-01-18,Crypto Risk Parity,-0.016235433993929443,3.1680788445895547,-0.4947213352423512
2022-01-19,Crypto Risk Parity,-0.02816929338975635,3.078836302134431,-0.5089546781934937
2022-01-20,Crypto Risk Parity,-0.0409773556549426,2.95267373197852,-0.5290764169878548
2022-01-21,Crypto Risk Parity,-0.11564051043912464,2.6112250344523287,-0.5835342605052007
2022-01-22,Crypto Risk Parity,-0.05743993036645743,2.4612364503022364,-0.6074560235817972
2022-01-23,Crypto Risk Parity,0.0390861557181534,2.557436721457945,-0.5921129885932921
2022-01-24,Crypto Risk Parity,-0.026562743787685507,2.489504185072639,-0.6029475867716133
2022-01-25,Crypto Risk Parity,0.0008308513936460674,2.4915725930942947,-0.6026176952207318
2022-01-26,Crypto Risk Parity,0.004913715672894695,2.503815472395137,-0.600665071561607
2022-01-27,Crypto Risk Parity,-0.008231553249723567,2.483205182006635,-0.6039522182895221
2022-01-28,Crypto Risk Parity,0.02485053654679097,2.544914163135272,-0.5941102184158504
2022-01-29,Crypto Risk Parity,0.014819218119451895,2.582627801214056,-0.5880952492100981
2022-01-30,Crypto Risk Parity,-0.016355796505529856,2.540386866447875,-0.5948322794936787
2022-01-31,Crypto Risk Parity,0.014960834468852793,2.5783931738436494,-0.5887706322950612
2022-02-01,Crypto Risk Parity,0.022690862847693564,2.636899139718765,-0.5794394831135248
2022-02-02,Crypto Risk Parity,-0.04034122591866124,2.530523395798647,-0.596405409937711
2022-02-03,Crypto Risk Parity,0.014162251701831368,2.5663613050673204,-0.5906896017677514
2022-02-04,Crypto Risk Parity,0.08983528347224787,2.796911100400251,-0.5539190861144188
2022-02-05,Crypto Risk Parity,0.008800945539113765,2.8215265626726165,-0.5499931522852736
2022-02-06,Crypto Risk Parity,0.024513153126525657,2.89069107535397,-0.5389620655192573
2022-02-07,Crypto Risk Parity,0.06732094102595092,3.0852951187621174,-0.507924557921353
2022-02-08,Crypto Risk Parity,-0.0014355856481971015,3.08086591336917,-0.5086309743638313
2022-02-09,Crypto Risk Parity,0.018644202191779008,3.1383062003837843,-0.49946979089909327
2022-02-10,Crypto Risk Parity,-0.0268378043118381,3.054080952707256,-0.5129029227031068
2022-02-11,Crypto Risk Parity,-0.05791190607539741,2.877213303427413,-0.5411116428931251
2022-02-12,Crypto Risk Parity,0.004642364064068927,2.890570375071906,-0.5389813160746725
2022-02-13,Crypto Risk Parity,-0.0019718813379857435,2.884870513293167,-0.5398903902139676
2022-02-14,Crypto Risk Parity,-0.0029001576954756185,2.876503933873589,-0.5412247806395508
2022-02-15,Crypto Risk Parity,0.05515469738957013,3.0351566378862946,-0.5159211722458916
2022-02-16,Crypto Risk Parity,-0.015535011505634596,2.988005444595328,-0.5234413424046858
2022-02-17,Crypto Risk Parity,-0.07735245555510985,2.7568758862438414,-0.5603043247857302
2022-02-18,Crypto Risk Parity,-0.0086089106792268,2.7331421879854543,-0.5640896255796921
2022-02-19,Crypto Risk Parity,0.005687184980922602,2.748686073187691,-0.5616105226452606
2022-02-20,Crypto Risk Parity,-0.04373457507542989,2.6284734557610756,-0.5807833001549099
2022-02-21,Crypto Risk Parity,-0.060175968455415084,2.4703025200013013,-0.6060100710607712
2022-02-22,Crypto Risk Parity,0.038145743572161724,2.564534046474936,-0.5909810322614412
2022-02-23,Crypto Risk Parity,-0.021331335358699768,2.5098291106907755,-0.5997059530303417
2022-02-24,Crypto Risk Parity,0.0033537769432311344,2.5182465176936604,-0.5983634560851021
2022-02-25,Crypto Risk Parity,0.04212682974335739,2.624332259996344,-0.5814437817808887
2022-02-26,Crypto Risk Parity,0.001834779187050782,2.6291473302068913,-0.5806758235430896
2022-02-27,Crypto Risk Parity,-0.04141934936556534,2.5202497584035086,-0.5980439581051864
2022-02-28,Crypto Risk Parity,0.10409771609067586,2.7826020022313918,-0.5562012521750881
2022-03-01,Crypto Risk Parity,0.005199233074036257,2.7970693985932726,-0.553893839047181
2022-03-02,Crypto Risk Parity,-0.018285479079859786,2.745923644620379,-0.5620511039206804
2022-03-03,Crypto Risk Parity,-0.02124822367613894,2.6875776448218867,-0.571356740023292
2022-03-04,Crypto Risk Parity,-0.06832260573508686,2.503955337012288,-0.6006427644756829
2022-03-05,Crypto Risk Parity,0.02736414456025828,2.5724739328267225,-0.5897146953516103
2022-03-06,Crypto Risk Parity,-0.03632028045734908,2.479040958117236,-0.6046163726839687
2022-03-07,Crypto Risk Parity,-0.016241642928798435,2.4387772600696294,-0.6110380523787289
2022-03-08,Crypto Risk Parity,0.01717672413304425,2.480667464287787,-0.6043569603061867
2022-03-09,Crypto Risk Parity,0.0628392219845445,2.636550677746004,-0.5794950595082272
2022-03-10,Crypto Risk Parity,-0.045483957935756256,2.516629917623915,-0.5986212885333326
2022-03-11,Crypto Risk Parity,0.01256503614052028,2.5482514634911744,-0.5935779505177186
2022-03-12,Crypto Risk Parity,-0.0016126710870031698,2.544141972033589,-0.5942333756060392
2022-03-13,Crypto Risk Parity,-0.026707092732696898,2.4761953364613416,-0.6050702224715621
2022-03-14,Crypto Risk Parity,0.02618656373083396,2.5410383834495804,-0.5947283686831095
2022-03-15,Crypto Risk Parity,0.0012345499206199723,2.54417542218416,-0.5942280406228377
2022-03-16,Crypto Risk Parity,0.04118402420456524,2.6489548043520528,-0.5775167184263148
2022-03-17,Crypto Risk Parity,-0.0017309583171836286,2.644369574001616,-0.5782480193764258
2022-03-18,Crypto Risk Parity,0.021533500873926237,2.701312108534364,-0.5691662227330879
2022-03-19,Crypto Risk Parity,0.04224489260576056,2.8154287484540386,-0.550965696081513
2022-03-20,Crypto Risk Parity,-0.005373648065529316,2.800299625206273,-0.553378648400121
2022-03-21,Crypto Risk Parity,0.02325835234977414,2.865429980574261,-0.5429909716376786
2022-03-22,Crypto Risk Parity,0.05278275016276212,3.0166752553478005,-0.5188687782715036
2022-03-23,Crypto Risk Parity,0.013356276281135112,3.056966803508689,-0.5124426567466177
2022-03-24,Crypto Risk Parity,0.022757111605267524,3.1265345382297345,-0.5013472598722327
2022-03-25,Crypto Risk Parity,-0.011277668291613514,3.0912745188053066,-0.5069709000680978
2022-03-26,Crypto Risk Parity,0.01021259707057458,3.1228444599003997,-0.5019357925264252
2022-03-27,Crypto Risk Parity,0.041896379837905166,3.253680337567084,-0.4810687053064472
2022-03-28,Crypto Risk Parity,0.003961773022656634,3.266570680552806,-0.479012817302518
2022-03-29,Crypto Risk Parity,0.011774269920337104,3.305032165459494,-0.4728785735884019
2022-03-30,Crypto Risk Parity,0.007720168613898519,3.3305475710511994,-0.4688091072965056
2022-03-31,Crypto Risk Parity,-0.03267183823572129,3.22173245957344,-0.48616409021520257
2022-04-01,Crypto Risk Parity,0.01475168414291671,3.2692584392100494,-0.47858414517276904
2022-04-02,Crypto Risk Parity,-0.00886079703691138,3.240290203719,-0.48320430523422075
2022-04-03,Crypto Risk Parity,0.01908244191660924,3.302122853324425,-0.4733425814060991
2022-04-04,Crypto Risk Parity,-0.007808217156993093,3.2763391610065984,-0.47745483689782164
2022-04-05,Crypto Risk Parity,-0.025638461601101302,3.1923388652349463,-0.4908520909968581
2022-04-06,Crypto Risk Parity,-0.08555537715313981,2.919217109619144,-0.5344124323783543
2022-04-07,Crypto Risk Parity,0.0333338729300193,3.0165259218063265,-0.5188925955614578
2022-04-08,Crypto Risk Parity,-0.04044250015600433,2.894530071743083,-0.5383497818405183
2022-04-09,Crypto Risk Parity,0.017319628288146822,2.9446622566545364,-0.5303541716628541
2022-04-10,Crypto Risk Parity,-0.0156540863334671,2.898566259465964,-0.5377060480057966
2022-04-11,Crypto Risk Parity,-0.07941908918361196,2.668364767200828,-0.5744210126082687
2022-04-12,Crypto Risk Parity,0.0277293592096638,2.742356812332951,-0.5626199799947983
2022-04-13,Crypto Risk Parity,0.03238656839480399,2.831172338798529,-0.5484547420623791
2022-04-14,Crypto Risk Parity,-0.02072252811796302,2.772503290400977,-0.5578119013665244
2022-04-15,Crypto Risk Parity,0.03613822995390595,2.8726966518574484,-0.5418320061752273
2022-04-16,Crypto Risk Parity,0.0097449367908871,2.900690899149192,-0.5373671880357974
2022-04-17,Crypto Risk Parity,-0.03634255948275723,2.79527236760577,-0.5541804485232817
2022-04-18,Crypto Risk Parity,0.022492460798472294,2.8581449217551955,-0.5441528697384992
2022-04-19,Crypto Risk Parity,0.018766727842642217,2.911782949636605,-0.5355981107070321
2022-04-20,Crypto Risk Parity,-0.014342362018109307,2.8700211044547586,-0.5422587307251658
2022-04-21,Crypto Risk Parity,-0.019168279868791306,2.815007736695232,-0.5510328434821217
2022-04-22,Crypto Risk Parity,-0.01359915239561498,2.776726017489078,-0.5571384162642341
2022-04-23,Crypto Risk Parity,-0.012457660410847681,2.742134507709234,-0.5626554354834246
2022-04-24,Crypto Risk Parity,-0.012493025164703582,2.7078769522994204,-0.5681191921335764
2022-04-25,Crypto Risk Parity,0.009166536804640926,2.732698806045112,-0.5641603408130508
2022-04-26,Crypto Risk Parity,-0.06836326597337505,2.5458825907423255,-0.5939557633557933
2022-04-27,Crypto Risk Parity,0.023547711543026408,2.6058322996115386,-0.5843943507975872
2022-04-28,Crypto Risk Parity,0.006459477599195404,2.622664614978139,-0.5817097554164652
2022-04-29,Crypto Risk Parity,-0.03786162698361957,2.5233662656226983,-0.5975469046277739
2022-04-30,Crypto Risk Parity,-0.048052145136578926,2.402113103594249,-0.6168856391772657
2022-05-01,Crypto Risk Parity,0.04468947601646344,2.5094622795261565,-0.5997644591377154
2022-05-02,Crypto Risk Parity,-0.002785302278854836,2.502472668520292,-0.6008792361017579
2022-05-03,Crypto Risk Parity,-0.010429513190921438,2.476373096814039,-0.6050418713736052
2022-05-04,Crypto Risk Parity,0.09519618205373076,2.7121143609713094,-0.5674433654572861
2022-05-05,Crypto Risk Parity,-0.08757406437306926,2.4746034833364825,-0.6053241080157279
2022-05-06,Crypto Risk Parity,0.010190973597602777,2.4998221020997002,-0.6013019764209059
2022-05-07,Crypto Risk Parity,-0.025334224947391036,2.4364910466366467,-0.6114026818363388
2022-05-08,Crypto Risk Parity,-0.020136506633497708,2.38742862851359,-0.6192276743113009
2022-05-09,Crypto Risk Parity,-0.13699724822162318,2.060357476081704,-0.6713924351296003
2022-05-10,Crypto Risk Parity,0.035559238916156796,2.1336222198263832,-0.6597074002207173
2022-05-11,Crypto Risk Parity,-0.1380905082941802,1.8389892429828008,-0.7066985782929865
2022-05-12,Crypto Risk Parity,-0.04660317399900834,1.7532865073097685,-0.720367355482955
2022-05-13,Crypto Risk Parity,0.06463312943936361,1.8666069010810105,-0.7022938225744133
2022-05-14,Crypto Risk Parity,0.02076050754136999,1.9053586077276758,-0.696113291232857
2022-05-15,Crypto Risk Parity,0.04170660330202005,1.9848246433282635,-0.6834392088215493
2022-05-16,Crypto Risk Parity,-0.0585274085031114,1.8686580006211477,-0.7019666915629186
2022-05-17,Crypto Risk Parity,0.04220681753937776,1.947528107896863,-0.6893876540930576
2022-05-18,Crypto Risk Parity,-0.07741825798706153,1.7967538744026499,-0.7134347208224476
2022-05-19,Crypto Risk Parity,0.047562332164773416,1.8822116789953323,-0.6998050078273139
2022-05-20,Crypto Risk Parity,-0.0317007193081743,1.8225442148809337,-0.7093214050118999
2022-05-21,Crypto Risk Parity,0.016131288433837317,1.8519442012945997,-0.7046323847546041
2022-05-22,Crypto Risk Parity,0.03431786802202649,1.9154989779787848,-0.6944959979166321
2022-05-23,Crypto Risk Parity,-0.03420374719152786,1.8499817351903685,-0.7049453795698915
2022-05-24,Crypto Risk Parity,0.029755583041669736,1.9050290203373978,-0.696165857309855
2022-05-25,Crypto Risk Parity,-0.00794864269725076,1.8898866253268423,-0.6985809263493246
2022-05-26,Crypto Risk Parity,-0.04790926809647181,1.7993435403221223,-0.713021693558245
2022-05-27,Crypto Risk Parity,-0.029120896281625962,1.746945043709388,-0.7213787590552119
2022-05-28,Crypto Risk Parity,0.01687414606510853,1.7764232495446577,-0.7166772635386678
2022-05-29,Crypto Risk Parity,0.026733264919457645,1.8239128428838187,-0.7091031217671413
2022-05-30,Crypto Risk Parity,0.084190181593423,1.9774683963367836,-0.6846124607637571
2022-05-31,Crypto Risk Parity,0.012045208899786965,2.001287416263387,-0.6808135519692669
2022-06-01,Crypto Risk Parity,-0.06952403301072774,1.8621498438711372,-0.7030046811187325
2022-06-02,Crypto Risk Parity,0.023402229896560916,1.9057283026192544,-0.6960543283880707
2022-06-03,Crypto Risk Parity,-0.026400641159651933,1.855415853554011,-0.7040786889963266
2022-06-04,Crypto Risk Parity,0.007079672543145839,1.868551590228535,-0.7019836630158821
2022-06-05,Crypto Risk Parity,-0.0038268883295911843,1.8614008519546503,-0.7031241382579141
2022-06-06,Crypto Risk Parity,0.029349214044883214,1.9160315039819953,-0.6944110650468865
2022-06-07,Crypto Risk Parity,-0.011497269286673373,1.8940023738189644,-0.6979245033230702
2022-06-08,Crypto Risk Parity,-0.014501180317615743,1.8665371038742233,-0.7023049545699157
2022-06-09,Crypto Risk Parity,-0.0058874432814459915,1.8555479725424495,-0.7040576172650528
2022-06-10,Crypto Risk Parity,-0.05127219309882516,1.7604099585901196,-0.7192312322587654
2022-06-11,Crypto Risk Parity,-0.057728261952377104,1.6587845513570558,-0.7354395252309776
2022-06-12,Crypto Risk Parity,-0.05650287623954719,1.5650584531436553,-0.7503879529947275
2022-06-13,Crypto Risk Parity,-0.1289659750123209,1.3632191637827091,-0.7825794140115837
2022-06-14,Crypto Risk Parity,0.008342021802004232,1.3745911677678946,-0.7807656867430638
2022-06-15,Crypto Risk Parity,0.06330324338834785,1.4616072470205788,-0.7668874436518827
2022-06-16,Crypto Risk Parity,-0.10654736199787818,1.305876850573555,-0.7917249715793563
2022-06-17,Crypto Risk Parity,0.035189509225662656,1.3518300160543923,-0.7843958755452729
2022-06-18,Crypto Risk Parity,-0.04300161988929031,1.293699135549088,-0.7936672021516383
2022-06-19,Crypto Risk Parity,0.07816084013519126,1.3948157468657754,-0.7775400573243658
2022-06-20,Crypto Risk Parity,0.0009336139865888029,1.3961179663557635,-0.7773323656104281
2022-06-21,Crypto Risk Parity,0.006957708625511311,1.4058317483725082,-0.7757831090900136
2022-06-22,Crypto Risk Parity,-0.03600966215095622,1.3552082220725261,-0.78385708358022
2022-06-23,Crypto Risk Parity,0.047301043552763794,1.4193109852078423,-0.7736332980770266
2022-06-24,Crypto Risk Parity,0.03751018928828888,1.4725496089219363,-0.7651422402393302
2022-06-25,Crypto Risk Parity,0.00757738588421638,1.4837076855423896,-0.763362632365721
2022-06-26,Crypto Risk Parity,-0.021495323096342084,1.4518149094611301,-0.7684492290396877
2022-06-27,Crypto Risk Parity,-0.006465186472578997,1.4424286553477936,-0.7699462479518155
2022-06-28,Crypto Risk Parity,-0.04206289223548355,1.381755934260526,-0.7796229741325871
2022-06-29,Crypto Risk Parity,-0.014718593945753432,1.36141842973201,-0.7828666140913023
2022-06-30,Crypto Risk Parity,-0.007718191412912788,1.3509107416982713,-0.7845424911258795
2022-07-01,Crypto Risk Parity,-0.022380113679478914,1.3206772057282348,-0.7893644546675795
2022-07-02,Crypto Risk Parity,0.009637487598520183,1.3334052159200889,-0.7873344572116309
2022-07-03,Crypto Risk Parity,0.006455170340585938,1.3420125737218789,-0.7859616649073587
2022-07-04,Crypto Risk Parity,0.03453021652669168,1.3883525584740382,-0.7785708748515973
2022-07-05,Crypto Risk Parity,-0.01768156936055363,1.3638043064144774,-0.7824860892863554
2022-07-06,Crypto Risk Parity,0.016884142367398026,1.38683097248525,-0.7788135534509768
2022-07-07,Crypto Risk Parity,0.03833577399488441,1.4399962112155502,-0.7703341998253419
2022-07-08,Crypto Risk Parity,-0.008868699629277485,1.427225317350982,-0.7723710368222085
2022-07-09,Crypto Risk Parity,0.013015486847754035,1.4458013496977453,-0.7694083350458001
2022-07-10,Crypto Risk Parity,-0.03969150791546617,1.3884153139820257,-0.7785608659405703
2022-07-11,Crypto Risk Parity,-0.05515550782777255,1.3118365622634907,-0.7907744538325603
2022-07-12,Crypto Risk Parity,-0.023351633816154023,1.2812030352348713,-0.7956602121716472
2022-07-13,Crypto Risk Parity,0.04424172671460761,1.3378856697856583,-0.7866198671216243
2022-07-14,Crypto Risk Parity,0.02307542971764411,1.3687579565290404,-0.7816960288622478
2022-07-15,Crypto Risk Parity,0.013341517106684695,1.3870192642209833,-0.7787835226968562
2022-07-16,Crypto Risk Parity,0.04977117429890207,1.4560528417764607,-0.7677733188472124
2022-07-17,Crypto Risk Parity,-0.0024987231843306102,1.4524145687831034,-0.7683535890394291
2022-07-18,Crypto Risk Parity,0.10496720270912437,1.6048704632422448,-0.7440383132632897
2022-07-19,Crypto Risk Parity,0.018669603228325976,1.6348327580238373,-0.7392596101302622
2022-07-20,Crypto Risk Parity,-0.034721146379806986,1.5780694905259882,-0.7483128153740572
2022-07-21,Crypto Risk Parity,0.022909053803527108,1.6142215693901525,-0.7425469001198033
2022-07-22,Crypto Risk Parity,-0.008802199875475218,1.600012868493077,-0.7448130537635096
2022-07-23,Crypto Risk Parity,0.006314108842337355,1.6101155238938827,-0.7432017756098286
2022-07-24,Crypto Risk Parity,0.019309012879593437,1.641205265282383,-0.7382432553876221
2022-07-25,Crypto Risk Parity,-0.07183251962566,1.5233133558542498,-0.7570459018821396
2022-07-26,Crypto Risk Parity,0.004066594955149335,1.529508054262278,-0.7560579059724006
2022-07-27,Crypto Risk Parity,0.10564828974317564,1.6910979643435,-0.7302858409420159
2022-07-28,Crypto Risk Parity,0.07558516067094466,1.8189198756887108,-0.7098994528943894
2022-07-29,Crypto Risk Parity,-0.005739405030609429,1.8084803578039075,-0.71156445743383
2022-07-30,Crypto Risk Parity,-0.00465766064417441,1.8000570700156018,-0.7129078923088215
2022-07-31,Crypto Risk Parity,-0.016138543829350982,1.7710067700958219,-0.7175411408718564
2022-08-01,Crypto Risk Parity,-0.011475305633391891,1.750683926130166,-0.7207824426092109
2022-08-02,Crypto Risk Parity,-0.019188347517372188,1.717091194562503,-0.7261401661333773
2022-08-03,Crypto Risk Parity,-0.005843110544507436,1.7070580408976739,-0.7277403594163603
2022-08-04,Crypto Risk Parity,0.0017090373057529027,1.7099754667726534,-0.7272750575337521
2022-08-05,Crypto Risk Parity,0.043835876595938454,1.7849337403161816,-0.7153199206111671
2022-08-06,Crypto Risk Parity,-0.009165723643517795,1.7685735309304529,-0.7179292195456599
2022-08-07,Crypto Risk Parity,0.006419951679674449,1.7799276875409775,-0.7161183387648951
2022-08-08,Crypto Risk Parity,0.023127462808641024,1.821092898936652,-0.7095528762026249
2022-08-09,Crypto Risk Parity,-0.04262623883265567,1.743466558090125,-0.7219335446698697
2022-08-10,Crypto Risk Parity,0.048761028636926704,1.8284797808566815,-0.7083747382785486
2022-08-11,Crypto Risk Parity,0.011298566514028762,1.8491389812802477,-0.7050797908618176
2022-08-12,Crypto Risk Parity,0.013854167878733736,1.8747572631580152,-0.7009939167735859
2022-08-13,Crypto Risk Parity,0.007164101971080451,1.8881882153623029,-0.6988518067033787
2022-08-14,Crypto Risk Parity,-0.011938723042194092,1.8656456592075574,-0.702447131577804
2022-08-15,Crypto Risk Parity,-0.016674280741739416,1.8345373597213233,-0.7074086116413856
2022-08-16,Crypto Risk Parity,0.001948557747662113,1.838112061706984,-0.7068384804247002
2022-08-17,Crypto Risk Parity,-0.00758438761979715,1.8241711073423736,-0.709061931024368
2022-08-18,Crypto Risk Parity,-0.016795672718948673,1.793532926440089,-0.7139484316123657
2022-08-19,Crypto Risk Parity,-0.1054629314901079,1.6043816862936853,-0.7441162685718686
2022-08-20,Crypto Risk Parity,0.01427083908052754,1.627277559162528,-0.7404645930173328
2022-08-21,Crypto Risk Parity,0.030208215410126943,1.676434710201775,-0.7326244915366456
2022-08-22,Crypto Risk Parity,0.01918122588865313,1.708590783065734,-0.7274959015117164
2022-08-23,Crypto Risk Parity,0.014399414298851049,1.733193489618296,-0.7235720020994487
2022-08-24,Crypto Risk Parity,-0.008355698854862186,1.7187114467618376,-0.7258817512049582
2022-08-25,Crypto Risk Parity,0.010491369388114595,1.7367430834213968,-0.7230058754008264
2022-08-26,Crypto Risk Parity,-0.07703686943522771,1.602949833261328,-0.7443446356118981
2022-08-27,Crypto Risk Parity,0.002294432808354675,1.6066276939489095,-0.7437580515562141
2022-08-28,Crypto Risk Parity,-0.032302739834816775,1.5547292175398661,-0.7520353685515603
2022-08-29,Crypto Risk Parity,0.04799543919941179,1.6293491291718498,-0.7401341971592721
2022-08-30,Crypto Risk Parity,-0.025417704018010308,1.5879348152645567,-0.7467393892202804
2022-08-31,Crypto Risk Parity,0.003231729833748816,1.5930665915810955,-0.7459209193487102
2022-09-01,Crypto Risk Parity,0.022620733583389285,1.6291029265298493,-0.7401734641561848
2022-09-02,Crypto Risk Parity,0.0036964970906777405,1.6351249007581814,-0.7392130161223573
2022-09-03,Crypto Risk Parity,0.002132863779903995,1.6386123994346278,-0.7386567930101743
2022-09-04,Crypto Risk Parity,0.00942219254444396,1.6540517209678143,-0.7361943669937336
2022-09-05,Crypto Risk Parity,0.02609417237399515,1.6972128316902517,-0.7293105773328372
2022-09-06,Crypto Risk Parity,-0.06771653108161668,1.5822834662209802,-0.7476407260363431
2022-09-07,Crypto Risk Parity,0.05415089213677889,1.667965527530121,-0.7339752462122212
2022-09-08,Crypto Risk Parity,0.0059228694972171085,1.677844669675539,-0.7323996163125068
2022-09-09,Crypto Risk Parity,0.05974142018056126,1.7780814930843403,-0.716412789350153
2022-09-10,Crypto Risk Parity,0.017878174877648517,1.8098703449644122,-0.7113427676050905
2022-09-11,Crypto Risk Parity,-0.010499402779283096,1.7908677872343508,-0.7143734961531578
2022-09-12,Crypto Risk Parity,-0.005887984233555042,1.7803231859387332,-0.7160552605044934
2022-09-13,Crypto Risk Parity,-0.07112944937465365,1.6536897780139819,-0.7362520934776383
2022-09-14,Crypto Risk Parity,0.019359314934283747,1.6857040792301603,-0.731146114692014
2022-09-15,Crypto Risk Parity,-0.045616305402971576,1.6088084871329624,-0.7434102356329985
2022-09-16,Crypto Risk Parity,0.014214074834061504,1.6316762113627437,-0.7397630495206318
2022-09-17,Crypto Risk Parity,0.030886611073323033,1.682073159900698,-0.7317252120442679
2022-09-18,Crypto Risk Parity,-0.0737962575003566,1.5579424558582275,-0.7515228873771026
2022-09-19,Crypto Risk Parity,0.02152438193473511,1.591476204310459,-0.7461745711029673
2022-09-20,Crypto Risk Parity,0.000295589624676385,1.5919466281643726,-0.7460995429397062
2022-09-21,Crypto Risk Parity,-0.03740604221142681,1.5323982053929175,-0.7555969541540041
2022-09-22,Crypto Risk Parity,0.06831608524173734,1.6370856518168253,-0.7389002948406488
2022-09-23,Crypto Risk Parity,0.010796417047440632,1.6547603112562208,-0.7360813535327847
2022-09-24,Crypto Risk Parity,-0.02109962912866381,1.6198454823918822,-0.741649939093382
2022-09-25,Crypto Risk Parity,-0.01247989049848611,1.599629988147164,-0.7448741195637737
2022-09-26,Crypto Risk Parity,0.0023032121872761805,1.603314275430997,-0.7442865105266634
2022-09-27,Crypto Risk Parity,-0.015037859032774324,1.5792038613718309,-0.7481318939341424
2022-09-28,Crypto Risk Parity,-0.00036664046951552525,1.5786248613266367,-0.7482242389748063
2022-09-29,Crypto Risk Parity,0.026427704443213858,1.6203442925884868,-0.7415703835764671
2022-09-30,Crypto Risk Parity,-0.004406090676930489,1.6132049087074951,-0.7427090479000336
2022-10-01,Crypto Risk Parity,0.0003918946560375815,1.613837115090311,-0.7426082169508589
2022-10-02,Crypto Risk Parity,-0.02399711110536716,1.5751096865335237,-0.7487848761662976
2022-10-03,Crypto Risk Parity,0.021439748552779424,1.6088796421558498,-0.7433988870786477
2022-10-04,Crypto Risk Parity,0.02502546460001629,1.6491426026863079,-0.7369773250109096
2022-10-05,Crypto Risk Parity,-0.003524147557324236,1.6433307808113715,-0.7379042557284934
2022-10-06,Crypto Risk Parity,-0.005582821496651925,1.6341563584021481,-0.7393674894837933
2022-10-07,Crypto Risk Parity,-0.003455008232498647,1.6285103347306786,-0.7402679769532836
2022-10-08,Crypto Risk Parity,-0.00290647487544885,1.6237771103583751,-0.7410228815526183
2022-10-09,Crypto Risk Parity,0.010359833001387013,1.6405991700531626,-0.7383399218543231
2022-10-10,Crypto Risk Parity,-0.040076094259884565,1.5748503630714237,-0.748826235810138
2022-10-11,Crypto Risk Parity,-0.018158972779460512,1.5462526981966862,-0.7533872933569763
2022-10-12,Crypto Risk Parity,0.0021102826621768518,1.549515728457035,-0.752866870837875
2022-10-13,Crypto Risk Parity,-0.015584545384151542,1.5253672302634396,-0.7567183283052296
2022-10-14,Crypto Risk Parity,0.004146242604641418,1.5316917728612818,-0.7557096234731202
2022-10-15,Crypto Risk Parity,-0.008439442742295387,1.518765147845374,-0.7577712981183127
2022-10-16,Crypto Risk Parity,0.01085747496987275,1.5352551024232202,-0.7551413060506476
2022-10-17,Crypto Risk Parity,0.01164461092824983,1.5531325507665488,-0.7522900218272079
2022-10-18,Crypto Risk Parity,-0.015501008912498873,1.5290574292548245,-0.7561297764065793
2022-10-19,Crypto Risk Parity,-0.022713104456627685,1.4943277881439772,-0.7616688262689177
2022-10-20,Crypto Risk Parity,-0.002169674140910305,1.4910855837839976,-0.7621859272535348
2022-10-21,Crypto Risk Parity,0.012133193828318784,1.5091772141866606,-0.7593004830138002
2022-10-22,Crypto Risk Parity,0.009521383954121412,1.5235466698977433,-0.7570086904950029
2022-10-23,Crypto Risk Parity,0.018309290920885405,1.5514417291084475,-0.752559691918029
2022-10-24,Crypto Risk Parity,-0.01923553208766813,1.5215989219460346,-0.7573193379039223
2022-10-25,Crypto Risk Parity,0.049905911641642556,1.5975357032986919,-0.74520813822422
2022-10-26,Crypto Risk Parity,0.023416794237478424,1.6349448681498626,-0.7392417296236325
2022-10-27,Crypto Risk Parity,-0.02048969026378236,1.6014453542031115,-0.744584585817364
2022-10-28,Crypto Risk Parity,0.01939311605615501,1.6325023698147625,-0.7396312850475892
2022-10-29,Crypto Risk Parity,0.01574836404441197,1.6582116114379708,-0.735530903738743
2022-10-30,Crypto Risk Parity,-0.022181066367130624,1.6214307096339187,-0.7413971103149689
2022-10-31,Crypto Risk Parity,0.0012119419350109626,1.6233957895056386,-0.7410836986284446
2022-11-01,Crypto Risk Parity,-0.0047776891513541565,1.6156397090537635,-0.7423207202326162
2022-11-02,Crypto Risk Parity,-0.014452714037660904,1.5922893303509198,-0.7460448851765247
2022-11-03,Crypto Risk Parity,0.014275074037538632,1.615019378430862,-0.742419657110208
2022-11-04,Crypto Risk Parity,0.06638326227869232,1.7222296334144087,-0.7253206336503193
2022-11-05,Crypto Risk Parity,-0.0008135539597467962,1.7208285066765512,-0.7255441001364737
2022-11-06,Crypto Risk Parity,-0.03686714692652962,1.6573864692855462,-0.7356625061215953
2022-11-07,Crypto Risk Parity,-0.0009524308173114704,1.6558079233360037,-0.735914269296936
2022-11-08,Crypto Risk Parity,-0.11337939091822204,1.4680734295106015,-0.765856148594243
2022-11-09,Crypto Risk Parity,-0.1430625678505203,1.258047074891695,-0.7993533692227612
2022-11-10,Crypto Risk Parity,0.151916270000271,1.4491648939939927,-0.7688718814869616
2022-11-11,Crypto Risk Parity,-0.01851613386066507,1.4223319628306235,-0.7731514806683126
2022-11-12,Crypto Risk Parity,-0.03029115056829001,1.3792478911864297,-0.7800229833235824
2022-11-13,Crypto Risk Parity,-0.03614028763689114,1.3294014756763766,-0.7879730159797733
2022-11-14,Crypto Risk Parity,0.022331497096892118,1.3590890008710477,-0.7832381360016629
2022-11-15,Crypto Risk Parity,0.014800978396012318,1.379204847811198,-0.7800298483355441
2022-11-16,Crypto Risk Parity,-0.017793084997445224,1.3546645387252048,-0.7839437959410107
2022-11-17,Crypto Risk Parity,0.00507366028317999,1.3615376463923672,-0.782847600159542
2022-11-18,Crypto Risk Parity,0.0026684202486561247,1.3651708010173083,-0.7822681462987635
2022-11-19,Crypto Risk Parity,0.008830154120249727,1.377225469590756,-0.7803455404736939
2022-11-20,Crypto Risk Parity,-0.040108673898780214,1.3219867823458458,-0.7891555895612473
2022-11-21,Crypto Risk Parity,-0.01253611876069886,1.305414199042284,-0.7917987601305371
2022-11-22,Crypto Risk Parity,0.035557484214436,1.3518314438180306,-0.7843956478304526
2022-11-23,Crypto Risk Parity,0.04301767217251828,1.4099840857006964,-0.7751208504898549
2022-11-24,Crypto Risk Parity,0.01139622703184406,1.4260525844526284,-0.7725580766473094
2022-11-25,Crypto Risk Parity,-0.006185933845871211,1.4172311175044707,-0.7739650173389467
2022-11-26,Crypto Risk Parity,-0.004047881200271563,1.4114943343074846,-0.7748799800958641
2022-11-27,Crypto Risk Parity,-0.0009094767879270632,1.4102106129741414,-0.7750847215284646
2022-11-28,Crypto Risk Parity,-0.01713468395521416,1.3860470998105408,-0.7789385737417733
2022-11-29,Crypto Risk Parity,0.016027027739836507,1.4082613151279242,-0.775395616130925
2022-11-30,Crypto Risk Parity,0.033749539418202586,1.455789485893964,-0.7678153216240344
2022-12-01,Crypto Risk Parity,-0.019348201502827584,1.4276225775751898,-0.7723076775671218
2022-12-02,Crypto Risk Parity,0.00841677893011536,1.4396385612062816,-0.7703912416251197
2022-12-03,Crypto Risk Parity,-0.01861191974197546,1.4128441238476572,-0.7746647014080477
2022-12-04,Crypto Risk Parity,0.010187592441838731,1.4272376039652637,-0.7723690772232329
2022-12-05,Crypto Risk Parity,-0.0019345084180309412,1.4244766008058627,-0.7728094311595487
2022-12-06,Crypto Risk Parity,0.006296120992615396,1.4334452778356859,-0.7713790118497481
2022-12-07,Crypto Risk Parity,-0.01865367795993481,1.4067062512497497,-0.775643634137585
2022-12-08,Crypto Risk Parity,0.021964920832533954,1.437604442693081,-0.770715664323142
2022-12-09,Crypto Risk Parity,-0.005316040801313251,1.4299620788195755,-0.7719345492067022
2022-12-10,Crypto Risk Parity,-0.0003093742242499809,1.4295196854107337,-0.7720051067786196
2022-12-11,Crypto Risk Parity,-0.012158500648968769,1.4121388693879537,-0.7747771828358133
2022-12-12,Crypto Risk Parity,-0.00206006813162199,1.409229767105703,-0.7752411571839674
2022-12-13,Crypto Risk Parity,0.022573772283960465,1.441041398964126,-0.7701675022474317
2022-12-14,Crypto Risk Parity,-0.008600008404469051,1.4286484308218466,-0.772144063659724
2022-12-15,Crypto Risk Parity,-0.02186391027166102,1.3974125897206084,-0.7771258854067331
2022-12-16,Crypto Risk Parity,-0.07671156893694189,1.2902148775109055,-0.7942229084126143
2022-12-17,Crypto Risk Parity,0.015151005427102252,1.3097629301222014,-0.7911051785812006
2022-12-18,Crypto Risk Parity,-0.006874680700431439,1.3007587281843498,-0.7925412637784284
2022-12-19,Crypto Risk Parity,-0.028703692755730304,1.2634221493012117,-0.7984960956024245
2022-12-20,Crypto Risk Parity,0.035150994959012555,1.3078326949024033,-0.791413032874724
2022-12-21,Crypto Risk Parity,-0.004408730413883569,1.3020668131241158,-0.7923326365806289
2022-12-22,Crypto Risk Parity,0.006647031555755886,1.3107216923186542,-0.7909522650628797
2022-12-23,Crypto Risk Parity,-0.002206442574184892,1.3078296601738146,-0.7914135168852819
2022-12-24,Crypto Risk Parity,-0.0004540164505527404,1.307235883993575,-0.7915082185799789
2022-12-25,Crypto Risk Parity,0.0005537511296563487,1.3079597673410637,-0.7913927660204936
2022-12-26,Crypto Risk Parity,0.01496833116721761,1.3275377422920216,-0.788270263858411
2022-12-27,Crypto Risk Parity,-0.011415472053123503,1.3123832722954203,-0.7906872587441506
2022-12-28,Crypto Risk Parity,-0.024737724245437125,1.2799178968010518,-0.7958651796183943
2022-12-29,Crypto Risk Parity,-0.0012196857195098053,1.2783567992201785,-0.7961141599436685
2022-12-30,Crypto Risk Parity,0.0008343478825432167,1.2794233935087427,-0.7959440482247369
2022-12-31,Crypto Risk Parity,0.0008310950721980162,1.2804867159863424,-0.7957744583287638
2023-01-01,Crypto Risk Parity,0.007550348403776234,1.2901548368184466,-0.7942324843361961
2023-01-02,Crypto Risk Parity,0.01802882703134902,1.3134148152151048,-0.7905227373876229
2023-01-03,Crypto Risk Parity,-0.0027287990084631022,1.309830770169645,-0.7910943587341351
2023-01-04,Crypto Risk Parity,0.030242973314094337,1.3494439471978652,-0.7847764310001679
2023-01-05,Crypto Risk Parity,-0.014304642625249064,1.3301406337903943,-0.7878551272392411
2023-01-06,Crypto Risk Parity,0.01923005730741371,1.3557193144051032,-0.7837755691785777
2023-01-07,Crypto Risk Parity,-0.003031450276803532,1.351609518714182,-0.784431042789243
2023-01-08,Crypto Risk Parity,0.0220304658461573,1.3813861060535557,-0.7796819582399197
2023-01-09,Crypto Risk Parity,0.0263329083286646,1.4177620197507548,-0.7738803434431006
2023-01-10,Crypto Risk Parity,0.006022991077444415,1.426301187745653,-0.7725184267692237
2023-01-11,Crypto Risk Parity,0.03023625263858009,1.4694271907970373,-0.7656402364503962
2023-01-12,Crypto Risk Parity,0.025650448567660543,1.5071186573784987,-0.7596288033891381
2023-01-13,Crypto Risk Parity,0.03542977971867122,1.5605155394193182,-0.7511125048425018
2023-01-14,Crypto Risk Parity,0.03435358526260536,1.6141248430563804,-0.7425623270568125
2023-01-15,Crypto Risk Parity,-0.0024903792949922923,1.6101050599677,-0.7432034445072612
2023-01-16,Crypto Risk Parity,-0.0031600275412732672,1.6050170836338586,-0.7440149286951223
2023-01-17,Crypto Risk Parity,-0.005115778464012492,1.5968061718030324,-0.7453244916100126
2023-01-18,Crypto Risk Parity,-0.04140442878431718,1.5306913243802556,-0.7558691855602555
2023-01-19,Crypto Risk Parity,0.023670424996576938,1.5669234385669093,-0.7500905054277063
2023-01-20,Crypto Risk Parity,0.06302518284905609,1.6656790747930603,-0.7343399138365724
2023-01-21,Crypto Risk Parity,-0.00917543243937412,1.6503957489766174,-0.7367774600090031
2023-01-22,Crypto Risk Parity,0.00811632526613501,1.6637908976931581,-0.7346410602570581
2023-01-23,Crypto Risk Parity,0.021602385863341938,1.6997327506610416,-0.7289086740484437
2023-01-24,Crypto Risk Parity,-0.04022154761732371,1.631366868893604,-0.7398123867238476
2023-01-25,Crypto Risk Parity,0.029921998580780595,1.680180626029371,-0.7320270533286619
2023-01-26,Crypto Risk Parity,-0.0022229370621153063,1.6764456902447222,-0.7326227403234619
2023-01-27,Crypto Risk Parity,0.011414349564626817,1.6955812273792876,-0.7295708028158818
2023-01-28,Crypto Risk Parity,-0.008415523243673262,1.6813120241487411,-0.7318466060105527
2023-01-29,Crypto Risk Parity,0.030079369979685605,1.731884830574405,-0.7237807208614357
2023-01-30,Crypto Risk Parity,-0.04522895700432927,1.6535534860359051,-0.7362738307613608
2023-01-31,Crypto Risk Parity,0.018495760125604253,1.6841372146684819,-0.7313960147962784
2023-02-01,Crypto Risk Parity,0.025022295096000003,1.726278193036072,-0.7246749266145492
2023-02-02,Crypto Risk Parity,-0.003696654046464607,1.7198967397684617,-0.7256927081611727
2023-02-03,Crypto Risk Parity,0.012320299345448486,1.7410863824456702,-0.722313160213079
2023-02-04,Crypto Risk Parity,-0.00018325138674488235,1.7407673259516443,-0.7223640467115509
2023-02-05,Crypto Risk Parity,-0.019631324077597222,1.706593758432195,-0.7278144080861491
2023-02-06,Crypto Risk Parity,-0.01676185542869403,1.677988080577843,-0.7323767436275825
2023-02-07,Crypto Risk Parity,0.037974688784933805,1.741709155722615,-0.7222138337552294
2023-02-08,Crypto Risk Parity,-0.013012694590981137,1.719044826412881,-0.7258285802981721
2023-02-09,Crypto Risk Parity,-0.05729191856557988,1.620557450207453,-0.7415363869487386
2023-02-10,Crypto Risk Parity,-0.0005666729401133265,1.6196391241525212,-0.7416828512842588
2023-02-11,Crypto Risk Parity,0.010520792501048214,1.6366790113043093,-0.738965150163158
2023-02-12,Crypto Risk Parity,-0.01302199443251495,1.6153661863312905,-0.7423643445244257
2023-02-13,Crypto Risk Parity,-0.000978920205183744,1.6137848717327201,-0.7426165492731466
2023-02-14,Crypto Risk Parity,0.028597174358646435,1.6599345590870065,-0.7352561098556807
2023-02-15,Crypto Risk Parity,0.0658846952352237,1.7692988416228692,-0.7178135393381346
2023-02-16,Crypto Risk Parity,-0.04375375149190253,1.6918853797915911,-0.7301602556123135
2023-02-17,Crypto Risk Parity,0.04830426146612513,1.7736106535477585,-0.7171258460454584
2023-02-18,Crypto Risk Parity,0.006984364771673181,1.7859981973150618,-0.7151501497697613
2023-02-19,Crypto Risk Parity,-0.010147600153226702,1.767874601734325,-0.7180406921536042
2023-02-20,Crypto Risk Parity,0.024982189674591558,1.812039980355745,-0.710996731244469
2023-02-21,Crypto Risk Parity,-0.019543874537167407,1.776625698323341,-0.7166449748698585
2023-02-22,Crypto Risk Parity,-0.007109330668090101,1.763995078760534,-0.7186594394399736
2023-02-23,Crypto Risk Parity,-0.010869577382747603,1.7448211977491606,-0.7217174924338863
2023-02-24,Crypto Risk Parity,-0.03384786117687964,1.68576273206927,-0.7311367601179382
2023-02-25,Crypto Risk Parity,-0.0022523910874556715,1.6819657351159922,-0.7317423452831929
2023-02-26,Crypto Risk Parity,0.017879618199265333,1.7120386402841128,-0.7269460008378261
2023-02-27,Crypto Risk Parity,-0.0043557094890145495,1.7045814973330677,-0.7281353447329901
2023-02-28,Crypto Risk Parity,-0.012188541597223329,1.6838051348469663,-0.7314489783925269
2023-03-01,Crypto Risk Parity,0.024941674090521827,1.7258020537522663,-0.7247508663349167
2023-03-02,Crypto Risk Parity,-0.009767494723592238,1.7089452912982763,-0.7274393607956637
2023-03-03,Crypto Risk Parity,-0.02440283122191778,1.6672421877872334,-0.7340906120719051
2023-03-04,Crypto Risk Parity,-0.0172330039534447,1.638510596573746,-0.7386730296053281
2023-03-05,Crypto Risk Parity,-0.0012414261877283306,1.636476506610289,-0.7389974477499357
2023-03-06,Crypto Risk Parity,-0.003187864902373823,1.631259640591307,-0.7398294886256837
2023-03-07,Crypto Risk Parity,-0.008937870629376761,1.616679652960778,-0.7421548589979261
2023-03-08,Crypto Risk Parity,-0.025501661261193433,1.5754516360831086,-0.7487303384416056
2023-03-09,Crypto Risk Parity,-0.06306444989837988,1.4760966453120248,-0.764576521423938
2023-03-10,Crypto Risk Parity,-0.005708215431180037,1.4676707676633416,-0.7659203693572079
2023-03-11,Crypto Risk Parity,0.004802312967504022,1.474718982022918,-0.7647962457115434
2023-03-12,Crypto Risk Parity,0.0682419802236721,1.5753567256295997,-0.7487454757628571
2023-03-13,Crypto Risk Parity,0.044965667932004065,1.6461936930287095,-0.7374476482595961
2023-03-14,Crypto Risk Parity,0.01917467936923757,1.6777589292721962,-0.7324132910973346
2023-03-15,Crypto Risk Parity,-0.04856616004256255,1.5962766206003243,-0.745408950027164
2023-03-16,Crypto Risk Parity,0.017472540110130094,1.6241676278806263,-0.7409605976948335
2023-03-17,Crypto Risk Parity,0.06435374975983026,1.7286889049732734,-0.7242904408209507
2023-03-18,Crypto Risk Parity,-0.023627472882544968,1.687844354748661,-0.7308047609539122
2023-03-19,Crypto Risk Parity,0.028154767141278222,1.7353652195273306,-0.7232256316830289
2023-03-20,Crypto Risk Parity,-0.032249047518695596,1.679401344100502,-0.7321513414388399
2023-03-21,Crypto Risk Parity,0.07271459665518273,1.801518335458942,-0.7126748342669333
2023-03-22,Crypto Risk Parity,-0.05210826125382875,1.7076443473812848,-0.7276468490677516
2023-03-23,Crypto Risk Parity,0.04848244444063825,1.7904351195775678,-0.7144425025594461
2023-03-24,Crypto Risk Parity,-0.027605382140412978,1.7410094739040132,-0.7223254263993526
2023-03-25,Crypto Risk Parity,-0.0007922567860522709,1.7396301473337312,-0.7225454159646019
2023-03-26,Crypto Risk Parity,0.013388152084619527,1.7629205803172243,-0.7188308117969611
2023-03-27,Crypto Risk Parity,-0.018147573886761262,1.7309278488294255,-0.7239333504145564
2023-03-28,Crypto Risk Parity,0.028221971526376892,1.7797780452933025,-0.7161422052905737
2023-03-29,Crypto Risk Parity,0.02780712573095459,1.8292685571719662,-0.7082489359033772
2023-03-30,Crypto Risk Parity,-0.0009653300599379345,1.8275027092460288,-0.7085305719755686
2023-03-31,Crypto Risk Parity,0.021957880489384754,1.8676307953296798,-0.7021305211086988
2023-04-01,Crypto Risk Parity,-0.003536288056394629,1.8610263148544006,-0.7031838733892666
2023-04-02,Crypto Risk Parity,-0.0076668754152648295,1.8467580579538827,-0.7054595256532326
2023-04-03,Crypto Risk Parity,-0.00181627892518707,1.8434038302133016,-0.7059944933094031
2023-04-04,Crypto Risk Parity,0.007995982085572352,1.8581436542161627,-0.7036436305448455
2023-04-05,Crypto Risk Parity,0.004614091231951737,1.866717298558788,-0.7022762152190094
2023-04-06,Crypto Risk Parity,-0.008342314574678565,1.8511445556322164,-0.7047599206880164
2023-04-07,Crypto Risk Parity,-0.0005726175618655817,1.8500845577501095,-0.704928980342397
2023-04-08,Crypto Risk Parity,-0.0070780747378085835,1.8369895209790885,-0.7070175150724949
2023-04-09,Crypto Risk Parity,0.008613965841405917,1.852813285963823,-0.7044937739551992
2023-04-10,Crypto Risk Parity,0.023603879716326014,1.896546867902524,-0.6975186805402123
2023-04-11,Crypto Risk Parity,0.0030132566019990177,1.9022616502732315,-0.6966072267073687
2023-04-12,Crypto Risk Parity,-0.0059700961447661065,1.890904965328599,-0.698418510733553
2023-04-13,Crypto Risk Parity,0.02151927156353004,1.9315958627783323,-0.6919286967674945
2023-04-14,Crypto Risk Parity,0.0151968004311669,1.9609499396186423,-0.6872469986537006
2023-04-15,Crypto Risk Parity,-0.0006455260791900512,1.9596840952926322,-0.6874488888724146
2023-04-16,Crypto Risk Parity,0.007756193402706436,1.9748837841439295,-0.6850246820062782
2023-04-17,Crypto Risk Parity,-0.023483629627657574,1.9285063447994266,-0.6924214457158966
2023-04-18,Crypto Risk Parity,0.020807716579551806,1.9686341582438802,-0.6860214383324046
2023-04-19,Crypto Risk Parity,-0.06695564125940398,1.8368229957734943,-0.7070440742705638
2023-04-20,Crypto Risk Parity,-0.016217739369348637,1.8070338791604135,-0.7117951571207501
2023-04-21,Crypto Risk Parity,-0.03460338560122879,1.7445043890453413,-0.7217680204310424
2023-04-22,Crypto Risk Parity,0.026515396865674723,1.7907606152547901,-0.7143905890720491
2023-04-23,Crypto Risk Parity,-0.00995950175274101,1.7729255317684205,-0.7172351165007853
2023-04-24,Crypto Risk Parity,-0.005986731824259731,1.76231150206534,-0.7189279540276132
2023-04-25,Crypto Risk Parity,0.01612915583407056,1.790736098910327,-0.7143944991975235
2023-04-26,Crypto Risk Parity,-0.012021903450659465,1.7692080424236165,-0.717828020953148
2023-04-27,Crypto Risk Parity,0.015083583742074608,1.7958940400886652,-0.713571856277528
2023-04-28,Crypto Risk Parity,0.004123940268924528,1.8033001998393086,-0.7123906437214775
2023-04-29,Crypto Risk Parity,0.006492161123093692,1.8150075152899725,-0.710523437440008
2023-04-30,Crypto Risk Parity,-0.01305033769301616,1.7913210543000762,-0.7143012043356295
2023-05-01,Crypto Risk Parity,-0.016266606526105804,1.7621823395478478,-0.7189485542296841
2023-05-02,Crypto Risk Parity,0.01318192880440996,1.785411301688156,-0.7152437540811634
2023-05-03,Crypto Risk Parity,0.006432943818110433,1.7968967522841353,-0.7134119331493114
2023-05-04,Crypto Risk Parity,-0.009403791288432316,1.7799991102587935,-0.7161069475157306
2023-05-05,Crypto Risk Parity,0.020652577584945285,1.8167606799845468,-0.7102438242234723
2023-05-06,Crypto Risk Parity,-0.028014991947383636,1.7658641441644565,-0.7183613411545564
2023-05-07,Crypto Risk Parity,-0.011712974361456671,1.7451806227180426,-0.721660167544808
2023-05-08,Crypto Risk Parity,-0.0346597200266259,1.6846931509387426,-0.731307348209963
2023-05-09,Crypto Risk Parity,0.015095367874008248,1.710124213806985,-0.7272513337861496
2023-05-10,Crypto Risk Parity,-0.0016296942577339161,1.707337234195732,-0.7276958307212829
2023-05-11,Crypto Risk Parity,-0.020411652023231346,1.6724876606850225,-0.7332540086690751
2023-05-12,Crypto Risk Parity,0.006941611577067149,1.6840974203929355,-0.7314023616075161
2023-05-13,Crypto Risk Parity,-0.006080008095829229,1.6738580944427814,-0.7330354374234631
2023-05-14,Crypto Risk Parity,0.008976709842699696,1.6888838328744484,-0.7306389740069302
2023-05-15,Crypto Risk Parity,0.008400939624224397,1.7030720439867553,-0.7283760882904433
2023-05-16,Crypto Risk Parity,0.008114206114058732,1.716891121578755,-0.7261720758853252
2023-05-17,Crypto Risk Parity,0.014368541923633849,1.7415603436374743,-0.7222375678778217
2023-05-18,Crypto Risk Parity,-0.011323612341681942,1.7218395894364773,-0.725382841982256
2023-05-19,Crypto Risk Parity,0.0037081995107799298,1.7282245141596673,-0.7243645067712428
2023-05-20,Crypto Risk Parity,0.006247409204570699,1.7390214398969932,-0.722642499053739
2023-05-21,Crypto Risk Parity,-0.008301968142135083,1.7245841393044785,-0.7249451121905772
2023-05-22,Crypto Risk Parity,0.009720706946635904,1.7413483163274737,-0.7222713842319419
2023-05-23,Crypto Risk Parity,0.008376515551228265,1.755934747579296,-0.7199449861629397
2023-05-24,Crypto Risk Parity,-0.02879560684893799,1.7053715409356134,-0.7280093402374656
2023-05-25,Crypto Risk Parity,0.0008555833555287423,1.7068306284410304,-0.7277766295561134
2023-05-26,Crypto Risk Parity,0.012107156097658035,1.7274954932918296,-0.7244807787167187
2023-05-27,Crypto Risk Parity,0.009242834352061267,1.7434624479802583,-0.7219342001935884
2023-05-28,Crypto Risk Parity,0.02625334357281838,1.7892341666333909,-0.7146340432154202
2023-05-29,Crypto Risk Parity,-0.006471292392951405,1.7776555091816475,-0.7164807297607676
2023-05-30,Crypto Risk Parity,0.009728005995299875,1.7949485526325442,-0.7137226526000973
2023-05-31,Crypto Risk Parity,-0.010858958262885823,1.77545728121548,-0.7168313263671224
2023-06-01,Crypto Risk Parity,-0.0072836581780821065,1.7625254572693196,-0.7188938301926053
2023-06-02,Crypto Risk Parity,0.03510549179971359,1.8243997802562741,-0.7090254598535829
2023-06-03,Crypto Risk Parity,-0.003492772760721656,1.8180275663991283,-0.7100417678014699
2023-06-04,Crypto Risk Parity,-0.00014619563458345003,1.8177617787053686,-0.7100841584292288
2023-06-05,Crypto Risk Parity,-0.05415480736354023,1.719321239746773,-0.7257844949811325
2023-06-06,Crypto Risk Parity,0.03188109744875347,1.7741350877368516,-0.7170422037436668
2023-06-07,Crypto Risk Parity,-0.03357698269312926,1.7145649846006379,-0.7265430727714517
2023-06-08,Crypto Risk Parity,0.007098555507895974,1.7267359193157203,-0.7246019235945012
2023-06-09,Crypto Risk Parity,-0.017227537683774833,1.6969885111957812,-0.7293463543338161
2023-06-10,Crypto Risk Parity,-0.07784829035637596,1.5648808568447778,-0.7504162779276489
2023-06-11,Crypto Risk Parity,0.0012477866230854058,1.566833494244671,-0.7501048506979071
2023-06-12,Crypto Risk Parity,0.0008008222357410479,1.568088249346566,-0.7499047291057421
2023-06-13,Crypto Risk Parity,0.003442961302931433,1.5734871165086477,-0.7490436607660071
2023-06-14,Crypto Risk Parity,-0.039152208143173314,1.5118816214124995,-0.7588691555945453
2023-06-15,Crypto Risk Parity,0.004876470932035814,1.519254268191997,-0.7576932880409848
2023-06-16,Crypto Risk Parity,0.011457585584365056,1.5366612539942186,-0.7549170381510482
2023-06-17,Crypto Risk Parity,0.010307024886370975,1.5524996597810592,-0.7523909619640455
2023-06-18,Crypto Risk Parity,-0.007513395182541112,1.5408351163163634,-0.7542513465175785
2023-06-19,Crypto Risk Parity,0.005919689897290826,1.5499563823878124,-0.7527965906962858
2023-06-20,Crypto Risk Parity,0.028128937153814846,1.5935550080591536,-0.7458430215317728
2023-06-21,Crypto Risk Parity,0.06883238360338119,1.7032431976669706,-0.7283487908943715
2023-06-22,Crypto Risk Parity,-0.003208096940981893,1.697779028374787,-0.7292202743073173
2023-06-23,Crypto Risk Parity,0.07190594671769343,1.8198594367275216,-0.7097496017794276
2023-06-24,Crypto Risk Parity,0.011328597884475005,1.840475892492475,-0.706461471732178
2023-06-25,Crypto Risk Parity,-0.008817933043769386,1.8242466993038045,-0.7090498748202103
2023-06-26,Crypto Risk Parity,0.007462554620592426,1.8378602399387944,-0.706878643619188
2023-06-27,Crypto Risk Parity,0.02416248494262958,1.8822675103129731,-0.6997961032592734
2023-06-28,Crypto Risk Parity,-0.03636059770794806,1.8138271385917422,-0.7107116963790213
2023-06-29,Crypto Risk Parity,0.028606652493880606,1.865714661229406,-0.7024361264067918
2023-06-30,Crypto Risk Parity,0.09000322666678863,2.0336350007795874,-0.6756544176439345
2023-07-01,Crypto Risk Parity,-0.0013446527708206241,2.0309004678409512,-0.6760905498299531
2023-07-02,Crypto Risk Parity,0.004116218964314925,2.0392600988613143,-0.6747572676084423
2023-07-03,Crypto Risk Parity,-0.0021217669836849657,2.0349332641124045,-0.6754473568997141
2023-07-04,Crypto Risk Parity,-0.017472988786952064,1.9993768980063729,-0.6811182615933811
2023-07-05,Crypto Risk Parity,-0.014288067602803111,1.9708096657241752,-0.6856744654290342
2023-07-06,Crypto Risk Parity,-0.02330109470948577,1.924887643048766,-0.692998594479682
2023-07-07,Crypto Risk Parity,0.01773783864647488,1.9590309894737583,-0.6875530530843217
2023-07-08,Crypto Risk Parity,0.0035319796262257438,1.9659502470157242,-0.6864494968335391
2023-07-09,Crypto Risk Parity,-0.014492433813927022,1.9374588431793753,-0.6909936067480025
2023-07-10,Crypto Risk Parity,0.011461800013901305,1.959665608975062,-0.6874518372655312
2023-07-11,Crypto Risk Parity,0.0001299549415177603,1.9599202772046704,-0.6874112200873216
2023-07-12,Crypto Risk Parity,-0.00416202691593965,1.9517630362578486,-0.6887122230029389
2023-07-13,Crypto Risk Parity,0.19494793238462615,2.3322552046810565,-0.6280273145007552
2023-07-14,Crypto Risk Parity,-0.05980005345215287,2.1927862187770675,-0.650271300976351
2023-07-15,Crypto Risk Parity,-0.009025978669073752,2.1729941771405468,-0.6534279447537013
2023-07-16,Crypto Risk Parity,-0.004421611717616865,2.1633860406245886,-0.6549603518141769
2023-07-17,Crypto Risk Parity,-0.004463180724273046,2.1537304577489116,-0.6565003261210698
2023-07-18,Crypto Risk Parity,0.0014531721026933438,2.156860198766833,-0.6560011619777047
2023-07-19,Crypto Risk Parity,0.030568134955786065,2.222791392403501,-0.6454857590724057
2023-07-20,Crypto Risk Parity,0.0005498515432421176,2.224013597680919,-0.6452908288699304
2023-07-21,Crypto Risk Parity,-0.002547887343183075,2.218347061584321,-0.6461945878775637
2023-07-22,Crypto Risk Parity,-0.008506502849465953,2.1994766859838495,-0.6492042346239396
2023-07-23,Crypto Risk Parity,0.01130361512414481,2.2243387239167403,-0.6452389743049488
2023-07-24,Crypto Risk Parity,-0.03818268645922242,2.1394074958423204,-0.6587847033170151
2023-07-25,Crypto Risk Parity,0.0009188827472739095,2.1413733604796383,-0.6584711664677871
2023-07-26,Crypto Risk Parity,0.01531738602241473,2.1741736028602205,-0.6532398374867893
2023-07-27,Crypto Risk Parity,0.002289169444052242,2.1791506546379535,-0.6524460447183493
2023-07-28,Crypto Risk Parity,0.009219627424836736,2.199241611776305,-0.6492417267406241
2023-07-29,Crypto Risk Parity,0.0009655118166084861,2.201365005540052,-0.648903065483019
2023-07-30,Crypto Risk Parity,-0.005502708256202695,2.189251536149151,-0.650835049483313
2023-07-31,Crypto Risk Parity,-0.017740099093328184,2.150413996957644,-0.6570292703053962
2023-08-01,Crypto Risk Parity,0.008837298045632137,2.1694178463702576,-0.653998335746157
2023-08-02,Crypto Risk Parity,-0.03549333994985826,2.0924179612557485,-0.6662790904387355
2023-08-03,Crypto Risk Parity,-0.014609553632573874,2.061848668829022,-0.671154603965282
2023-08-04,Crypto Risk Parity,-0.007177574120105201,2.047049597184061,-0.6735149161693765
2023-08-05,Crypto Risk Parity,0.004182772031082468,2.0556119389854013,-0.6721493034921642
2023-08-06,Crypto Risk Parity,-0.00549467491165243,2.044317019636165,-0.6739507364890336
2023-08-07,Crypto Risk Parity,0.006475459167188332,2.057554911021607,-0.6718394177966764
2023-08-08,Crypto Risk Parity,0.014141706814441383,2.086652249327889,-0.6671986670551007
2023-08-09,Crypto Risk Parity,-0.0023003490473740788,2.0818522208139467,-0.6679642262843053
2023-08-10,Crypto Risk Parity,-0.008754647643676028,2.063626338174516,-0.6708710824882815
2023-08-11,Crypto Risk Parity,-0.0024271516244649006,2.0586176041555273,-0.6716699282750784
2023-08-12,Crypto Risk Parity,0.0002155728348400579,2.059061386188307,-0.6715991492307535
2023-08-13,Crypto Risk Parity,-0.005930352361507947,2.046850426634235,-0.6735466819916341
2023-08-14,Crypto Risk Parity,0.0025457900904771805,2.0520612781670495,-0.6727156003696451
2023-08-15,Crypto Risk Parity,-0.025990242575815777,1.9987277077670493,-0.6812218013073181
2023-08-16,Crypto Risk Parity,-0.036662765962615966,1.92544882159419,-0.6929090917999723
2023-08-17,Crypto Risk Parity,-0.08311778907751644,1.7654097725613715,-0.7184338091353653
2023-08-18,Crypto Risk Parity,0.004087267784701658,1.772625475051559,-0.717282972714183
2023-08-19,Crypto Risk Parity,0.013566149181106765,1.7966731766883388,-0.7134475913459846
2023-08-20,Crypto Risk Parity,0.016954805588058182,1.8271354211043684,-0.7085891509664659
2023-08-21,Crypto Risk Parity,-0.009742915288067908,1.8093337954767204,-0.7114283421826236
2023-08-22,Crypto Risk Parity,-0.012300502611149549,1.7870780804010178,-0.71497791861311
2023-08-23,Crypto Risk Parity,0.030212011270686772,1.8410693035076906,-0.7063668282778547
2023-08-24,Crypto Risk Parity,-0.01205478000516719,1.8188756180796388,-0.7099065115651846
2023-08-25,Crypto Risk Parity,-0.0004351503045556234,1.8180841338004825,-0.7100327458350266
2023-08-26,Crypto Risk Parity,-0.0045781509449286,1.8097606702053641,-0.7113602596936804
2023-08-27,Crypto Risk Parity,0.008460828625642975,1.8250727450894004,-0.7089181283163986
2023-08-28,Crypto Risk Parity,-0.006363115414625993,1.8134595965723084,-0.7107703158610267
2023-08-29,Crypto Risk Parity,0.05247067458629613,1.9086130449394498,-0.6955942392238734
2023-08-30,Crypto Risk Parity,-0.021789200144030508,1.8670258933057566,-0.7022269972704203
2023-08-31,Crypto Risk Parity,-0.03422618912043979,1.8031247119887157,-0.712418632376804
2023-09-01,Crypto Risk Parity,-0.01253338176334938,1.7805254616064317,-0.7160229994452518
2023-09-02,Crypto Risk Parity,0.0030124336268023775,1.7858891763803528,-0.7151675375795421
2023-09-03,Crypto Risk Parity,0.005144608953678333,1.7950768778274366,-0.7137021859430756
2023-09-04,Crypto Risk Parity,0.0023728888863823417,1.7993363958010353,-0.7130228330419044
2023-09-05,Crypto Risk Parity,-0.0013573557458492207,1.7968940562054792,-0.7134123631484024
2023-09-06,Crypto Risk Parity,0.0025071289461698312,1.8013991013069923,-0.7126938509884374
2023-09-07,Crypto Risk Parity,0.007544979792940374,1.8149906211253743,-0.7105261318997577
2023-09-08,Crypto Risk Parity,-0.005014929325147702,1.8058885714346247,-0.7119778228897575
2023-09-09,Crypto Risk Parity,0.002744383331980396,1.8108446219294838,-0.7111873796276554
2023-09-10,Crypto Risk Parity,-0.013063738401178854,1.7871882215034156,-0.7149603521471587
2023-09-11,Crypto Risk Parity,-0.03127524373442821,1.7312934742765969,-0.723875036607732
2023-09-12,Crypto Risk Parity,0.023325532741968334,1.7716768168967918,-0.7174342747332507
2023-09-13,Crypto Risk Parity,0.010696769274770826,1.790628035036597,-0.7144117343651141
2023-09-14,Crypto Risk Parity,0.016474506034853936,1.820127747405986,-0.7097068087594287
2023-09-15,Crypto Risk Parity,0.016003895478249795,1.8492568816325337,-0.705060986868767
2023-09-16,Crypto Risk Parity,-0.003953717871909338,1.8419454416498717,-0.7062270925161073
2023-09-17,Crypto Risk Parity,-0.014328771353536295,1.8155526265707824,-0.7104364973373075
2023-09-18,Crypto Risk Parity,0.018232451240838658,1.848654601309911,-0.7051570448938835
2023-09-19,Crypto Risk Parity,0.011873040954836996,1.8706037531026116,-0.7016563624126634
2023-09-20,Crypto Risk Parity,-0.009353657240735008,1.8531067667628573,-0.7044469665386094
2023-09-21,Crypto Risk Parity,-0.019717639703542577,1.8165678752036307,-0.7102745747656901
2023-09-22,Crypto Risk Parity,0.0014901661163079162,1.8192748630992324,-0.7098428357539731
2023-09-23,Crypto Risk Parity,0.002396716880619708,1.8236351498741092,-0.7091474111803919
2023-09-24,Crypto Risk Parity,-0.011852188191928821,1.802021082884385,-0.7125946507991916
2023-09-25,Crypto Risk Parity,0.008690767846656039,1.817682029770513,-0.7100968776314003
2023-09-26,Crypto Risk Parity,-0.0025608879112939045,1.8130271498338975,-0.7108392870329203
2023-09-27,Crypto Risk Parity,0.009090854336742145,1.8295091155615961,-0.7082105691114282
2023-09-28,Crypto Risk Parity,0.02453577330276286,1.8743975364763537,-0.7010512897830039
2023-09-29,Crypto Risk Parity,0.007153103118783797,1.8878052953403632,-0.6989128788315944
2023-09-30,Crypto Risk Parity,0.002946510866664912,1.893367734157231,-0.6980257223572588
2023-10-01,Crypto Risk Parity,0.029006009715129944,1.948286777048509,-0.6892666535262342
2023-10-02,Crypto Risk Parity,-0.022896992850299235,1.9036768686440968,-0.6963815127387936
2023-10-03,Crypto Risk Parity,0.0028130424824625204,1.909031992548474,-0.6955274210356668
2023-10-04,Crypto Risk Parity,-0.006368252289492,1.8968747951912137,-0.6974663792337439
2023-10-05,Crypto Risk Parity,-0.011162517940994177,1.8757008962580721,-0.7008434162033013
2023-10-06,Crypto Risk Parity,0.008714344040882782,1.8920463991858572,-0.6982364628100015
2023-10-07,Crypto Risk Parity,-0.003007251289806496,1.8863565402115317,-0.6991439415964328
2023-10-08,Crypto Risk Parity,-0.004354542099364464,1.878142321242769,-0.7004540319685999
2023-10-09,Crypto Risk Parity,-0.02934731885583295,1.8230238796846232,-0.7092449030043966
2023-10-10,Crypto Risk Parity,-0.006776573687205061,1.810670024030406,-0.7112152263441178
2023-10-11,Crypto Risk Parity,-0.008824128553207439,1.7946924389709222,-0.7137635003110663
2023-10-12,Crypto Risk Parity,-0.008659484220506284,1.7791513281149915,-0.7162421607634555
2023-10-13,Crypto Risk Parity,0.006996318417352456,1.7915988373191396,-0.7142569005667367
2023-10-14,Crypto Risk Parity,0.0007933199846173966,1.793020148481202,-0.7140302148554898
2023-10-15,Crypto Risk Parity,0.007086091870879935,1.8057256539796787,-0.71200380668566
2023-10-16,Crypto Risk Parity,0.03060516365012555,1.8609901831269564,-0.7031896360586615
2023-10-17,Crypto Risk Parity,-0.016880942748957753,1.8295749143892177,-0.7082000748196526
2023-10-18,Crypto Risk Parity,-0.005666792734403322,1.8192070925573103,-0.709853644515564
2023-10-19,Crypto Risk Parity,0.016189024825025808,1.8486582813405836,-0.7051564579637357
2023-10-20,Crypto Risk Parity,0.02114370191720774,1.8877457609880266,-0.6989223739987072
2023-10-21,Crypto Risk Parity,0.017257298277812128,1.9203231526580724,-0.6937265876020273
2023-10-22,Crypto Risk Parity,0.003508978367987793,1.9270615250602958,-0.692651880823233
2023-10-23,Crypto Risk Parity,0.05665157947108806,2.036232604192925,-0.6752401244244011
2023-10-24,Crypto Risk Parity,0.001528585856812434,2.0393451605528745,-0.674743701071736
2023-10-25,Crypto Risk Parity,0.0048956655393186015,2.0493291123781696,-0.6731513550176266
2023-10-26,Crypto Risk Parity,-0.0012612799241431673,2.046744334710765,-0.6735636026517762
2023-10-27,Crypto Risk Parity,-0.009209703940498297,2.0278944253461866,-0.6765699852267562
2023-10-28,Crypto Risk Parity,0.011224513618078736,2.0506565539395107,-0.6729396406214385
2023-10-29,Crypto Risk Parity,0.011870371215601038,2.074998608470478,-0.6690573127457071
2023-10-30,Crypto Risk Parity,0.011146393881321324,2.098127360263683,-0.6653684952014279
2023-10-31,Crypto Risk Parity,0.009739694494765925,2.118562479763761,-0.662109286576366
2023-11-01,Crypto Risk Parity,0.021348721432604176,2.163791079981805,-0.6548957518608209
2023-11-02,Crypto Risk Parity,-0.010754155472926524,2.140521334296749,-0.6586070565996771
2023-11-03,Crypto Risk Parity,0.0034210320557276565,2.1478441263973473,-0.6574391403967053
2023-11-04,Crypto Risk Parity,0.009021692079413595,2.167221314740281,-0.6543486618029053
2023-11-05,Crypto Risk Parity,0.019942967773091708,2.210442139577304,-0.6474553483045145
2023-11-06,Crypto Risk Parity,0.02557960953723778,2.266984386412348,-0.6384373937697025
2023-11-07,Crypto Risk Parity,-0.013451338865385423,2.2364904112281776,-0.6433008949071581
2023-11-08,Crypto Risk Parity,0.009549111532673349,2.25784690760675,-0.6398947353690219
2023-11-09,Crypto Risk Parity,0.020114442554596847,2.3032622395268803,-0.6326514187099941
2023-11-10,Crypto Risk Parity,0.020017457725575154,2.349367694037523,-0.6252980340134714
2023-11-11,Crypto Risk Parity,0.001161360762665953,2.352096157494453,-0.624862869852481
2023-11-12,Crypto Risk Parity,-0.00038135931962193033,2.3511991637041456,-0.6250059318931989
2023-11-13,Crypto Risk Parity,-0.014563240327981865,2.3169580852241722,-0.6304670606286058
2023-11-14,Crypto Risk Parity,-0.03281242691496545,2.240933067387716,-0.642592333194402
2023-11-15,Crypto Risk Parity,0.0412086925668663,2.333278989224621,-0.6278640305319692
2023-11-16,Crypto Risk Parity,-0.03295436871063308,2.2563872531089393,-0.6401275364803076
2023-11-17,Crypto Risk Parity,0.00022237026454667217,2.256889006539333,-0.6400475115453916
2023-11-18,Crypto Risk Parity,0.0003922920733317464,2.2577743662069882,-0.6399063050373948
2023-11-19,Crypto Risk Parity,0.016918463424269194,2.295972439241914,-0.63381407302986
2023-11-20,Crypto Risk Parity,-0.012435763501370115,2.2674202689818377,-0.6383678746151906
2023-11-21,Crypto Risk Parity,-0.0519947646298789,2.1495262857791104,-0.6571708518571766
2023-11-22,Crypto Risk Parity,0.047939556614737984,2.2525736228510858,-0.6407357745006013
2023-11-23,Crypto Risk Parity,0.003354188279779699,2.2601291788961935,-0.6395307346460871
2023-11-24,Crypto Risk Parity,0.011792515337669916,2.286781786903442,-0.6352798953056426
2023-11-25,Crypto Risk Parity,0.015861898603716403,2.3230544877361297,-0.6294947419862438
2023-11-26,Crypto Risk Parity,-0.010489882397589575,2.298685919356585,-0.6333812985704967
2023-11-27,Crypto Risk Parity,-0.025457001924624318,2.240168267483418,-0.6427143115583909
2023-11-28,Crypto Risk Parity,0.010839321077415628,2.2644501706021085,-0.6388415772650067
2023-11-29,Crypto Risk Parity,-0.001161819971897385,2.2618192871685365,-0.6392611783335591
2023-11-30,Crypto Risk Parity,-0.0032631201824612744,2.254438699003497,-0.6404383124631362
2023-12-01,Crypto Risk Parity,0.01543233016831789,2.2892299413507518,-0.6348894377851898
2023-12-02,Crypto Risk Parity,0.018897332642642838,2.332490281047955,-0.6279898220396741
2023-12-03,Crypto Risk Parity,0.004694560506220042,2.343440297802505,-0.6262433977503097
2023-12-04,Crypto Risk Parity,0.024542483233686685,2.4009541420204688,-0.617070482606117
2023-12-05,Crypto Risk Parity,0.01852233599504835,2.445425421347675,-0.6099777334225257
2023-12-06,Crypto Risk Parity,0.0005824706473787607,2.446849809875964,-0.6097505569004202
2023-12-07,Crypto Risk Parity,0.02165086357090702,2.499826221288088,-0.6013013194492488
2023-12-08,Crypto Risk Parity,0.042771772967592964,2.606748220883458,-0.5842482700022532
2023-12-09,Crypto Risk Parity,0.00458893931831993,2.6187104302872304,-0.5823404105418071
2023-12-10,Crypto Risk Parity,0.0025987328726243754,2.6255157591663023,-0.5812550248371151
2023-12-11,Crypto Risk Parity,-0.06329608305340659,2.459330895616084,-0.6077599415632218
2023-12-12,Crypto Risk Parity,0.005351171728020011,2.4724911975745507,-0.605660997651918
2023-12-13,Crypto Risk Parity,0.028534377268977746,2.5430421942003694,-0.5944087797870456
2023-12-14,Crypto Risk Parity,0.006794854903951045,2.5603217969245864,-0.5916528462953821
2023-12-15,Crypto Risk Parity,-0.039506897139704185,2.459171427048944,-0.6077853752940814
2023-12-16,Crypto Risk Parity,0.017521945742805335,2.502260895365953,-0.6009130119204495
2023-12-17,Crypto Risk Parity,-0.018028225047435075,2.4571495728168995,-0.6081078419550507
2023-12-18,Crypto Risk Parity,0.003188245979325561,2.4649835700630343,-0.6068583933578346
2023-12-19,Crypto Risk Parity,-0.013012086097035094,2.432908991621597,-0.6119739857917892
2023-12-20,Crypto Risk Parity,0.01968519683747282,2.4808012840093254,-0.6043356173240406
2023-12-21,Crypto Risk Parity,0.026077161786675164,2.5454935404530277,-0.5940178132037748
2023-12-22,Crypto Risk Parity,0.01657865559986583,2.587694401191882,-0.5872871743491996
2023-12-23,Crypto Risk Parity,-0.007387122495855687,2.5685787856684374,-0.5903359345478929
2023-12-24,Crypto Risk Parity,-0.01689000980934136,2.5251954647824313,-0.5972551646319137
2023-12-25,Crypto Risk Parity,0.026873261989676597,2.5930557040826727,-0.5864320971560779
2023-12-26,Crypto Risk Parity,-0.022613048616145007,2.5344188093818794,-0.5957841282491647
2023-12-27,Crypto Risk Parity,0.04970843172032332,2.6604007937187415,-0.5756911911879673
2023-12-28,Crypto Risk Parity,-0.008525917374029548,2.637718436369693,-0.5793088130329715
2023-12-29,Crypto Risk Parity,-0.017141159299300927,2.592504884465177,-0.5865199476845854
2023-12-30,Crypto Risk Parity,0.006356343280544107,2.6089837354673246,-0.5838917265324113
2023-12-31,Crypto Risk Parity,-0.008980226733169745,2.5855544699796758,-0.587628473173698
2021-01-01,Crypto Equal Weight,0.011329133285298942,1.011329133285299,0.0
2021-01-02,Crypto Equal Weight,0.02072716260525204,1.032291116678332,0.0
2021-01-03,Crypto Equal Weight,0.11625440576667895,1.152299507025993,0.0
2021-01-04,Crypto Equal Weight,0.04516079223322002,1.2043382656532355,0.0
2021-01-05,Crypto Equal Weight,0.04535021621589661,1.2589552663976875,0.0
2021-01-06,Crypto Equal Weight,0.17477270939392503,1.478986289311762,0.0
2021-01-07,Crypto Equal Weight,0.01246324314431502,1.4974192550425627,0.0
2021-01-08,Crypto Equal Weight,-0.007003682538939726,1.486931805952549,-0.007003682538939793
2021-01-09,Crypto Equal Weight,0.08814075491705675,1.6179910978393892,0.0
2021-01-10,Crypto Equal Weight,-0.026760593955873282,1.5746926950458917,-0.02676059395587327
2021-01-11,Crypto Equal Weight,-0.1287050223078924,1.372021836601935,-0.1520213934217025
2021-01-12,Crypto Equal Weight,-0.01873015718865717,1.3463236519361108,-0.16790416601553249
2021-01-13,Crypto Equal Weight,0.0823859488799264,1.457241803500355,-0.09935116117368847
2021-01-14,Crypto Equal Weight,0.019721432969461637,1.4859807000483847,-0.0815890754697518
2021-01-15,Crypto Equal Weight,-0.03879468771114989,1.4283325428452116,-0.11721854047741131
2021-01-16,Crypto Equal Weight,0.026781295053940557,1.4665851381102943,-0.09357650974178866
2021-01-17,Crypto Equal Weight,0.002929735952032664,1.4708818453161328,-0.09092092825461229
2021-01-18,Crypto Equal Weight,0.025718389419126575,1.5087105574034967,-0.06754087867468617
2021-01-19,Crypto Equal Weight,0.009387901143479227,1.5228741829705241,-0.058787044623348716
2021-01-20,Crypto Equal Weight,-0.00588969894780378,1.513904912497445,-0.06433050557628983
2021-01-21,Crypto Equal Weight,-0.12997330223040066,1.3171376917573265,-0.18594255956278882
2021-01-22,Crypto Equal Weight,0.060561232008807364,1.396905173095387,-0.13664223804397502
2021-01-23,Crypto Equal Weight,-0.0021043045962372054,1.3939656591191347,-0.13845900575065617
2021-01-24,Crypto Equal Weight,0.027888783873007285,1.4328416661127024,-0.11443167516430042
2021-01-25,Crypto Equal Weight,-0.022128620741430138,1.4011348563007755,-0.13402808076521322
2021-01-26,Crypto Equal Weight,-0.002506439651979331,1.3976229963391729,-0.136198587121084
2021-01-27,Crypto Equal Weight,-0.07433293275748029,1.293733580131985,-0.20040747946042892
2021-01-28,Crypto Equal Weight,0.09385199353492835,1.415153055730452,-0.12536412739217195
2021-01-29,Crypto Equal Weight,0.02826646477641599,1.4551544297334942,-0.10064126330691292
2021-01-30,Crypto Equal Weight,0.07294494996215131,1.5613005967976068,-0.03503758526081202
2021-01-31,Crypto Equal Weight,-0.016892319482285013,1.5349266083086195,-0.051338038658983454
2021-02-01,Crypto Equal Weight,0.018638160220836718,1.563534816361501,-0.03365672502809647
2021-02-02,Crypto Equal Weight,0.04105192217355688,1.6277209259584198,0.0
2021-02-03,Crypto Equal Weight,0.0470529366919517,1.7043099756397062,0.0
2021-02-04,Crypto Equal Weight,-0.017631563926056235,1.6742603253543993,-0.01763156392605625
2021-02-05,Crypto Equal Weight,0.08420520824667656,1.8152417647100152,0.0
2021-02-06,Crypto Equal Weight,0.02224549467936311,1.8556227157286296,0.0
2021-02-07,Crypto Equal Weight,-0.0031776159818694086,1.8497262593308104,-0.003177615981869386
2021-02-08,Crypto Equal Weight,0.08091486208561834,1.9993966045007097,0.0
2021-02-09,Crypto Equal Weight,0.06552021148361525,2.1303974928672185,0.0
2021-02-10,Crypto Equal Weight,0.04281518400419214,2.221610853526398,0.0
2021-02-11,Crypto Equal Weight,0.07786914577868172,2.3946057929431466,0.0
2021-02-12,Crypto Equal Weight,0.05428926109808539,2.524607172063225,0.0
2021-02-13,Crypto Equal Weight,0.09582165507240964,2.7665192096979987,0.0
2021-02-14,Crypto Equal Weight,-0.029392275423807516,2.6852049151213007,-0.029392275423807623
2021-02-15,Crypto Equal Weight,-0.0442129748696292,2.566484017689238,-0.07230573035876264
2021-02-16,Crypto Equal Weight,-0.0022474451004349414,2.5607159857583377,-0.07439067229976948
2021-02-17,Crypto Equal Weight,0.04211707838283616,2.6685658616467034,-0.035406711693134474
2021-02-18,Crypto Equal Weight,0.0029177062460999047,2.676351952929359,-0.032592311830895504
2021-02-19,Crypto Equal Weight,0.04897981498578349,2.807439176420679,0.0
2021-02-20,Crypto Equal Weight,-0.017299540561226037,2.7588717685150144,-0.017299540561226068
2021-02-21,Crypto Equal Weight,0.024297174916646205,2.825904558447221,0.0
2021-02-22,Crypto Equal Weight,-0.0628095634120048,2.648410726887157,-0.06280956341200472
2021-02-23,Crypto Equal Weight,-0.1578836306811806,2.230270025791228,-0.21077659218019829
2021-02-24,Crypto Equal Weight,0.03967004054777338,2.3187449281468497,-0.17946806759073475
2021-02-25,Crypto Equal Weight,-0.05295585849293988,2.195953799850683,-0.22292004049233838
2021-02-26,Crypto Equal Weight,0.0024429722756437815,2.2013184541023127,-0.22102165569530274
2021-02-27,Crypto Equal Weight,0.030875544497424058,2.2692853599849494,-0.19697027516319332
2021-02-28,Crypto Equal Weight,-0.04371588305482724,2.170081546569816,-0.23207542870370934
2021-03-01,Crypto Equal Weight,0.06607202453353705,2.3134632277545526,-0.18133709758911487
2021-03-02,Crypto Equal Weight,-0.016013865689389763,2.276415738347949,-0.19444705535320883
2021-03-03,Crypto Equal Weight,0.03318617359233237,2.3519612662090816,-0.16771383549434582
2021-03-04,Crypto Equal Weight,-0.01542651063180949,2.315678710730303,-0.1805531068598002
2021-03-05,Crypto Equal Weight,-0.008545836651957895,2.2958892987299855,-0.18755596615353076
2021-03-06,Crypto Equal Weight,0.009728254619080622,2.3182242944052533,-0.17965230372851937
2021-03-07,Crypto Equal Weight,0.028383768233542828,2.3840242354910206,-0.15636774484662885
2021-03-08,Crypto Equal Weight,0.01766705142659148,2.426142914261681,-0.14146325040970276
2021-03-09,Crypto Equal Weight,0.042932909720223386,2.530304288968037,-0.10460376964804863
2021-03-10,Crypto Equal Weight,-0.028226124243624442,2.4588836057334493,-0.12987733489323583
2021-03-11,Crypto Equal Weight,0.0023940473055714564,2.4647702894044694,-0.12779422007132035
2021-03-12,Crypto Equal Weight,-0.02008021082531,2.415277182357267,-0.14530829601534223
2021-03-13,Crypto Equal Weight,0.07880501646479617,2.6056131404799783,-0.07795430221050648
2021-03-14,Crypto Equal Weight,-0.04799197369537732,2.4805646231817335,-0.12220509508475574
2021-03-15,Crypto Equal Weight,-0.03623773511569324,2.3906745794295143,-0.15401439433497954
2021-03-16,Crypto Equal Weight,0.043132536555067456,2.4937904381180283,-0.11752488927357219
2021-03-17,Crypto Equal Weight,0.030660811823728977,2.57025207746898,-0.09046748596446474
2021-03-18,Crypto Equal Weight,-0.02291498038891239,2.511354801519217,-0.11130940568666714
2021-03-19,Crypto Equal Weight,0.019194399500747632,2.5595587488676976,-0.09425152338686027
2021-03-20,Crypto Equal Weight,0.01827007279656291,2.60632207353659,-0.07770343278376213
2021-03-21,Crypto Equal Weight,-0.01614450250996269,2.5642443002786077,-0.09259345202811464
2021-03-22,Crypto Equal Weight,-0.029994835705112837,2.487330213783979,-0.11981096235227484
2021-03-23,Crypto Equal Weight,0.007114226187603334,2.505025643528098,-0.1135490984505999
2021-03-24,Crypto Equal Weight,-0.0667762833825415,2.3377493412753325,-0.17274299505717206
2021-03-25,Crypto Equal Weight,-0.0010923526180134256,2.335195694662131,-0.1736466514122914
2021-03-26,Crypto Equal Weight,0.08749287264445915,2.539508674175094,-0.10134662312498466
2021-03-27,Crypto Equal Weight,-0.008717834840823146,2.517369656976798,-0.10918093484372915
2021-03-28,Crypto Equal Weight,0.004100426246299149,2.5276919455899027,-0.10552819696825855
2021-03-29,Crypto Equal Weight,0.037739657887588596,2.6230861748616787,-0.07177113713174621
2021-03-30,Crypto Equal Weight,0.013383750136438466,2.6581929048123736,-0.05934795396168713
2021-03-31,Crypto Equal Weight,0.06639746310842415,2.834690170144728,0.0
2021-04-01,Crypto Equal Weight,0.028439295434994006,2.9153067613601467,0.0
2021-04-02,Crypto Equal Weight,0.05350906897952605,3.0713021119502457,0.0
2021-04-03,Crypto Equal Weight,-0.05050095907334438,2.91619840969277,-0.0505009590733444
2021-04-04,Crypto Equal Weight,0.08008234444670534,3.1497344152127207,0.0
2021-04-05,Crypto Equal Weight,0.1124723293949645,3.5039923818671816,0.0
2021-04-06,Crypto Equal Weight,0.034239733482870995,3.6239681471483243,0.0
2021-04-07,Crypto Equal Weight,-0.07683383516515305,3.345524775886565,-0.07683383516515296
2021-04-08,Crypto Equal Weight,0.06650800161559936,3.5680289430862566,-0.0154358983828502
2021-04-09,Crypto Equal Weight,-0.026439087808186844,3.473693512557847,-0.04146687511829461
2021-04-10,Crypto Equal Weight,0.10208440271596672,3.828303440005643,0.0
2021-04-11,Crypto Equal Weight,0.01134172738606192,3.87172301397331,0.0
2021-04-12,Crypto Equal Weight,0.0011626642882354276,3.876224528055596,0.0
2021-04-13,Crypto Equal Weight,0.10969981126458485,4.301445627202449,0.0
2021-04-14,Crypto Equal Weight,0.02628859256885361,4.414524578753052,0.0
2021-04-15,Crypto Equal Weight,0.060911491093833904,4.6834198533152795,0.0
2021-04-16,Crypto Equal Weight,0.05065662411454963,4.920666092395291,0.0
2021-04-17,Crypto Equal Weight,-0.03176555482050418,4.764358403883913,-0.03176555482050414
2021-04-18,Crypto Equal Weight,-0.07403361917153414,4.411635708214073,-0.10344745500368457
2021-04-19,Crypto Equal Weight,-0.06293211235912945,4.134002154137197,-0.1598694005012562
2021-04-20,Crypto Equal Weight,0.03341952255413645,4.272158532366234,-0.13179263698288768
2021-04-21,Crypto Equal Weight,-0.04142399100162268,4.09518867576399,-0.1677572509760511
2021-04-22,Crypto Equal Weight,-0.04904992826934679,3.8943199649683247,-0.20857869811835983
2021-04-23,Crypto Equal Weight,-0.016415494666891482,3.830392776352218,-0.22157027027866216
2021-04-24,Crypto Equal Weight,-0.06806209030471672,3.569688237305599,-0.2745518248388321
2021-04-25,Crypto Equal Weight,-0.009028471809759443,3.5374594076854557,-0.28110151323771604
2021-04-26,Crypto Equal Weight,0.15086850243841624,4.071150610959648,-0.17264237513464664
2021-04-27,Crypto Equal Weight,0.0428384009368606,4.245552193106282,-0.13719969748249594
2021-04-28,Crypto Equal Weight,0.0015703408166000024,4.252219157004122,-0.13584480695087797
2021-04-29,Crypto Equal Weight,-0.010431513593727104,4.207862075064327,-0.14485925359425966
2021-04-30,Crypto Equal Weight,0.07615810292228212,4.528324868059844,-0.07973335661645409
2021-05-01,Crypto Equal Weight,0.03980355255574375,4.708568284935146,-0.043103474911239004
2021-05-02,Crypto Equal Weight,-0.014599904851997027,4.639823635985962,-0.05707407313074153
2021-05-03,Crypto Equal Weight,0.055476102519817626,4.8972229676897925,-0.004764217743148502
2021-05-04,Crypto Equal Weight,-0.0223198060480419,4.78791790087694,-0.02697768737519257
2021-05-05,Crypto Equal Weight,0.23237817771357977,5.900525537724952,0.0
2021-05-06,Crypto Equal Weight,0.09504982199971371,6.461369439790474,0.0
2021-05-07,Crypto Equal Weight,-0.03738328711875315,6.219822210842449,-0.03738328711875316
2021-05-08,Crypto Equal Weight,0.01505247076056373,6.31344590280706,-0.022893527194478236
2021-05-09,Crypto Equal Weight,0.01695799459749009,6.420509284318408,-0.0063237609074695555
2021-05-10,Crypto Equal Weight,-0.06333573003276818,6.013861641613936,-0.06925897092661049
2021-05-11,Crypto Equal Weight,0.12326469466551512,6.755158460628131,0.0
2021-05-12,Crypto Equal Weight,-0.1790871368375788,5.545396473030093,-0.17908713683757882
2021-05-13,Crypto Equal Weight,0.06210183470583304,5.889775768176517,-0.1281069419015739
2021-05-14,Crypto Equal Weight,0.05375639703224409,6.206388892801504,-0.08123711250077759
2021-05-15,Crypto Equal Weight,-0.03983153713712915,5.9591788831304155,-0.11783285057441883
2021-05-16,Crypto Equal Weight,0.0028746940214076752,5.97630969903825,-0.11529688994408271
2021-05-17,Crypto Equal Weight,-0.06620591298990389,5.580642659103005,-0.17386946707034212
2021-05-18,Crypto Equal Weight,0.01708008379277666,5.675960503338029,-0.15975908834413222
2021-05-19,Crypto Equal Weight,-0.303373487313533,3.954024571586495,-0.414665903896675
2021-05-20,Crypto Equal Weight,0.14700206982203626,4.5352743677369,-0.32862058023207563
2021-05-21,Crypto Equal Weight,-0.1408603473018848,3.896434045188144,-0.4231913184719234
2021-05-22,Crypto Equal Weight,-0.06160251327788788,3.6564039151830268,-0.45872418293455774
2021-05-23,Crypto Equal Weight,-0.1129073822434224,3.2435689206951106,-0.5198382185110864
2021-05-24,Crypto Equal Weight,0.2529235672798113,4.0639439428352455,-0.3983939878654811
2021-05-25,Crypto Equal Weight,0.0028286933522609597,4.075439594050305,-0.3966922289382758
2021-05-26,Crypto Equal Weight,0.07066872279801244,4.363445705002291,-0.3540572393032281
2021-05-27,Crypto Equal Weight,-0.03622452964270197,4.205381936717115,-0.3774562119855771
2021-05-28,Crypto Equal Weight,-0.08364161267040388,3.853637009635109,-0.4295267783730454
2021-05-29,Crypto Equal Weight,-0.05675666284012572,3.634917433171019,-0.4619049346722468
2021-05-30,Crypto Equal Weight,0.04599013554369838,3.8020877786127065,-0.4371578696824282
2021-05-31,Crypto Equal Weight,0.09017948488864361,4.144958095989408,-0.3864010562967626
2021-06-01,Crypto Equal Weight,-0.019186745025294896,4.065429841861127,-0.3981740227773869
2021-06-02,Crypto Equal Weight,0.01568630356701275,4.129201408490953,-0.38873359780415906
2021-06-03,Crypto Equal Weight,0.03417599714809401,4.270320984051446,-0.3678429589859883
2021-06-04,Crypto Equal Weight,-0.07013513415978842,3.9708214489296374,-0.41217937786756087
2021-06-05,Crypto Equal Weight,-0.03151695830923769,3.845673234870295,-0.4307056959086192
2021-06-06,Crypto Equal Weight,0.017874280878071483,3.914411878435648,-0.42052996961500366
2021-06-07,Crypto Equal Weight,-0.08261493454301594,3.591022997324283,-0.46840284824489964
2021-06-08,Crypto Equal Weight,-0.0010986656821033386,3.5870776635934787,-0.46898689579223685
2021-06-09,Crypto Equal Weight,0.05692371448042062,3.791267448334968,-0.4387596574629523
2021-06-10,Crypto Equal Weight,-0.0467902209683756,3.6138732066771655,-0.46502021710662755
2021-06-11,Crypto Equal Weight,-0.034612165788076216,3.488789228110569,-0.48353702604540194
2021-06-12,Crypto Equal Weight,-0.006108771207590479,3.4674770129245354,-0.4866919801904823
2021-06-13,Crypto Equal Weight,0.06060711073488845,3.677630776217533,-0.4555818641927806
2021-06-14,Crypto Equal Weight,0.012104542324334043,3.7221468136015314,-0.44899193182576713
2021-06-15,Crypto Equal Weight,0.012503131044355522,3.7686853029783216,-0.4421026057428875
2021-06-16,Crypto Equal Weight,-0.0697520672369448,3.505811712330092,-0.481017102298426
2021-06-17,Crypto Equal Weight,0.009720760770419102,3.539890869291786,-0.47597219370593
2021-06-18,Crypto Equal Weight,-0.05772062088488967,3.335566170451512,-0.5062194040461705
2021-06-19,Crypto Equal Weight,-0.020498713298390713,3.2671913558356156,-0.5163412709149365
2021-06-20,Crypto Equal Weight,0.011456111133318935,3.304620663101887,-0.5108004227639382
2021-06-21,Crypto Equal Weight,-0.19019405150636529,2.676101470494888,-0.603843272353666
2021-06-22,Crypto Equal Weight,-0.034837352458124686,2.582873180353552,-0.6176443239033386
2021-06-23,Crypto Equal Weight,0.0855970046606085,2.8039593880100355,-0.5849158233144824
2021-06-24,Crypto Equal Weight,0.06135694304332537,2.976001764475965,-0.5594475271274035
2021-06-25,Crypto Equal Weight,-0.08057487382765759,2.7362107977924275,-0.5949449870435757
2021-06-26,Crypto Equal Weight,0.011936020786419109,2.7688702667509024,-0.5901102419892845
2021-06-27,Crypto Equal Weight,0.05340874980562807,2.9167521660720443,-0.5682185424558006
2021-06-28,Crypto Equal Weight,0.018891398769319223,2.9718536943525873,-0.5600615867601353
2021-06-29,Crypto Equal Weight,0.07656251270863891,3.199386280594673,-0.5263787964054396
2021-06-30,Crypto Equal Weight,0.010229283835137904,3.232113710957122,-0.5215339906835312
2021-07-01,Crypto Equal Weight,-0.052857881690813346,3.061271026812095,-0.5468246903970567
2021-07-02,Crypto Equal Weight,0.006644821951439307,3.081612627730361,-0.5438134211519567
2021-07-03,Crypto Equal Weight,0.022742221109748106,3.1516953434847967,-0.5334387251084951
2021-07-04,Crypto Equal Weight,0.02195183945789651,3.220880853685175,-0.5231968469048052
2021-07-05,Crypto Equal Weight,-0.04758275314865554,3.0676224751030423,-0.5458844536390345
2021-07-06,Crypto Equal Weight,0.018173860759549767,3.1233730188284308,-0.5376314209307234
2021-07-07,Crypto Equal Weight,-0.01356780382657763,3.0809957064317413,-0.5439047471071088
2021-07-08,Crypto Equal Weight,-0.04999297514892138,2.9269675646461657,-0.5667063057505242
2021-07-09,Crypto Equal Weight,0.03256800205560832,3.0222930503082606,-0.5525947958255251
2021-07-10,Crypto Equal Weight,-0.01606017871014616,2.973754483805877,-0.5597802033604166
2021-07-11,Crypto Equal Weight,0.01105089689578709,3.006617137999801,-0.5549153797762681
2021-07-12,Crypto Equal Weight,-0.021458439480235236,2.9420998261037936,-0.5644662011629227
2021-07-13,Crypto Equal Weight,-0.032729916190515705,2.8458051453712856,-0.5787211858969972
2021-07-14,Crypto Equal Weight,0.005343652094854679,2.861012137997897,-0.5764700184794977
2021-07-15,Crypto Equal Weight,-0.033657562374154494,2.76471744351002,-0.5907250052498485
2021-07-16,Crypto Equal Weight,-0.02451103417517737,2.6969513597674366,-0.600756758633215
2021-07-17,Crypto Equal Weight,-0.0020961608637220745,2.69129811587573,-0.6015936366908736
2021-07-18,Crypto Equal Weight,0.0029498340208449774,2.699236998618176,-0.6004184040462632
2021-07-19,Crypto Equal Weight,-0.048431026233618495,2.5685101807273454,-0.6197705508023699
2021-07-20,Crypto Equal Weight,-0.039675775806226554,2.466602546640797,-0.63485644918366
2021-07-21,Crypto Equal Weight,0.08404642491288189,2.673911672366966,-0.6041674391575513
2021-07-22,Crypto Equal Weight,0.035105539490129026,2.767780784174361,-0.590271523561418
2021-07-23,Crypto Equal Weight,0.030230782391342626,2.851452962767676,-0.5778851111506669
2021-07-24,Crypto Equal Weight,0.02087857317535161,2.9109872321068937,-0.5690719545554207
2021-07-25,Crypto Equal Weight,-0.0013191821921649028,2.907147109588679,-0.5696404271590756
2021-07-26,Crypto Equal Weight,0.024043643109556537,2.9770455171586083,-0.5592930151809071
2021-07-27,Crypto Equal Weight,0.026644279596079668,3.056366750288038,-0.547550695057442
2021-07-28,Crypto Equal Weight,0.025869776100008457,3.1354342737975,-0.5358459328419736
2021-07-29,Crypto Equal Weight,0.018439540828283675,3.1932502421035887,-0.5272871449699992
2021-07-30,Crypto Equal Weight,0.02907854641851262,3.2861053174945245,-0.5135413422723818
2021-07-31,Crypto Equal Weight,0.00498091412772671,3.3024731258956304,-0.5111183334715514
2021-08-01,Crypto Equal Weight,-0.022758807451950847,3.2273127759081297,-0.5222446971868611
2021-08-02,Crypto Equal Weight,0.010486102598031722,3.261154708792241,-0.5172349060648089
2021-08-03,Crypto Equal Weight,-0.015388954950252167,3.210968945892834,-0.5246641563469319
2021-08-04,Crypto Equal Weight,0.03586243098793669,3.326122098119324,-0.5076174574578309
2021-08-05,Crypto Equal Weight,0.0162912139985419,3.3803086650050647,-0.49959594808813035
2021-08-06,Crypto Equal Weight,0.022413974415808856,3.4560748169400255,-0.48837990447101054
2021-08-07,Crypto Equal Weight,0.07056124046525344,3.699939743164037,-0.45227935588353363
2021-08-08,Crypto Equal Weight,-0.044867926635484945,3.533931118212038,-0.47685444556049184
2021-08-09,Crypto Equal Weight,0.053636190115404374,3.7234777195232023,-0.4487949111445457
2021-08-10,Crypto Equal Weight,0.01922318186200601,3.7950548088847245,-0.43819899547821417
2021-08-11,Crypto Equal Weight,0.06307775869864235,4.034438360367678,-0.4027618472783341
2021-08-12,Crypto Equal Weight,-0.021826703867775823,3.9463798690031373,-0.41579758757632734
2021-08-13,Crypto Equal Weight,0.10036157544278568,4.342444769951987,-0.3571661130880114
2021-08-14,Crypto Equal Weight,0.0461467226724572,4.542834364471424,-0.3275014359842261
2021-08-15,Crypto Equal Weight,0.01899541951065865,4.629127408991995,-0.3147270436404309
2021-08-16,Crypto Equal Weight,-0.044065728043762666,4.425141539507426,-0.3449240953711169
2021-08-17,Crypto Equal Weight,-0.06500531543194384,4.1374838179007485,-0.38750751118338345
2021-08-18,Crypto Equal Weight,0.013070150055442396,4.191561352252676,-0.37950214244671887
2021-08-19,Crypto Equal Weight,0.06192229008871089,4.451112430231495,-0.341079494111881
2021-08-20,Crypto Equal Weight,0.038683251853805764,4.623295933399746,-0.31559030623097384
2021-08-21,Crypto Equal Weight,-0.02392748511978322,4.512672088748968,-0.33196650899446767
2021-08-22,Crypto Equal Weight,0.018669111161964916,4.59691966561132,-0.3194949174909698
2021-08-23,Crypto Equal Weight,0.02087886156926002,4.692898114954628,-0.30528674607608586
2021-08-24,Crypto Equal Weight,-0.06750241932459834,4.376116138551343,-0.35218157145281404
2021-08-25,Crypto Equal Weight,0.02174154514931408,4.4712596651563,-0.3380969978399977
2021-08-26,Crypto Equal Weight,-0.06146006562904986,4.1964557526912705,-0.37877759979281644
2021-08-27,Crypto Equal Weight,0.07269710012304198,4.5015259167065835,-0.33361653276627834
2021-08-28,Crypto Equal Weight,-0.010523062092153713,4.4541560799756414,-0.3406289273691634
2021-08-29,Crypto Equal Weight,-4.2230907735907525e-05,4.453967976921186,-0.3406567732080955
2021-08-30,Crypto Equal Weight,-0.03427301946401956,4.301317045756047,-0.3632544564534038
2021-08-31,Crypto Equal Weight,0.033926461457846724,4.447245512726869,-0.34165193331181465
2021-09-01,Crypto Equal Weight,0.05544915718852714,4.693841528218033,-0.3051470878772584
2021-09-02,Crypto Equal Weight,0.011792504731032993,4.7491936766462635,-0.2969530316236789
2021-09-03,Crypto Equal Weight,0.04657082039539469,4.970367522384301,-0.26421155752989856
2021-09-04,Crypto Equal Weight,-0.010212329589721382,4.9196084910636655,-0.271725671612711
2021-09-05,Crypto Equal Weight,0.056626714700174774,5.198189757523685,-0.23048588899566258
2021-09-06,Crypto Equal Weight,0.006357202425683395,5.231235702059378,-0.22559393202258804
2021-09-07,Crypto Equal Weight,-0.16764027258755143,4.354269922996412,-0.35541557635177534
2021-09-08,Crypto Equal Weight,0.0004307836574903973,4.356145671319541,-0.3551378999161948
2021-09-09,Crypto Equal Weight,0.002673009912500279,4.367789691879273,-0.35341417713047507
2021-09-10,Crypto Equal Weight,-0.042101786452271174,4.183897943003341,-0.38063659536799377
2021-09-11,Crypto Equal Weight,0.029784970815188095,4.308515221129421,-0.36218887443703396
2021-09-12,Crypto Equal Weight,0.03900898067552668,4.476586008130671,-0.33730851256531225
2021-09-13,Crypto Equal Weight,-0.043186748837215544,4.283256812549339,-0.365928003389715
2021-09-14,Crypto Equal Weight,0.03937859648466578,4.451925454210915,-0.34095913809297207
2021-09-15,Crypto Equal Weight,0.033761799679333064,4.602230469583309,-0.3187087325327719
2021-09-16,Crypto Equal Weight,-0.02260339800954957,4.498204422547641,-0.33410823021176417
2021-09-17,Crypto Equal Weight,-0.02821032375523107,4.371308619470359,-0.3528932526234342
2021-09-18,Crypto Equal Weight,0.014642044853208722,4.435313516343863,-0.34341828660353246
2021-09-19,Crypto Equal Weight,-0.035910362635661094,4.276039799569106,-0.36699637403154317
2021-09-20,Crypto Equal Weight,-0.11422485591169482,3.7876097695906523,-0.43930112199937055
2021-09-21,Crypto Equal Weight,-0.05343634371662165,3.585213752078372,-0.46926281996573627
2021-09-22,Crypto Equal Weight,0.10935609613773782,3.977278731824994,-0.4112234738820375
2021-09-23,Crypto Equal Weight,0.01626576948492713,4.041972230854163,-0.4016465706300666
2021-09-24,Crypto Equal Weight,-0.06248339107083246,3.789416099256257,-0.4390337219559618
2021-09-25,Crypto Equal Weight,-0.004266625386774614,3.773248080326118,-0.441427154918989
2021-09-26,Crypto Equal Weight,-0.006350457317357295,3.7492862294442064,-0.44497434793031077
2021-09-27,Crypto Equal Weight,-0.031077363869180547,3.6327682970420607,-0.4622230820764097
2021-09-28,Crypto Equal Weight,-0.032985894716289745,3.512938184467156,-0.4799621348718881
2021-09-29,Crypto Equal Weight,0.025201653417809958,3.6014700350702875,-0.46685632083079165
2021-09-30,Crypto Equal Weight,0.03985386657347911,3.745002541316362,-0.44560848377668827
2021-10-01,Crypto Equal Weight,0.08583803887920276,4.066466215060589,-0.3980206032528114
2021-10-02,Crypto Equal Weight,0.01314684618977272,4.119927420925898,-0.39010647271436394
2021-10-03,Crypto Equal Weight,0.016058019141841507,4.1860852943141245,-0.38031279077872593
2021-10-04,Crypto Equal Weight,-0.0148396687445018,4.123965175210272,-0.3895087436887744
2021-10-05,Crypto Equal Weight,0.03911206691222192,4.28526197708677,-0.36563116882260327
2021-10-06,Crypto Equal Weight,0.02631207745706715,4.398016122151701,-0.34893960700031457
2021-10-07,Crypto Equal Weight,-0.00638939697911447,4.369915451226729,-0.3530994903085678
2021-10-08,Crypto Equal Weight,-0.00968783863579299,4.327580415483185,-0.3593665580598707
2021-10-09,Crypto Equal Weight,0.039018902838405284,4.496437855240309,-0.3343697440337756
2021-10-10,Crypto Equal Weight,-0.039372271971353526,4.319402881101498,-0.3605771195040395
2021-10-11,Crypto Equal Weight,0.01616616745924252,4.389231071401319,-0.3502401021406706
2021-10-12,Crypto Equal Weight,-0.02450992776943369,4.281651334877918,-0.3661656703046774
2021-10-13,Crypto Equal Weight,0.03190285056564601,4.418248217588728,-0.34594454840103117
2021-10-14,Crypto Equal Weight,0.008162714258494455,4.454313115312006,-0.3406056806404183
2021-10-15,Crypto Equal Weight,0.021102700113018333,4.54831114919392,-0.32669068006274515
2021-10-16,Crypto Equal Weight,0.002720576167623345,4.560685176109353,-0.32485889077348507
2021-10-17,Crypto Equal Weight,-0.015497446977474582,4.490006199411644,-0.33532185431603645
2021-10-18,Crypto Equal Weight,-0.005306693572157262,4.46617911237428,-0.33884909755929093
2021-10-19,Crypto Equal Weight,0.012977207830322194,4.5241376469230055,-0.33026920489111267
2021-10-20,Crypto Equal Weight,0.051224364064108824,4.75588372082513,-0.29596267081750993
2021-10-21,Crypto Equal Weight,-0.034430299987499836,4.592137217611454,-0.3202028872636612
2021-10-22,Crypto Equal Weight,-0.009454713940141793,4.54871987384506,-0.32663017450191756
2021-10-23,Crypto Equal Weight,0.019371535732781185,4.636835563419662,-0.3135859668659048
2021-10-24,Crypto Equal Weight,-0.014741306991866012,4.56848254690849,-0.3237046068518593
2021-10-25,Crypto Equal Weight,0.018419186895322202,4.652630280768016,-0.3112477956090183
2021-10-26,Crypto Equal Weight,-0.012946919667983725,4.592393050278084,-0.32016501507041495
2021-10-27,Crypto Equal Weight,-0.09185131642847817,4.170575703053048,-0.38260875339033196
2021-10-28,Crypto Equal Weight,0.056729009743049105,4.407168332745668,-0.34758475934613886
2021-10-29,Crypto Equal Weight,0.029088612824405093,4.535366746028886,-0.32860690501001766
2021-10-30,Crypto Equal Weight,-0.010681812392085377,4.4869208093185025,-0.3357786000920422
2021-10-31,Crypto Equal Weight,0.014693243654273571,4.552848230027249,-0.326019033222812
2021-11-01,Crypto Equal Weight,-0.004326641926342823,4.533149685990938,-0.3289351075312271
2021-11-02,Crypto Equal Weight,0.033065335844914154,4.683039802793496,-0.30674612148801594
2021-11-03,Crypto Equal Weight,0.01674063604824131,4.76143686773149,-0.295140610618815
2021-11-04,Crypto Equal Weight,-0.02555910524069758,4.639738801732204,-0.31315618593190253
2021-11-05,Crypto Equal Weight,-0.010200996638369953,4.592408841812819,-0.32016267737029624
2021-11-06,Crypto Equal Weight,-0.004239194414665415,4.572940727900747,-0.3230446399512692
2021-11-07,Crypto Equal Weight,0.023886360748030924,4.6821716398067466,-0.3068746400108321
2021-11-08,Crypto Equal Weight,0.060246401128590546,4.964255630571454,-0.26511633154052594
2021-11-09,Crypto Equal Weight,0.058033521566359034,5.252348866769141,-0.2224684443182181
2021-11-10,Crypto Equal Weight,-0.052120905365666895,4.978591688536799,-0.26299409295072806
2021-11-11,Crypto Equal Weight,0.011579788077556885,5.03624272521474,-0.2544597207351901
2021-11-12,Crypto Equal Weight,-0.021045339029769496,4.930253289626386,-0.270149868672667
2021-11-13,Crypto Equal Weight,0.012155992174102794,4.99018541003143,-0.26127781618798396
2021-11-14,Crypto Equal Weight,0.011670347080749634,5.048422605763789,-0.2526566719066484
2021-11-15,Crypto Equal Weight,-0.014913367152786263,4.973133625901608,-0.2638020773476898
2021-11-16,Crypto Equal Weight,-0.0853953676242598,4.5484510516731715,-0.3266699695968003
2021-11-17,Crypto Equal Weight,0.005029029807759611,4.571325347591171,-0.323283772803443
2021-11-18,Crypto Equal Weight,-0.06659550799716892,4.266895613848002,-0.36835003372352526
2021-11-19,Crypto Equal Weight,0.050189937841265554,4.481050839482202,-0.33664756117867156
2021-11-20,Crypto Equal Weight,0.01576936969310213,4.551714186783582,-0.32618691133407707
2021-11-21,Crypto Equal Weight,-0.01876418665940255,4.466304972162524,-0.3388304659033531
2021-11-22,Crypto Equal Weight,-0.036598052294896724,4.302846909226362,-0.36302798308801476
2021-11-23,Crypto Equal Weight,0.02241482154078316,4.399294454813981,-0.3487503690024599
2021-11-24,Crypto Equal Weight,-0.024994581710023545,4.28933593009668,-0.3650280811180505
2021-11-25,Crypto Equal Weight,0.009420096135543754,4.329741886915833,-0.3590465845988119
2021-11-26,Crypto Equal Weight,-0.06649545894871833,4.041833713015874,-0.40166707612066244
2021-11-27,Crypto Equal Weight,0.01136172499470266,4.087755916137478,-0.3948689819842691
2021-11-28,Crypto Equal Weight,0.021529982658934313,4.175765230125875,-0.38184052166000704
2021-11-29,Crypto Equal Weight,0.017998706153176246,4.250923601467561,-0.3707144508535648
2021-11-30,Crypto Equal Weight,0.0029870595108775207,4.263621363241338,-0.36883473746892925
2021-12-01,Crypto Equal Weight,-0.004816033852340695,4.243087618422405,-0.3718744507397004
2021-12-02,Crypto Equal Weight,0.0029771478098470144,4.255719917432581,-0.3700044281364111
2021-12-03,Crypto Equal Weight,-0.054804135310390995,4.02248886723448,-0.4045307907017702
2021-12-04,Crypto Equal Weight,-0.09966679308991833,3.621580301597321,-0.46387929717631415
2021-12-05,Crypto Equal Weight,-0.025153555791845417,3.5304846794264444,-0.4773646391859532
2021-12-06,Crypto Equal Weight,0.040040442806494346,3.6718468493122236,-0.45643808791262674
2021-12-07,Crypto Equal Weight,-0.005612405331474191,3.651238956478787,-0.45948877768601226
2021-12-08,Crypto Equal Weight,0.03731739189615066,3.787493671524198,-0.4393183085786537
2021-12-09,Crypto Equal Weight,-0.06974011815598744,3.523353415357046,-0.4784203159862773
2021-12-10,Crypto Equal Weight,-0.03764782144196946,3.3907068350987304,-0.4980566547977848
2021-12-11,Crypto Equal Weight,0.062185845911676044,3.6015608078778465,-0.4668428832766487
2021-12-12,Crypto Equal Weight,0.0005450006496776847,3.6035236608579937,-0.46655231230165417
2021-12-13,Crypto Equal Weight,-0.08065923921980626,3.3128661838626168,-0.5095797969549676
2021-12-14,Crypto Equal Weight,0.011911581619101387,3.3523276598048573,-0.5037381166787405
2021-12-15,Crypto Equal Weight,0.04872903431115066,3.5156833493617072,-0.4795557543390625
2021-12-16,Crypto Equal Weight,-0.03275391370957651,3.400530960306519,-0.4966023402520865
2021-12-17,Crypto Equal Weight,-0.024771957522853386,3.316293151802658,-0.5090724856964657
2021-12-18,Crypto Equal Weight,0.020225622720911683,3.3833672459229613,-0.4991431710088474
2021-12-19,Crypto Equal Weight,-0.002246589268154565,3.375766209378045,-0.5002683905857408
2021-12-20,Crypto Equal Weight,0.0027239347357453153,3.384961576215525,-0.4989071542963075
2021-12-21,Crypto Equal Weight,0.03319664389737751,3.4973309402674575,-0.4822725535379585
2021-12-22,Crypto Equal Weight,0.005615825220858106,3.5169713395674984,-0.4793650866865865
2021-12-23,Crypto Equal Weight,0.05288152119073466,3.702954133988044,-0.4518331204855669
2021-12-24,Crypto Equal Weight,-0.025854589725139758,3.6072157740827726,-0.46600575025632274
2021-12-25,Crypto Equal Weight,0.012088707351344343,3.650822349928812,-0.45955045004387074
2021-12-26,Crypto Equal Weight,-0.0019257207082916453,3.6437918857272598,-0.4605912049340083
2021-12-27,Crypto Equal Weight,0.006955401909512826,3.6691359227671145,-0.45683939997079825
2021-12-28,Crypto Equal Weight,-0.06626174340482956,3.426012579735277,-0.49283016827754655
2021-12-29,Crypto Equal Weight,-0.02867247058178535,3.327780334829991,-0.5073719803575776
2021-12-30,Crypto Equal Weight,0.016974196767416676,3.3842667330321348,-0.49901001541902434
2021-12-31,Crypto Equal Weight,-0.015267470914003978,3.3325975391203357,-0.5066588654368216
2022-01-01,Crypto Equal Weight,0.029122690504778354,3.429651745829123,-0.49229144426166194
2022-01-02,Crypto Equal Weight,0.015540556191764499,3.482950441503364,-0.4844013709221707
2022-01-03,Crypto Equal Weight,-0.020728701930202723,3.410753399963773,-0.4950890612199461
2022-01-04,Crypto Equal Weight,-0.011764087452726647,3.3706289986869145,-0.501028877659593
2022-01-05,Crypto Equal Weight,-0.06206812715046752,3.161420369419362,-0.5319990807254289
2022-01-06,Crypto Equal Weight,-0.0008726027668847442,3.1586617052577206,-0.5324074596224926
2022-01-07,Crypto Equal Weight,-0.040404478130600344,3.03103762746567,-0.5513002921942074
2022-01-08,Crypto Equal Weight,-0.02093541927415324,2.9675815838989417,-0.5606940087053117
2022-01-09,Crypto Equal Weight,0.00938373839620118,2.9954285931516336,-0.5565716762071186
2022-01-10,Crypto Equal Weight,-0.03018341787231781,2.905016320217849,-0.5699558586005805
2022-01-11,Crypto Equal Weight,0.03416218451646136,3.004258023772463,-0.5552646112918702
2022-01-12,Crypto Equal Weight,0.05390506305509349,3.1662027419776884,-0.531291122120727
2022-01-13,Crypto Equal Weight,-0.034351553179315694,3.0574387601101467,-0.5473920000648143
2022-01-14,Crypto Equal Weight,0.025946966258798367,3.136770020457067,-0.5356481955620338
2022-01-15,Crypto Equal Weight,0.008994754628404667,3.164984497116814,-0.5314714650198573
2022-01-16,Crypto Equal Weight,0.006503905118192477,3.185569255986612,-0.5284241998831807
2022-01-17,Crypto Equal Weight,0.00046937886742684986,3.187064494876097,-0.528202852168216
2022-01-18,Crypto Equal Weight,-0.015388287946141763,3.1380210287260186,-0.5354630025312199
2022-01-19,Crypto Equal Weight,-0.029012441761665654,3.046979376383223,-0.5489403551164218
2022-01-20,Crypto Equal Weight,-0.04252286623358551,2.9174130799447857,-0.5681207040591748
2022-01-21,Crypto Equal Weight,-0.115712541101666,2.579831799021137,-0.6180945548416861
2022-01-22,Crypto Equal Weight,-0.05885921527965914,2.4279849237772413,-0.6405732096547334
2022-01-23,Crypto Equal Weight,0.03875242717376981,2.52207523271493,-0.6266445491375765
2022-01-24,Crypto Equal Weight,-0.02866215906522481,2.449787111220391,-0.6373457224580641
2022-01-25,Crypto Equal Weight,0.0004887591135445126,2.4509844669972436,-0.6371684718748496
2022-01-26,Crypto Equal Weight,0.005058996734153465,2.4633839894112435,-0.6353329083590165
2022-01-27,Crypto Equal Weight,-0.008704446363619856,2.4419415956024135,-0.6385071334987826
2022-01-28,Crypto Equal Weight,0.025426408633765198,2.5040314004719892,-0.6293156681569316
2022-01-29,Crypto Equal Weight,0.014763887792000531,2.5410006390962034,-0.6238429262753479
2022-01-30,Crypto Equal Weight,-0.01730228000829739,2.4970355345372983,-0.6303513012920335
2022-01-31,Crypto Equal Weight,0.014535726144460116,2.533331759240318,-0.6249781890379584
2022-02-01,Crypto Equal Weight,0.023033684182255224,2.5916837229115366,-0.6163400550828014
2022-02-02,Crypto Equal Weight,-0.0392681340350189,2.4899131391038694,-0.6314056652236779
2022-02-03,Crypto Equal Weight,0.015430349548788727,2.5283333691863636,-0.6257181257963762
2022-02-04,Crypto Equal Weight,0.08722734863520698,2.74887318544641,-0.5930705102673779
2022-02-05,Crypto Equal Weight,0.009422977778614994,2.774775756389102,-0.5892360227281643
2022-02-06,Crypto Equal Weight,0.02460039905956177,2.843036347297071,-0.5791310649679844
2022-02-07,Crypto Equal Weight,0.07049951598030699,3.043469033695935,-0.54946000875708
2022-02-08,Crypto Equal Weight,-0.0025026088809162687,3.0358524210634137,-0.5505875341403725
2022-02-09,Crypto Equal Weight,0.019764412626272824,3.09585426098578,-0.5417051607257322
2022-02-10,Crypto Equal Weight,-0.026291180600430487,3.014460597497591,-0.5537542731133371
2022-02-11,Crypto Equal Weight,-0.05987846010561804,2.833959338870374,-0.5804747800680227
2022-02-12,Crypto Equal Weight,0.004881581624613972,2.847793542703907,-0.5784268334633406
2022-02-13,Crypto Equal Weight,-0.0009595511905362893,2.845060939019604,-0.578831354497189
2022-02-14,Crypto Equal Weight,-0.004873680716226226,2.831195020384616,-0.5808839960030552
2022-02-15,Crypto Equal Weight,0.05531791979116257,2.987810839435391,-0.5576993705107596
2022-02-16,Crypto Equal Weight,-0.01540312500919441,2.9417892155717418,-0.5645121823984276
2022-02-17,Crypto Equal Weight,-0.07783500010761192,2.712815051661144,-0.5984083767283097
2022-02-18,Crypto Equal Weight,-0.007808763498197359,2.691631320508372,-0.6015443107372955
2022-02-19,Crypto Equal Weight,0.005728448292466137,2.707050191350287,-0.5992617779245151
2022-02-20,Crypto Equal Weight,-0.04326270437002942,2.5899358792070677,-0.616598797155938
2022-02-21,Crypto Equal Weight,-0.0626345494325867,2.4277164123536425,-0.6406129587479876
2022-02-22,Crypto Equal Weight,0.039267972983908536,2.523047914846537,-0.6265005581213368
2022-02-23,Crypto Equal Weight,-0.020894244531552655,2.4703307347489094,-0.634304546792348
2022-02-24,Crypto Equal Weight,0.0018385094903915378,2.474872461249151,-0.6336322122310327
2022-02-25,Crypto Equal Weight,0.0426568023198654,2.580442606595535,-0.6180041339318054
2022-02-26,Crypto Equal Weight,0.002904508069891176,2.5879375229702823,-0.6168946238561454
2022-02-27,Crypto Equal Weight,-0.04140870790385846,2.480774374008171,-0.6327585224732841
2022-02-28,Crypto Equal Weight,0.1008640657054067,2.7309953634684203,-0.5957170539542787
2022-03-01,Crypto Equal Weight,0.0031196221938872945,2.7395150372156998,-0.5944558439031844
2022-03-02,Crypto Equal Weight,-0.018961438742063776,2.6875698906545717,-0.602145544576216
2022-03-03,Crypto Equal Weight,-0.01945143008743081,2.6352928128214206,-0.6098843827008646
2022-03-04,Crypto Equal Weight,-0.0696371325993718,2.4517785777768037,-0.6370509156718103
2022-03-05,Crypto Equal Weight,0.0252353977196617,2.513650185307548,-0.6278917511768014
2022-03-06,Crypto Equal Weight,-0.036850288741983914,2.4210214501826237,-0.6416040475892102
2022-03-07,Crypto Equal Weight,-0.01777702786344355,2.3779828844047324,-0.6479752624213622
2022-03-08,Crypto Equal Weight,0.019149664845266434,2.423520459648863,-0.6412341066794884
2022-03-09,Crypto Equal Weight,0.06142501332371159,2.5723852361730817,-0.6191969069021828
2022-03-10,Crypto Equal Weight,-0.04529719373610162,2.455863403766262,-0.6364462183855414
2022-03-11,Crypto Equal Weight,0.00725138935331222,2.4736718255055217,-0.6338099483641859
2022-03-12,Crypto Equal Weight,-0.0003131008534325579,2.472897316745844,-0.6339246027818716
2022-03-13,Crypto Equal Weight,-0.026829848389654964,2.4065498566543684,-0.6437463501884166
2022-03-14,Crypto Equal Weight,0.025832757715324072,2.4687176760311687,-0.6345433359676341
2022-03-15,Crypto Equal Weight,0.002887432540878421,2.475845931783183,-0.6334881045036261
2022-03-16,Crypto Equal Weight,0.041546730983816206,2.578709236668355,-0.6182607333790697
2022-03-17,Crypto Equal Weight,-0.0021367286149943324,2.5731992348526154,-0.6190764065935257
2022-03-18,Crypto Equal Weight,0.02287071412696635,2.632050138944658,-0.6103644119845094
2022-03-19,Crypto Equal Weight,0.04889256616829627,2.760737824521283,-0.5913141282159391
2022-03-20,Crypto Equal Weight,-0.0008807548129557868,2.758306291395027,-0.5916740802644999
2022-03-21,Crypto Equal Weight,0.023983811636451396,2.8244609899234843,-0.5818808683192829
2022-03-22,Crypto Equal Weight,0.06288462575961842,3.002076162247464,-0.5555876032006043
2022-03-23,Crypto Equal Weight,0.012081167675711223,3.0383447477388317,-0.550218582517706
2022-03-24,Crypto Equal Weight,0.02453322843609056,3.1128851535027047,-0.5391839922563042
2022-03-25,Crypto Equal Weight,-0.011489590412916785,3.077119378086509,-0.5444785794409948
2022-03-26,Crypto Equal Weight,0.009594654493158005,3.1066432753534503,-0.5401080087964987
2022-03-27,Crypto Equal Weight,0.042547875454710636,3.238824346515403,-0.5205405816321531
2022-03-28,Crypto Equal Weight,0.00445177065782223,3.2532428497070605,-0.5184061382618468
2022-03-29,Crypto Equal Weight,0.013999177555741139,3.298785573992055,-0.5116642202816193
2022-03-30,Crypto Equal Weight,0.009501167971384695,3.3301278898321343,-0.5070244600120778
2022-03-31,Crypto Equal Weight,-0.03077250341725826,3.227651517962368,-0.5221945515009808
2022-04-01,Crypto Equal Weight,0.01314246889255092,3.2700708276331834,-0.5159150082573911
2022-04-02,Crypto Equal Weight,-0.01024608862981643,3.2365653921074764,-0.5208749859871499
2022-04-03,Crypto Equal Weight,0.019144810628382403,3.2985288236257504,-0.5117022283265528
2022-04-04,Crypto Equal Weight,-0.006553388346854017,3.276912283271239,-0.5149022332532323
2022-04-05,Crypto Equal Weight,-0.028460521862655356,3.183649649591194,-0.528708368849254
2022-04-06,Crypto Equal Weight,-0.09165544300198733,2.8918508305947914,-0.5719048120855048
2022-04-07,Crypto Equal Weight,0.0361365525133895,2.996352349995469,-0.5564349278467033
2022-04-08,Crypto Equal Weight,-0.041862478758459706,2.870917613390923,-0.5750036612577154
2022-04-09,Crypto Equal Weight,0.01842106310011493,2.923802967902428,-0.567174776884426
2022-04-10,Crypto Equal Weight,-0.01700182837889297,2.8740929716284533,-0.574533597045893
2022-04-11,Crypto Equal Weight,-0.08038746598850147,2.64305192062388,-0.6087357630426163
2022-04-12,Crypto Equal Weight,0.0283449435915488,2.717969078223499,-0.5976454003166689
2022-04-13,Crypto Equal Weight,0.037169341846512015,2.8189942000202373,-0.5826901446575227
2022-04-14,Crypto Equal Weight,-0.02365856424583321,2.7523008446304273,-0.592563096680562
2022-04-15,Crypto Equal Weight,0.031038335249899567,2.8377276809546483,-0.5799169334821523
2022-04-16,Crypto Equal Weight,0.01442141326466836,2.878651724574284,-0.5738587419744093
2022-04-17,Crypto Equal Weight,-0.038583655169079335,2.767582819081434,-0.5903008293273864
2022-04-18,Crypto Equal Weight,0.022289250330103764,2.8292701653452346,-0.5811689419522286
2022-04-19,Crypto Equal Weight,0.021499995707293638,2.890099461754931,-0.5721640760021203
2022-04-20,Crypto Equal Weight,-0.012096637850906011,2.8551389752129834,-0.5773394522343304
2022-04-21,Crypto Equal Weight,-0.020877854849308077,2.7955297981138845,-0.5861636978011111
2022-04-22,Crypto Equal Weight,-0.011750225224195167,2.7626816933650975,-0.5910263675578962
2022-04-23,Crypto Equal Weight,-0.01286054767525191,2.72715209373603,-0.5962859924558388
2022-04-24,Crypto Equal Weight,-0.013762498814561453,2.6896196662788587,-0.6018421060060872
2022-04-25,Crypto Equal Weight,0.01016629986165194,2.7169631463200457,-0.5977943134634612
2022-04-26,Crypto Equal Weight,-0.06831752801509475,2.531346940455346,-0.6252720117212516
2022-04-27,Crypto Equal Weight,0.0244208828580192,2.5931646675612114,-0.6161208234158752
2022-04-28,Crypto Equal Weight,0.008911743483814662,2.6162742858898085,-0.6126997906653795
2022-04-29,Crypto Equal Weight,-0.03646867383836265,2.520862232285998,-0.6268241156771333
2022-04-30,Crypto Equal Weight,-0.053359876819118274,2.38634933409325,-0.6467367348964669
2022-05-01,Crypto Equal Weight,0.04733577045165833,2.499309018389356,-0.6300147460705228
2022-05-02,Crypto Equal Weight,-0.003150579813704691,2.4914347458478083,-0.6311804141429214
2022-05-03,Crypto Equal Weight,-0.010712090547274924,2.4647462712576598,-0.6351312429422308
2022-05-04,Crypto Equal Weight,0.09768777207422855,2.7055218432250827,-0.5994880269657643
2022-05-05,Crypto Equal Weight,-0.08792760957755685,2.4676317748904357,-0.6347040873618557
2022-05-06,Crypto Equal Weight,0.009911536356464605,2.4920897969416296,-0.6310834436428747
2022-05-07,Crypto Equal Weight,-0.025861551667197516,2.427640487898728,-0.640624198225989
2022-05-08,Crypto Equal Weight,-0.019123252337417542,2.3812161062641093,-0.6474966323672753
2022-05-09,Crypto Equal Weight,-0.13858540201932165,2.051214314882614,-0.6963484532838211
2022-05-10,Crypto Equal Weight,0.03548752611899277,2.1240068364576628,-0.6855726110886582
2022-05-11,Crypto Equal Weight,-0.14409244004091043,1.817953508728903,-0.7308792207725857
2022-05-12,Crypto Equal Weight,-0.04872558742882796,1.7293726560977882,-0.7439922888297454
2022-05-13,Crypto Equal Weight,0.06680643620759522,1.8449058801265448,-0.7268893260047973
2022-05-14,Crypto Equal Weight,0.021150943771016485,1.8839273806599188,-0.7211127774958603
2022-05-15,Crypto Equal Weight,0.041672055707046005,1.9624345074148082,-0.7094909736236845
2022-05-16,Crypto Equal Weight,-0.059615598921542265,1.8454427989109727,-0.7268098432232226
2022-05-17,Crypto Equal Weight,0.04388035967930752,1.9264214926947743,-0.7148221608830113
2022-05-18,Crypto Equal Weight,-0.0793407584536161,1.7735777503630237,-0.7374483869327164
2022-05-19,Crypto Equal Weight,0.047506905607711224,1.8578349411374568,-0.7249753722335767
2022-05-20,Crypto Equal Weight,-0.031759637146683804,1.7988307775285004,-0.7337100546178401
2022-05-21,Crypto Equal Weight,0.01647804411295526,1.8284719904323568,-0.7293221171509964
2022-05-22,Crypto Equal Weight,0.03472782004763588,1.8919708366782344,-0.7199220643445411
2022-05-23,Crypto Equal Weight,-0.03280431624764311,1.8299060270205236,-0.7291098295197698
2022-05-24,Crypto Equal Weight,0.03203904359740626,1.8885344659993908,-0.7204307675376449
2022-05-25,Crypto Equal Weight,-0.009345323136245278,1.8708855011606902,-0.7230434323539576
2022-05-26,Crypto Equal Weight,-0.05070413016976659,1.7760238791771095,-0.7370862742112544
2022-05-27,Crypto Equal Weight,-0.02852164180232375,1.7253687622628464,-0.7445850053231153
2022-05-28,Crypto Equal Weight,0.01804435320543567,1.7565019256187426,-0.7399762069452012
2022-05-29,Crypto Equal Weight,0.02776182819934858,1.805265630309595,-0.7327574710746709
2022-05-30,Crypto Equal Weight,0.08357793585561525,1.9561460053619573,-0.7104218921342573
2022-05-31,Crypto Equal Weight,0.011728387575256228,1.9790884438666316,-0.7070256078518985
2022-06-01,Crypto Equal Weight,-0.0710803050374161,1.8384142335805662,-0.7278503170139372
2022-06-02,Crypto Equal Weight,0.0241083992323192,1.8827354578781046,-0.72128922380556
2022-06-03,Crypto Equal Weight,-0.02621997954174823,1.8333701726900167,-0.728597014655443
2022-06-04,Crypto Equal Weight,0.007294771740642957,1.8467441896158934,-0.7266171918276254
2022-06-05,Crypto Equal Weight,-0.004211390828016736,1.8389668280740519,-0.7277685136785
2022-06-06,Crypto Equal Weight,0.02920144611179571,1.8926673188054364,-0.7198189606007487
2022-06-07,Crypto Equal Weight,-0.011969793902402005,1.8700124810735235,-0.7231726698977186
2022-06-08,Crypto Equal Weight,-0.013612383477299806,1.844557154073814,-0.7269409496720678
2022-06-09,Crypto Equal Weight,-0.006290799584613549,1.8329534146951705,-0.7286587094324457
2022-06-10,Crypto Equal Weight,-0.052389569676345525,1.7369257740625024,-0.7428741628807041
2022-06-11,Crypto Equal Weight,-0.05910299544008756,1.6342682579583157,-0.7580710700594946
2022-06-12,Crypto Equal Weight,-0.05806915079641411,1.5393676880451412,-0.7721196775742248
2022-06-13,Crypto Equal Weight,-0.12649945561716172,1.344638513512782,-0.8009464143069487
2022-06-14,Crypto Equal Weight,0.011680498107776516,1.3603445611255116,-0.7986213692759149
2022-06-15,Crypto Equal Weight,0.06542525357596155,1.4493454489878284,-0.7854461212960117
2022-06-16,Crypto Equal Weight,-0.10718840066102221,1.293992428305492,-0.8084438084099111
2022-06-17,Crypto Equal Weight,0.03646198203338853,1.3411739569777075,-0.801459289993769
2022-06-18,Crypto Equal Weight,-0.04251541303837564,1.2841533922404877,-0.8099003302846163
2022-06-19,Crypto Equal Weight,0.07927452664115972,1.3859540445449918,-0.7948302689532885
2022-06-20,Crypto Equal Weight,0.0015757411640274664,1.3881379493844317,-0.7945069745624657
2022-06-21,Crypto Equal Weight,0.005971368768382867,1.3964270329815929,-0.7932798999282475
2022-06-22,Crypto Equal Weight,-0.03599036081922781,1.3461691202068615,-0.8007198309184167
2022-06-23,Crypto Equal Weight,0.047340504070337984,1.409897444921378,-0.7912858072628723
2022-06-24,Crypto Equal Weight,0.03819140914105866,1.4637434150873034,-0.783314718134503
2022-06-25,Crypto Equal Weight,0.007753439427377806,1.4750924609934057,-0.7816346619267546
2022-06-26,Crypto Equal Weight,-0.021408985862141752,1.443512227350646,-0.7863096423623466
2022-06-27,Crypto Equal Weight,-0.006753675892738909,1.433763213619914,-0.7877528377792347
2022-06-28,Crypto Equal Weight,-0.043163800565628886,1.371876544208889,-0.7969142319599525
2022-06-29,Crypto Equal Weight,-0.014634249838758707,1.3518001601130032,-0.7998862398281468
2022-06-30,Crypto Equal Weight,-0.00736490300233722,1.3418442830552268,-0.8013600582612455
2022-07-01,Crypto Equal Weight,-0.022743101604300778,1.3113265821885516,-0.8058777466388823
2022-07-02,Crypto Equal Weight,0.010206534368909838,1.3247106820185242,-0.8038964311881819
2022-07-03,Crypto Equal Weight,0.006203747849250052,1.332928853062975,-0.8026798540949354
2022-07-04,Crypto Equal Weight,0.03434928007958627,1.378713999562997,-0.7959020491378974
2022-07-05,Crypto Equal Weight,-0.019035901264224744,1.3524689359957114,-0.7997872375787389
2022-07-06,Crypto Equal Weight,0.01714929107079264,1.3756628194433071,-0.7963537306398893
2022-07-07,Crypto Equal Weight,0.03818408898870451,1.4281912509593826,-0.7885776833684252
2022-07-08,Crypto Equal Weight,-0.009716256354324614,1.4143145786420577,-0.7906319167958427
2022-07-09,Crypto Equal Weight,0.014113331687002918,1.434275269400197,-0.7876770355929104
2022-07-10,Crypto Equal Weight,-0.039914641433941585,1.3770266863045182,-0.796151830585411
2022-07-11,Crypto Equal Weight,-0.055941769132582544,1.2999933773298658,-0.8075554578169014
2022-07-12,Crypto Equal Weight,-0.023506154582261487,1.2694355320464337,-0.8120790889739699
2022-07-13,Crypto Equal Weight,0.04427791375235155,1.325643489048556,-0.803758343083296
2022-07-14,Crypto Equal Weight,0.023188826061356818,1.3563836053354732,-0.7992077294350621
2022-07-15,Crypto Equal Weight,0.013295712298953433,1.374417691519031,-0.796538053173777
2022-07-16,Crypto Equal Weight,0.05154078995565464,1.4452562650689489,-0.7860514637084381
2022-07-17,Crypto Equal Weight,-0.0009481346380628363,1.4438859675431597,-0.786254315726459
2022-07-18,Crypto Equal Weight,0.10792768941483928,1.5997212437986026,-0.763185237900422
2022-07-19,Crypto Equal Weight,0.018286943077011588,1.6289752551230339,-0.7588546198261109
2022-07-20,Crypto Equal Weight,-0.03622962949559685,1.569958085172431,-0.7675912276043858
2022-07-21,Crypto Equal Weight,0.024561258029602205,1.6085182307980113,-0.7618829757772341
2022-07-22,Crypto Equal Weight,-0.007789360004250422,1.5959889032249255,-0.763737755002046
2022-07-23,Crypto Equal Weight,0.007536720936223896,1.6080174262058418,-0.7619571123937307
2022-07-24,Crypto Equal Weight,0.01969238716296306,1.6396831279274786,-0.7572694796895982
2022-07-25,Crypto Equal Weight,-0.07276478282443084,1.5203719412229522,-0.7749317132848458
2022-07-26,Crypto Equal Weight,0.004279722862660339,1.5268787117795513,-0.7739684833925311
2022-07-27,Crypto Equal Weight,0.10911298957386757,1.6934810127385138,-0.7493055088775749
2022-07-28,Crypto Equal Weight,0.07791692582964407,1.8254318472019713,-0.7297721648068884
2022-07-29,Crypto Equal Weight,-0.005829183344439626,1.814791070281852,-0.7313473724030002
2022-07-30,Crypto Equal Weight,-0.004675670221653649,1.8063057057160121,-0.7326035034938245
2022-07-31,Crypto Equal Weight,-0.016465189612308164,1.7765645397736038,-0.7370062375104656
2022-08-01,Crypto Equal Weight,-0.012699082640371008,1.7540037998670661,-0.7403460170342222
2022-08-02,Crypto Equal Weight,-0.018731547141342078,1.721148595003763,-0.745209737856583
2022-08-03,Crypto Equal Weight,-0.005898263614123967,1.710996806871352,-0.7467125579890166
2022-08-04,Crypto Equal Weight,0.0014520885855312197,1.71348132580449,-0.7463447621856141
2022-08-05,Crypto Equal Weight,0.04574473649123466,1.791864077536068,-0.7347413701721734
2022-08-06,Crypto Equal Weight,-0.009351144158146453,1.775108098235224,-0.7372218418588858
2022-08-07,Crypto Equal Weight,0.006392427307688353,1.7864553477164815,-0.7355420515849206
2022-08-08,Crypto Equal Weight,0.022944762116980797,1.8274451407024443,-0.7294741268685918
2022-08-09,Crypto Equal Weight,-0.04364255068394754,1.7476907735272043,-0.7412805659980485
2022-08-10,Crypto Equal Weight,0.050017755892849645,1.8351063440136735,-0.7283400005034026
2022-08-11,Crypto Equal Weight,0.013045285139439911,1.8590458295325267,-0.7247961183489895
2022-08-12,Crypto Equal Weight,0.014118240519318504,1.885292285690303,-0.7209107237559904
2022-08-13,Crypto Equal Weight,0.007878268833164915,1.900145125146063,-0.7187119834092868
2022-08-14,Crypto Equal Weight,-0.012942023802462376,1.87555340170829,-0.7223524196153511
2022-08-15,Crypto Equal Weight,-0.016734843725832,1.8441663086312492,-0.7269988084839436
2022-08-16,Crypto Equal Weight,0.002091266162104811,1.8480229512297837,-0.7264278903299117
2022-08-17,Crypto Equal Weight,-0.006078541612463405,1.8367896668199462,-0.7280908097825507
2022-08-18,Crypto Equal Weight,-0.017337879464370286,1.8049436289752212,-0.7328051385477954
2022-08-19,Crypto Equal Weight,-0.10808945972908332,1.6098482472778384,-0.7616860867645515
2022-08-20,Crypto Equal Weight,0.01436897110145091,1.6329801102206951,-0.7582617610321977
2022-08-21,Crypto Equal Weight,0.031694698941254096,1.684736923191196,-0.7505999403255242
2022-08-22,Crypto Equal Weight,0.021473569506181945,1.720914238610973,-0.7452444308092585
2022-08-23,Crypto Equal Weight,0.014107231905767193,1.7451915748649947,-0.741650534915399
2022-08-24,Crypto Equal Weight,-0.007648736420349412,1.7318430645058378,-0.7436265818781693
2022-08-25,Crypto Equal Weight,0.01094257699168686,1.750793890576712,-0.7408211960117492
2022-08-26,Crypto Equal Weight,-0.07803359417007812,1.6141731506439967,-0.7610458496196546
2022-08-27,Crypto Equal Weight,0.00217928456937987,1.6176908932835024,-0.7605251005269416
2022-08-28,Crypto Equal Weight,-0.033573061151733086,1.5633800579986936,-0.7685650059712557
2022-08-29,Crypto Equal Weight,0.04925487420357118,1.640384146087791,-0.7571657044540656
2022-08-30,Crypto Equal Weight,-0.0268941958202499,1.5962673336424726,-0.7636965375503504
2022-08-31,Crypto Equal Weight,0.0032082975179153817,1.601388634166927,-0.7629384057382984
2022-09-01,Crypto Equal Weight,0.02437063798841811,1.6404154968489766,-0.7571610634435891
2022-09-02,Crypto Equal Weight,0.004941360554689911,1.6485213812784083,-0.7559611087013465
2022-09-03,Crypto Equal Weight,0.002144406622791495,1.6520564814462353,-0.7554377900866269
2022-09-04,Crypto Equal Weight,0.00946666488626442,1.667695946529268,-0.7531226016015327
2022-09-05,Crypto Equal Weight,0.031521784509391984,1.7202646987829502,-0.745340585448977
2022-09-06,Crypto Equal Weight,-0.0711698190596358,1.5978337714358888,-0.763464649904406
2022-09-07,Crypto Equal Weight,0.05776727663863668,1.6901362769329817,-0.7498006469006171
2022-09-08,Crypto Equal Weight,0.005849298003899806,1.7000223876839644,-0.7483371563239558
2022-09-09,Crypto Equal Weight,0.058616277059268106,1.7996713709674064,-0.7335856173535176
2022-09-10,Crypto Equal Weight,0.01834220726446272,1.8326813162616105,-0.7286989895287819
2022-09-11,Crypto Equal Weight,-0.011384277713285618,1.8118175631973383,-0.7317875555758813
2022-09-12,Crypto Equal Weight,-0.007453641423881051,1.7983129247557754,-0.7337867149620412
2022-09-13,Crypto Equal Weight,-0.07111080127953137,1.6704334517250545,-0.7527173549723467
2022-09-14,Crypto Equal Weight,0.02134357991808681,1.7060864815997938,-0.7474394580758432
2022-09-15,Crypto Equal Weight,-0.04826521767813677,1.6237418461876534,-0.7596293476087208
2022-09-16,Crypto Equal Weight,0.0130507130129396,1.644932835029349,-0.7564923392076291
2022-09-17,Crypto Equal Weight,0.031041752444428396,1.695994432882042,-0.7489334346829906
2022-09-18,Crypto Equal Weight,-0.07844006705083154,1.5629605158489377,-0.7686271129006788
2022-09-19,Crypto Equal Weight,0.022050621841714125,1.5974247671374529,-0.7635251968628259
2022-09-20,Crypto Equal Weight,0.00012092982397091719,1.5976179434333495,-0.7634966000065091
2022-09-21,Crypto Equal Weight,-0.039127276267486556,1.5351075047907392,-0.7727503338762542
2022-09-22,Crypto Equal Weight,0.06731721632356923,1.6384466687706718,-0.7574525189423431
2022-09-23,Crypto Equal Weight,0.011085161822327872,1.6566091152312485,-0.7547638408652211
2022-09-24,Crypto Equal Weight,-0.021096523709983692,1.6216604217535973,-0.7599374713109532
2022-09-25,Crypto Equal Weight,-0.013323073667573293,1.6000549204907861,-0.7631358420655014
2022-09-26,Crypto Equal Weight,0.002677652663144337,1.6043393118098153,-0.7625016021222046
2022-09-27,Crypto Equal Weight,-0.01530393045398919,1.579786614557277,-0.7661362610862603
2022-09-28,Crypto Equal Weight,-0.0012962799289126913,1.5777387688768614,-0.7664394139571147
2022-09-29,Crypto Equal Weight,0.026085138651090946,1.618894303418216,-0.760346953686756
2022-09-30,Crypto Equal Weight,-0.004491731472247418,1.6116226649253103,-0.7614234108173011
2022-10-01,Crypto Equal Weight,0.0008534505682332936,1.6129981052044686,-0.7612197974916959
2022-10-02,Crypto Equal Weight,-0.025340823712240203,1.5721234045723047,-0.7672706845094319
2022-10-03,Crypto Equal Weight,0.02177381961999727,1.606354536003838,-0.7622032783736548
2022-10-04,Crypto Equal Weight,0.024596952998144017,1.6458659630242798,-0.7563542035886989
2022-10-05,Crypto Equal Weight,-0.004256612742547319,1.6388601489935457,-0.7573913093903714
2022-10-06,Crypto Equal Weight,-0.006072386991168044,1.6289083559444535,-0.7588645232471736
2022-10-07,Crypto Equal Weight,-0.004199723701290223,1.622067390914764,-0.7598772256241143
2022-10-08,Crypto Equal Weight,-0.0031627007461755177,1.6169372771671708,-0.7606366621018067
2022-10-09,Crypto Equal Weight,0.010305532644744566,1.6336006770615215,-0.7581698954091418
2022-10-10,Crypto Equal Weight,-0.04378364997925048,1.5620756768111932,-0.7687581000629935
2022-10-11,Crypto Equal Weight,-0.018113253905372405,1.5337814034577055,-0.7729466433101132
2022-10-12,Crypto Equal Weight,0.0017588610791762663,1.5364791118722116,-0.772547287998135
2022-10-13,Crypto Equal Weight,-0.016872170705753243,1.5105553740108797,-0.776384908982517
2022-10-14,Crypto Equal Weight,0.002402632020752704,1.5141846827215981,-0.7758476442045149
2022-10-15,Crypto Equal Weight,-0.007131151020167647,1.503386803076686,-0.7774461085052189
2022-10-16,Crypto Equal Weight,0.011621146466186614,1.5208578813105722,-0.7748597771355382
2022-10-17,Crypto Equal Weight,0.011846976355508422,1.5388754486705472,-0.772192546238589
2022-10-18,Crypto Equal Weight,-0.015818455509828577,1.5145328158505846,-0.7757961083107212
2022-10-19,Crypto Equal Weight,-0.02432465924149701,1.4776923211949542,-0.7812497915766804
2022-10-20,Crypto Equal Weight,-0.002619610516268811,1.4738213428505422,-0.7818228319231022
2022-10-21,Crypto Equal Weight,0.013255302797449077,1.4933572910193693,-0.7789308274967529
2022-10-22,Crypto Equal Weight,0.010854355840459342,1.5095667224530378,-0.7765312640330468
2022-10-23,Crypto Equal Weight,0.019051152137463643,1.538325707744143,-0.7722739271461737
2022-10-24,Crypto Equal Weight,-0.0200393127323265,1.5074987178024806,-0.7768374011373961
2022-10-25,Crypto Equal Weight,0.0531888443019373,1.5876808323890468,-0.7649676404124773
2022-10-26,Crypto Equal Weight,0.023395554187381106,1.6248255053354712,-0.7594689281079594
2022-10-27,Crypto Equal Weight,-0.021055507328959756,1.5906139799995995,-0.7645334318550248
2022-10-28,Crypto Equal Weight,0.020022714690651536,1.6224623899040933,-0.7598187519418711
2022-10-29,Crypto Equal Weight,0.016452207047095668,1.649155477068921,-0.755867240319989
2022-10-30,Crypto Equal Weight,-0.023401822179841575,1.6105622338476424,-0.7615803917502946
2022-10-31,Crypto Equal Weight,0.001297689207573361,1.6126522430766317,-0.761270997197795
2022-11-01,Crypto Equal Weight,-0.004912792959008127,1.6047296164915161,-0.7624438233618728
2022-11-02,Crypto Equal Weight,-0.014486227815160457,1.581483137685285,-0.7658851162555511
2022-11-03,Crypto Equal Weight,0.015883857574179074,1.6066031906002438,-0.7621664687861589
2022-11-04,Crypto Equal Weight,0.0685059505372958,1.7166650693085657,-0.745873456660713
2022-11-05,Crypto Equal Weight,-0.00020999726714571263,1.7163045743354062,-0.7459268225403235
2022-11-06,Crypto Equal Weight,-0.03910438366190772,1.6491895417799072,-0.7558621975499067
2022-11-07,Crypto Equal Weight,0.00012663336940262884,1.6493983842083662,-0.7558312815573839
2022-11-08,Crypto Equal Weight,-0.11677966879638127,1.4567821871872269,-0.7843452236275494
2022-11-09,Crypto Equal Weight,-0.14533737478270545,1.2450572884712274,-0.8156879226848728
2022-11-10,Crypto Equal Weight,0.15718182435819014,1.4407576645035964,-0.7867174141212334
2022-11-11,Crypto Equal Weight,-0.017450224027057114,1.4156161204893092,-0.7904392430258879
2022-11-12,Crypto Equal Weight,-0.031724200843263994,1.3707068303659442,-0.797087390569001
2022-11-13,Crypto Equal Weight,-0.03424062873727751,1.3237729666797335,-0.80403524589464
2022-11-14,Crypto Equal Weight,0.023508344251123928,1.3548926772907723,-0.7994284389940444
2022-11-15,Crypto Equal Weight,0.01477058664012685,1.374905236968769,-0.7964658793746604
2022-11-16,Crypto Equal Weight,-0.018455154464827008,1.3495311484460109,-0.8002221330096638
2022-11-17,Crypto Equal Weight,0.005198850055400296,1.3565471585318738,-0.7991835178347934
2022-11-18,Crypto Equal Weight,0.0022627748098978167,1.359616719270638,-0.7987291153575377
2022-11-19,Crypto Equal Weight,0.007957564572855104,1.3704359571085676,-0.7971274892963596
2022-11-20,Crypto Equal Weight,-0.04097185663900473,1.3142866515409781,-0.8054395527209041
2022-11-21,Crypto Equal Weight,-0.013766519939743083,1.296193498146001,-0.8081179729978571
2022-11-22,Crypto Equal Weight,0.03818765204158874,1.3456920844317701,-0.8007904489176645
2022-11-23,Crypto Equal Weight,0.046008196482222,1.407604950256878,-0.7916251767503333
2022-11-24,Crypto Equal Weight,0.01047953732323903,1.4223559988694707,-0.789441505012865
2022-11-25,Crypto Equal Weight,-0.006553732974283943,1.4130342574585093,-0.7908214491644778
2022-11-26,Crypto Equal Weight,-0.003913906244352328,1.4075037738547587,-0.7916401544007775
2022-11-27,Crypto Equal Weight,-0.0016151355296764704,1.4052304645014522,-0.7919766837903628
2022-11-28,Crypto Equal Weight,-0.017932822384435165,1.3800307161723504,-0.7957071289717713
2022-11-29,Crypto Equal Weight,0.016379010998877484,1.4026342544513262,-0.7923610137902077
2022-11-30,Crypto Equal Weight,0.034122282916634196,1.4504953373102765,-0.7852758975582341
2022-12-01,Crypto Equal Weight,-0.02010211654273666,1.4213373109949692,-0.789592306490053
2022-12-02,Crypto Equal Weight,0.00869650707204106,1.4336979809717927,-0.7877624944954319
2022-12-03,Crypto Equal Weight,-0.019275456071140586,1.406062798520288,-0.7918534692094337
2022-12-04,Crypto Equal Weight,0.011134860482354783,1.4217191116112406,-0.7895357866291945
2022-12-05,Crypto Equal Weight,-0.0018791591478292907,1.4190474751370126,-0.789931282381041
2022-12-06,Crypto Equal Weight,0.006433327246687715,1.4281766719231548,-0.7885798415763062
2022-12-07,Crypto Equal Weight,-0.019397341236739144,1.4004738416715108,-0.7926808305335761
2022-12-08,Crypto Equal Weight,0.02164816239338476,1.4307915268237033,-0.7881927514857052
2022-12-09,Crypto Equal Weight,-0.005385923408072269,1.423085393247312,-0.7893335291034778
2022-12-10,Crypto Equal Weight,-0.00041431654895387473,1.4224957854183151,-0.78942081170868
2022-12-11,Crypto Equal Weight,-0.012363960479477366,1.4049081037451798,-0.7920244044705143
2022-12-12,Crypto Equal Weight,-0.0025423718663757033,1.4013363049073748,-0.7925531557734812
2022-12-13,Crypto Equal Weight,0.022912054945997577,1.4334437993232338,-0.7878001222801894
2022-12-14,Crypto Equal Weight,-0.010998918446365035,1.4176774678770299,-0.7901340914295581
2022-12-15,Crypto Equal Weight,-0.0234077154992274,1.3844928770392992,-0.795046572910362
2022-12-16,Crypto Equal Weight,-0.08042107349128047,1.2731504736267674,-0.8115291475326275
2022-12-17,Crypto Equal Weight,0.014197022017520213,1.291225418932463,-0.8088534226904874
2022-12-18,Crypto Equal Weight,-0.006549228491721326,1.2827688886295556,-0.8101052853006979
2022-12-19,Crypto Equal Weight,-0.030900155037951897,1.243131131093041,-0.815973061425794
2022-12-20,Crypto Equal Weight,0.03630442386762824,1.2882622905992869,-0.8092920694447341
2022-12-21,Crypto Equal Weight,-0.003591498772828527,1.2836354981635183,-0.8099769967432919
2022-12-22,Crypto Equal Weight,0.00618316497357957,1.2915724282146062,-0.8088020531653807
2022-12-23,Crypto Equal Weight,-0.0010842824716702953,1.2901719988698004,-0.8090093657477528
2022-12-24,Crypto Equal Weight,-0.0009345266149806466,1.2889662987989539,-0.8091878515786736
2022-12-25,Crypto Equal Weight,0.00034347157301206676,1.289409022081162,-0.8091223130299054
2022-12-26,Crypto Equal Weight,0.01605461149027626,1.310109982982732,-0.806057845923438
2022-12-27,Crypto Equal Weight,-0.011762568229070092,1.2946997249203118,-0.8083391037432565
2022-12-28,Crypto Equal Weight,-0.027080495320851314,1.2596386150777,-0.8135293757475273
2022-12-29,Crypto Equal Weight,-0.0006051108231715065,1.2588763941184316,-0.8136422111404661
2022-12-30,Crypto Equal Weight,0.00041194725546174206,1.2593949847939543,-0.8135654415608115
2022-12-31,Crypto Equal Weight,0.0012423581931927934,1.260959604471779,-0.8133338230596402
2023-01-01,Crypto Equal Weight,0.007755602914296445,1.2707391064550304,-0.811886114313761
2023-01-02,Crypto Equal Weight,0.01900434961362503,1.2948886767018073,-0.8083111322630022
2023-01-03,Crypto Equal Weight,-0.0027050635667062563,1.2913859205195206,-0.8088296628352608
2023-01-04,Crypto Equal Weight,0.037039870961805214,1.3392186883774557,-0.8017487382149541
2023-01-05,Crypto Equal Weight,-0.014915270707060857,1.319243879104351,-0.8047057094524943
2023-01-06,Crypto Equal Weight,0.02399224989900126,1.3508955079295504,-0.8000201600298305
2023-01-07,Crypto Equal Weight,-0.0033150493784421474,1.3464172226156481,-0.8006831030740246
2023-01-08,Crypto Equal Weight,0.02215294241808401,1.3762443258189692,-0.7962676473334722
2023-01-09,Crypto Equal Weight,0.027339779788495805,1.4138705426220266,-0.7906976496757772
2023-01-10,Crypto Equal Weight,0.006023627086972294,1.4223871715200367,-0.7894368903689972
2023-01-11,Crypto Equal Weight,0.029362723562493698,1.464152332836217,-0.783254183988443
2023-01-12,Crypto Equal Weight,0.025749110740923696,1.5018529533959986,-0.7776731719693296
2023-01-13,Crypto Equal Weight,0.03391595944645198,1.5527897372579114,-0.7701327442859831
2023-01-14,Crypto Equal Weight,0.034338832142037486,1.6061107233974892,-0.7622393711770687
2023-01-15,Crypto Equal Weight,-0.0026764894860901167,1.6018119849328192,-0.7628757350003195
2023-01-16,Crypto Equal Weight,-0.004590647914346924,1.5944586300850114,-0.7639642890128813
2023-01-17,Crypto Equal Weight,-0.004905501990651051,1.5866370101011187,-0.7651221626629933
2023-01-18,Crypto Equal Weight,-0.042835744481502354,1.5186722325515323,-0.7751833296875292
2023-01-19,Crypto Equal Weight,0.02374091325805703,1.554726898291958,-0.7698459766186756
2023-01-20,Crypto Equal Weight,0.06451981663484793,1.655037592687021,-0.7549964812323401
2023-01-21,Crypto Equal Weight,-0.009632871913905806,1.639094827543968,-0.7573565687470851
2023-01-22,Crypto Equal Weight,0.00994362955139263,1.655393379308669,-0.7549438123536274
2023-01-23,Crypto Equal Weight,0.020945304673450772,1.6900660979927022,-0.7498110358412597
2023-01-24,Crypto Equal Weight,-0.041702126622754424,1.619586747573386,-0.7602444477042234
2023-01-25,Crypto Equal Weight,0.03070596164236805,1.6693177161208623,-0.7528825229118844
2023-01-26,Crypto Equal Weight,-0.0017370736202734992,1.6664179883523336,-0.7533117841624427
2023-01-27,Crypto Equal Weight,0.010663978155810239,1.684188633378572,-0.7506811064174552
2023-01-28,Crypto Equal Weight,-0.008871756409081723,1.669246922076293,-0.7528930029095013
2023-01-29,Crypto Equal Weight,0.03185076197963703,1.722413708476587,-0.745022456761669
2023-01-30,Crypto Equal Weight,-0.04704284596112843,1.6413864657073869,-0.7570173260517767
2023-01-31,Crypto Equal Weight,0.01970616656237656,1.6737319007938471,-0.7522290690071815
2023-02-01,Crypto Equal Weight,0.025797610005811867,1.716910183624813,-0.7458371711586518
2023-02-02,Crypto Equal Weight,-0.004085517910096637,1.7098957163195867,-0.7468755579479639
2023-02-03,Crypto Equal Weight,0.013795338410564273,1.7334843063729894,-0.7433836206098708
2023-02-04,Crypto Equal Weight,0.0008217074966740399,1.734908723422903,-0.7431727570071566
2023-02-05,Crypto Equal Weight,-0.021485676165057387,1.6976330364155054,-0.7486908639804652
2023-02-06,Crypto Equal Weight,-0.017506770629490034,1.6679129642339345,-0.7530904753818546
2023-02-07,Crypto Equal Weight,0.038691178326306426,1.732446482165868,-0.7435372549343904
2023-02-08,Crypto Equal Weight,-0.015035624875278054,1.7063980667435268,-0.747393332563681
2023-02-09,Crypto Equal Weight,-0.05771134865422327,1.6079195329707987,-0.7619716040204798
2023-02-10,Crypto Equal Weight,-0.0009264932442613171,1.6064298063861855,-0.7621921357212972
2023-02-11,Crypto Equal Weight,0.011119083825479525,1.6242918340631423,-0.759547930144024
2023-02-12,Crypto Equal Weight,-0.014240155531741516,1.6011616657171455,-0.7629720050167024
2023-02-13,Crypto Equal Weight,-0.0031842224978953057,1.5960632107184014,-0.7637267548909592
2023-02-14,Crypto Equal Weight,0.029872183904632737,1.6437411044724002,-0.7566687570613175
2023-02-15,Crypto Equal Weight,0.06536374685986238,1.751182181928285,-0.7407637152947777
2023-02-16,Crypto Equal Weight,-0.0437863949888458,1.674504227212944,-0.7521147376523215
2023-02-17,Crypto Equal Weight,0.04882788616562266,1.7562667290031515,-0.7400110242802735
2023-02-18,Crypto Equal Weight,0.007887810379065562,1.7701198279365902,-0.737960280539149
2023-02-19,Crypto Equal Weight,-0.010708115017883579,1.7511651812236089,-0.7407662319943896
2023-02-20,Crypto Equal Weight,0.025052763815127686,1.7950367089100792,-0.7342717096316396
2023-02-21,Crypto Equal Weight,-0.01918195592707385,1.7606043938722864,-0.739368897986062
2023-02-22,Crypto Equal Weight,-0.0074326139069554225,1.7475185011697445,-0.7413060683394759
2023-02-23,Crypto Equal Weight,-0.011735816425103697,1.727009944840544,-0.7443420528317322
2023-02-24,Crypto Equal Weight,-0.03497155614609792,1.6666137195896835,-0.7532828090853234
2023-02-25,Crypto Equal Weight,-0.00247534121806664,1.6624882819549878,-0.7538935183172001
2023-02-26,Crypto Equal Weight,0.01773477469464306,1.6919721370679437,-0.7495288753136644
2023-02-27,Crypto Equal Weight,-0.004616748672202597,1.6841607269507315,-0.7506852375459852
2023-02-28,Crypto Equal Weight,-0.012715198199124325,1.6627462895083716,-0.7538553241645555
2023-03-01,Crypto Equal Weight,0.026136329455374235,1.7062043743316635,-0.747422005823234
2023-03-02,Crypto Equal Weight,-0.010070787872863439,1.6890215520100176,-0.7499656652239416
2023-03-03,Crypto Equal Weight,-0.022607444872867956,1.6508370903838654,-0.7556183026637155
2023-03-04,Crypto Equal Weight,-0.018808995630489187,1.6197865027641858,-0.7602148769410852
2023-03-05,Crypto Equal Weight,-0.001995698481330155,1.6165538973005402,-0.7606934157470194
2023-03-06,Crypto Equal Weight,-0.00392180502006011,1.6102140881109093,-0.7616319295104762
2023-03-07,Crypto Equal Weight,-0.008894546655637114,1.5958919637786426,-0.7637521054346594
2023-03-08,Crypto Equal Weight,-0.02721030306671051,1.552467259782498,-0.7701804822446546
2023-03-09,Crypto Equal Weight,-0.06062363391736244,1.458351052956753,-0.7841129765561194
2023-03-10,Crypto Equal Weight,-0.004351473976778365,1.4520050763008043,-0.7850524033205597
2023-03-11,Crypto Equal Weight,0.0018321938898936076,1.4546654311296972,-0.7846585776472763
2023-03-12,Crypto Equal Weight,0.0674362877377666,1.5527626677055417,-0.770136751527638
2023-03-13,Crypto Equal Weight,0.043876827588640886,1.620892967562536,-0.7600510814054513
2023-03-14,Crypto Equal Weight,0.020163527323838592,1.653575887203001,-0.7552128648290446
2023-03-15,Crypto Equal Weight,-0.05192990719788017,1.567705844835897,-0.7679246380417073
2023-03-16,Crypto Equal Weight,0.018210966972107202,1.5962552841981827,-0.763698321290045
2023-03-17,Crypto Equal Weight,0.06565744021574993,1.7010613200895,-0.7481833579472648
2023-03-18,Crypto Equal Weight,-0.022695728368747784,1.6624544944301651,-0.7538985200540238
2023-03-19,Crypto Equal Weight,0.028497063352154364,1.7098295654780153,-0.7468853505889443
2023-03-20,Crypto Equal Weight,-0.03439950547262127,1.6510122739831048,-0.7555923693565606
2023-03-21,Crypto Equal Weight,0.07619108897481006,1.776804697048655,-0.7369706858240839
2023-03-22,Crypto Equal Weight,-0.049332456400027216,1.6891505568001386,-0.7499465679975963
2023-03-23,Crypto Equal Weight,0.04653891872498438,1.767761797277322,-0.738309351648733
2023-03-24,Crypto Equal Weight,-0.027248347242557584,1.719593209982982,-0.7454399893051384
2023-03-25,Crypto Equal Weight,-0.0020463756958890474,1.716074276231257,-0.7459609147241696
2023-03-26,Crypto Equal Weight,0.013712003864556753,1.7396050933388068,-0.7424775298051189
2023-03-27,Crypto Equal Weight,-0.019250616939979114,1.7061166220601047,-0.7474349962322777
2023-03-28,Crypto Equal Weight,0.02988053761945489,1.7570963039687488,-0.7398882181358386
2023-03-29,Crypto Equal Weight,0.02862273797752435,1.8073892110785228,-0.7324431067586737
2023-03-30,Crypto Equal Weight,-0.00176075907499288,1.8042068341230721,-0.7329142099865253
2023-03-31,Crypto Equal Weight,0.02249685501481828,1.8447958136870832,-0.726905619692074
2023-04-01,Crypto Equal Weight,-0.004093416876705502,1.837244295369261,-0.7280235088373599
2023-04-02,Crypto Equal Weight,-0.007162079471210981,1.8240858057177973,-0.7299714260813677
2023-04-03,Crypto Equal Weight,-0.0018588488543411661,1.8206951059076188,-0.7304733683866358
2023-04-04,Crypto Equal Weight,0.008769344303898264,1.8366614081637453,-0.7281097965549482
2023-04-05,Crypto Equal Weight,0.004589962586101925,1.845091615310554,-0.7268618306936079
2023-04-06,Crypto Equal Weight,-0.008989619099706548,1.82850494448485,-0.7293172387972634
2023-04-07,Crypto Equal Weight,-0.0007157523707202245,1.8271961877359615,-0.7295109806253073
2023-04-08,Crypto Equal Weight,-0.007581287504680157,1.8133436881092797,-0.7315616356480459
2023-04-09,Crypto Equal Weight,0.008575166111636202,1.8288934114523039,-0.7292597320829919
2023-04-10,Crypto Equal Weight,0.023579695263970035,1.8720181607646316,-0.7228757590698234
2023-04-11,Crypto Equal Weight,0.0038228605318978985,1.879174625106415,-0.7218163517467391
2023-04-12,Crypto Equal Weight,-0.0047451783135010975,1.8702576064280785,-0.7231363827616011
2023-04-13,Crypto Equal Weight,0.023349721921274248,1.9139276014593218,-0.7166716942889664
2023-04-14,Crypto Equal Weight,0.015352888933841126,1.94331191935194,-0.7123217862795715
2023-04-15,Crypto Equal Weight,-0.0004410469546381692,1.9424548275479976,-0.7124486658796487
2023-04-16,Crypto Equal Weight,0.007813593645352734,1.9576323802449114,-0.7102018566026532
2023-04-17,Crypto Equal Weight,-0.023954347127940978,1.9107385746596275,-0.7171437819266261
2023-04-18,Crypto Equal Weight,0.02048926563833755,1.949888204881247,-0.7113482657370652
2023-04-19,Crypto Equal Weight,-0.07030638123951992,1.8127986213744227,-0.7316423246116037
2023-04-20,Crypto Equal Weight,-0.016593825169400268,1.7827173579840059,-0.7360954049598654
2023-04-21,Crypto Equal Weight,-0.036250648570689395,1.7180926975388597,-0.7456621176908554
2023-04-22,Crypto Equal Weight,0.027746816801226506,1.7657643008649955,-0.7386050510648117
2023-04-23,Crypto Equal Weight,-0.011357535930528784,1.7457095693730762,-0.7415738535894019
2023-04-24,Crypto Equal Weight,-0.006202409007347477,1.734881964615784,-0.743176718247633
2023-04-25,Crypto Equal Weight,0.016867220618823685,1.7641446014605766,-0.7388448232942655
2023-04-26,Crypto Equal Weight,-0.012759860883439278,1.7416343617676693,-0.7421771270180207
2023-04-27,Crypto Equal Weight,0.014932648311098052,1.7676415751784698,-0.7383271487292239
2023-04-28,Crypto Equal Weight,0.003736322462608444,1.7742460541016496,-0.7373494545771662
2023-04-29,Crypto Equal Weight,0.005886241885930077,1.7846896955412488,-0.7358034299353359
2023-04-30,Crypto Equal Weight,-0.013803832708956977,1.760054137546598,-0.7394503551907887
2023-05-01,Crypto Equal Weight,-0.017095930932513506,1.7299643735736168,-0.7439046939229379
2023-05-02,Crypto Equal Weight,0.01303856664680343,1.7525206293550517,-0.7405655782067186
2023-05-03,Crypto Equal Weight,0.007033688642077719,1.7648473138007532,-0.7387407972607872
2023-05-04,Crypto Equal Weight,-0.010527365221955643,1.7462681215673854,-0.7414911683056199
2023-05-05,Crypto Equal Weight,0.020691646115858102,1.7824012835622622,-0.7361421950423759
2023-05-06,Crypto Equal Weight,-0.029721123498456306,1.729426314889701,-0.7439843454495529
2023-05-07,Crypto Equal Weight,-0.011481109989431838,1.7095705811498347,-0.746923689338463
2023-05-08,Crypto Equal Weight,-0.03585792627868483,1.6482689252827556,-0.755998481029046
2023-05-09,Crypto Equal Weight,0.016064871833109975,1.674748154313921,-0.7520786278996934
2023-05-10,Crypto Equal Weight,-0.0016382682780426987,1.672004467538998,-0.7524847896190542
2023-05-11,Crypto Equal Weight,-0.02088555232312441,1.6370837307477146,-0.7576542814962346
2023-05-12,Crypto Equal Weight,0.006633145413243956,1.6479427451874202,-0.756046767105122
2023-05-13,Crypto Equal Weight,-0.006690148368844429,1.6369177637187557,-0.7576788504282479
2023-05-14,Crypto Equal Weight,0.009488724033330365,1.6524500246439393,-0.7553795319125223
2023-05-15,Crypto Equal Weight,0.008324650956111014,1.6662060943215171,-0.7533431518989735
2023-05-16,Crypto Equal Weight,0.008422101567971952,1.6802390512810668,-0.7512657828718308
2023-05-17,Crypto Equal Weight,0.014914573072979954,1.705299099391473,-0.7475560182147223
2023-05-18,Crypto Equal Weight,-0.011625633084243761,1.6854739177630562,-0.7504908393212835
2023-05-19,Crypto Equal Weight,0.003288349523594647,1.6910163451175637,-0.7496703659916331
2023-05-20,Crypto Equal Weight,0.0049119396708774635,1.6993225153872489,-0.7484407619315511
2023-05-21,Crypto Equal Weight,-0.010665021585102118,1.6811992040805939,-0.7511236466354829
2023-05-22,Crypto Equal Weight,0.00852947908232017,1.6955389575250128,-0.7490008609853761
2023-05-23,Crypto Equal Weight,0.008546689643816751,1.7100302027739795,-0.7468556492433529
2023-05-24,Crypto Equal Weight,-0.029311627575694967,1.6599064343270786,-0.7542757221756229
2023-05-25,Crypto Equal Weight,0.0006137923240644661,1.660925272155134,-0.7541248985000579
2023-05-26,Crypto Equal Weight,0.013862260516455062,1.6839494509761126,-0.7507165137885559
2023-05-27,Crypto Equal Weight,0.008685536718812826,1.6985754557651902,-0.7485513529156728
2023-05-28,Crypto Equal Weight,0.027256993493929824,1.7448735159119306,-0.7416976187780377
2023-05-29,Crypto Equal Weight,-0.006321640644553051,1.7338430525741375,-0.7433305136097554
2023-05-30,Crypto Equal Weight,0.009550061586042526,1.7504013605067523,-0.7408793042074707
2023-05-31,Crypto Equal Weight,-0.010968334133005764,1.7312023735178463,-0.7437214265797001
2023-06-01,Crypto Equal Weight,-0.0070050480359822205,1.7190752177313473,-0.7455166702971023
2023-06-02,Crypto Equal Weight,0.030470134154125517,1.7714556702366542,-0.7377625291010664
2023-06-03,Crypto Equal Weight,-0.0032645391579624763,1.765672683834572,-0.7386186135935011
2023-06-04,Crypto Equal Weight,0.0019090477931811847,1.7690434373751265,-0.7381196240346031
2023-06-05,Crypto Equal Weight,-0.05556741970590499,1.670742258212526,-0.7526716407986125
2023-06-06,Crypto Equal Weight,0.03446928333226702,1.7283315464860451,-0.7441464095091952
2023-06-07,Crypto Equal Weight,-0.033975661274086084,1.669610339293318,-0.7528392044354695
2023-06-08,Crypto Equal Weight,0.007310911144695709,1.6818167121301564,-0.751032233820645
2023-06-09,Crypto Equal Weight,-0.011508540340358876,1.6624614566535167,-0.7538974894011691
2023-06-10,Crypto Equal Weight,-0.08270980281888682,1.524959597379705,-0.7742525795260314
2023-06-11,Crypto Equal Weight,0.0016502033140609273,1.5274760907611098,-0.7738800503846246
2023-06-12,Crypto Equal Weight,0.00048789843885728174,1.5282213439611838,-0.7737697268142127
2023-06-13,Crypto Equal Weight,0.0022993820597000175,1.5317353087027388,-0.7732495369826884
2023-06-14,Crypto Equal Weight,-0.0431723460804432,1.4656067018517898,-0.7830388864459725
2023-06-15,Crypto Equal Weight,0.0057891036915591046,1.4740912510198538,-0.781782876062572
2023-06-16,Crypto Equal Weight,0.011168012818247086,1.4905539210065093,-0.7793458244252779
2023-06-17,Crypto Equal Weight,0.00953205851289305,1.5047619681981654,-0.7772425359125854
2023-06-18,Crypto Equal Weight,-0.005460914609440515,1.4965445915823017,-0.7784589954025823
2023-06-19,Crypto Equal Weight,0.006550246328475962,1.506347327298714,-0.7770078472506112
2023-06-20,Crypto Equal Weight,0.027151896154307277,1.547247513501847,-0.7709531874759343
2023-06-21,Crypto Equal Weight,0.06914386829461867,1.654230191794595,-0.7551160048374682
2023-06-22,Crypto Equal Weight,-0.0036441032838237077,1.648202006120476,-0.7560083874083958
2023-06-23,Crypto Equal Weight,0.0747016117794201,1.7713253525157493,-0.7377818206871432
2023-06-24,Crypto Equal Weight,0.011652634564868595,1.7919659595441024,-0.7347262880673453
2023-06-25,Crypto Equal Weight,-0.010868836642279276,1.7724893742612924,-0.7376095047078324
2023-06-26,Crypto Equal Weight,0.005978334015964882,1.7830859077803751,-0.7360408466843613
2023-06-27,Crypto Equal Weight,0.02263140143154352,1.8234396407462812,-0.7300670811241446
2023-06-28,Crypto Equal Weight,-0.03996466241134235,1.7505664910763967,-0.7408548591007265
2023-06-29,Crypto Equal Weight,0.029699728716752083,1.8025578409620024,-0.7331583187177535
2023-06-30,Crypto Equal Weight,0.09404904955033085,1.972086692663975,-0.708062112212746
2023-07-01,Crypto Equal Weight,-0.0018449409424392102,1.9684483091826397,-0.7086007203745739
2023-07-02,Crypto Equal Weight,0.005238620849933817,1.9787602635371406,-0.7070741900326725
2023-07-03,Crypto Equal Weight,-0.005122109370999129,1.9686248370483164,-0.7085745880689136
2023-07-04,Crypto Equal Weight,-0.01944257981250476,1.9303496915331253,-0.7142406498997759
2023-07-05,Crypto Equal Weight,-0.015160100684215774,1.9010853958537381,-0.7185727904187513
2023-07-06,Crypto Equal Weight,-0.025132335253464935,1.8533066803396758,-0.7256457133993944
2023-07-07,Crypto Equal Weight,0.01796298117539279,1.886597593350847,-0.7207174925137995
2023-07-08,Crypto Equal Weight,0.001531650931283768,1.8894872023116605,-0.720289729201117
2023-07-09,Crypto Equal Weight,-0.013726282828247383,1.8635515665723767,-0.7241291114880681
2023-07-10,Crypto Equal Weight,0.01268697689227245,1.8871944022350384,-0.7206291439002666
2023-07-11,Crypto Equal Weight,0.00029969873734785323,1.887759992014518,-0.7205454168074417
2023-07-12,Crypto Equal Weight,-0.004325411937046786,1.879594652410779,-0.7217541729974453
2023-07-13,Crypto Equal Weight,0.1954993284896968,2.2470541447899115,-0.6673573006633855
2023-07-14,Crypto Equal Weight,-0.06154752460039318,2.108753524535039,-0.687830635383947
2023-07-15,Crypto Equal Weight,-0.01001040605553859,2.0876440454833953,-0.690955577481853
2023-07-16,Crypto Equal Weight,-0.0053807677283610475,2.0764109177751533,-0.6926184737371686
2023-07-17,Crypto Equal Weight,-0.004097995284557188,2.0679017956253074,-0.6938781217823538
2023-07-18,Crypto Equal Weight,0.0006437713452430377,2.0692330515461075,-0.6936810492890053
2023-07-19,Crypto Equal Weight,0.029475186809692955,2.13022408229322,-0.6846522409934496
2023-07-20,Crypto Equal Weight,-0.00025280173185267,2.1296855579559817,-0.6847319614530623
2023-07-21,Crypto Equal Weight,-0.0015039225025845096,2.1264826759219426,-0.6852061001505787
2023-07-22,Crypto Equal Weight,-0.012805089144875936,2.099252875691728,-0.6892370641004137
2023-07-23,Crypto Equal Weight,0.013126348690180534,2.1268084009269215,-0.6851578814438115
2023-07-24,Crypto Equal Weight,-0.039110888204281935,2.0436270353263413,-0.6974716363446618
2023-07-25,Crypto Equal Weight,0.0004515707248740953,2.0445498774680555,-0.6973350233921911
2023-07-26,Crypto Equal Weight,0.01536213004313094,2.0759585185653875,-0.6926854446620407
2023-07-27,Crypto Equal Weight,0.0022443134630713455,2.0806176202173816,-0.6919957344680979
2023-07-28,Crypto Equal Weight,0.007462819176447866,2.0961448932923954,-0.6896971543288587
2023-07-29,Crypto Equal Weight,0.003363640436718896,2.1031955710166956,-0.6886534071295303
2023-07-30,Crypto Equal Weight,-0.0018887354070578285,2.099223191073749,-0.6892414584633515
2023-07-31,Crypto Equal Weight,-0.01723273511035757,2.063047833884456,-0.6945966780929337
2023-08-01,Crypto Equal Weight,0.008097901202082248,2.079754191418422,-0.6921235521653426
2023-08-02,Crypto Equal Weight,-0.03714694707929564,2.0024976725318586,-0.703560222280018
2023-08-03,Crypto Equal Weight,-0.01737553628357058,1.9677032015650158,-0.7087110223936852
2023-08-04,Crypto Equal Weight,-0.007302872222976842,1.9533333165112439,-0.7108382685771057
2023-08-05,Crypto Equal Weight,0.004349784985149952,1.9618298964423977,-0.7095804772194825
2023-08-06,Crypto Equal Weight,-0.005434122335717784,1.9511690727832611,-0.7111586524349525
2023-08-07,Crypto Equal Weight,0.007016310190832321,1.964859080232667,-0.7091320519444981
2023-08-08,Crypto Equal Weight,0.014720931908673896,1.9937836369629116,-0.7048502046867574
2023-08-09,Crypto Equal Weight,-0.002395454912777484,1.9890076181547334,-0.7055572227139458
2023-08-10,Crypto Equal Weight,-0.010313452290058634,1.9684940829803312,-0.7085939442496378
2023-08-11,Crypto Equal Weight,-0.0025053540918613675,1.9635623082747315,-0.7093240196038053
2023-08-12,Crypto Equal Weight,-3.937036608947508e-06,1.9635545776580399,-0.7093251640057814
2023-08-13,Crypto Equal Weight,-0.006202337709924488,1.9513759490555365,-0.7111280275023946
2023-08-14,Crypto Equal Weight,0.001951599250878311,1.9551842528958951,-0.7105642651772685
2023-08-15,Crypto Equal Weight,-0.028483106955607816,1.899494530702741,-0.7188082941689993
2023-08-16,Crypto Equal Weight,-0.03890073461971866,1.8256027980522667,-0.729746858094797
2023-08-17,Crypto Equal Weight,-0.08842940887497387,1.6641658217800064,-0.7536451836800786
2023-08-18,Crypto Equal Weight,0.006166164594595425,1.674427342149802,-0.7521261193339787
2023-08-19,Crypto Equal Weight,0.01446029421699644,1.6986400541622715,-0.7485417900908393
2023-08-20,Crypto Equal Weight,0.016883672615801638,1.7273193367288349,-0.7442962519981775
2023-08-21,Crypto Equal Weight,-0.009879608817271868,1.7102540973794444,-0.7468225050015458
2023-08-22,Crypto Equal Weight,-0.014368192690346893,1.6856808369588412,-0.7504602080345429
2023-08-23,Crypto Equal Weight,0.03150211746919023,1.7387833527002816,-0.7425991761948098
2023-08-24,Crypto Equal Weight,-0.012132670149970026,1.7176872678197102,-0.7457221354863687
2023-08-25,Crypto Equal Weight,-0.0010979540234162925,1.7158013261730365,-0.7460013208907772
2023-08-26,Crypto Equal Weight,-0.00558602193954032,1.7062168223211416,-0.7474201630848956
2023-08-27,Crypto Equal Weight,0.009236659750104226,1.7219765665688258,-0.7450871690715739
2023-08-28,Crypto Equal Weight,-0.005905699793415332,1.7118070899153741,-0.7465926077245268
2023-08-29,Crypto Equal Weight,0.055070350603778455,1.8060769065230473,-0.7326373737863274
2023-08-30,Crypto Equal Weight,-0.022248078588893397,1.765895165569137,-0.738585678506062
2023-08-31,Crypto Equal Weight,-0.03801269052597048,1.69876873913905,-0.7485227402080676
2023-09-01,Crypto Equal Weight,-0.012928701106311181,1.6768058658619762,-0.7517740145349517
2023-09-02,Crypto Equal Weight,0.002151171943819353,1.6804129635958502,-0.7512400377592924
2023-09-03,Crypto Equal Weight,0.006164628955449203,1.6907720860083453,-0.749706524893107
2023-09-04,Crypto Equal Weight,0.0031609911132003286,1.6961166015466647,-0.748915349442602
2023-09-05,Crypto Equal Weight,-0.001604615569630974,1.6933949864399134,-0.7493182437821817
2023-09-06,Crypto Equal Weight,0.0014576500461318865,1.695863363720017,-0.7489528375086665
2023-09-07,Crypto Equal Weight,0.007585107840102846,1.7087266702159127,-0.7470486177082178
2023-09-08,Crypto Equal Weight,-0.00505856760002702,1.7000829608446566,-0.7483281893750611
2023-09-09,Crypto Equal Weight,0.0036530195165871745,1.7062933970804395,-0.7474088273390733
2023-09-10,Crypto Equal Weight,-0.01358203824648161,1.6831184549015739,-0.7508395303068778
2023-09-11,Crypto Equal Weight,-0.033173901462008853,1.6272828491297806,-0.7591051551767052
2023-09-12,Crypto Equal Weight,0.02023627737002509,1.6602129962242556,-0.7542303402798518
2023-09-13,Crypto Equal Weight,0.010910137712222902,1.6783261486446845,-0.7515489594468189
2023-09-14,Crypto Equal Weight,0.015075647116377934,1.7036280014078415,-0.7478033992337422
2023-09-15,Crypto Equal Weight,0.017594204754288658,1.7336019812897507,-0.743366200601525
2023-09-16,Crypto Equal Weight,-0.0038962074747921236,1.7268475082919352,-0.7443660991290257
2023-09-17,Crypto Equal Weight,-0.01639326751851299,1.6985388351248278,-0.7485567740528045
2023-09-18,Crypto Equal Weight,0.01968908084512331,1.7319815035681823,-0.7436060880491717
2023-09-19,Crypto Equal Weight,0.011995626949226115,1.752757707567946,-0.7405304823293568
2023-09-20,Crypto Equal Weight,-0.010665434056974475,1.734063785820026,-0.743297837359868
2023-09-21,Crypto Equal Weight,-0.01980039929133833,1.6997286304641397,-0.7483806426790927
2023-09-22,Crypto Equal Weight,0.0012225372952483827,1.7018066121066835,-0.7480730286305615
2023-09-23,Crypto Equal Weight,0.0025781426251764274,1.706194112273163,-0.7474235249672423
2023-09-24,Crypto Equal Weight,-0.013020335411775552,1.6839788926537698,-0.7507121553892928
2023-09-25,Crypto Equal Weight,0.00871039004850741,1.6986470056422378,-0.7485407610283819
2023-09-26,Crypto Equal Weight,-0.003099137163124954,1.693382665580021,-0.7493200677008898
2023-09-27,Crypto Equal Weight,0.009322785106952891,1.7091697082750625,-0.7469830325614397
2023-09-28,Crypto Equal Weight,0.02507332442056951,1.752024274860453,-0.7406390560529441
2023-09-29,Crypto Equal Weight,0.005434094670924462,1.7615449406358024,-0.7392296641295955
2023-09-30,Crypto Equal Weight,0.004049637744505442,1.7686785595160437,-0.7381736387348073
2023-10-01,Crypto Equal Weight,0.02950824562609182,1.8208691608838452,-0.7304476021552082
2023-10-02,Crypto Equal Weight,-0.02263630601154587,1.7796514093510918,-0.7365492727189689
2023-10-03,Crypto Equal Weight,0.00018829581268208287,1.7799865102595063,-0.7364996660501738
2023-10-04,Crypto Equal Weight,-0.006274930158273262,1.7688172192249592,-0.7381531122423907
2023-10-05,Crypto Equal Weight,-0.011059632702356848,1.749254750462727,-0.7410490426452451
2023-10-06,Crypto Equal Weight,0.009812111022711312,1.7664186322812725,-0.7385081871022429
2023-10-07,Crypto Equal Weight,-0.004232898693495946,1.7589415611605221,-0.7396150554554177
2023-10-08,Crypto Equal Weight,-0.004816313761426894,1.750469946713959,-0.7408691510470962
2023-10-09,Crypto Equal Weight,-0.03092759364739514,1.6963321235100122,-0.7488834446450161
2023-10-10,Crypto Equal Weight,-0.0074236072208691,1.683739220108931,-0.7507476353186291
2023-10-11,Crypto Equal Weight,-0.008962957009541505,1.6686479378638157,-0.7529816735477948
2023-10-12,Crypto Equal Weight,-0.008336279694453464,1.6547376219422099,-0.7550408874067562
2023-10-13,Crypto Equal Weight,0.00703169466928315,1.6663732316574833,-0.7533184097205419
2023-10-14,Crypto Equal Weight,0.0015492963973016472,1.66895493770185,-0.7529362268214413
2023-10-15,Crypto Equal Weight,0.006085723990029368,1.6791117368045,-0.7514326648899414
2023-10-16,Crypto Equal Weight,0.029826719180017006,1.7291941310500385,-0.7440187167882886
2023-10-17,Crypto Equal Weight,-0.018865643579989568,1.6965717708930388,-0.748847968440509
2023-10-18,Crypto Equal Weight,-0.006922478049449166,1.6848272900497168,-0.7505865628660542
2023-10-19,Crypto Equal Weight,0.017096205176686596,1.7136314430876876,-0.7463225395709896
2023-10-20,Crypto Equal Weight,0.02151512776330269,1.750500442524932,-0.7408646365991893
2023-10-21,Crypto Equal Weight,0.018699108965846388,1.783233241044468,-0.7360190362020533
2023-10-22,Crypto Equal Weight,0.00468562831336562,1.7915888092080408,-0.7347821195238922
2023-10-23,Crypto Equal Weight,0.057254370553528625,1.8941650987699932,-0.7195972367176915
2023-10-24,Crypto Equal Weight,-5.517032091718671e-05,1.894060597073624,-0.7196127066281279
2023-10-25,Crypto Equal Weight,0.003641279162773314,1.9009574004587781,-0.7185917382192665
2023-10-26,Crypto Equal Weight,-0.0004957256077606444,1.9000150471961086,-0.7187312395008666
2023-10-27,Crypto Equal Weight,-0.01083655687974755,1.8794254260647918,-0.7217792244225115
2023-10-28,Crypto Equal Weight,0.012065201809833436,1.9021010731167958,-0.7184224346174808
2023-10-29,Crypto Equal Weight,0.012478492769189997,1.9258364276039523,-0.7149087710038888
2023-10-30,Crypto Equal Weight,0.012115615043815276,1.9491691203981583,-0.7114547154210038
2023-10-31,Crypto Equal Weight,0.009585151462079566,1.967852201642383,-0.7086889651646453
2023-11-01,Crypto Equal Weight,0.020423321832506593,2.008042280475332,-0.7027394261468423
2023-11-02,Crypto Equal Weight,-0.010673215464948316,1.9866100125530928,-0.7059121523008112
2023-11-03,Crypto Equal Weight,0.005687092970192598,1.9979080483899978,-0.704239647369542
2023-11-04,Crypto Equal Weight,0.00926673148983166,2.0164221258158013,-0.7014989155963777
2023-11-05,Crypto Equal Weight,0.022180669055755532,2.0611477176652246,-0.6948779618304368
2023-11-06,Crypto Equal Weight,0.029873216562228896,2.1227208298017817,-0.6857629851062887
2023-11-07,Crypto Equal Weight,-0.015245608939161114,2.090358658143612,-0.6905537197495676
2023-11-08,Crypto Equal Weight,0.009123363828995878,2.109429760714948,-0.6877305287493135
2023-11-09,Crypto Equal Weight,0.018942521337077956,2.149387678966358,-0.6818153576272292
2023-11-10,Crypto Equal Weight,0.01611912776409111,2.18403393357818,-0.6766864987242509
2023-11-11,Crypto Equal Weight,0.00038478683348709415,2.18487432107971,-0.6765620919458715
2023-11-12,Crypto Equal Weight,-0.0006957615929076177,2.1833541694417726,-0.6767871276199859
2023-11-13,Crypto Equal Weight,-0.015109750322123416,2.1503642330767403,-0.6816707934225443
2023-11-14,Crypto Equal Weight,-0.03211101876751308,2.0813138468314243,-0.6918926685492004
2023-11-15,Crypto Equal Weight,0.04185776999454001,2.1684330031185453,-0.6789959827357014
2023-11-16,Crypto Equal Weight,-0.0333948653714404,2.0960184749124133,-0.6897158686759342
2023-11-17,Crypto Equal Weight,-0.001351106118128609,2.0931865315272487,-0.6901350954641243
2023-11-18,Crypto Equal Weight,0.0010200089476241625,2.095321600518453,-0.689819030488943
2023-11-19,Crypto Equal Weight,0.01752721150821428,2.13204674538847,-0.6843824230304998
2023-11-20,Crypto Equal Weight,-0.012497110479452678,2.1054023216639925,-0.6883267307591447
2023-11-21,Crypto Equal Weight,-0.05277398882146188,1.9942918430758172,-0.7047749723860102
2023-11-22,Crypto Equal Weight,0.04727342608349422,2.088568851108377,-0.6908186738651028
2023-11-23,Crypto Equal Weight,0.003197785503091077,2.095247646302659,-0.6898299783025621
2023-11-24,Crypto Equal Weight,0.010683066717420787,2.117631316697629,-0.6865164112670246
2023-11-25,Crypto Equal Weight,0.014944736662485992,2.1492787590739084,-0.6818314815853992
2023-11-26,Crypto Equal Weight,-0.010789537345764112,2.126089035636423,-0.68526437269708
2023-11-27,Crypto Equal Weight,-0.024229064196371886,2.074575887904786,-0.6928901224158877
2023-11-28,Crypto Equal Weight,0.01087535974875631,2.097137647011846,-0.689550192014764
2023-11-29,Crypto Equal Weight,-0.00156338881621233,2.09385900546845,-0.6900355457725633
2023-11-30,Crypto Equal Weight,-0.003735138334125721,2.08603815243087,-0.6911933058877646
2023-12-01,Crypto Equal Weight,0.01645782673107902,2.1203698068979975,-0.6861110188226681
2023-12-02,Crypto Equal Weight,0.01966302971088343,2.162062701409093,-0.6799390104598593
2023-12-03,Crypto Equal Weight,0.004459218640063989,2.1717038117082037,-0.6785117885293446
2023-12-04,Crypto Equal Weight,0.02434106799439686,2.224565401852684,-0.6706864221145403
2023-12-05,Crypto Equal Weight,0.018389489538105593,2.2654740240368856,-0.6646305135192595
2023-12-06,Crypto Equal Weight,0.001323715687506553,2.2684728675421417,-0.6641865796688939
2023-12-07,Crypto Equal Weight,0.02423427798230167,2.3234476696094672,-0.6560483838904023
2023-12-08,Crypto Equal Weight,0.04694566876400497,2.4325234742974526,-0.639901345249677
2023-12-09,Crypto Equal Weight,0.006388985528143444,2.448064831571608,-0.6376006801557733
2023-12-10,Crypto Equal Weight,0.0019439946326410106,2.45282385646454,-0.6368961778231235
2023-12-11,Crypto Equal Weight,-0.06588507928304639,2.2912193622140262,-0.6608193019352242
2023-12-12,Crypto Equal Weight,0.006350064513168773,2.3057687529779063,-0.6586654826208913
2023-12-13,Crypto Equal Weight,0.03016846894188363,2.375330265989286,-0.6483679428345468
2023-12-14,Crypto Equal Weight,0.0058804058603049054,2.389298172005569,-0.6463002036249199
2023-12-15,Crypto Equal Weight,-0.04007389396266611,2.293549690415426,-0.6604743317594715
2023-12-16,Crypto Equal Weight,0.01889895317922652,2.3368953786288165,-0.6540576520522482
2023-12-17,Crypto Equal Weight,-0.01908536977025386,2.2922948662132883,-0.6606600896820208
2023-12-18,Crypto Equal Weight,0.0026682168001951447,2.2984112058863198,-0.6597546572323336
2023-12-19,Crypto Equal Weight,-0.013889862746785242,2.2664865897008855,-0.6644806183436094
2023-12-20,Crypto Equal Weight,0.01919465039816033,2.3099910074223127,-0.6580404411109081
2023-12-21,Crypto Equal Weight,0.028038946398433566,2.3747607214602904,-0.6484522553687848
2023-12-22,Crypto Equal Weight,0.017659209009807143,2.416697117388838,-0.642244200269416
2023-12-23,Crypto Equal Weight,-0.009033084431587101,2.394866888281891,-0.6454758386142723
2023-12-24,Crypto Equal Weight,-0.017737058550317875,2.3523889940642175,-0.6517640544222734
2023-12-25,Crypto Equal Weight,0.03047235648036244,2.4240718300718234,-0.6411524845493528
2023-12-26,Crypto Equal Weight,-0.022479580266228292,2.3695797127966207,-0.6492192260762623
2023-12-27,Crypto Equal Weight,0.05254635573080771,2.494092491317737,-0.6307869747461375
2023-12-28,Crypto Equal Weight,-0.00840828058475297,2.4731214618464117,-0.6338914214580176
2023-12-29,Crypto Equal Weight,-0.018570001800694725,2.427195591846587,-0.640690058420792
2023-12-30,Crypto Equal Weight,0.00732226086147536,2.444968151131911,-0.6380590972984275
2023-12-31,Crypto Equal Weight,-0.011748167139113263,2.4162442566426043,-0.6423112395178471
