date,fund,growth
2021-01-04,Combined Maximum-Sharpe (base),0.9968691164714312
2021-01-05,Combined Maximum-Sharpe (base),1.0530602346532243
2021-01-06,Combined Maximum-Sharpe (base),1.1865352647749383
2021-01-07,Combined Maximum-Sharpe (base),1.2266376298973825
2021-01-08,Combined Maximum-Sharpe (base),1.2359141332974959
2021-01-11,Combined Maximum-Sharpe (base),1.185554817609662
2021-01-12,Combined Maximum-Sharpe (base),1.1626188324217857
2021-01-13,Combined Maximum-Sharpe (base),1.2312265865095224
2021-01-14,Combined Maximum-Sharpe (base),1.2604904496395757
2021-01-15,Combined Maximum-Sharpe (base),1.2025269576788247
2021-01-19,Combined Maximum-Sharpe (base),1.1924348961594484
2021-01-20,Combined Maximum-Sharpe (base),1.1935045070584747
2021-01-21,Combined Maximum-Sharpe (base),1.0963484145936486
2021-01-22,Combined Maximum-Sharpe (base),1.1408890174682422
2021-01-25,Combined Maximum-Sharpe (base),1.1378518805875328
2021-01-26,Combined Maximum-Sharpe (base),1.1373943812812475
2021-01-27,Combined Maximum-Sharpe (base),1.072755415344775
2021-01-28,Combined Maximum-Sharpe (base),1.159346186761759
2021-01-29,Combined Maximum-Sharpe (base),1.1730728108569695
2021-02-01,Combined Maximum-Sharpe (base),1.1926093715997323
2021-02-02,Combined Maximum-Sharpe (base),1.2417453670503216
2021-02-03,Combined Maximum-Sharpe (base),1.2710889535076046
2021-02-04,Combined Maximum-Sharpe (base),1.259604923348123
2021-02-05,Combined Maximum-Sharpe (base),1.2930584724310537
2021-02-08,Combined Maximum-Sharpe (base),1.41744081080083
2021-02-09,Combined Maximum-Sharpe (base),1.4220371009759254
2021-02-10,Combined Maximum-Sharpe (base),1.4218206620175233
2021-02-11,Combined Maximum-Sharpe (base),1.4882229640223341
2021-02-12,Combined Maximum-Sharpe (base),1.5161735941890486
2021-02-16,Combined Maximum-Sharpe (base),1.534985273854548
2021-02-17,Combined Maximum-Sharpe (base),1.5651874745135648
2021-02-18,Combined Maximum-Sharpe (base),1.559737312377503
2021-02-19,Combined Maximum-Sharpe (base),1.6203959880097027
2021-02-22,Combined Maximum-Sharpe (base),1.5531106056599822
2021-02-23,Combined Maximum-Sharpe (base),1.4414632485237107
2021-02-24,Combined Maximum-Sharpe (base),1.472146030105302
2021-02-25,Combined Maximum-Sharpe (base),1.3915105044363472
2021-02-26,Combined Maximum-Sharpe (base),1.4034460624246945
2021-03-01,Combined Maximum-Sharpe (base),1.481653074997286
2021-03-02,Combined Maximum-Sharpe (base),1.4577024818827238
2021-03-03,Combined Maximum-Sharpe (base),1.4747950463782173
2021-03-04,Combined Maximum-Sharpe (base),1.431116560624475
2021-03-05,Combined Maximum-Sharpe (base),1.4578097713510842
2021-03-08,Combined Maximum-Sharpe (base),1.4542113863588944
2021-03-09,Combined Maximum-Sharpe (base),1.504448215103293
2021-03-10,Combined Maximum-Sharpe (base),1.5104891615829463
2021-03-11,Combined Maximum-Sharpe (base),1.536063087460026
2021-03-12,Combined Maximum-Sharpe (base),1.5163770338369251
2021-03-15,Combined Maximum-Sharpe (base),1.4632118548422275
2021-03-16,Combined Maximum-Sharpe (base),1.505045703331813
2021-03-17,Combined Maximum-Sharpe (base),1.5361326355286378
2021-03-18,Combined Maximum-Sharpe (base),1.5078414257964476
2021-03-19,Combined Maximum-Sharpe (base),1.5203130907907858
2021-03-22,Combined Maximum-Sharpe (base),1.4856532018876634
2021-03-23,Combined Maximum-Sharpe (base),1.4852304320145266
2021-03-24,Combined Maximum-Sharpe (base),1.4492863632867865
2021-03-25,Combined Maximum-Sharpe (base),1.4528507601099
2021-03-26,Combined Maximum-Sharpe (base),1.5283355544187043
2021-03-29,Combined Maximum-Sharpe (base),1.5514328177502132
2021-03-30,Combined Maximum-Sharpe (base),1.563363216603196
2021-03-31,Combined Maximum-Sharpe (base),1.5663359308972091
2021-04-01,Combined Maximum-Sharpe (base),1.575496081932675
2021-04-05,Combined Maximum-Sharpe (base),1.5850469056745695
2021-04-06,Combined Maximum-Sharpe (base),1.5806417758456177
2021-04-07,Combined Maximum-Sharpe (base),1.5496645937522042
2021-04-08,Combined Maximum-Sharpe (base),1.57996207089175
2021-04-09,Combined Maximum-Sharpe (base),1.5821517158709835
2021-04-12,Combined Maximum-Sharpe (base),1.5923777383111515
2021-04-13,Combined Maximum-Sharpe (base),1.6251345629332596
2021-04-14,Combined Maximum-Sharpe (base),1.621586222964851
2021-04-15,Combined Maximum-Sharpe (base),1.6461290747414177
2021-04-16,Combined Maximum-Sharpe (base),1.630253590920759
2021-04-19,Combined Maximum-Sharpe (base),1.6179440772625604
2021-04-20,Combined Maximum-Sharpe (base),1.6198453792595713
2021-04-21,Combined Maximum-Sharpe (base),1.6114952646799283
2021-04-22,Combined Maximum-Sharpe (base),1.579081545221126
2021-04-23,Combined Maximum-Sharpe (base),1.5934536567406328
2021-04-26,Combined Maximum-Sharpe (base),1.6451490826280324
2021-04-27,Combined Maximum-Sharpe (base),1.6784134270796904
2021-04-28,Combined Maximum-Sharpe (base),1.6848380025054628
2021-04-29,Combined Maximum-Sharpe (base),1.6875379375892334
2021-04-30,Combined Maximum-Sharpe (base),1.7143232243840574
2021-05-03,Combined Maximum-Sharpe (base),1.7365182191630433
2021-05-04,Combined Maximum-Sharpe (base),1.7193748043178507
2021-05-05,Combined Maximum-Sharpe (base),1.7664240080948552
2021-05-06,Combined Maximum-Sharpe (base),1.7798053863247376
2021-05-07,Combined Maximum-Sharpe (base),1.7956693729459956
2021-05-10,Combined Maximum-Sharpe (base),1.770927639333352
2021-05-11,Combined Maximum-Sharpe (base),1.7690471877966851
2021-05-12,Combined Maximum-Sharpe (base),1.7004596510129668
2021-05-13,Combined Maximum-Sharpe (base),1.7435064108491425
2021-05-14,Combined Maximum-Sharpe (base),1.7584260496882766
2021-05-17,Combined Maximum-Sharpe (base),1.7366213730597635
2021-05-18,Combined Maximum-Sharpe (base),1.7222605864419538
2021-05-19,Combined Maximum-Sharpe (base),1.6510692589177676
2021-05-20,Combined Maximum-Sharpe (base),1.7020676727323178
2021-05-21,Combined Maximum-Sharpe (base),1.667943908610029
2021-05-24,Combined Maximum-Sharpe (base),1.725893597897646
2021-05-25,Combined Maximum-Sharpe (base),1.7170264238136053
2021-05-26,Combined Maximum-Sharpe (base),1.7429805964661238
2021-05-27,Combined Maximum-Sharpe (base),1.729350171805415
2021-05-28,Combined Maximum-Sharpe (base),1.7111825325040395
2021-06-01,Combined Maximum-Sharpe (base),1.7080794592284532
2021-06-02,Combined Maximum-Sharpe (base),1.7016475684996286
2021-06-03,Combined Maximum-Sharpe (base),1.7142506351053695
2021-06-04,Combined Maximum-Sharpe (base),1.7135870713190877
2021-06-07,Combined Maximum-Sharpe (base),1.7017293428193387
2021-06-08,Combined Maximum-Sharpe (base),1.7017960614812644
2021-06-09,Combined Maximum-Sharpe (base),1.6876511149876614
2021-06-10,Combined Maximum-Sharpe (base),1.6745831032832765
2021-06-11,Combined Maximum-Sharpe (base),1.6702328460849458
2021-06-14,Combined Maximum-Sharpe (base),1.6590608795432613
2021-06-15,Combined Maximum-Sharpe (base),1.6527419570678554
2021-06-16,Combined Maximum-Sharpe (base),1.6279739498475587
2021-06-17,Combined Maximum-Sharpe (base),1.6062764698491128
2021-06-18,Combined Maximum-Sharpe (base),1.588474445482248
2021-06-21,Combined Maximum-Sharpe (base),1.595002826279563
2021-06-22,Combined Maximum-Sharpe (base),1.592595574020776
2021-06-23,Combined Maximum-Sharpe (base),1.6024415573806219
2021-06-24,Combined Maximum-Sharpe (base),1.6263431820404954
2021-06-25,Combined Maximum-Sharpe (base),1.6151817992328261
2021-06-28,Combined Maximum-Sharpe (base),1.6166030052019895
2021-06-29,Combined Maximum-Sharpe (base),1.6441697764007535
2021-06-30,Combined Maximum-Sharpe (base),1.6518060397043026
2021-07-01,Combined Maximum-Sharpe (base),1.650291440690194
2021-07-02,Combined Maximum-Sharpe (base),1.65875575663075
2021-07-06,Combined Maximum-Sharpe (base),1.6560798152977707
2021-07-07,Combined Maximum-Sharpe (base),1.6565593332295747
2021-07-08,Combined Maximum-Sharpe (base),1.6354113617226367
2021-07-09,Combined Maximum-Sharpe (base),1.6655282322707412
2021-07-12,Combined Maximum-Sharpe (base),1.6763744125423128
2021-07-13,Combined Maximum-Sharpe (base),1.6557713414584387
2021-07-14,Combined Maximum-Sharpe (base),1.654680300080794
2021-07-15,Combined Maximum-Sharpe (base),1.6452075453530923
2021-07-16,Combined Maximum-Sharpe (base),1.6210356231052698
2021-07-19,Combined Maximum-Sharpe (base),1.597478610158569
2021-07-20,Combined Maximum-Sharpe (base),1.6199869712818755
2021-07-21,Combined Maximum-Sharpe (base),1.6416494895795566
2021-07-22,Combined Maximum-Sharpe (base),1.6458464733733995
2021-07-23,Combined Maximum-Sharpe (base),1.6593908350465925
2021-07-26,Combined Maximum-Sharpe (base),1.6666578656088755
2021-07-27,Combined Maximum-Sharpe (base),1.6601214682869008
2021-07-28,Combined Maximum-Sharpe (base),1.6653231265964514
2021-07-29,Combined Maximum-Sharpe (base),1.6790362041265547
2021-07-30,Combined Maximum-Sharpe (base),1.6794016976787973
2021-08-02,Combined Maximum-Sharpe (base),1.6765762663897184
2021-08-03,Combined Maximum-Sharpe (base),1.6867571696819925
2021-08-04,Combined Maximum-Sharpe (base),1.6836095315650081
2021-08-05,Combined Maximum-Sharpe (base),1.695827095069518
2021-08-06,Combined Maximum-Sharpe (base),1.7008163185832998
2021-08-09,Combined Maximum-Sharpe (base),1.7179322183138148
2021-08-10,Combined Maximum-Sharpe (base),1.7412093193237153
2021-08-11,Combined Maximum-Sharpe (base),1.7538456368383373
2021-08-12,Combined Maximum-Sharpe (base),1.7643240124895614
2021-08-13,Combined Maximum-Sharpe (base),1.7698822647193446
2021-08-16,Combined Maximum-Sharpe (base),1.7679808979575145
2021-08-17,Combined Maximum-Sharpe (base),1.7497708823773244
2021-08-18,Combined Maximum-Sharpe (base),1.7426288217253407
2021-08-19,Combined Maximum-Sharpe (base),1.7408441834074067
2021-08-20,Combined Maximum-Sharpe (base),1.7598891521175843
2021-08-23,Combined Maximum-Sharpe (base),1.7744994353892185
2021-08-24,Combined Maximum-Sharpe (base),1.7741603583970558
2021-08-25,Combined Maximum-Sharpe (base),1.776602350972234
2021-08-26,Combined Maximum-Sharpe (base),1.761984003852567
2021-08-27,Combined Maximum-Sharpe (base),1.7855046263695467
2021-08-30,Combined Maximum-Sharpe (base),1.7865284014523215
2021-08-31,Combined Maximum-Sharpe (base),1.785324764023006
2021-09-01,Combined Maximum-Sharpe (base),1.798154877943439
2021-09-02,Combined Maximum-Sharpe (base),1.8068588838596118
2021-09-03,Combined Maximum-Sharpe (base),1.8019126328561037
2021-09-07,Combined Maximum-Sharpe (base),1.7716824669696607
2021-09-08,Combined Maximum-Sharpe (base),1.7708984452200187
2021-09-09,Combined Maximum-Sharpe (base),1.758935261980359
2021-09-10,Combined Maximum-Sharpe (base),1.7486918685663413
2021-09-13,Combined Maximum-Sharpe (base),1.7405419525446801
2021-09-14,Combined Maximum-Sharpe (base),1.7240041654259697
2021-09-15,Combined Maximum-Sharpe (base),1.7387231004294037
2021-09-16,Combined Maximum-Sharpe (base),1.7248426641301629
2021-09-17,Combined Maximum-Sharpe (base),1.6930694577524315
2021-09-20,Combined Maximum-Sharpe (base),1.659611301846535
2021-09-21,Combined Maximum-Sharpe (base),1.6482891158188449
2021-09-22,Combined Maximum-Sharpe (base),1.6697671173979716
2021-09-23,Combined Maximum-Sharpe (base),1.6808390832136269
2021-09-24,Combined Maximum-Sharpe (base),1.6678628587386284
2021-09-27,Combined Maximum-Sharpe (base),1.6582100680199148
2021-09-28,Combined Maximum-Sharpe (base),1.646184220181215
2021-09-29,Combined Maximum-Sharpe (base),1.6492773500576063
2021-09-30,Combined Maximum-Sharpe (base),1.6291774179251883
2021-10-01,Combined Maximum-Sharpe (base),1.6450083227763137
2021-10-04,Combined Maximum-Sharpe (base),1.632782979938213
2021-10-05,Combined Maximum-Sharpe (base),1.6445511090862337
2021-10-06,Combined Maximum-Sharpe (base),1.6592171129134201
2021-10-07,Combined Maximum-Sharpe (base),1.665617331819601
2021-10-08,Combined Maximum-Sharpe (base),1.6649138003573558
2021-10-11,Combined Maximum-Sharpe (base),1.6591272316328527
2021-10-12,Combined Maximum-Sharpe (base),1.6767538064113099
2021-10-13,Combined Maximum-Sharpe (base),1.6959748616250245
2021-10-14,Combined Maximum-Sharpe (base),1.7302555926131165
2021-10-15,Combined Maximum-Sharpe (base),1.7261264772593705
2021-10-18,Combined Maximum-Sharpe (base),1.7350938266578129
2021-10-19,Combined Maximum-Sharpe (base),1.735893172099651
2021-10-20,Combined Maximum-Sharpe (base),1.7424367378587542
2021-10-21,Combined Maximum-Sharpe (base),1.734863871372054
2021-10-22,Combined Maximum-Sharpe (base),1.7547937051517442
2021-10-25,Combined Maximum-Sharpe (base),1.7712089516720044
2021-10-26,Combined Maximum-Sharpe (base),1.7848568367867874
2021-10-27,Combined Maximum-Sharpe (base),1.7426197704253528
2021-10-28,Combined Maximum-Sharpe (base),1.7828968796467588
2021-10-29,Combined Maximum-Sharpe (base),1.7903805662239531
2021-11-01,Combined Maximum-Sharpe (base),1.8006871625426595
2021-11-02,Combined Maximum-Sharpe (base),1.8196423147148821
2021-11-03,Combined Maximum-Sharpe (base),1.8120843946094793
2021-11-04,Combined Maximum-Sharpe (base),1.820120416420404
2021-11-05,Combined Maximum-Sharpe (base),1.7847582673422144
2021-11-08,Combined Maximum-Sharpe (base),1.8070645127918512
2021-11-09,Combined Maximum-Sharpe (base),1.8070184992118772
2021-11-10,Combined Maximum-Sharpe (base),1.7916216455810479
2021-11-11,Combined Maximum-Sharpe (base),1.80580923326657
2021-11-12,Combined Maximum-Sharpe (base),1.8098658268066707
2021-11-15,Combined Maximum-Sharpe (base),1.8124220286874246
2021-11-16,Combined Maximum-Sharpe (base),1.8003870242205093
2021-11-17,Combined Maximum-Sharpe (base),1.7895336946052665
2021-11-18,Combined Maximum-Sharpe (base),1.80251455842048
2021-11-19,Combined Maximum-Sharpe (base),1.785303977188793
2021-11-22,Combined Maximum-Sharpe (base),1.7868548825835235
2021-11-23,Combined Maximum-Sharpe (base),1.8066651256076722
2021-11-24,Combined Maximum-Sharpe (base),1.8158438787972897
2021-11-26,Combined Maximum-Sharpe (base),1.7594340747160613
2021-11-29,Combined Maximum-Sharpe (base),1.7800261765123464
2021-11-30,Combined Maximum-Sharpe (base),1.751261707053894
2021-12-01,Combined Maximum-Sharpe (base),1.733130847583867
2021-12-02,Combined Maximum-Sharpe (base),1.7816129138954582
2021-12-03,Combined Maximum-Sharpe (base),1.7641601875622028
2021-12-06,Combined Maximum-Sharpe (base),1.7790114039946046
2021-12-07,Combined Maximum-Sharpe (base),1.8132614839294792
2021-12-08,Combined Maximum-Sharpe (base),1.8117787833389507
2021-12-09,Combined Maximum-Sharpe (base),1.7939406969487062
2021-12-10,Combined Maximum-Sharpe (base),1.801554050643627
2021-12-13,Combined Maximum-Sharpe (base),1.787163982306625
2021-12-14,Combined Maximum-Sharpe (base),1.7888066470558133
2021-12-15,Combined Maximum-Sharpe (base),1.8280794065037107
2021-12-16,Combined Maximum-Sharpe (base),1.8265572429279144
2021-12-17,Combined Maximum-Sharpe (base),1.7984175637489515
2021-12-20,Combined Maximum-Sharpe (base),1.792752032840755
2021-12-21,Combined Maximum-Sharpe (base),1.8083802960368096
2021-12-22,Combined Maximum-Sharpe (base),1.826228817490191
2021-12-23,Combined Maximum-Sharpe (base),1.8307135780581105
2021-12-27,Combined Maximum-Sharpe (base),1.8676693854790065
2021-12-28,Combined Maximum-Sharpe (base),1.8603874432266876
2021-12-29,Combined Maximum-Sharpe (base),1.8609997236776354
2021-12-30,Combined Maximum-Sharpe (base),1.8553713709568092
2021-12-31,Combined Maximum-Sharpe (base),1.853840167212398
2022-01-03,Combined Maximum-Sharpe (base),1.8522005958071586
2022-01-04,Combined Maximum-Sharpe (base),1.855876076565516
2022-01-05,Combined Maximum-Sharpe (base),1.8374306289052056
2022-01-06,Combined Maximum-Sharpe (base),1.8463265254573158
2022-01-07,Combined Maximum-Sharpe (base),1.819430713575885
2022-01-10,Combined Maximum-Sharpe (base),1.8253709720446352
2022-01-11,Combined Maximum-Sharpe (base),1.8408330534913575
2022-01-12,Combined Maximum-Sharpe (base),1.8603415206708993
2022-01-13,Combined Maximum-Sharpe (base),1.8353879077232942
2022-01-14,Combined Maximum-Sharpe (base),1.838854200210994
2022-01-18,Combined Maximum-Sharpe (base),1.8178115934342987
2022-01-19,Combined Maximum-Sharpe (base),1.796568087764097
2022-01-20,Combined Maximum-Sharpe (base),1.7669381426534565
2022-01-21,Combined Maximum-Sharpe (base),1.744929097958929
2022-01-24,Combined Maximum-Sharpe (base),1.7402744155452756
2022-01-25,Combined Maximum-Sharpe (base),1.7404556974590315
2022-01-26,Combined Maximum-Sharpe (base),1.726423224609103
2022-01-27,Combined Maximum-Sharpe (base),1.7222801969456196
2022-01-28,Combined Maximum-Sharpe (base),1.7796248435919846
2022-01-31,Combined Maximum-Sharpe (base),1.7921696968365566
2022-02-01,Combined Maximum-Sharpe (base),1.8013117020608407
2022-02-02,Combined Maximum-Sharpe (base),1.8503596785025207
2022-02-03,Combined Maximum-Sharpe (base),1.8368411388783092
2022-02-04,Combined Maximum-Sharpe (base),1.8333079877180147
2022-02-07,Combined Maximum-Sharpe (base),1.845635634898399
2022-02-08,Combined Maximum-Sharpe (base),1.8492837946014127
2022-02-09,Combined Maximum-Sharpe (base),1.8861309988429256
2022-02-10,Combined Maximum-Sharpe (base),1.8534788882629147
2022-02-11,Combined Maximum-Sharpe (base),1.8417784879279846
2022-02-14,Combined Maximum-Sharpe (base),1.8280214605819265
2022-02-15,Combined Maximum-Sharpe (base),1.8321287151587196
2022-02-16,Combined Maximum-Sharpe (base),1.8347095443632413
2022-02-17,Combined Maximum-Sharpe (base),1.8058281913248457
2022-02-18,Combined Maximum-Sharpe (base),1.7900204460241609
2022-02-22,Combined Maximum-Sharpe (base),1.7788162220820536
2022-02-23,Combined Maximum-Sharpe (base),1.7991731229689618
2022-02-24,Combined Maximum-Sharpe (base),1.7993616204914211
2022-02-25,Combined Maximum-Sharpe (base),1.8624225933679608
2022-02-28,Combined Maximum-Sharpe (base),1.8584350220770118
2022-03-01,Combined Maximum-Sharpe (base),1.8636040163522967
2022-03-02,Combined Maximum-Sharpe (base),1.8974012294755862
2022-03-03,Combined Maximum-Sharpe (base),1.9147902312100853
2022-03-04,Combined Maximum-Sharpe (base),1.9318647255470602
2022-03-07,Combined Maximum-Sharpe (base),1.915231403168043
2022-03-08,Combined Maximum-Sharpe (base),1.8740144424624965
2022-03-09,Combined Maximum-Sharpe (base),1.8886613773426706
2022-03-10,Combined Maximum-Sharpe (base),1.9031267227134128
2022-03-11,Combined Maximum-Sharpe (base),1.889800022418395
2022-03-14,Combined Maximum-Sharpe (base),1.8708145913240286
2022-03-15,Combined Maximum-Sharpe (base),1.8811675237042684
2022-03-16,Combined Maximum-Sharpe (base),1.893479501491135
2022-03-17,Combined Maximum-Sharpe (base),1.9316058734692507
2022-03-18,Combined Maximum-Sharpe (base),1.9445901360074138
2022-03-21,Combined Maximum-Sharpe (base),1.9723051809185204
2022-03-22,Combined Maximum-Sharpe (base),1.9849809158624396
2022-03-23,Combined Maximum-Sharpe (base),1.9859703600223155
2022-03-24,Combined Maximum-Sharpe (base),2.023103403679992
2022-03-25,Combined Maximum-Sharpe (base),2.0455853188467628
2022-03-28,Combined Maximum-Sharpe (base),2.048183204508461
2022-03-29,Combined Maximum-Sharpe (base),2.068931147996762
2022-03-30,Combined Maximum-Sharpe (base),2.071807123515214
2022-03-31,Combined Maximum-Sharpe (base),2.0465039688718574
2022-04-01,Combined Maximum-Sharpe (base),2.0648027771506925
2022-04-04,Combined Maximum-Sharpe (base),2.056873177980517
2022-04-05,Combined Maximum-Sharpe (base),2.051684818205904
2022-04-06,Combined Maximum-Sharpe (base),2.085290158265958
2022-04-07,Combined Maximum-Sharpe (base),2.1175996388078246
2022-04-08,Combined Maximum-Sharpe (base),2.1297746367314834
2022-04-11,Combined Maximum-Sharpe (base),2.071687972481851
2022-04-12,Combined Maximum-Sharpe (base),2.0785906400140726
2022-04-13,Combined Maximum-Sharpe (base),2.059792386932445
2022-04-14,Combined Maximum-Sharpe (base),2.0733288979202658
2022-04-18,Combined Maximum-Sharpe (base),2.0755088540400486
2022-04-19,Combined Maximum-Sharpe (base),2.06781878710494
2022-04-20,Combined Maximum-Sharpe (base),2.079293406144492
2022-04-21,Combined Maximum-Sharpe (base),2.0466326523485923
2022-04-22,Combined Maximum-Sharpe (base),1.995156681482842
2022-04-25,Combined Maximum-Sharpe (base),1.9816418953604331
2022-04-26,Combined Maximum-Sharpe (base),1.9615239406731657
2022-04-27,Combined Maximum-Sharpe (base),1.9677015831500013
2022-04-28,Combined Maximum-Sharpe (base),2.001011383826225
2022-04-29,Combined Maximum-Sharpe (base),1.892105459368417
2022-05-02,Combined Maximum-Sharpe (base),1.8827502513749588
2022-05-03,Combined Maximum-Sharpe (base),1.8986006763161463
2022-05-04,Combined Maximum-Sharpe (base),1.9326457606763612
2022-05-05,Combined Maximum-Sharpe (base),1.8930296853626731
2022-05-06,Combined Maximum-Sharpe (base),1.8938902623146703
2022-05-09,Combined Maximum-Sharpe (base),1.7930255526802257
2022-05-10,Combined Maximum-Sharpe (base),1.7874118059418076
2022-05-11,Combined Maximum-Sharpe (base),1.7858037178042558
2022-05-12,Combined Maximum-Sharpe (base),1.795158785971105
2022-05-13,Combined Maximum-Sharpe (base),1.8270537482155047
2022-05-16,Combined Maximum-Sharpe (base),1.8407101022250185
2022-05-17,Combined Maximum-Sharpe (base),1.8534122614028627
2022-05-18,Combined Maximum-Sharpe (base),1.7949761811762808
2022-05-19,Combined Maximum-Sharpe (base),1.7955917974006639
2022-05-20,Combined Maximum-Sharpe (base),1.7977625724244752
2022-05-23,Combined Maximum-Sharpe (base),1.823715113719331
2022-05-24,Combined Maximum-Sharpe (base),1.829067902643521
2022-05-25,Combined Maximum-Sharpe (base),1.8519450633926398
2022-05-26,Combined Maximum-Sharpe (base),1.8688987207909882
2022-05-27,Combined Maximum-Sharpe (base),1.9033039605629003
2022-05-31,Combined Maximum-Sharpe (base),1.8721118786080888
2022-06-01,Combined Maximum-Sharpe (base),1.8706439470969587
2022-06-02,Combined Maximum-Sharpe (base),1.873407747451975
2022-06-03,Combined Maximum-Sharpe (base),1.8802917583809982
2022-06-06,Combined Maximum-Sharpe (base),1.8744296306806192
2022-06-07,Combined Maximum-Sharpe (base),1.9030711628275823
2022-06-08,Combined Maximum-Sharpe (base),1.8890916082768665
2022-06-09,Combined Maximum-Sharpe (base),1.8423742167781278
2022-06-10,Combined Maximum-Sharpe (base),1.8192816340219402
2022-06-13,Combined Maximum-Sharpe (base),1.7441237782240884
2022-06-14,Combined Maximum-Sharpe (base),1.7299576103077492
2022-06-15,Combined Maximum-Sharpe (base),1.721347009861905
2022-06-16,Combined Maximum-Sharpe (base),1.6833658988775184
2022-06-17,Combined Maximum-Sharpe (base),1.6449053593239975
2022-06-21,Combined Maximum-Sharpe (base),1.7053852060636432
2022-06-22,Combined Maximum-Sharpe (base),1.6960848947073879
2022-06-23,Combined Maximum-Sharpe (base),1.6969887414357954
2022-06-24,Combined Maximum-Sharpe (base),1.729398804355315
2022-06-27,Combined Maximum-Sharpe (base),1.7509279859222489
2022-06-28,Combined Maximum-Sharpe (base),1.7556307259813628
2022-06-29,Combined Maximum-Sharpe (base),1.7434902104846648
2022-06-30,Combined Maximum-Sharpe (base),1.7313158980516208
2022-07-01,Combined Maximum-Sharpe (base),1.7520688104951203
2022-07-05,Combined Maximum-Sharpe (base),1.7280598688476114
2022-07-06,Combined Maximum-Sharpe (base),1.7230935550004378
2022-07-07,Combined Maximum-Sharpe (base),1.7288695090484216
2022-07-08,Combined Maximum-Sharpe (base),1.7295463047048896
2022-07-11,Combined Maximum-Sharpe (base),1.729879610299489
2022-07-12,Combined Maximum-Sharpe (base),1.716113205094138
2022-07-13,Combined Maximum-Sharpe (base),1.710362222750969
2022-07-14,Combined Maximum-Sharpe (base),1.7065765825797008
2022-07-15,Combined Maximum-Sharpe (base),1.7325303303325952
2022-07-18,Combined Maximum-Sharpe (base),1.7126403714136058
2022-07-19,Combined Maximum-Sharpe (base),1.731679706795361
2022-07-20,Combined Maximum-Sharpe (base),1.7171391337877946
2022-07-21,Combined Maximum-Sharpe (base),1.7112067618267026
2022-07-22,Combined Maximum-Sharpe (base),1.7168063625284238
2022-07-25,Combined Maximum-Sharpe (base),1.7466115848312893
2022-07-26,Combined Maximum-Sharpe (base),1.7499403225620869
2022-07-27,Combined Maximum-Sharpe (base),1.7540491728804513
2022-07-28,Combined Maximum-Sharpe (base),1.7643085762459534
2022-07-29,Combined Maximum-Sharpe (base),1.7667924682669929
2022-08-01,Combined Maximum-Sharpe (base),1.7439052266366697
2022-08-02,Combined Maximum-Sharpe (base),1.7338378158643721
2022-08-03,Combined Maximum-Sharpe (base),1.7187691005779449
2022-08-04,Combined Maximum-Sharpe (base),1.6905949467778318
2022-08-05,Combined Maximum-Sharpe (base),1.6972778761556861
2022-08-08,Combined Maximum-Sharpe (base),1.7095298642116665
2022-08-09,Combined Maximum-Sharpe (base),1.7352276442978831
2022-08-10,Combined Maximum-Sharpe (base),1.7410687869080383
2022-08-11,Combined Maximum-Sharpe (base),1.763494560416301
2022-08-12,Combined Maximum-Sharpe (base),1.7746583304271002
2022-08-15,Combined Maximum-Sharpe (base),1.7622421498798737
2022-08-16,Combined Maximum-Sharpe (base),1.763443219622411
2022-08-17,Combined Maximum-Sharpe (base),1.7610540327262902
2022-08-18,Combined Maximum-Sharpe (base),1.7803359018036102
2022-08-19,Combined Maximum-Sharpe (base),1.8161227979111254
2022-08-22,Combined Maximum-Sharpe (base),1.7894583258103236
2022-08-23,Combined Maximum-Sharpe (base),1.8160144025471867
2022-08-24,Combined Maximum-Sharpe (base),1.8207101737503149
2022-08-25,Combined Maximum-Sharpe (base),1.829419881578006
2022-08-26,Combined Maximum-Sharpe (base),1.8045137438937378
2022-08-29,Combined Maximum-Sharpe (base),1.8149430302347969
2022-08-30,Combined Maximum-Sharpe (base),1.7817340103319312
2022-08-31,Combined Maximum-Sharpe (base),1.7629132288163207
2022-09-01,Combined Maximum-Sharpe (base),1.7726184516011918
2022-09-02,Combined Maximum-Sharpe (base),1.7669168009470295
2022-09-06,Combined Maximum-Sharpe (base),1.7601508795364753
2022-09-07,Combined Maximum-Sharpe (base),1.763366602039765
2022-09-08,Combined Maximum-Sharpe (base),1.7685681275949523
2022-09-09,Combined Maximum-Sharpe (base),1.7894132615667486
2022-09-12,Combined Maximum-Sharpe (base),1.8077027881488863
2022-09-13,Combined Maximum-Sharpe (base),1.764954672477971
2022-09-14,Combined Maximum-Sharpe (base),1.7970800538892444
2022-09-15,Combined Maximum-Sharpe (base),1.780716385525493
2022-09-16,Combined Maximum-Sharpe (base),1.7748820199182016
2022-09-19,Combined Maximum-Sharpe (base),1.7762220666905972
2022-09-20,Combined Maximum-Sharpe (base),1.7623245251222084
2022-09-21,Combined Maximum-Sharpe (base),1.7379459104194672
2022-09-22,Combined Maximum-Sharpe (base),1.743293687772679
2022-09-23,Combined Maximum-Sharpe (base),1.6951810912258385
2022-09-26,Combined Maximum-Sharpe (base),1.6650418066166257
2022-09-27,Combined Maximum-Sharpe (base),1.6638549421666726
2022-09-28,Combined Maximum-Sharpe (base),1.7105422814290323
2022-09-29,Combined Maximum-Sharpe (base),1.6880398618525954
2022-09-30,Combined Maximum-Sharpe (base),1.6383393912764233
2022-10-03,Combined Maximum-Sharpe (base),1.7006761301489917
2022-10-04,Combined Maximum-Sharpe (base),1.750977247535511
2022-10-05,Combined Maximum-Sharpe (base),1.7676826078939551
2022-10-06,Combined Maximum-Sharpe (base),1.7633774246775065
2022-10-07,Combined Maximum-Sharpe (base),1.7437026815868726
2022-10-10,Combined Maximum-Sharpe (base),1.7143973541435402
2022-10-11,Combined Maximum-Sharpe (base),1.7272467597811267
2022-10-12,Combined Maximum-Sharpe (base),1.7203525007563276
2022-10-13,Combined Maximum-Sharpe (base),1.785390876548956
2022-10-14,Combined Maximum-Sharpe (base),1.7663709267524532
2022-10-17,Combined Maximum-Sharpe (base),1.783990161798332
2022-10-18,Combined Maximum-Sharpe (base),1.7924211666129088
2022-10-19,Combined Maximum-Sharpe (base),1.7964638287115822
2022-10-20,Combined Maximum-Sharpe (base),1.797323365359365
2022-10-21,Combined Maximum-Sharpe (base),1.848928289900684
2022-10-24,Combined Maximum-Sharpe (base),1.8729712571435857
2022-10-25,Combined Maximum-Sharpe (base),1.872724843784726
2022-10-26,Combined Maximum-Sharpe (base),1.9026599071874823
2022-10-27,Combined Maximum-Sharpe (base),1.9069188743645853
2022-10-28,Combined Maximum-Sharpe (base),1.8742128030670684
2022-10-31,Combined Maximum-Sharpe (base),1.8698666543442517
2022-11-01,Combined Maximum-Sharpe (base),1.8824552902756082
2022-11-02,Combined Maximum-Sharpe (base),1.8492503188916976
2022-11-03,Combined Maximum-Sharpe (base),1.8529713008545872
2022-11-04,Combined Maximum-Sharpe (base),1.8731330677445377
2022-11-07,Combined Maximum-Sharpe (base),1.9148785250809897
2022-11-08,Combined Maximum-Sharpe (base),1.9542173412813484
2022-11-09,Combined Maximum-Sharpe (base),1.9043188009067797
2022-11-10,Combined Maximum-Sharpe (base),1.9287713537487259
2022-11-11,Combined Maximum-Sharpe (base),1.9402176000787597
2022-11-14,Combined Maximum-Sharpe (base),1.9446286312510905
2022-11-15,Combined Maximum-Sharpe (base),1.9504920885437307
2022-11-16,Combined Maximum-Sharpe (base),1.9397050426022693
2022-11-17,Combined Maximum-Sharpe (base),1.9504146289878126
2022-11-18,Combined Maximum-Sharpe (base),1.9525233218307654
2022-11-21,Combined Maximum-Sharpe (base),1.9511418574670374
2022-11-22,Combined Maximum-Sharpe (base),1.9797866128663033
2022-11-23,Combined Maximum-Sharpe (base),1.9618668456737602
2022-11-25,Combined Maximum-Sharpe (base),1.9604367064589454
2022-11-28,Combined Maximum-Sharpe (base),1.9314579293482104
2022-11-29,Combined Maximum-Sharpe (base),1.9374962988527942
2022-11-30,Combined Maximum-Sharpe (base),1.9645218160710434
2022-12-01,Combined Maximum-Sharpe (base),1.9600527285007512
2022-12-02,Combined Maximum-Sharpe (base),1.9586847131484955
2022-12-05,Combined Maximum-Sharpe (base),1.9433809516567742
2022-12-06,Combined Maximum-Sharpe (base),1.9177479787435443
2022-12-07,Combined Maximum-Sharpe (base),1.9297050877751796
2022-12-08,Combined Maximum-Sharpe (base),1.9338211042647129
2022-12-09,Combined Maximum-Sharpe (base),1.8991396344057856
2022-12-12,Combined Maximum-Sharpe (base),1.9105972327006886
2022-12-13,Combined Maximum-Sharpe (base),1.9191580696350254
2022-12-14,Combined Maximum-Sharpe (base),1.9241719100171244
2022-12-15,Combined Maximum-Sharpe (base),1.895251052599595
2022-12-16,Combined Maximum-Sharpe (base),1.890300416043192
2022-12-19,Combined Maximum-Sharpe (base),1.8902434090481701
2022-12-20,Combined Maximum-Sharpe (base),1.8932827008012636
2022-12-21,Combined Maximum-Sharpe (base),1.9150139798891357
2022-12-22,Combined Maximum-Sharpe (base),1.9023834010422123
2022-12-23,Combined Maximum-Sharpe (base),1.9183404314173453
2022-12-27,Combined Maximum-Sharpe (base),1.924954369055143
2022-12-28,Combined Maximum-Sharpe (base),1.9014304452914104
2022-12-29,Combined Maximum-Sharpe (base),1.9060484921355978
2022-12-30,Combined Maximum-Sharpe (base),1.9107382789286018
2023-01-03,Combined Maximum-Sharpe (base),1.8945892447318395
2023-01-04,Combined Maximum-Sharpe (base),1.9072144538308293
2023-01-05,Combined Maximum-Sharpe (base),1.9375961977313652
2023-01-06,Combined Maximum-Sharpe (base),1.9623386713514794
2023-01-09,Combined Maximum-Sharpe (base),1.9035611790119336
2023-01-10,Combined Maximum-Sharpe (base),1.915278611553076
2023-01-11,Combined Maximum-Sharpe (base),1.922503577625353
2023-01-12,Combined Maximum-Sharpe (base),1.9415384575449457
2023-01-13,Combined Maximum-Sharpe (base),1.9458482167683258
2023-01-17,Combined Maximum-Sharpe (base),1.9219491837084732
2023-01-18,Combined Maximum-Sharpe (base),1.8926156594973964
2023-01-19,Combined Maximum-Sharpe (base),1.9111489891235582
2023-01-20,Combined Maximum-Sharpe (base),1.9224289626635997
2023-01-23,Combined Maximum-Sharpe (base),1.918104474028367
2023-01-24,Combined Maximum-Sharpe (base),1.8998245217399596
2023-01-25,Combined Maximum-Sharpe (base),1.8982313352095983
2023-01-26,Combined Maximum-Sharpe (base),1.9004882191060557
2023-01-27,Combined Maximum-Sharpe (base),1.8738236951117202
2023-01-30,Combined Maximum-Sharpe (base),1.868633304821692
2023-01-31,Combined Maximum-Sharpe (base),1.8945248103448253
2023-02-01,Combined Maximum-Sharpe (base),1.8803644253774048
2023-02-02,Combined Maximum-Sharpe (base),1.8330887386896515
2023-02-03,Combined Maximum-Sharpe (base),1.8282277822364852
2023-02-06,Combined Maximum-Sharpe (base),1.8245391631548555
2023-02-07,Combined Maximum-Sharpe (base),1.8492246872392326
2023-02-08,Combined Maximum-Sharpe (base),1.8536270562647643
2023-02-09,Combined Maximum-Sharpe (base),1.8480076730930897
2023-02-10,Combined Maximum-Sharpe (base),1.8821091345069971
2023-02-13,Combined Maximum-Sharpe (base),1.899057579626608
2023-02-14,Combined Maximum-Sharpe (base),1.8975020570600643
2023-02-15,Combined Maximum-Sharpe (base),1.879336114742274
2023-02-16,Combined Maximum-Sharpe (base),1.8644499023997247
2023-02-17,Combined Maximum-Sharpe (base),1.8799762894709227
2023-02-21,Combined Maximum-Sharpe (base),1.863411325296256
2023-02-22,Combined Maximum-Sharpe (base),1.8570789445748008
2023-02-23,Combined Maximum-Sharpe (base),1.866347999913865
2023-02-24,Combined Maximum-Sharpe (base),1.8565033170072005
2023-02-27,Combined Maximum-Sharpe (base),1.8540464258119675
2023-02-28,Combined Maximum-Sharpe (base),1.827208732754526
2023-03-01,Combined Maximum-Sharpe (base),1.8369437852748742
2023-03-02,Combined Maximum-Sharpe (base),1.8441659762902984
2023-03-03,Combined Maximum-Sharpe (base),1.8539272808031726
2023-03-06,Combined Maximum-Sharpe (base),1.9003192856666362
2023-03-07,Combined Maximum-Sharpe (base),1.889757872086251
2023-03-08,Combined Maximum-Sharpe (base),1.8546406916631313
2023-03-09,Combined Maximum-Sharpe (base),1.837606329377979
2023-03-10,Combined Maximum-Sharpe (base),1.832188718988538
2023-03-13,Combined Maximum-Sharpe (base),1.8069134553710058
2023-03-14,Combined Maximum-Sharpe (base),1.8328901848668018
2023-03-15,Combined Maximum-Sharpe (base),1.8177548447639962
2023-03-16,Combined Maximum-Sharpe (base),1.8140174607167872
2023-03-17,Combined Maximum-Sharpe (base),1.7663477150629519
2023-03-20,Combined Maximum-Sharpe (base),1.803046737352903
2023-03-21,Combined Maximum-Sharpe (base),1.8155944208002173
2023-03-22,Combined Maximum-Sharpe (base),1.7888339654576675
2023-03-23,Combined Maximum-Sharpe (base),1.7870957389232756
2023-03-24,Combined Maximum-Sharpe (base),1.7979922491041251
2023-03-27,Combined Maximum-Sharpe (base),1.8260661575700134
2023-03-28,Combined Maximum-Sharpe (base),1.821306014242411
2023-03-29,Combined Maximum-Sharpe (base),1.8229256154032978
2023-03-30,Combined Maximum-Sharpe (base),1.8364563919803214
2023-03-31,Combined Maximum-Sharpe (base),1.8492559875194918
2023-04-03,Combined Maximum-Sharpe (base),1.8966629587794792
2023-04-04,Combined Maximum-Sharpe (base),1.881774152355636
2023-04-05,Combined Maximum-Sharpe (base),1.9192815585182124
2023-04-06,Combined Maximum-Sharpe (base),1.9131341707161433
2023-04-10,Combined Maximum-Sharpe (base),1.9093877131746448
2023-04-11,Combined Maximum-Sharpe (base),1.9098233723118985
2023-04-12,Combined Maximum-Sharpe (base),1.915875775812762
2023-04-13,Combined Maximum-Sharpe (base),1.9387026938276313
2023-04-14,Combined Maximum-Sharpe (base),1.9378331601019243
2023-04-17,Combined Maximum-Sharpe (base),1.9385432799563156
2023-04-18,Combined Maximum-Sharpe (base),1.9484679408207852
2023-04-19,Combined Maximum-Sharpe (base),1.9458005138734376
2023-04-20,Combined Maximum-Sharpe (base),1.9486504870258758
2023-04-21,Combined Maximum-Sharpe (base),1.9713257854093222
2023-04-24,Combined Maximum-Sharpe (base),1.9843349197616533
2023-04-25,Combined Maximum-Sharpe (base),1.9722964497798117
2023-04-26,Combined Maximum-Sharpe (base),1.9299988178923684
2023-04-27,Combined Maximum-Sharpe (base),1.9483778324641918
2023-04-28,Combined Maximum-Sharpe (base),1.9470942188178497
2023-05-01,Combined Maximum-Sharpe (base),1.9399134684823314
2023-05-02,Combined Maximum-Sharpe (base),1.9496376406334617
2023-05-03,Combined Maximum-Sharpe (base),1.9280678687135757
2023-05-04,Combined Maximum-Sharpe (base),1.906375148404758
2023-05-05,Combined Maximum-Sharpe (base),1.9235602280460595
2023-05-08,Combined Maximum-Sharpe (base),1.9303302830685456
2023-05-09,Combined Maximum-Sharpe (base),1.9232630200774645
2023-05-10,Combined Maximum-Sharpe (base),1.9166066853339505
2023-05-11,Combined Maximum-Sharpe (base),1.9126215315434976
2023-05-12,Combined Maximum-Sharpe (base),1.9053081902602869
2023-05-15,Combined Maximum-Sharpe (base),1.9206872395970052
2023-05-16,Combined Maximum-Sharpe (base),1.9092303418057472
2023-05-17,Combined Maximum-Sharpe (base),1.916160957970621
2023-05-18,Combined Maximum-Sharpe (base),1.9158252102363902
2023-05-19,Combined Maximum-Sharpe (base),1.9265528819653512
2023-05-22,Combined Maximum-Sharpe (base),1.9137047676550882
2023-05-23,Combined Maximum-Sharpe (base),1.882623847539011
2023-05-24,Combined Maximum-Sharpe (base),1.8806334324788094
2023-05-25,Combined Maximum-Sharpe (base),1.8676047500626947
2023-05-26,Combined Maximum-Sharpe (base),1.8641689851413694
2023-05-30,Combined Maximum-Sharpe (base),1.8440234150574468
2023-05-31,Combined Maximum-Sharpe (base),1.8489510719997815
2023-06-01,Combined Maximum-Sharpe (base),1.8693158960402676
2023-06-02,Combined Maximum-Sharpe (base),1.8919272592692782
2023-06-05,Combined Maximum-Sharpe (base),1.8757674359467877
2023-06-06,Combined Maximum-Sharpe (base),1.8658279145009096
2023-06-07,Combined Maximum-Sharpe (base),1.8519029565684868
2023-06-08,Combined Maximum-Sharpe (base),1.8731245075964191
2023-06-09,Combined Maximum-Sharpe (base),1.882226162940341
2023-06-12,Combined Maximum-Sharpe (base),1.8825518838558786
2023-06-13,Combined Maximum-Sharpe (base),1.8934992776619382
2023-06-14,Combined Maximum-Sharpe (base),1.8747777787117257
2023-06-15,Combined Maximum-Sharpe (base),1.8835398914978612
2023-06-16,Combined Maximum-Sharpe (base),1.8876880916503427
2023-06-20,Combined Maximum-Sharpe (base),1.8829615728859626
2023-06-21,Combined Maximum-Sharpe (base),1.8944820455944713
2023-06-22,Combined Maximum-Sharpe (base),1.9069708491698207
2023-06-23,Combined Maximum-Sharpe (base),1.9023216005629096
2023-06-26,Combined Maximum-Sharpe (base),1.8847737864267795
2023-06-27,Combined Maximum-Sharpe (base),1.8989394192985196
2023-06-28,Combined Maximum-Sharpe (base),1.8974702230446292
2023-06-29,Combined Maximum-Sharpe (base),1.9111897756109524
2023-06-30,Combined Maximum-Sharpe (base),1.9451581613036575
2023-07-03,Combined Maximum-Sharpe (base),1.9299518761545493
2023-07-05,Combined Maximum-Sharpe (base),1.9277335888137834
2023-07-06,Combined Maximum-Sharpe (base),1.9061934697845373
2023-07-07,Combined Maximum-Sharpe (base),1.897137184178272
2023-07-10,Combined Maximum-Sharpe (base),1.923819404894339
2023-07-11,Combined Maximum-Sharpe (base),1.9222726732856932
2023-07-12,Combined Maximum-Sharpe (base),1.9252318333217304
2023-07-13,Combined Maximum-Sharpe (base),1.9572416951666185
2023-07-14,Combined Maximum-Sharpe (base),1.945189868090785
2023-07-17,Combined Maximum-Sharpe (base),1.9424214891203693
2023-07-18,Combined Maximum-Sharpe (base),1.951547307653854
2023-07-19,Combined Maximum-Sharpe (base),1.9435226508735999
2023-07-20,Combined Maximum-Sharpe (base),1.962946466881296
2023-07-21,Combined Maximum-Sharpe (base),1.9624998658734727
2023-07-24,Combined Maximum-Sharpe (base),1.9484409270836456
2023-07-25,Combined Maximum-Sharpe (base),1.9973396035159918
2023-07-26,Combined Maximum-Sharpe (base),1.979319100123395
2023-07-27,Combined Maximum-Sharpe (base),1.9758318825298165
2023-07-28,Combined Maximum-Sharpe (base),1.9781228493760952
2023-07-31,Combined Maximum-Sharpe (base),1.976436697379316
2023-08-01,Combined Maximum-Sharpe (base),1.958315079086613
2023-08-02,Combined Maximum-Sharpe (base),1.9308516956325439
2023-08-03,Combined Maximum-Sharpe (base),1.9310530487047495
2023-08-04,Combined Maximum-Sharpe (base),1.9332627591596736
2023-08-07,Combined Maximum-Sharpe (base),1.9621617039593084
2023-08-08,Combined Maximum-Sharpe (base),1.9550965949433725
2023-08-09,Combined Maximum-Sharpe (base),1.9328858710525012
2023-08-10,Combined Maximum-Sharpe (base),1.9356238591908044
2023-08-11,Combined Maximum-Sharpe (base),1.9431241207892487
2023-08-14,Combined Maximum-Sharpe (base),1.9756072710724262
2023-08-15,Combined Maximum-Sharpe (base),1.9558480873190827
2023-08-16,Combined Maximum-Sharpe (base),1.9384870515103185
2023-08-17,Combined Maximum-Sharpe (base),1.8931987720110497
2023-08-18,Combined Maximum-Sharpe (base),1.9005738729134334
2023-08-21,Combined Maximum-Sharpe (base),1.9192258195906813
2023-08-22,Combined Maximum-Sharpe (base),1.8974098643867332
2023-08-23,Combined Maximum-Sharpe (base),1.944351474653567
2023-08-24,Combined Maximum-Sharpe (base),1.9135297153832496
2023-08-25,Combined Maximum-Sharpe (base),1.9194704348622005
2023-08-28,Combined Maximum-Sharpe (base),1.9323318905352695
2023-08-29,Combined Maximum-Sharpe (base),1.9749344060440082
2023-08-30,Combined Maximum-Sharpe (base),1.9656414662783772
2023-08-31,Combined Maximum-Sharpe (base),1.9534931926242758
2023-09-01,Combined Maximum-Sharpe (base),1.9476531861254498
2023-09-05,Combined Maximum-Sharpe (base),1.9233143106582051
2023-09-06,Combined Maximum-Sharpe (base),1.9057524173958158
2023-09-07,Combined Maximum-Sharpe (base),1.903957270915112
2023-09-08,Combined Maximum-Sharpe (base),1.9054775603438734
2023-09-11,Combined Maximum-Sharpe (base),1.9127040541034428
2023-09-12,Combined Maximum-Sharpe (base),1.9232109446839396
2023-09-13,Combined Maximum-Sharpe (base),1.9104064477661644
2023-09-14,Combined Maximum-Sharpe (base),1.9351133768231759
2023-09-15,Combined Maximum-Sharpe (base),1.9196826162819214
2023-09-18,Combined Maximum-Sharpe (base),1.9322761500802583
2023-09-19,Combined Maximum-Sharpe (base),1.9245898974583562
2023-09-20,Combined Maximum-Sharpe (base),1.9054758565688283
2023-09-21,Combined Maximum-Sharpe (base),1.876747105416346
2023-09-22,Combined Maximum-Sharpe (base),1.8683056007980625
2023-09-25,Combined Maximum-Sharpe (base),1.8754010194095867
2023-09-26,Combined Maximum-Sharpe (base),1.8584163825158948
2023-09-27,Combined Maximum-Sharpe (base),1.8633244684944108
2023-09-28,Combined Maximum-Sharpe (base),1.8828711349504965
2023-09-29,Combined Maximum-Sharpe (base),1.8641900638813875
2023-10-02,Combined Maximum-Sharpe (base),1.858871613901839
2023-10-03,Combined Maximum-Sharpe (base),1.8288588827952033
2023-10-04,Combined Maximum-Sharpe (base),1.8452958185670432
2023-10-05,Combined Maximum-Sharpe (base),1.8513228798183576
2023-10-06,Combined Maximum-Sharpe (base),1.8845492833717916
2023-10-09,Combined Maximum-Sharpe (base),1.8741650290624694
2023-10-10,Combined Maximum-Sharpe (base),1.8828565747211028
2023-10-11,Combined Maximum-Sharpe (base),1.9136286157065199
2023-10-12,Combined Maximum-Sharpe (base),1.8999546569839405
2023-10-13,Combined Maximum-Sharpe (base),1.8758475535296155
2023-10-16,Combined Maximum-Sharpe (base),1.8886220476093805
2023-10-17,Combined Maximum-Sharpe (base),1.8774554341441347
2023-10-18,Combined Maximum-Sharpe (base),1.836465977831781
2023-10-19,Combined Maximum-Sharpe (base),1.8232393995234126
2023-10-20,Combined Maximum-Sharpe (base),1.8202823712109717
2023-10-23,Combined Maximum-Sharpe (base),1.8421463944829368
2023-10-24,Combined Maximum-Sharpe (base),1.9013374842969393
2023-10-25,Combined Maximum-Sharpe (base),1.8668169681863203
2023-10-26,Combined Maximum-Sharpe (base),1.8369142675784043
2023-10-27,Combined Maximum-Sharpe (base),1.8016924568041066
2023-10-30,Combined Maximum-Sharpe (base),1.8360903234386103
2023-10-31,Combined Maximum-Sharpe (base),1.8154224521218498
2023-11-01,Combined Maximum-Sharpe (base),1.8217628500495546
2023-11-02,Combined Maximum-Sharpe (base),1.8331318713729268
2023-11-03,Combined Maximum-Sharpe (base),1.8582374171376363
2023-11-06,Combined Maximum-Sharpe (base),1.8935424186280199
2023-11-07,Combined Maximum-Sharpe (base),1.8969099993671206
2023-11-08,Combined Maximum-Sharpe (base),1.9185445497314217
2023-11-09,Combined Maximum-Sharpe (base),1.9090204773920305
2023-11-10,Combined Maximum-Sharpe (base),1.942013926288163
2023-11-13,Combined Maximum-Sharpe (base),1.9494668655677123
2023-11-14,Combined Maximum-Sharpe (base),1.969690198478188
2023-11-15,Combined Maximum-Sharpe (base),1.9623739367676507
2023-11-16,Combined Maximum-Sharpe (base),1.9638992311030632
2023-11-17,Combined Maximum-Sharpe (base),1.9646651375925352
2023-11-20,Combined Maximum-Sharpe (base),1.9744554343105982
2023-11-21,Combined Maximum-Sharpe (base),1.9615085017045475
2023-11-22,Combined Maximum-Sharpe (base),1.950792238011308
2023-11-24,Combined Maximum-Sharpe (base),1.9480547976438944
2023-11-27,Combined Maximum-Sharpe (base),1.950536507968422
2023-11-28,Combined Maximum-Sharpe (base),1.9398339230623411
2023-11-29,Combined Maximum-Sharpe (base),1.9397768799435773
2023-11-30,Combined Maximum-Sharpe (base),1.948172981979931
2023-12-01,Combined Maximum-Sharpe (base),1.9550128167413274
2023-12-04,Combined Maximum-Sharpe (base),1.9530969551057833
2023-12-05,Combined Maximum-Sharpe (base),1.9605574097493557
2023-12-06,Combined Maximum-Sharpe (base),1.944843535413443
2023-12-07,Combined Maximum-Sharpe (base),1.9521550042179199
2023-12-08,Combined Maximum-Sharpe (base),1.9756425678273344
2023-12-11,Combined Maximum-Sharpe (base),1.9514691071574044
2023-12-12,Combined Maximum-Sharpe (base),1.9778908972399987
2023-12-13,Combined Maximum-Sharpe (base),1.9847998957323298
2023-12-14,Combined Maximum-Sharpe (base),1.9784174198686848
2023-12-15,Combined Maximum-Sharpe (base),1.9874445800437122
2023-12-18,Combined Maximum-Sharpe (base),2.010977961862525
2023-12-19,Combined Maximum-Sharpe (base),2.025132766479056
2023-12-20,Combined Maximum-Sharpe (base),1.996988748205576
2023-12-21,Combined Maximum-Sharpe (base),2.0369736889368166
2023-12-22,Combined Maximum-Sharpe (base),2.0373733122117432
2023-12-26,Combined Maximum-Sharpe (base),2.0414060899562743
2023-12-27,Combined Maximum-Sharpe (base),2.0672885983767224
2023-12-28,Combined Maximum-Sharpe (base),2.0649967267874985
2023-12-29,Combined Maximum-Sharpe (base),2.0538503484498403
2021-01-04,Combined Maximum-Sharpe (sentiment-fused),0.9963686305580992
2021-01-05,Combined Maximum-Sharpe (sentiment-fused),1.051671249573347
2021-01-06,Combined Maximum-Sharpe (sentiment-fused),1.1872393017983263
2021-01-07,Combined Maximum-Sharpe (sentiment-fused),1.224959087739772
2021-01-08,Combined Maximum-Sharpe (sentiment-fused),1.2336539746402913
2021-01-11,Combined Maximum-Sharpe (sentiment-fused),1.1826923413358077
2021-01-12,Combined Maximum-Sharpe (sentiment-fused),1.1606519370007942
2021-01-13,Combined Maximum-Sharpe (sentiment-fused),1.2288078994147609
2021-01-14,Combined Maximum-Sharpe (sentiment-fused),1.2593712702184645
2021-01-15,Combined Maximum-Sharpe (sentiment-fused),1.2013912404347904
2021-01-19,Combined Maximum-Sharpe (sentiment-fused),1.190476552580772
2021-01-20,Combined Maximum-Sharpe (sentiment-fused),1.1914562747086384
2021-01-21,Combined Maximum-Sharpe (sentiment-fused),1.0928471144279863
2021-01-22,Combined Maximum-Sharpe (sentiment-fused),1.137346076650969
2021-01-25,Combined Maximum-Sharpe (sentiment-fused),1.1347801571638523
2021-01-26,Combined Maximum-Sharpe (sentiment-fused),1.1348272110278144
2021-01-27,Combined Maximum-Sharpe (sentiment-fused),1.0705326891126263
2021-01-28,Combined Maximum-Sharpe (sentiment-fused),1.1567434567192953
2021-01-29,Combined Maximum-Sharpe (sentiment-fused),1.170277512084169
2021-02-01,Combined Maximum-Sharpe (sentiment-fused),1.1893396660958364
2021-02-02,Combined Maximum-Sharpe (sentiment-fused),1.2384029455550447
2021-02-03,Combined Maximum-Sharpe (sentiment-fused),1.2676712098156864
2021-02-04,Combined Maximum-Sharpe (sentiment-fused),1.2563282252821053
2021-02-05,Combined Maximum-Sharpe (sentiment-fused),1.2897938430388491
2021-02-08,Combined Maximum-Sharpe (sentiment-fused),1.4133354333733168
2021-02-09,Combined Maximum-Sharpe (sentiment-fused),1.4182341495745705
2021-02-10,Combined Maximum-Sharpe (sentiment-fused),1.4176815918549177
2021-02-11,Combined Maximum-Sharpe (sentiment-fused),1.4834846865569786
2021-02-12,Combined Maximum-Sharpe (sentiment-fused),1.5115447480841464
2021-02-16,Combined Maximum-Sharpe (sentiment-fused),1.530031668034105
2021-02-17,Combined Maximum-Sharpe (sentiment-fused),1.560350330586589
2021-02-18,Combined Maximum-Sharpe (sentiment-fused),1.5550217592274884
2021-02-19,Combined Maximum-Sharpe (sentiment-fused),1.6154305073896589
2021-02-22,Combined Maximum-Sharpe (sentiment-fused),1.5487301607143018
2021-02-23,Combined Maximum-Sharpe (sentiment-fused),1.4374969375340538
2021-02-24,Combined Maximum-Sharpe (sentiment-fused),1.4678417931004442
2021-02-25,Combined Maximum-Sharpe (sentiment-fused),1.38797642501651
2021-02-26,Combined Maximum-Sharpe (sentiment-fused),1.3997304297417066
2021-03-01,Combined Maximum-Sharpe (sentiment-fused),1.4778726705706982
2021-03-02,Combined Maximum-Sharpe (sentiment-fused),1.45404343250261
2021-03-03,Combined Maximum-Sharpe (sentiment-fused),1.4707113138686307
2021-03-04,Combined Maximum-Sharpe (sentiment-fused),1.4267738136411636
2021-03-05,Combined Maximum-Sharpe (sentiment-fused),1.4530559615487044
2021-03-08,Combined Maximum-Sharpe (sentiment-fused),1.4496815105629088
2021-03-09,Combined Maximum-Sharpe (sentiment-fused),1.4995982014805014
2021-03-10,Combined Maximum-Sharpe (sentiment-fused),1.505274361409131
2021-03-11,Combined Maximum-Sharpe (sentiment-fused),1.5307623920721194
2021-03-12,Combined Maximum-Sharpe (sentiment-fused),1.5109447088536678
2021-03-15,Combined Maximum-Sharpe (sentiment-fused),1.45882904647335
2021-03-16,Combined Maximum-Sharpe (sentiment-fused),1.5004992251337872
2021-03-17,Combined Maximum-Sharpe (sentiment-fused),1.531685914889752
2021-03-18,Combined Maximum-Sharpe (sentiment-fused),1.5036407430569338
2021-03-19,Combined Maximum-Sharpe (sentiment-fused),1.5165491064074215
2021-03-22,Combined Maximum-Sharpe (sentiment-fused),1.4819516141860434
2021-03-23,Combined Maximum-Sharpe (sentiment-fused),1.4814844599459984
2021-03-24,Combined Maximum-Sharpe (sentiment-fused),1.4452296743512343
2021-03-25,Combined Maximum-Sharpe (sentiment-fused),1.448574420245425
2021-03-26,Combined Maximum-Sharpe (sentiment-fused),1.5237670779347476
2021-03-29,Combined Maximum-Sharpe (sentiment-fused),1.5467844752787774
2021-03-30,Combined Maximum-Sharpe (sentiment-fused),1.5581659268326566
2021-03-31,Combined Maximum-Sharpe (sentiment-fused),1.5609868645554172
2021-04-01,Combined Maximum-Sharpe (sentiment-fused),1.5697598477795691
2021-04-05,Combined Maximum-Sharpe (sentiment-fused),1.5777360373243667
2021-04-06,Combined Maximum-Sharpe (sentiment-fused),1.5731309934831905
2021-04-07,Combined Maximum-Sharpe (sentiment-fused),1.543718304967082
2021-04-08,Combined Maximum-Sharpe (sentiment-fused),1.5743807347778982
2021-04-09,Combined Maximum-Sharpe (sentiment-fused),1.5774244533049844
2021-04-12,Combined Maximum-Sharpe (sentiment-fused),1.588302342908935
2021-04-13,Combined Maximum-Sharpe (sentiment-fused),1.6212729841344184
2021-04-14,Combined Maximum-Sharpe (sentiment-fused),1.616534596004562
2021-04-15,Combined Maximum-Sharpe (sentiment-fused),1.6417147673436496
2021-04-16,Combined Maximum-Sharpe (sentiment-fused),1.6251118341926887
2021-04-19,Combined Maximum-Sharpe (sentiment-fused),1.6128771567667293
2021-04-20,Combined Maximum-Sharpe (sentiment-fused),1.6163491407720687
2021-04-21,Combined Maximum-Sharpe (sentiment-fused),1.6067056249182587
2021-04-22,Combined Maximum-Sharpe (sentiment-fused),1.5747632982771966
2021-04-23,Combined Maximum-Sharpe (sentiment-fused),1.5890349337247576
2021-04-26,Combined Maximum-Sharpe (sentiment-fused),1.6401515182161988
2021-04-27,Combined Maximum-Sharpe (sentiment-fused),1.6792039415541518
2021-04-28,Combined Maximum-Sharpe (sentiment-fused),1.687149434586546
2021-04-29,Combined Maximum-Sharpe (sentiment-fused),1.6896827312578353
2021-04-30,Combined Maximum-Sharpe (sentiment-fused),1.717157922754243
2021-05-03,Combined Maximum-Sharpe (sentiment-fused),1.7423583974230987
2021-05-04,Combined Maximum-Sharpe (sentiment-fused),1.7233226941699131
2021-05-05,Combined Maximum-Sharpe (sentiment-fused),1.7710120054185443
2021-05-06,Combined Maximum-Sharpe (sentiment-fused),1.7849013188324385
2021-05-07,Combined Maximum-Sharpe (sentiment-fused),1.7994274870765143
2021-05-10,Combined Maximum-Sharpe (sentiment-fused),1.7749443791998352
2021-05-11,Combined Maximum-Sharpe (sentiment-fused),1.7726356682991107
2021-05-12,Combined Maximum-Sharpe (sentiment-fused),1.7055260300690738
2021-05-13,Combined Maximum-Sharpe (sentiment-fused),1.7486101168900599
2021-05-14,Combined Maximum-Sharpe (sentiment-fused),1.7629358348058362
2021-05-17,Combined Maximum-Sharpe (sentiment-fused),1.7418324853247424
2021-05-18,Combined Maximum-Sharpe (sentiment-fused),1.7286635215353685
2021-05-19,Combined Maximum-Sharpe (sentiment-fused),1.6567721712893877
2021-05-20,Combined Maximum-Sharpe (sentiment-fused),1.7085266263945373
2021-05-21,Combined Maximum-Sharpe (sentiment-fused),1.6731874367399282
2021-05-24,Combined Maximum-Sharpe (sentiment-fused),1.7302850057257275
2021-05-25,Combined Maximum-Sharpe (sentiment-fused),1.7207151811752388
2021-05-26,Combined Maximum-Sharpe (sentiment-fused),1.7465867676855102
2021-05-27,Combined Maximum-Sharpe (sentiment-fused),1.7313808643065245
2021-05-28,Combined Maximum-Sharpe (sentiment-fused),1.7135697423169531
2021-06-01,Combined Maximum-Sharpe (sentiment-fused),1.7102949491257147
2021-06-02,Combined Maximum-Sharpe (sentiment-fused),1.7030917631412874
2021-06-03,Combined Maximum-Sharpe (sentiment-fused),1.7150251481187673
2021-06-04,Combined Maximum-Sharpe (sentiment-fused),1.714179299518255
2021-06-07,Combined Maximum-Sharpe (sentiment-fused),1.702875347488031
2021-06-08,Combined Maximum-Sharpe (sentiment-fused),1.7006550698073153
2021-06-09,Combined Maximum-Sharpe (sentiment-fused),1.683599528106338
2021-06-10,Combined Maximum-Sharpe (sentiment-fused),1.6714994708550623
2021-06-11,Combined Maximum-Sharpe (sentiment-fused),1.667001296489815
2021-06-14,Combined Maximum-Sharpe (sentiment-fused),1.6557745720014445
2021-06-15,Combined Maximum-Sharpe (sentiment-fused),1.6494689180659645
2021-06-16,Combined Maximum-Sharpe (sentiment-fused),1.6238183650735092
2021-06-17,Combined Maximum-Sharpe (sentiment-fused),1.6010761168158856
2021-06-18,Combined Maximum-Sharpe (sentiment-fused),1.5831683923969275
2021-06-21,Combined Maximum-Sharpe (sentiment-fused),1.5902339579509845
2021-06-22,Combined Maximum-Sharpe (sentiment-fused),1.5888292369976547
2021-06-23,Combined Maximum-Sharpe (sentiment-fused),1.5973995192786443
2021-06-24,Combined Maximum-Sharpe (sentiment-fused),1.6222937861226079
2021-06-25,Combined Maximum-Sharpe (sentiment-fused),1.610646482023852
2021-06-28,Combined Maximum-Sharpe (sentiment-fused),1.6126309354903128
2021-06-29,Combined Maximum-Sharpe (sentiment-fused),1.641387893289241
2021-06-30,Combined Maximum-Sharpe (sentiment-fused),1.6491843359446408
2021-07-01,Combined Maximum-Sharpe (sentiment-fused),1.6486023506341767
2021-07-02,Combined Maximum-Sharpe (sentiment-fused),1.6563902056285305
2021-07-06,Combined Maximum-Sharpe (sentiment-fused),1.6508635978388213
2021-07-07,Combined Maximum-Sharpe (sentiment-fused),1.6494750550439132
2021-07-08,Combined Maximum-Sharpe (sentiment-fused),1.6276819077728524
2021-07-09,Combined Maximum-Sharpe (sentiment-fused),1.6586477831285746
2021-07-12,Combined Maximum-Sharpe (sentiment-fused),1.6696428784860844
2021-07-13,Combined Maximum-Sharpe (sentiment-fused),1.6497576244450443
2021-07-14,Combined Maximum-Sharpe (sentiment-fused),1.6474103059140917
2021-07-15,Combined Maximum-Sharpe (sentiment-fused),1.6376499282359185
2021-07-16,Combined Maximum-Sharpe (sentiment-fused),1.6128711678365062
2021-07-19,Combined Maximum-Sharpe (sentiment-fused),1.5880465525524914
2021-07-20,Combined Maximum-Sharpe (sentiment-fused),1.6127795634491864
2021-07-21,Combined Maximum-Sharpe (sentiment-fused),1.6376009913203937
2021-07-22,Combined Maximum-Sharpe (sentiment-fused),1.64115172715275
2021-07-23,Combined Maximum-Sharpe (sentiment-fused),1.6540460793129943
2021-07-26,Combined Maximum-Sharpe (sentiment-fused),1.6620567293903987
2021-07-27,Combined Maximum-Sharpe (sentiment-fused),1.6563043617995847
2021-07-28,Combined Maximum-Sharpe (sentiment-fused),1.6641500756979786
2021-07-29,Combined Maximum-Sharpe (sentiment-fused),1.680243462363342
2021-07-30,Combined Maximum-Sharpe (sentiment-fused),1.6806946788764183
2021-08-02,Combined Maximum-Sharpe (sentiment-fused),1.6786763928754915
2021-08-03,Combined Maximum-Sharpe (sentiment-fused),1.6924471858511771
2021-08-04,Combined Maximum-Sharpe (sentiment-fused),1.688604736251705
2021-08-05,Combined Maximum-Sharpe (sentiment-fused),1.700189801566432
2021-08-06,Combined Maximum-Sharpe (sentiment-fused),1.7141712549499364
2021-08-09,Combined Maximum-Sharpe (sentiment-fused),1.7297941984909495
2021-08-10,Combined Maximum-Sharpe (sentiment-fused),1.759506458194044
2021-08-11,Combined Maximum-Sharpe (sentiment-fused),1.7752814456931363
2021-08-12,Combined Maximum-Sharpe (sentiment-fused),1.785199264016529
2021-08-13,Combined Maximum-Sharpe (sentiment-fused),1.7882922055594301
2021-08-16,Combined Maximum-Sharpe (sentiment-fused),1.782855280507647
2021-08-17,Combined Maximum-Sharpe (sentiment-fused),1.7617660622841522
2021-08-18,Combined Maximum-Sharpe (sentiment-fused),1.7530057212082233
2021-08-19,Combined Maximum-Sharpe (sentiment-fused),1.7450794118933612
2021-08-20,Combined Maximum-Sharpe (sentiment-fused),1.7620108134340955
2021-08-23,Combined Maximum-Sharpe (sentiment-fused),1.7792873295660196
2021-08-24,Combined Maximum-Sharpe (sentiment-fused),1.785651032016679
2021-08-25,Combined Maximum-Sharpe (sentiment-fused),1.7900489954127898
2021-08-26,Combined Maximum-Sharpe (sentiment-fused),1.7745357092871068
2021-08-27,Combined Maximum-Sharpe (sentiment-fused),1.8007144240591964
2021-08-30,Combined Maximum-Sharpe (sentiment-fused),1.7977021457632687
2021-08-31,Combined Maximum-Sharpe (sentiment-fused),1.7959009951634495
2021-09-01,Combined Maximum-Sharpe (sentiment-fused),1.8032897730754855
2021-09-02,Combined Maximum-Sharpe (sentiment-fused),1.8114991441278652
2021-09-03,Combined Maximum-Sharpe (sentiment-fused),1.806418248965587
2021-09-07,Combined Maximum-Sharpe (sentiment-fused),1.7772156420825005
2021-09-08,Combined Maximum-Sharpe (sentiment-fused),1.7733829818381908
2021-09-09,Combined Maximum-Sharpe (sentiment-fused),1.763864832072468
2021-09-10,Combined Maximum-Sharpe (sentiment-fused),1.7541512390723342
2021-09-13,Combined Maximum-Sharpe (sentiment-fused),1.745742697878843
2021-09-14,Combined Maximum-Sharpe (sentiment-fused),1.728697606683869
2021-09-15,Combined Maximum-Sharpe (sentiment-fused),1.7437722664491782
2021-09-16,Combined Maximum-Sharpe (sentiment-fused),1.7299416263380742
2021-09-17,Combined Maximum-Sharpe (sentiment-fused),1.6980237181355822
2021-09-20,Combined Maximum-Sharpe (sentiment-fused),1.659528225592474
2021-09-21,Combined Maximum-Sharpe (sentiment-fused),1.648325286437214
2021-09-22,Combined Maximum-Sharpe (sentiment-fused),1.67312694141241
2021-09-23,Combined Maximum-Sharpe (sentiment-fused),1.6875836590810613
2021-09-24,Combined Maximum-Sharpe (sentiment-fused),1.673546254377267
2021-09-27,Combined Maximum-Sharpe (sentiment-fused),1.667561066946425
2021-09-28,Combined Maximum-Sharpe (sentiment-fused),1.651793574181148
2021-09-29,Combined Maximum-Sharpe (sentiment-fused),1.6528273496297243
2021-09-30,Combined Maximum-Sharpe (sentiment-fused),1.633846951855142
2021-10-01,Combined Maximum-Sharpe (sentiment-fused),1.650202044906227
2021-10-04,Combined Maximum-Sharpe (sentiment-fused),1.631632799746013
2021-10-05,Combined Maximum-Sharpe (sentiment-fused),1.64909126909933
2021-10-06,Combined Maximum-Sharpe (sentiment-fused),1.6630263412937374
2021-10-07,Combined Maximum-Sharpe (sentiment-fused),1.669357226948042
2021-10-08,Combined Maximum-Sharpe (sentiment-fused),1.6698626226308255
2021-10-11,Combined Maximum-Sharpe (sentiment-fused),1.6596035709419896
2021-10-12,Combined Maximum-Sharpe (sentiment-fused),1.675328126605954
2021-10-13,Combined Maximum-Sharpe (sentiment-fused),1.6951192463676457
2021-10-14,Combined Maximum-Sharpe (sentiment-fused),1.732575437637708
2021-10-15,Combined Maximum-Sharpe (sentiment-fused),1.7315204564564561
2021-10-18,Combined Maximum-Sharpe (sentiment-fused),1.7386240266939854
2021-10-19,Combined Maximum-Sharpe (sentiment-fused),1.7400463541463864
2021-10-20,Combined Maximum-Sharpe (sentiment-fused),1.7428650013479747
2021-10-21,Combined Maximum-Sharpe (sentiment-fused),1.7391607178929822
2021-10-22,Combined Maximum-Sharpe (sentiment-fused),1.7584178040270524
2021-10-25,Combined Maximum-Sharpe (sentiment-fused),1.773822481804762
2021-10-26,Combined Maximum-Sharpe (sentiment-fused),1.793986644502759
2021-10-27,Combined Maximum-Sharpe (sentiment-fused),1.7541254565109956
2021-10-28,Combined Maximum-Sharpe (sentiment-fused),1.7931094706600232
2021-10-29,Combined Maximum-Sharpe (sentiment-fused),1.8038392115172361
2021-11-01,Combined Maximum-Sharpe (sentiment-fused),1.814931215036622
2021-11-02,Combined Maximum-Sharpe (sentiment-fused),1.8335482436513495
2021-11-03,Combined Maximum-Sharpe (sentiment-fused),1.8261350297394936
2021-11-04,Combined Maximum-Sharpe (sentiment-fused),1.8341283821461025
2021-11-05,Combined Maximum-Sharpe (sentiment-fused),1.800594398506614
2021-11-08,Combined Maximum-Sharpe (sentiment-fused),1.8229093090961828
2021-11-09,Combined Maximum-Sharpe (sentiment-fused),1.8222800537089308
2021-11-10,Combined Maximum-Sharpe (sentiment-fused),1.8054763594440768
2021-11-11,Combined Maximum-Sharpe (sentiment-fused),1.82095449892084
2021-11-12,Combined Maximum-Sharpe (sentiment-fused),1.8251128345418448
2021-11-15,Combined Maximum-Sharpe (sentiment-fused),1.8266744467765192
2021-11-16,Combined Maximum-Sharpe (sentiment-fused),1.8137130129353227
2021-11-17,Combined Maximum-Sharpe (sentiment-fused),1.8024084108731218
2021-11-18,Combined Maximum-Sharpe (sentiment-fused),1.816038521039595
2021-11-19,Combined Maximum-Sharpe (sentiment-fused),1.7975223804924882
2021-11-22,Combined Maximum-Sharpe (sentiment-fused),1.8001363295473187
2021-11-23,Combined Maximum-Sharpe (sentiment-fused),1.8214854977344035
2021-11-24,Combined Maximum-Sharpe (sentiment-fused),1.830298527590154
2021-11-26,Combined Maximum-Sharpe (sentiment-fused),1.7711223784559644
2021-11-29,Combined Maximum-Sharpe (sentiment-fused),1.791645393576734
2021-11-30,Combined Maximum-Sharpe (sentiment-fused),1.762342261738279
2021-12-01,Combined Maximum-Sharpe (sentiment-fused),1.742252054559113
2021-12-02,Combined Maximum-Sharpe (sentiment-fused),1.7908826297752827
2021-12-03,Combined Maximum-Sharpe (sentiment-fused),1.770397401371065
2021-12-06,Combined Maximum-Sharpe (sentiment-fused),1.7830994522616046
2021-12-07,Combined Maximum-Sharpe (sentiment-fused),1.8216873308720678
2021-12-08,Combined Maximum-Sharpe (sentiment-fused),1.8190292212516397
2021-12-09,Combined Maximum-Sharpe (sentiment-fused),1.7980235046635398
2021-12-10,Combined Maximum-Sharpe (sentiment-fused),1.8058257607468613
2021-12-13,Combined Maximum-Sharpe (sentiment-fused),1.7862175250071497
2021-12-14,Combined Maximum-Sharpe (sentiment-fused),1.7874953919122782
2021-12-15,Combined Maximum-Sharpe (sentiment-fused),1.8321767523656172
2021-12-16,Combined Maximum-Sharpe (sentiment-fused),1.8239811982903622
2021-12-17,Combined Maximum-Sharpe (sentiment-fused),1.795963766380772
2021-12-20,Combined Maximum-Sharpe (sentiment-fused),1.7914890995004955
2021-12-21,Combined Maximum-Sharpe (sentiment-fused),1.8101071916923064
2021-12-22,Combined Maximum-Sharpe (sentiment-fused),1.8284386363904932
2021-12-23,Combined Maximum-Sharpe (sentiment-fused),1.833246344606216
2021-12-27,Combined Maximum-Sharpe (sentiment-fused),1.8728788718371372
2021-12-28,Combined Maximum-Sharpe (sentiment-fused),1.8639743417365608
2021-12-29,Combined Maximum-Sharpe (sentiment-fused),1.8635323309129368
2021-12-30,Combined Maximum-Sharpe (sentiment-fused),1.8568419523766102
2021-12-31,Combined Maximum-Sharpe (sentiment-fused),1.8554278291935347
2022-01-03,Combined Maximum-Sharpe (sentiment-fused),1.8550411838091483
2022-01-04,Combined Maximum-Sharpe (sentiment-fused),1.8613388521817733
2022-01-05,Combined Maximum-Sharpe (sentiment-fused),1.8450120708624864
2022-01-06,Combined Maximum-Sharpe (sentiment-fused),1.8524542467870384
2022-01-07,Combined Maximum-Sharpe (sentiment-fused),1.828206777947065
2022-01-10,Combined Maximum-Sharpe (sentiment-fused),1.8328750474030704
2022-01-11,Combined Maximum-Sharpe (sentiment-fused),1.8487852555960926
2022-01-12,Combined Maximum-Sharpe (sentiment-fused),1.8685138704080178
2022-01-13,Combined Maximum-Sharpe (sentiment-fused),1.8410409944945412
2022-01-14,Combined Maximum-Sharpe (sentiment-fused),1.8455238794201065
2022-01-18,Combined Maximum-Sharpe (sentiment-fused),1.8217342167500017
2022-01-19,Combined Maximum-Sharpe (sentiment-fused),1.7987131811603128
2022-01-20,Combined Maximum-Sharpe (sentiment-fused),1.7661434986882196
2022-01-21,Combined Maximum-Sharpe (sentiment-fused),1.739272069934094
2022-01-24,Combined Maximum-Sharpe (sentiment-fused),1.7364883857415225
2022-01-25,Combined Maximum-Sharpe (sentiment-fused),1.7365060352438195
2022-01-26,Combined Maximum-Sharpe (sentiment-fused),1.722822081928636
2022-01-27,Combined Maximum-Sharpe (sentiment-fused),1.7223019801691761
2022-01-28,Combined Maximum-Sharpe (sentiment-fused),1.777295743662134
2022-01-31,Combined Maximum-Sharpe (sentiment-fused),1.7923549801148448
2022-02-01,Combined Maximum-Sharpe (sentiment-fused),1.8069037201091023
2022-02-02,Combined Maximum-Sharpe (sentiment-fused),1.8585918746982597
2022-02-03,Combined Maximum-Sharpe (sentiment-fused),1.8463003841368992
2022-02-04,Combined Maximum-Sharpe (sentiment-fused),1.8409354102340374
2022-02-07,Combined Maximum-Sharpe (sentiment-fused),1.8522305021059213
2022-02-08,Combined Maximum-Sharpe (sentiment-fused),1.8558736374826938
2022-02-09,Combined Maximum-Sharpe (sentiment-fused),1.891296167023098
2022-02-10,Combined Maximum-Sharpe (sentiment-fused),1.8577756427712697
2022-02-11,Combined Maximum-Sharpe (sentiment-fused),1.8477650204530967
2022-02-14,Combined Maximum-Sharpe (sentiment-fused),1.8335661584847638
2022-02-15,Combined Maximum-Sharpe (sentiment-fused),1.833667128141011
2022-02-16,Combined Maximum-Sharpe (sentiment-fused),1.8358782978314718
2022-02-17,Combined Maximum-Sharpe (sentiment-fused),1.8075206237676682
2022-02-18,Combined Maximum-Sharpe (sentiment-fused),1.792850933642136
2022-02-22,Combined Maximum-Sharpe (sentiment-fused),1.7824791428227362
2022-02-23,Combined Maximum-Sharpe (sentiment-fused),1.8072782229246793
2022-02-24,Combined Maximum-Sharpe (sentiment-fused),1.8046300876131756
2022-02-25,Combined Maximum-Sharpe (sentiment-fused),1.8676615539537842
2022-02-28,Combined Maximum-Sharpe (sentiment-fused),1.859564734799082
2022-03-01,Combined Maximum-Sharpe (sentiment-fused),1.865834053346138
2022-03-02,Combined Maximum-Sharpe (sentiment-fused),1.8993984399408441
2022-03-03,Combined Maximum-Sharpe (sentiment-fused),1.9200935894998403
2022-03-04,Combined Maximum-Sharpe (sentiment-fused),1.9376909849257757
2022-03-07,Combined Maximum-Sharpe (sentiment-fused),1.9225270070747378
2022-03-08,Combined Maximum-Sharpe (sentiment-fused),1.8804554794239974
2022-03-09,Combined Maximum-Sharpe (sentiment-fused),1.8948082010358107
2022-03-10,Combined Maximum-Sharpe (sentiment-fused),1.907206898566065
2022-03-11,Combined Maximum-Sharpe (sentiment-fused),1.8930618576312332
2022-03-14,Combined Maximum-Sharpe (sentiment-fused),1.8722240180227279
2022-03-15,Combined Maximum-Sharpe (sentiment-fused),1.8782398182953515
2022-03-16,Combined Maximum-Sharpe (sentiment-fused),1.8908759485396633
2022-03-17,Combined Maximum-Sharpe (sentiment-fused),1.9296647310669517
2022-03-18,Combined Maximum-Sharpe (sentiment-fused),1.940742600709783
2022-03-21,Combined Maximum-Sharpe (sentiment-fused),1.966101019346827
2022-03-22,Combined Maximum-Sharpe (sentiment-fused),1.9803362936026379
2022-03-23,Combined Maximum-Sharpe (sentiment-fused),1.9796693706345805
2022-03-24,Combined Maximum-Sharpe (sentiment-fused),2.0154150116257066
2022-03-25,Combined Maximum-Sharpe (sentiment-fused),2.0370529178929164
2022-03-28,Combined Maximum-Sharpe (sentiment-fused),2.0445571635332755
2022-03-29,Combined Maximum-Sharpe (sentiment-fused),2.0724374637526384
2022-03-30,Combined Maximum-Sharpe (sentiment-fused),2.074718141335679
2022-03-31,Combined Maximum-Sharpe (sentiment-fused),2.048269202710607
2022-04-01,Combined Maximum-Sharpe (sentiment-fused),2.068729361015265
2022-04-04,Combined Maximum-Sharpe (sentiment-fused),2.0609976503153202
2022-04-05,Combined Maximum-Sharpe (sentiment-fused),2.0544309993792695
2022-04-06,Combined Maximum-Sharpe (sentiment-fused),2.086645313191016
2022-04-07,Combined Maximum-Sharpe (sentiment-fused),2.1175683380872985
2022-04-08,Combined Maximum-Sharpe (sentiment-fused),2.130165504186237
2022-04-11,Combined Maximum-Sharpe (sentiment-fused),2.0719923545951486
2022-04-12,Combined Maximum-Sharpe (sentiment-fused),2.0822302629941896
2022-04-13,Combined Maximum-Sharpe (sentiment-fused),2.06738252013776
2022-04-14,Combined Maximum-Sharpe (sentiment-fused),2.0799817514335013
2022-04-18,Combined Maximum-Sharpe (sentiment-fused),2.0852186014649585
2022-04-19,Combined Maximum-Sharpe (sentiment-fused),2.0797977798892306
2022-04-20,Combined Maximum-Sharpe (sentiment-fused),2.092852899871064
2022-04-21,Combined Maximum-Sharpe (sentiment-fused),2.0574522522075838
2022-04-22,Combined Maximum-Sharpe (sentiment-fused),2.0051605274686803
2022-04-25,Combined Maximum-Sharpe (sentiment-fused),1.9881346802110709
2022-04-26,Combined Maximum-Sharpe (sentiment-fused),1.9673763113320861
2022-04-27,Combined Maximum-Sharpe (sentiment-fused),1.9735255542117265
2022-04-28,Combined Maximum-Sharpe (sentiment-fused),2.0108798027905403
2022-04-29,Combined Maximum-Sharpe (sentiment-fused),1.902142878096154
2022-05-02,Combined Maximum-Sharpe (sentiment-fused),1.8897202134152435
2022-05-03,Combined Maximum-Sharpe (sentiment-fused),1.9078781015404263
2022-05-04,Combined Maximum-Sharpe (sentiment-fused),1.945193360936592
2022-05-05,Combined Maximum-Sharpe (sentiment-fused),1.9112284252059137
2022-05-06,Combined Maximum-Sharpe (sentiment-fused),1.919099202489927
2022-05-09,Combined Maximum-Sharpe (sentiment-fused),1.8179215985742094
2022-05-10,Combined Maximum-Sharpe (sentiment-fused),1.814561230724056
2022-05-11,Combined Maximum-Sharpe (sentiment-fused),1.8151473739064414
2022-05-12,Combined Maximum-Sharpe (sentiment-fused),1.8257569453303901
2022-05-13,Combined Maximum-Sharpe (sentiment-fused),1.8590060454102633
2022-05-16,Combined Maximum-Sharpe (sentiment-fused),1.8778655026033166
2022-05-17,Combined Maximum-Sharpe (sentiment-fused),1.8896515689663496
2022-05-18,Combined Maximum-Sharpe (sentiment-fused),1.8319270799042575
2022-05-19,Combined Maximum-Sharpe (sentiment-fused),1.8309796217459575
2022-05-20,Combined Maximum-Sharpe (sentiment-fused),1.832644119411849
2022-05-23,Combined Maximum-Sharpe (sentiment-fused),1.8566345056378115
2022-05-24,Combined Maximum-Sharpe (sentiment-fused),1.862344369424621
2022-05-25,Combined Maximum-Sharpe (sentiment-fused),1.8863897404141898
2022-05-26,Combined Maximum-Sharpe (sentiment-fused),1.9023403276814215
2022-05-27,Combined Maximum-Sharpe (sentiment-fused),1.9340814909759512
2022-05-31,Combined Maximum-Sharpe (sentiment-fused),1.902400480444167
2022-06-01,Combined Maximum-Sharpe (sentiment-fused),1.9025447193159717
2022-06-02,Combined Maximum-Sharpe (sentiment-fused),1.9038428826790963
2022-06-03,Combined Maximum-Sharpe (sentiment-fused),1.9146496488434728
2022-06-06,Combined Maximum-Sharpe (sentiment-fused),1.9076823951926813
2022-06-07,Combined Maximum-Sharpe (sentiment-fused),1.941356542193926
2022-06-08,Combined Maximum-Sharpe (sentiment-fused),1.929331261380677
2022-06-09,Combined Maximum-Sharpe (sentiment-fused),1.880593030531737
2022-06-10,Combined Maximum-Sharpe (sentiment-fused),1.8561315573834354
2022-06-13,Combined Maximum-Sharpe (sentiment-fused),1.7809674463471614
2022-06-14,Combined Maximum-Sharpe (sentiment-fused),1.7689577492507258
2022-06-15,Combined Maximum-Sharpe (sentiment-fused),1.7580365036822294
2022-06-16,Combined Maximum-Sharpe (sentiment-fused),1.7159951216997864
2022-06-17,Combined Maximum-Sharpe (sentiment-fused),1.6711199010043354
2022-06-21,Combined Maximum-Sharpe (sentiment-fused),1.7356498266030802
2022-06-22,Combined Maximum-Sharpe (sentiment-fused),1.7215322492928526
2022-06-23,Combined Maximum-Sharpe (sentiment-fused),1.7155228468551242
2022-06-24,Combined Maximum-Sharpe (sentiment-fused),1.750098556198855
2022-06-27,Combined Maximum-Sharpe (sentiment-fused),1.7728260321117906
2022-06-28,Combined Maximum-Sharpe (sentiment-fused),1.7821257111405087
2022-06-29,Combined Maximum-Sharpe (sentiment-fused),1.7670054090611904
2022-06-30,Combined Maximum-Sharpe (sentiment-fused),1.7527064940228454
2022-07-01,Combined Maximum-Sharpe (sentiment-fused),1.7728035879518194
2022-07-05,Combined Maximum-Sharpe (sentiment-fused),1.7543515845008237
2022-07-06,Combined Maximum-Sharpe (sentiment-fused),1.7461879228719623
2022-07-07,Combined Maximum-Sharpe (sentiment-fused),1.7485158523973099
2022-07-08,Combined Maximum-Sharpe (sentiment-fused),1.7517207534080945
2022-07-11,Combined Maximum-Sharpe (sentiment-fused),1.7527626967981267
2022-07-12,Combined Maximum-Sharpe (sentiment-fused),1.7404227325817063
2022-07-13,Combined Maximum-Sharpe (sentiment-fused),1.7346299176387439
2022-07-14,Combined Maximum-Sharpe (sentiment-fused),1.7305388538813467
2022-07-15,Combined Maximum-Sharpe (sentiment-fused),1.7587710275521846
2022-07-18,Combined Maximum-Sharpe (sentiment-fused),1.732388803450876
2022-07-19,Combined Maximum-Sharpe (sentiment-fused),1.7478102140424923
2022-07-20,Combined Maximum-Sharpe (sentiment-fused),1.7311698011391583
2022-07-21,Combined Maximum-Sharpe (sentiment-fused),1.7270708359919575
2022-07-22,Combined Maximum-Sharpe (sentiment-fused),1.733405050469674
2022-07-25,Combined Maximum-Sharpe (sentiment-fused),1.7606340544856671
2022-07-26,Combined Maximum-Sharpe (sentiment-fused),1.7659815236339074
2022-07-27,Combined Maximum-Sharpe (sentiment-fused),1.7699597308081683
2022-07-28,Combined Maximum-Sharpe (sentiment-fused),1.7744941126011635
2022-07-29,Combined Maximum-Sharpe (sentiment-fused),1.7602838547405075
2022-08-01,Combined Maximum-Sharpe (sentiment-fused),1.7333810063881987
2022-08-02,Combined Maximum-Sharpe (sentiment-fused),1.7221004562071363
2022-08-03,Combined Maximum-Sharpe (sentiment-fused),1.7054878254211905
2022-08-04,Combined Maximum-Sharpe (sentiment-fused),1.6778838268121645
2022-08-05,Combined Maximum-Sharpe (sentiment-fused),1.6861495419257135
2022-08-08,Combined Maximum-Sharpe (sentiment-fused),1.6963232584271988
2022-08-09,Combined Maximum-Sharpe (sentiment-fused),1.7233961289028858
2022-08-10,Combined Maximum-Sharpe (sentiment-fused),1.7287914107778324
2022-08-11,Combined Maximum-Sharpe (sentiment-fused),1.751551193501061
2022-08-12,Combined Maximum-Sharpe (sentiment-fused),1.7630161219134317
2022-08-15,Combined Maximum-Sharpe (sentiment-fused),1.7496390377183753
2022-08-16,Combined Maximum-Sharpe (sentiment-fused),1.7507885148246767
2022-08-17,Combined Maximum-Sharpe (sentiment-fused),1.7501098273280837
2022-08-18,Combined Maximum-Sharpe (sentiment-fused),1.770916282830637
2022-08-19,Combined Maximum-Sharpe (sentiment-fused),1.805438705144651
2022-08-22,Combined Maximum-Sharpe (sentiment-fused),1.7793035131161958
2022-08-23,Combined Maximum-Sharpe (sentiment-fused),1.8088985162086344
2022-08-24,Combined Maximum-Sharpe (sentiment-fused),1.8151332215264888
2022-08-25,Combined Maximum-Sharpe (sentiment-fused),1.8234234817168455
2022-08-26,Combined Maximum-Sharpe (sentiment-fused),1.8001508460866482
2022-08-29,Combined Maximum-Sharpe (sentiment-fused),1.8116589441507933
2022-08-30,Combined Maximum-Sharpe (sentiment-fused),1.77621200753621
2022-08-31,Combined Maximum-Sharpe (sentiment-fused),1.756803412062249
2022-09-01,Combined Maximum-Sharpe (sentiment-fused),1.7627854102509237
2022-09-02,Combined Maximum-Sharpe (sentiment-fused),1.7603046090577765
2022-09-06,Combined Maximum-Sharpe (sentiment-fused),1.7500808110159773
2022-09-07,Combined Maximum-Sharpe (sentiment-fused),1.7485150427512777
2022-09-08,Combined Maximum-Sharpe (sentiment-fused),1.7522882665089186
2022-09-09,Combined Maximum-Sharpe (sentiment-fused),1.7752405427765932
2022-09-12,Combined Maximum-Sharpe (sentiment-fused),1.7942254676837945
2022-09-13,Combined Maximum-Sharpe (sentiment-fused),1.7520779993737607
2022-09-14,Combined Maximum-Sharpe (sentiment-fused),1.7863653296569253
2022-09-15,Combined Maximum-Sharpe (sentiment-fused),1.7665965161784063
2022-09-16,Combined Maximum-Sharpe (sentiment-fused),1.7582098215758686
2022-09-19,Combined Maximum-Sharpe (sentiment-fused),1.7597638096194081
2022-09-20,Combined Maximum-Sharpe (sentiment-fused),1.746434480238607
2022-09-21,Combined Maximum-Sharpe (sentiment-fused),1.7212414513627685
2022-09-22,Combined Maximum-Sharpe (sentiment-fused),1.7241464939677957
2022-09-23,Combined Maximum-Sharpe (sentiment-fused),1.6697869557296752
2022-09-26,Combined Maximum-Sharpe (sentiment-fused),1.6405219506322632
2022-09-27,Combined Maximum-Sharpe (sentiment-fused),1.6413151633407377
2022-09-28,Combined Maximum-Sharpe (sentiment-fused),1.691286358664786
2022-09-29,Combined Maximum-Sharpe (sentiment-fused),1.6736423404695835
2022-09-30,Combined Maximum-Sharpe (sentiment-fused),1.6285970246133914
2022-10-03,Combined Maximum-Sharpe (sentiment-fused),1.6930713395351364
2022-10-04,Combined Maximum-Sharpe (sentiment-fused),1.7428948056768947
2022-10-05,Combined Maximum-Sharpe (sentiment-fused),1.7594995764404335
2022-10-06,Combined Maximum-Sharpe (sentiment-fused),1.7573769707154783
2022-10-07,Combined Maximum-Sharpe (sentiment-fused),1.737567722254071
2022-10-10,Combined Maximum-Sharpe (sentiment-fused),1.7051304607727802
2022-10-11,Combined Maximum-Sharpe (sentiment-fused),1.7151692312641307
2022-10-12,Combined Maximum-Sharpe (sentiment-fused),1.7090999744060054
2022-10-13,Combined Maximum-Sharpe (sentiment-fused),1.774374540187566
2022-10-14,Combined Maximum-Sharpe (sentiment-fused),1.7550573539070013
2022-10-17,Combined Maximum-Sharpe (sentiment-fused),1.7725010853976935
2022-10-18,Combined Maximum-Sharpe (sentiment-fused),1.7813068979444289
2022-10-19,Combined Maximum-Sharpe (sentiment-fused),1.7855733878867488
2022-10-20,Combined Maximum-Sharpe (sentiment-fused),1.7862161592315846
2022-10-21,Combined Maximum-Sharpe (sentiment-fused),1.8374466565335037
2022-10-24,Combined Maximum-Sharpe (sentiment-fused),1.8595077996555727
2022-10-25,Combined Maximum-Sharpe (sentiment-fused),1.8601171583175862
2022-10-26,Combined Maximum-Sharpe (sentiment-fused),1.8898021416670812
2022-10-27,Combined Maximum-Sharpe (sentiment-fused),1.8928429918721523
2022-10-28,Combined Maximum-Sharpe (sentiment-fused),1.8625015262893923
2022-10-31,Combined Maximum-Sharpe (sentiment-fused),1.8590712682877768
2022-11-01,Combined Maximum-Sharpe (sentiment-fused),1.8721385808135793
2022-11-02,Combined Maximum-Sharpe (sentiment-fused),1.8389117829203006
2022-11-03,Combined Maximum-Sharpe (sentiment-fused),1.8462716022750265
2022-11-04,Combined Maximum-Sharpe (sentiment-fused),1.8654783495217995
2022-11-07,Combined Maximum-Sharpe (sentiment-fused),1.9027788977654247
2022-11-08,Combined Maximum-Sharpe (sentiment-fused),1.9328762570818545
2022-11-09,Combined Maximum-Sharpe (sentiment-fused),1.8860773260342942
2022-11-10,Combined Maximum-Sharpe (sentiment-fused),1.9103208802791425
2022-11-11,Combined Maximum-Sharpe (sentiment-fused),1.9253454907280765
2022-11-14,Combined Maximum-Sharpe (sentiment-fused),1.9323760079510472
2022-11-15,Combined Maximum-Sharpe (sentiment-fused),1.940110243391878
2022-11-16,Combined Maximum-Sharpe (sentiment-fused),1.9278284959881573
2022-11-17,Combined Maximum-Sharpe (sentiment-fused),1.9373185451855328
2022-11-18,Combined Maximum-Sharpe (sentiment-fused),1.940588657241067
2022-11-21,Combined Maximum-Sharpe (sentiment-fused),1.940868842437423
2022-11-22,Combined Maximum-Sharpe (sentiment-fused),1.9725107030801703
2022-11-23,Combined Maximum-Sharpe (sentiment-fused),1.9578921913495304
2022-11-25,Combined Maximum-Sharpe (sentiment-fused),1.9572828259397121
2022-11-28,Combined Maximum-Sharpe (sentiment-fused),1.9262529164099802
2022-11-29,Combined Maximum-Sharpe (sentiment-fused),1.9331544088413193
2022-11-30,Combined Maximum-Sharpe (sentiment-fused),1.9607991957471425
2022-12-01,Combined Maximum-Sharpe (sentiment-fused),1.9571173916846012
2022-12-02,Combined Maximum-Sharpe (sentiment-fused),1.9559330595677487
2022-12-05,Combined Maximum-Sharpe (sentiment-fused),1.9410036122742438
2022-12-06,Combined Maximum-Sharpe (sentiment-fused),1.9160208912736294
2022-12-07,Combined Maximum-Sharpe (sentiment-fused),1.9281969044932907
2022-12-08,Combined Maximum-Sharpe (sentiment-fused),1.932568895316491
2022-12-09,Combined Maximum-Sharpe (sentiment-fused),1.8975728536668461
2022-12-12,Combined Maximum-Sharpe (sentiment-fused),1.9087513138433922
2022-12-13,Combined Maximum-Sharpe (sentiment-fused),1.9154921497058177
2022-12-14,Combined Maximum-Sharpe (sentiment-fused),1.9194023888750338
2022-12-15,Combined Maximum-Sharpe (sentiment-fused),1.890601282745968
2022-12-16,Combined Maximum-Sharpe (sentiment-fused),1.885445808684369
2022-12-19,Combined Maximum-Sharpe (sentiment-fused),1.8852258108065467
2022-12-20,Combined Maximum-Sharpe (sentiment-fused),1.8879051110426994
2022-12-21,Combined Maximum-Sharpe (sentiment-fused),1.909155375281688
2022-12-22,Combined Maximum-Sharpe (sentiment-fused),1.8969382121248846
2022-12-23,Combined Maximum-Sharpe (sentiment-fused),1.9119396618682256
2022-12-27,Combined Maximum-Sharpe (sentiment-fused),1.9181069956102328
2022-12-28,Combined Maximum-Sharpe (sentiment-fused),1.8951570005501408
2022-12-29,Combined Maximum-Sharpe (sentiment-fused),1.9002277700509103
2022-12-30,Combined Maximum-Sharpe (sentiment-fused),1.904401188683466
2023-01-03,Combined Maximum-Sharpe (sentiment-fused),1.8884848948449011
2023-01-04,Combined Maximum-Sharpe (sentiment-fused),1.9009205102588485
2023-01-05,Combined Maximum-Sharpe (sentiment-fused),1.9312214878899927
2023-01-06,Combined Maximum-Sharpe (sentiment-fused),1.9561533707045478
2023-01-09,Combined Maximum-Sharpe (sentiment-fused),1.8984623397877565
2023-01-10,Combined Maximum-Sharpe (sentiment-fused),1.909812015949607
2023-01-11,Combined Maximum-Sharpe (sentiment-fused),1.9167991988265842
2023-01-12,Combined Maximum-Sharpe (sentiment-fused),1.936296138193982
2023-01-13,Combined Maximum-Sharpe (sentiment-fused),1.9403484439549927
2023-01-17,Combined Maximum-Sharpe (sentiment-fused),1.9164447515894723
2023-01-18,Combined Maximum-Sharpe (sentiment-fused),1.8876334738480967
2023-01-19,Combined Maximum-Sharpe (sentiment-fused),1.9065871407677806
2023-01-20,Combined Maximum-Sharpe (sentiment-fused),1.9180817909134145
2023-01-23,Combined Maximum-Sharpe (sentiment-fused),1.91372724043652
2023-01-24,Combined Maximum-Sharpe (sentiment-fused),1.894496037679673
2023-01-25,Combined Maximum-Sharpe (sentiment-fused),1.8931136983356887
2023-01-26,Combined Maximum-Sharpe (sentiment-fused),1.896070127446715
2023-01-27,Combined Maximum-Sharpe (sentiment-fused),1.869654372827682
2023-01-30,Combined Maximum-Sharpe (sentiment-fused),1.8636799385670824
2023-01-31,Combined Maximum-Sharpe (sentiment-fused),1.8893490778546165
2023-02-01,Combined Maximum-Sharpe (sentiment-fused),1.8749887250859558
2023-02-02,Combined Maximum-Sharpe (sentiment-fused),1.8292416433920666
2023-02-03,Combined Maximum-Sharpe (sentiment-fused),1.825807220656107
2023-02-06,Combined Maximum-Sharpe (sentiment-fused),1.8180644794122245
2023-02-07,Combined Maximum-Sharpe (sentiment-fused),1.8404007682546686
2023-02-08,Combined Maximum-Sharpe (sentiment-fused),1.8436071534943441
2023-02-09,Combined Maximum-Sharpe (sentiment-fused),1.8376199409569431
2023-02-10,Combined Maximum-Sharpe (sentiment-fused),1.8710891396303022
2023-02-13,Combined Maximum-Sharpe (sentiment-fused),1.8890749188512883
2023-02-14,Combined Maximum-Sharpe (sentiment-fused),1.8877583022913846
2023-02-15,Combined Maximum-Sharpe (sentiment-fused),1.8725005618189001
2023-02-16,Combined Maximum-Sharpe (sentiment-fused),1.8585801335323917
2023-02-17,Combined Maximum-Sharpe (sentiment-fused),1.869939855393865
2023-02-21,Combined Maximum-Sharpe (sentiment-fused),1.852636600837564
2023-02-22,Combined Maximum-Sharpe (sentiment-fused),1.846301715290802
2023-02-23,Combined Maximum-Sharpe (sentiment-fused),1.8527993169773909
2023-02-24,Combined Maximum-Sharpe (sentiment-fused),1.8435123403823872
2023-02-27,Combined Maximum-Sharpe (sentiment-fused),1.8418758888410203
2023-02-28,Combined Maximum-Sharpe (sentiment-fused),1.8185653163927837
2023-03-01,Combined Maximum-Sharpe (sentiment-fused),1.8278494088939639
2023-03-02,Combined Maximum-Sharpe (sentiment-fused),1.835544529132823
2023-03-03,Combined Maximum-Sharpe (sentiment-fused),1.844712888931956
2023-03-06,Combined Maximum-Sharpe (sentiment-fused),1.8915940595631888
2023-03-07,Combined Maximum-Sharpe (sentiment-fused),1.8800474819518516
2023-03-08,Combined Maximum-Sharpe (sentiment-fused),1.8438704790278715
2023-03-09,Combined Maximum-Sharpe (sentiment-fused),1.8275888265182352
2023-03-10,Combined Maximum-Sharpe (sentiment-fused),1.8199667675538063
2023-03-13,Combined Maximum-Sharpe (sentiment-fused),1.793688547501041
2023-03-14,Combined Maximum-Sharpe (sentiment-fused),1.8185677000558371
2023-03-15,Combined Maximum-Sharpe (sentiment-fused),1.7986752686213683
2023-03-16,Combined Maximum-Sharpe (sentiment-fused),1.7942195187724088
2023-03-17,Combined Maximum-Sharpe (sentiment-fused),1.7490525587694539
2023-03-20,Combined Maximum-Sharpe (sentiment-fused),1.785233043009058
2023-03-21,Combined Maximum-Sharpe (sentiment-fused),1.8023829775631393
2023-03-22,Combined Maximum-Sharpe (sentiment-fused),1.7751935578516846
2023-03-23,Combined Maximum-Sharpe (sentiment-fused),1.7712185754351613
2023-03-24,Combined Maximum-Sharpe (sentiment-fused),1.780539066460978
2023-03-27,Combined Maximum-Sharpe (sentiment-fused),1.8109097009724928
2023-03-28,Combined Maximum-Sharpe (sentiment-fused),1.8056733234994207
2023-03-29,Combined Maximum-Sharpe (sentiment-fused),1.808590927261885
2023-03-30,Combined Maximum-Sharpe (sentiment-fused),1.8223215480726513
2023-03-31,Combined Maximum-Sharpe (sentiment-fused),1.8334078140379766
2023-04-03,Combined Maximum-Sharpe (sentiment-fused),1.8857446894854195
2023-04-04,Combined Maximum-Sharpe (sentiment-fused),1.8711021206169278
2023-04-05,Combined Maximum-Sharpe (sentiment-fused),1.906649772714882
2023-04-06,Combined Maximum-Sharpe (sentiment-fused),1.9006925746379941
2023-04-10,Combined Maximum-Sharpe (sentiment-fused),1.899016165083782
2023-04-11,Combined Maximum-Sharpe (sentiment-fused),1.8990430172967816
2023-04-12,Combined Maximum-Sharpe (sentiment-fused),1.906418319277092
2023-04-13,Combined Maximum-Sharpe (sentiment-fused),1.9283557440293686
2023-04-14,Combined Maximum-Sharpe (sentiment-fused),1.9288178786177643
2023-04-17,Combined Maximum-Sharpe (sentiment-fused),1.9296512431112485
2023-04-18,Combined Maximum-Sharpe (sentiment-fused),1.9405967725772861
2023-04-19,Combined Maximum-Sharpe (sentiment-fused),1.9376036703648096
2023-04-20,Combined Maximum-Sharpe (sentiment-fused),1.9402289627611458
2023-04-21,Combined Maximum-Sharpe (sentiment-fused),1.9601746638908666
2023-04-24,Combined Maximum-Sharpe (sentiment-fused),1.9736144955058144
2023-04-25,Combined Maximum-Sharpe (sentiment-fused),1.9622390351739436
2023-04-26,Combined Maximum-Sharpe (sentiment-fused),1.9197209834030184
2023-04-27,Combined Maximum-Sharpe (sentiment-fused),1.9406672869617545
2023-04-28,Combined Maximum-Sharpe (sentiment-fused),1.942384839257479
2023-05-01,Combined Maximum-Sharpe (sentiment-fused),1.9390219941699807
2023-05-02,Combined Maximum-Sharpe (sentiment-fused),1.9481200969490626
2023-05-03,Combined Maximum-Sharpe (sentiment-fused),1.9223045457583061
2023-05-04,Combined Maximum-Sharpe (sentiment-fused),1.9001084353769262
2023-05-05,Combined Maximum-Sharpe (sentiment-fused),1.9183455474434592
2023-05-08,Combined Maximum-Sharpe (sentiment-fused),1.9258905293929307
2023-05-09,Combined Maximum-Sharpe (sentiment-fused),1.919302215577465
2023-05-10,Combined Maximum-Sharpe (sentiment-fused),1.9115204471311422
2023-05-11,Combined Maximum-Sharpe (sentiment-fused),1.9069139209618988
2023-05-12,Combined Maximum-Sharpe (sentiment-fused),1.8999030782045483
2023-05-15,Combined Maximum-Sharpe (sentiment-fused),1.9187727983137266
2023-05-16,Combined Maximum-Sharpe (sentiment-fused),1.9060575682089227
2023-05-17,Combined Maximum-Sharpe (sentiment-fused),1.916048866733172
2023-05-18,Combined Maximum-Sharpe (sentiment-fused),1.9179038273601283
2023-05-19,Combined Maximum-Sharpe (sentiment-fused),1.9264928529683165
2023-05-22,Combined Maximum-Sharpe (sentiment-fused),1.9135098568663103
2023-05-23,Combined Maximum-Sharpe (sentiment-fused),1.8798822173154672
2023-05-24,Combined Maximum-Sharpe (sentiment-fused),1.8764219727663394
2023-05-25,Combined Maximum-Sharpe (sentiment-fused),1.8651223976578173
2023-05-26,Combined Maximum-Sharpe (sentiment-fused),1.8640722927281357
2023-05-30,Combined Maximum-Sharpe (sentiment-fused),1.8452415945510834
2023-05-31,Combined Maximum-Sharpe (sentiment-fused),1.8478887788748555
2023-06-01,Combined Maximum-Sharpe (sentiment-fused),1.8709028809833368
2023-06-02,Combined Maximum-Sharpe (sentiment-fused),1.8918854882123628
2023-06-05,Combined Maximum-Sharpe (sentiment-fused),1.8772537851123203
2023-06-06,Combined Maximum-Sharpe (sentiment-fused),1.8646555680720809
2023-06-07,Combined Maximum-Sharpe (sentiment-fused),1.8474685479801323
2023-06-08,Combined Maximum-Sharpe (sentiment-fused),1.870534983606839
2023-06-09,Combined Maximum-Sharpe (sentiment-fused),1.8800678064776415
2023-06-12,Combined Maximum-Sharpe (sentiment-fused),1.881214753490538
2023-06-13,Combined Maximum-Sharpe (sentiment-fused),1.894590463851233
2023-06-14,Combined Maximum-Sharpe (sentiment-fused),1.8809116462478899
2023-06-15,Combined Maximum-Sharpe (sentiment-fused),1.8886005488233601
2023-06-16,Combined Maximum-Sharpe (sentiment-fused),1.8920715909212993
2023-06-20,Combined Maximum-Sharpe (sentiment-fused),1.8917018358008373
2023-06-21,Combined Maximum-Sharpe (sentiment-fused),1.9014922603458662
2023-06-22,Combined Maximum-Sharpe (sentiment-fused),1.9152972311931171
2023-06-23,Combined Maximum-Sharpe (sentiment-fused),1.9103510049116914
2023-06-26,Combined Maximum-Sharpe (sentiment-fused),1.8891544841336367
2023-06-27,Combined Maximum-Sharpe (sentiment-fused),1.9048968216082287
2023-06-28,Combined Maximum-Sharpe (sentiment-fused),1.900133359381521
2023-06-29,Combined Maximum-Sharpe (sentiment-fused),1.9130259144546047
2023-06-30,Combined Maximum-Sharpe (sentiment-fused),1.9484659939197129
2023-07-03,Combined Maximum-Sharpe (sentiment-fused),1.9343959080060222
2023-07-05,Combined Maximum-Sharpe (sentiment-fused),1.9330970113652202
2023-07-06,Combined Maximum-Sharpe (sentiment-fused),1.9121498459081596
2023-07-07,Combined Maximum-Sharpe (sentiment-fused),1.9065276753628821
2023-07-10,Combined Maximum-Sharpe (sentiment-fused),1.9344861651681076
2023-07-11,Combined Maximum-Sharpe (sentiment-fused),1.9348342279567352
2023-07-12,Combined Maximum-Sharpe (sentiment-fused),1.9392803520772461
2023-07-13,Combined Maximum-Sharpe (sentiment-fused),1.9730657598396926
2023-07-14,Combined Maximum-Sharpe (sentiment-fused),1.9588745587509433
2023-07-17,Combined Maximum-Sharpe (sentiment-fused),1.958850141437751
2023-07-18,Combined Maximum-Sharpe (sentiment-fused),1.9677260456273582
2023-07-19,Combined Maximum-Sharpe (sentiment-fused),1.9585146278276193
2023-07-20,Combined Maximum-Sharpe (sentiment-fused),1.9765392834715942
2023-07-21,Combined Maximum-Sharpe (sentiment-fused),1.9731099556599825
2023-07-24,Combined Maximum-Sharpe (sentiment-fused),1.9605895610437674
2023-07-25,Combined Maximum-Sharpe (sentiment-fused),2.017530629277634
2023-07-26,Combined Maximum-Sharpe (sentiment-fused),1.9975695639260813
2023-07-27,Combined Maximum-Sharpe (sentiment-fused),1.9967021203975284
2023-07-28,Combined Maximum-Sharpe (sentiment-fused),1.9971023992426493
2023-07-31,Combined Maximum-Sharpe (sentiment-fused),1.994932120752162
2023-08-01,Combined Maximum-Sharpe (sentiment-fused),1.9771283817872911
2023-08-02,Combined Maximum-Sharpe (sentiment-fused),1.9431486749036397
2023-08-03,Combined Maximum-Sharpe (sentiment-fused),1.944470684616509
2023-08-04,Combined Maximum-Sharpe (sentiment-fused),1.9501504096798319
2023-08-07,Combined Maximum-Sharpe (sentiment-fused),1.9804333886812335
2023-08-08,Combined Maximum-Sharpe (sentiment-fused),1.9698430430614684
2023-08-09,Combined Maximum-Sharpe (sentiment-fused),1.9436575947111703
2023-08-10,Combined Maximum-Sharpe (sentiment-fused),1.9492390454882493
2023-08-11,Combined Maximum-Sharpe (sentiment-fused),1.9514475657309305
2023-08-14,Combined Maximum-Sharpe (sentiment-fused),1.986275335911962
2023-08-15,Combined Maximum-Sharpe (sentiment-fused),1.9641840449511108
2023-08-16,Combined Maximum-Sharpe (sentiment-fused),1.9449367364049437
2023-08-17,Combined Maximum-Sharpe (sentiment-fused),1.8948669329532197
2023-08-18,Combined Maximum-Sharpe (sentiment-fused),1.9026852250148256
2023-08-21,Combined Maximum-Sharpe (sentiment-fused),1.925752766124761
2023-08-22,Combined Maximum-Sharpe (sentiment-fused),1.9069868899566504
2023-08-23,Combined Maximum-Sharpe (sentiment-fused),1.9495668353228457
2023-08-24,Combined Maximum-Sharpe (sentiment-fused),1.9190383764272472
2023-08-25,Combined Maximum-Sharpe (sentiment-fused),1.922806431894633
2023-08-28,Combined Maximum-Sharpe (sentiment-fused),1.9436648818628535
2023-08-29,Combined Maximum-Sharpe (sentiment-fused),1.9889553369117696
2023-08-30,Combined Maximum-Sharpe (sentiment-fused),1.9785601419515184
2023-08-31,Combined Maximum-Sharpe (sentiment-fused),1.9695852850803257
2023-09-01,Combined Maximum-Sharpe (sentiment-fused),1.960705782206164
2023-09-05,Combined Maximum-Sharpe (sentiment-fused),1.940941274493911
2023-09-06,Combined Maximum-Sharpe (sentiment-fused),1.9202096386604317
2023-09-07,Combined Maximum-Sharpe (sentiment-fused),1.9109224625970302
2023-09-08,Combined Maximum-Sharpe (sentiment-fused),1.907173780640057
2023-09-11,Combined Maximum-Sharpe (sentiment-fused),1.916250106596963
2023-09-12,Combined Maximum-Sharpe (sentiment-fused),1.9251101765227192
2023-09-13,Combined Maximum-Sharpe (sentiment-fused),1.91655500379202
2023-09-14,Combined Maximum-Sharpe (sentiment-fused),1.9405318195418264
2023-09-15,Combined Maximum-Sharpe (sentiment-fused),1.9203360754813323
2023-09-18,Combined Maximum-Sharpe (sentiment-fused),1.9333375337348928
2023-09-19,Combined Maximum-Sharpe (sentiment-fused),1.9247764744660472
2023-09-20,Combined Maximum-Sharpe (sentiment-fused),1.8995334232304266
2023-09-21,Combined Maximum-Sharpe (sentiment-fused),1.865829110992139
2023-09-22,Combined Maximum-Sharpe (sentiment-fused),1.8593115795074364
2023-09-25,Combined Maximum-Sharpe (sentiment-fused),1.87049688254349
2023-09-26,Combined Maximum-Sharpe (sentiment-fused),1.8519093681799401
2023-09-27,Combined Maximum-Sharpe (sentiment-fused),1.8633323851202803
2023-09-28,Combined Maximum-Sharpe (sentiment-fused),1.8857008731002518
2023-09-29,Combined Maximum-Sharpe (sentiment-fused),1.8706526640835406
2023-10-02,Combined Maximum-Sharpe (sentiment-fused),1.869788916308468
2023-10-03,Combined Maximum-Sharpe (sentiment-fused),1.837720616999129
2023-10-04,Combined Maximum-Sharpe (sentiment-fused),1.8535625881405895
2023-10-05,Combined Maximum-Sharpe (sentiment-fused),1.8606624131996643
2023-10-06,Combined Maximum-Sharpe (sentiment-fused),1.8931461273586683
2023-10-09,Combined Maximum-Sharpe (sentiment-fused),1.8848879258098337
2023-10-10,Combined Maximum-Sharpe (sentiment-fused),1.8932745066423984
2023-10-11,Combined Maximum-Sharpe (sentiment-fused),1.9257567939911868
2023-10-12,Combined Maximum-Sharpe (sentiment-fused),1.9148898496755606
2023-10-13,Combined Maximum-Sharpe (sentiment-fused),1.890174397221748
2023-10-16,Combined Maximum-Sharpe (sentiment-fused),1.9053544170420043
2023-10-17,Combined Maximum-Sharpe (sentiment-fused),1.8882954372831742
2023-10-18,Combined Maximum-Sharpe (sentiment-fused),1.8463222782914712
2023-10-19,Combined Maximum-Sharpe (sentiment-fused),1.8329768606875272
2023-10-20,Combined Maximum-Sharpe (sentiment-fused),1.8285975481915209
2023-10-23,Combined Maximum-Sharpe (sentiment-fused),1.852448994152099
2023-10-24,Combined Maximum-Sharpe (sentiment-fused),1.903800115825895
2023-10-25,Combined Maximum-Sharpe (sentiment-fused),1.8674062962981275
2023-10-26,Combined Maximum-Sharpe (sentiment-fused),1.8366028305096536
2023-10-27,Combined Maximum-Sharpe (sentiment-fused),1.8040191400128875
2023-10-30,Combined Maximum-Sharpe (sentiment-fused),1.8357688054555166
2023-10-31,Combined Maximum-Sharpe (sentiment-fused),1.8137564861191706
2023-11-01,Combined Maximum-Sharpe (sentiment-fused),1.8265336616087606
2023-11-02,Combined Maximum-Sharpe (sentiment-fused),1.837466943114471
2023-11-03,Combined Maximum-Sharpe (sentiment-fused),1.8623300852921818
2023-11-06,Combined Maximum-Sharpe (sentiment-fused),1.8990587096718428
2023-11-07,Combined Maximum-Sharpe (sentiment-fused),1.9024029198650176
2023-11-08,Combined Maximum-Sharpe (sentiment-fused),1.9252304280614196
2023-11-09,Combined Maximum-Sharpe (sentiment-fused),1.9157317618996044
2023-11-10,Combined Maximum-Sharpe (sentiment-fused),1.9499041859422004
2023-11-13,Combined Maximum-Sharpe (sentiment-fused),1.95678927296114
2023-11-14,Combined Maximum-Sharpe (sentiment-fused),1.977907082389315
2023-11-15,Combined Maximum-Sharpe (sentiment-fused),1.970534447750584
2023-11-16,Combined Maximum-Sharpe (sentiment-fused),1.9744817732360747
2023-11-17,Combined Maximum-Sharpe (sentiment-fused),1.9763050876668553
2023-11-20,Combined Maximum-Sharpe (sentiment-fused),1.985100393759108
2023-11-21,Combined Maximum-Sharpe (sentiment-fused),1.972417449586361
2023-11-22,Combined Maximum-Sharpe (sentiment-fused),1.9625585356563093
2023-11-24,Combined Maximum-Sharpe (sentiment-fused),1.9605129719838654
2023-11-27,Combined Maximum-Sharpe (sentiment-fused),1.9628396737711942
2023-11-28,Combined Maximum-Sharpe (sentiment-fused),1.9519231163315545
2023-11-29,Combined Maximum-Sharpe (sentiment-fused),1.9514190329555559
2023-11-30,Combined Maximum-Sharpe (sentiment-fused),1.9624460658092768
2023-12-01,Combined Maximum-Sharpe (sentiment-fused),1.969527881277899
2023-12-04,Combined Maximum-Sharpe (sentiment-fused),1.9639968136481232
2023-12-05,Combined Maximum-Sharpe (sentiment-fused),1.9772224141162067
2023-12-06,Combined Maximum-Sharpe (sentiment-fused),1.9577248853001292
2023-12-07,Combined Maximum-Sharpe (sentiment-fused),1.9696373533053448
2023-12-08,Combined Maximum-Sharpe (sentiment-fused),1.995453916412845
2023-12-11,Combined Maximum-Sharpe (sentiment-fused),1.9683074125881754
2023-12-12,Combined Maximum-Sharpe (sentiment-fused),1.99580957604945
2023-12-13,Combined Maximum-Sharpe (sentiment-fused),2.0059411603871506
2023-12-14,Combined Maximum-Sharpe (sentiment-fused),2.002034488168077
2023-12-15,Combined Maximum-Sharpe (sentiment-fused),2.0111149030287416
2023-12-18,Combined Maximum-Sharpe (sentiment-fused),2.037966622743701
2023-12-19,Combined Maximum-Sharpe (sentiment-fused),2.047719792294217
2023-12-20,Combined Maximum-Sharpe (sentiment-fused),2.0173885334985804
2023-12-21,Combined Maximum-Sharpe (sentiment-fused),2.0566792922633104
2023-12-22,Combined Maximum-Sharpe (sentiment-fused),2.0571777700730247
2023-12-26,Combined Maximum-Sharpe (sentiment-fused),2.0627305944121868
2023-12-27,Combined Maximum-Sharpe (sentiment-fused),2.0885198900092505
2023-12-28,Combined Maximum-Sharpe (sentiment-fused),2.0862293372299305
2023-12-29,Combined Maximum-Sharpe (sentiment-fused),2.0757878500697617
2021-01-04,Combined Minimum-Variance (base),0.9921472856555311
2021-01-05,Combined Minimum-Variance (base),0.9728996961602632
2021-01-06,Combined Minimum-Variance (base),0.9706634712219738
2021-01-07,Combined Minimum-Variance (base),0.962055573611919
2021-01-08,Combined Minimum-Variance (base),0.9634742278087579
2021-01-11,Combined Minimum-Variance (base),0.9691894755574836
2021-01-12,Combined Minimum-Variance (base),0.966077903200657
2021-01-13,Combined Minimum-Variance (base),0.9524312045310793
2021-01-14,Combined Minimum-Variance (base),0.9485641758136513
2021-01-15,Combined Minimum-Variance (base),0.9516188581323414
2021-01-19,Combined Minimum-Variance (base),0.9325905772286138
2021-01-20,Combined Minimum-Variance (base),0.9523595312120315
2021-01-21,Combined Minimum-Variance (base),0.9488398234221681
2021-01-22,Combined Minimum-Variance (base),0.9433400774864118
2021-01-25,Combined Minimum-Variance (base),0.9409025557777593
2021-01-26,Combined Minimum-Variance (base),0.9533402819463025
2021-01-27,Combined Minimum-Variance (base),0.9349355637561082
2021-01-28,Combined Minimum-Variance (base),0.9373556860168518
2021-01-29,Combined Minimum-Variance (base),0.9204060009645042
2021-02-01,Combined Minimum-Variance (base),0.9173703403926973
2021-02-02,Combined Minimum-Variance (base),0.921592783235788
2021-02-03,Combined Minimum-Variance (base),0.9107152053641147
2021-02-04,Combined Minimum-Variance (base),0.9204246297277875
2021-02-05,Combined Minimum-Variance (base),0.9381983952030443
2021-02-08,Combined Minimum-Variance (base),0.9339733928915216
2021-02-09,Combined Minimum-Variance (base),0.932525569045464
2021-02-10,Combined Minimum-Variance (base),0.9145324301090452
2021-02-11,Combined Minimum-Variance (base),0.9113986960307359
2021-02-12,Combined Minimum-Variance (base),0.9106452914957676
2021-02-16,Combined Minimum-Variance (base),0.9013247792101529
2021-02-17,Combined Minimum-Variance (base),0.9147856871340438
2021-02-18,Combined Minimum-Variance (base),0.9020603030838086
2021-02-19,Combined Minimum-Variance (base),0.893580390675773
2021-02-22,Combined Minimum-Variance (base),0.8998671617691382
2021-02-23,Combined Minimum-Variance (base),0.9002939374338422
2021-02-24,Combined Minimum-Variance (base),0.8901070299373783
2021-02-25,Combined Minimum-Variance (base),0.9024485306648037
2021-02-26,Combined Minimum-Variance (base),0.8856827798375938
2021-03-01,Combined Minimum-Variance (base),0.8881707321576131
2021-03-02,Combined Minimum-Variance (base),0.8975897114474951
2021-03-03,Combined Minimum-Variance (base),0.8965666305758629
2021-03-04,Combined Minimum-Variance (base),0.9053677856005915
2021-03-05,Combined Minimum-Variance (base),0.9201276761873552
2021-03-08,Combined Minimum-Variance (base),0.914162920100762
2021-03-09,Combined Minimum-Variance (base),0.9085490584812389
2021-03-10,Combined Minimum-Variance (base),0.9178457790585579
2021-03-11,Combined Minimum-Variance (base),0.904757890452713
2021-03-12,Combined Minimum-Variance (base),0.9102778591547731
2021-03-15,Combined Minimum-Variance (base),0.9200333114374789
2021-03-16,Combined Minimum-Variance (base),0.9314934064960741
2021-03-17,Combined Minimum-Variance (base),0.9138382232389618
2021-03-18,Combined Minimum-Variance (base),0.9128617726198894
2021-03-19,Combined Minimum-Variance (base),0.9002348403766322
2021-03-22,Combined Minimum-Variance (base),0.9076367695158551
2021-03-23,Combined Minimum-Variance (base),0.9120367668470062
2021-03-24,Combined Minimum-Variance (base),0.9088991240719873
2021-03-25,Combined Minimum-Variance (base),0.8976371753020925
2021-03-26,Combined Minimum-Variance (base),0.9087502472800303
2021-03-29,Combined Minimum-Variance (base),0.9149778651999522
2021-03-30,Combined Minimum-Variance (base),0.91263708845132
2021-03-31,Combined Minimum-Variance (base),0.9052020138158775
2021-04-01,Combined Minimum-Variance (base),0.9179506748851272
2021-04-05,Combined Minimum-Variance (base),0.9315686616992307
2021-04-06,Combined Minimum-Variance (base),0.9304225830708406
2021-04-07,Combined Minimum-Variance (base),0.9329270026710387
2021-04-08,Combined Minimum-Variance (base),0.9330021033087047
2021-04-09,Combined Minimum-Variance (base),0.936267480176239
2021-04-12,Combined Minimum-Variance (base),0.9332107902212149
2021-04-13,Combined Minimum-Variance (base),0.9322107172158575
2021-04-14,Combined Minimum-Variance (base),0.9295943923246721
2021-04-15,Combined Minimum-Variance (base),0.9383618725235483
2021-04-16,Combined Minimum-Variance (base),0.9499487623449235
2021-04-19,Combined Minimum-Variance (base),0.9506268784939482
2021-04-20,Combined Minimum-Variance (base),0.9521986217799601
2021-04-21,Combined Minimum-Variance (base),0.9451827891298685
2021-04-22,Combined Minimum-Variance (base),0.9461914235184031
2021-04-23,Combined Minimum-Variance (base),0.9445185380495925
2021-04-26,Combined Minimum-Variance (base),0.943199840268436
2021-04-27,Combined Minimum-Variance (base),0.9346463385678714
2021-04-28,Combined Minimum-Variance (base),0.931922448003766
2021-04-29,Combined Minimum-Variance (base),0.9363219725850478
2021-04-30,Combined Minimum-Variance (base),0.9440606379920474
2021-05-03,Combined Minimum-Variance (base),0.9396163975524146
2021-05-04,Combined Minimum-Variance (base),0.9273032579063268
2021-05-05,Combined Minimum-Variance (base),0.9317166312246482
2021-05-06,Combined Minimum-Variance (base),0.9364964085282799
2021-05-07,Combined Minimum-Variance (base),0.9328812905055688
2021-05-10,Combined Minimum-Variance (base),0.9355696510531873
2021-05-11,Combined Minimum-Variance (base),0.9298710979204585
2021-05-12,Combined Minimum-Variance (base),0.9153698350898912
2021-05-13,Combined Minimum-Variance (base),0.9270178362043549
2021-05-14,Combined Minimum-Variance (base),0.9210378395092119
2021-05-17,Combined Minimum-Variance (base),0.917524766777377
2021-05-18,Combined Minimum-Variance (base),0.9124516648180461
2021-05-19,Combined Minimum-Variance (base),0.9135940575442731
2021-05-20,Combined Minimum-Variance (base),0.925850403976322
2021-05-21,Combined Minimum-Variance (base),0.9187342613254018
2021-05-24,Combined Minimum-Variance (base),0.9142420312931944
2021-05-25,Combined Minimum-Variance (base),0.9114083371237803
2021-05-26,Combined Minimum-Variance (base),0.9129668961020606
2021-05-27,Combined Minimum-Variance (base),0.9083114484730396
2021-05-28,Combined Minimum-Variance (base),0.9049508228228578
2021-06-01,Combined Minimum-Variance (base),0.8907239457337875
2021-06-02,Combined Minimum-Variance (base),0.8934231430851348
2021-06-03,Combined Minimum-Variance (base),0.8955678409730433
2021-06-04,Combined Minimum-Variance (base),0.9011812840164729
2021-06-07,Combined Minimum-Variance (base),0.8931578533571305
2021-06-08,Combined Minimum-Variance (base),0.8867200618820161
2021-06-09,Combined Minimum-Variance (base),0.8974466551363964
2021-06-10,Combined Minimum-Variance (base),0.9045209892525149
2021-06-11,Combined Minimum-Variance (base),0.9069179692624125
2021-06-14,Combined Minimum-Variance (base),0.9120577633662506
2021-06-15,Combined Minimum-Variance (base),0.907548333797496
2021-06-16,Combined Minimum-Variance (base),0.8977980522946478
2021-06-17,Combined Minimum-Variance (base),0.89606582541787
2021-06-18,Combined Minimum-Variance (base),0.8856179187358754
2021-06-21,Combined Minimum-Variance (base),0.8914660438385811
2021-06-22,Combined Minimum-Variance (base),0.8907118138029918
2021-06-23,Combined Minimum-Variance (base),0.8838234403409942
2021-06-24,Combined Minimum-Variance (base),0.8915212020766802
2021-06-25,Combined Minimum-Variance (base),0.902689987366673
2021-06-28,Combined Minimum-Variance (base),0.9048328731916966
2021-06-29,Combined Minimum-Variance (base),0.9028438676324516
2021-06-30,Combined Minimum-Variance (base),0.910347656384482
2021-07-01,Combined Minimum-Variance (base),0.9110945370693412
2021-07-02,Combined Minimum-Variance (base),0.9176198913687613
2021-07-06,Combined Minimum-Variance (base),0.9165744451267376
2021-07-07,Combined Minimum-Variance (base),0.9194945858527775
2021-07-08,Combined Minimum-Variance (base),0.9144555662028382
2021-07-09,Combined Minimum-Variance (base),0.9228544667782285
2021-07-12,Combined Minimum-Variance (base),0.9264162903080168
2021-07-13,Combined Minimum-Variance (base),0.925801084965528
2021-07-14,Combined Minimum-Variance (base),0.9293908782721045
2021-07-15,Combined Minimum-Variance (base),0.9283876753173247
2021-07-16,Combined Minimum-Variance (base),0.9300488526513844
2021-07-19,Combined Minimum-Variance (base),0.918766293140361
2021-07-20,Combined Minimum-Variance (base),0.9234399617486685
2021-07-21,Combined Minimum-Variance (base),0.921217902866556
2021-07-22,Combined Minimum-Variance (base),0.9174719621739389
2021-07-23,Combined Minimum-Variance (base),0.9283629182856665
2021-07-26,Combined Minimum-Variance (base),0.9259668735661744
2021-07-27,Combined Minimum-Variance (base),0.9264011688254656
2021-07-28,Combined Minimum-Variance (base),0.9240723702535522
2021-07-29,Combined Minimum-Variance (base),0.9215689284412156
2021-07-30,Combined Minimum-Variance (base),0.9186919714745897
2021-08-02,Combined Minimum-Variance (base),0.9203185497597374
2021-08-03,Combined Minimum-Variance (base),0.9206030937513658
2021-08-04,Combined Minimum-Variance (base),0.9180446639081027
2021-08-05,Combined Minimum-Variance (base),0.920683154071108
2021-08-06,Combined Minimum-Variance (base),0.9209804668321416
2021-08-09,Combined Minimum-Variance (base),0.9195291761926168
2021-08-10,Combined Minimum-Variance (base),0.9210298357104013
2021-08-11,Combined Minimum-Variance (base),0.928604329484803
2021-08-12,Combined Minimum-Variance (base),0.9308682127268022
2021-08-13,Combined Minimum-Variance (base),0.934770403075532
2021-08-16,Combined Minimum-Variance (base),0.942810335160703
2021-08-17,Combined Minimum-Variance (base),0.947296956916776
2021-08-18,Combined Minimum-Variance (base),0.9348336829380823
2021-08-19,Combined Minimum-Variance (base),0.9355329997740824
2021-08-20,Combined Minimum-Variance (base),0.9382009163363957
2021-08-23,Combined Minimum-Variance (base),0.9350127982661767
2021-08-24,Combined Minimum-Variance (base),0.9316619328945145
2021-08-25,Combined Minimum-Variance (base),0.931300704202688
2021-08-26,Combined Minimum-Variance (base),0.9257475738511631
2021-08-27,Combined Minimum-Variance (base),0.9251026273097728
2021-08-30,Combined Minimum-Variance (base),0.9284753610403124
2021-08-31,Combined Minimum-Variance (base),0.9336029498738238
2021-09-01,Combined Minimum-Variance (base),0.9301119582761712
2021-09-02,Combined Minimum-Variance (base),0.9364334826720349
2021-09-03,Combined Minimum-Variance (base),0.9292000039678777
2021-09-07,Combined Minimum-Variance (base),0.915179510632125
2021-09-08,Combined Minimum-Variance (base),0.920571103237709
2021-09-09,Combined Minimum-Variance (base),0.9134333099503817
2021-09-10,Combined Minimum-Variance (base),0.9073263438747391
2021-09-13,Combined Minimum-Variance (base),0.9060495949054377
2021-09-14,Combined Minimum-Variance (base),0.9042597602990605
2021-09-15,Combined Minimum-Variance (base),0.9036946863770614
2021-09-16,Combined Minimum-Variance (base),0.9006210974507873
2021-09-17,Combined Minimum-Variance (base),0.8927427979805094
2021-09-20,Combined Minimum-Variance (base),0.8833512450893055
2021-09-21,Combined Minimum-Variance (base),0.878430726786119
2021-09-22,Combined Minimum-Variance (base),0.8715282137053433
2021-09-23,Combined Minimum-Variance (base),0.8742646256820742
2021-09-24,Combined Minimum-Variance (base),0.8678643777100248
2021-09-27,Combined Minimum-Variance (base),0.8661853067133406
2021-09-28,Combined Minimum-Variance (base),0.8584390568326903
2021-09-29,Combined Minimum-Variance (base),0.8600494766908497
2021-09-30,Combined Minimum-Variance (base),0.8484612307250369
2021-10-01,Combined Minimum-Variance (base),0.8570879744631273
2021-10-04,Combined Minimum-Variance (base),0.8609096298794746
2021-10-05,Combined Minimum-Variance (base),0.8631424122839536
2021-10-06,Combined Minimum-Variance (base),0.8672355343348102
2021-10-07,Combined Minimum-Variance (base),0.8726196874917388
2021-10-08,Combined Minimum-Variance (base),0.871858048826452
2021-10-11,Combined Minimum-Variance (base),0.866959306096208
2021-10-12,Combined Minimum-Variance (base),0.8670676930139746
2021-10-13,Combined Minimum-Variance (base),0.8674660219363982
2021-10-14,Combined Minimum-Variance (base),0.8787005985223865
2021-10-15,Combined Minimum-Variance (base),0.8731056703832355
2021-10-18,Combined Minimum-Variance (base),0.8759721436413872
2021-10-19,Combined Minimum-Variance (base),0.8876937050169488
2021-10-20,Combined Minimum-Variance (base),0.8927038697714331
2021-10-21,Combined Minimum-Variance (base),0.8997007544012601
2021-10-22,Combined Minimum-Variance (base),0.9003968519217178
2021-10-25,Combined Minimum-Variance (base),0.9023523075476383
2021-10-26,Combined Minimum-Variance (base),0.8985818348956228
2021-10-27,Combined Minimum-Variance (base),0.8953451895644347
2021-10-28,Combined Minimum-Variance (base),0.910636053774628
2021-10-29,Combined Minimum-Variance (base),0.9053901925752328
2021-11-01,Combined Minimum-Variance (base),0.9106779866752968
2021-11-02,Combined Minimum-Variance (base),0.9173341478276564
2021-11-03,Combined Minimum-Variance (base),0.9184273258912033
2021-11-04,Combined Minimum-Variance (base),0.9137213617702357
2021-11-05,Combined Minimum-Variance (base),0.8955052544308562
2021-11-08,Combined Minimum-Variance (base),0.8968824286036629
2021-11-09,Combined Minimum-Variance (base),0.8964543298919243
2021-11-10,Combined Minimum-Variance (base),0.8946025095493932
2021-11-11,Combined Minimum-Variance (base),0.8931408274813323
2021-11-12,Combined Minimum-Variance (base),0.8958484640532499
2021-11-15,Combined Minimum-Variance (base),0.8921923477601514
2021-11-16,Combined Minimum-Variance (base),0.8871826099233088
2021-11-17,Combined Minimum-Variance (base),0.8856900551424989
2021-11-18,Combined Minimum-Variance (base),0.883635300178384
2021-11-19,Combined Minimum-Variance (base),0.8791068198313611
2021-11-22,Combined Minimum-Variance (base),0.8871603775205041
2021-11-23,Combined Minimum-Variance (base),0.8892995643806196
2021-11-24,Combined Minimum-Variance (base),0.8878448756668609
2021-11-26,Combined Minimum-Variance (base),0.878940826791195
2021-11-29,Combined Minimum-Variance (base),0.8728126063051203
2021-11-30,Combined Minimum-Variance (base),0.8542438453643492
2021-12-01,Combined Minimum-Variance (base),0.8413000488514264
2021-12-02,Combined Minimum-Variance (base),0.85282073418824
2021-12-03,Combined Minimum-Variance (base),0.8601124444140135
2021-12-06,Combined Minimum-Variance (base),0.8713612314122843
2021-12-07,Combined Minimum-Variance (base),0.8724577243353654
2021-12-08,Combined Minimum-Variance (base),0.8753452957271272
2021-12-09,Combined Minimum-Variance (base),0.8724001815796145
2021-12-10,Combined Minimum-Variance (base),0.8822240031619186
2021-12-13,Combined Minimum-Variance (base),0.8906108650431355
2021-12-14,Combined Minimum-Variance (base),0.8867317794597471
2021-12-15,Combined Minimum-Variance (base),0.8962548194923506
2021-12-16,Combined Minimum-Variance (base),0.9025189236171233
2021-12-17,Combined Minimum-Variance (base),0.8867749196927165
2021-12-20,Combined Minimum-Variance (base),0.8888883767466916
2021-12-21,Combined Minimum-Variance (base),0.8908939978812594
2021-12-22,Combined Minimum-Variance (base),0.8979430053302335
2021-12-23,Combined Minimum-Variance (base),0.8976835401220945
2021-12-27,Combined Minimum-Variance (base),0.9077662666345652
2021-12-28,Combined Minimum-Variance (base),0.9158293638763275
2021-12-29,Combined Minimum-Variance (base),0.9161179054360616
2021-12-30,Combined Minimum-Variance (base),0.9167495552478253
2021-12-31,Combined Minimum-Variance (base),0.915723592075519
2022-01-03,Combined Minimum-Variance (base),0.9125080874006294
2022-01-04,Combined Minimum-Variance (base),0.9116072898199913
2022-01-05,Combined Minimum-Variance (base),0.9068145836329559
2022-01-06,Combined Minimum-Variance (base),0.9048524331356282
2022-01-07,Combined Minimum-Variance (base),0.9073214387223809
2022-01-10,Combined Minimum-Variance (base),0.9118211574322747
2022-01-11,Combined Minimum-Variance (base),0.911112846298717
2022-01-12,Combined Minimum-Variance (base),0.9072747365551644
2022-01-13,Combined Minimum-Variance (base),0.9033394006408427
2022-01-14,Combined Minimum-Variance (base),0.895165485740231
2022-01-18,Combined Minimum-Variance (base),0.8817508233458121
2022-01-19,Combined Minimum-Variance (base),0.8758069014397267
2022-01-20,Combined Minimum-Variance (base),0.8595535524555977
2022-01-21,Combined Minimum-Variance (base),0.8588122125496748
2022-01-24,Combined Minimum-Variance (base),0.864949580244393
2022-01-25,Combined Minimum-Variance (base),0.863086657791823
2022-01-26,Combined Minimum-Variance (base),0.8486813328625888
2022-01-27,Combined Minimum-Variance (base),0.8502842763700549
2022-01-28,Combined Minimum-Variance (base),0.8521244616122082
2022-01-31,Combined Minimum-Variance (base),0.8610549135027706
2022-02-01,Combined Minimum-Variance (base),0.8593727174532323
2022-02-02,Combined Minimum-Variance (base),0.8662513474010893
2022-02-03,Combined Minimum-Variance (base),0.8657841161669889
2022-02-04,Combined Minimum-Variance (base),0.8663178174210555
2022-02-07,Combined Minimum-Variance (base),0.8645779625981408
2022-02-08,Combined Minimum-Variance (base),0.8612017590214075
2022-02-09,Combined Minimum-Variance (base),0.8652103139589726
2022-02-10,Combined Minimum-Variance (base),0.8493403203410502
2022-02-11,Combined Minimum-Variance (base),0.8482205745697111
2022-02-14,Combined Minimum-Variance (base),0.8423139905778095
2022-02-15,Combined Minimum-Variance (base),0.8408728660125792
2022-02-16,Combined Minimum-Variance (base),0.8376438629767337
2022-02-17,Combined Minimum-Variance (base),0.831056553723619
2022-02-18,Combined Minimum-Variance (base),0.8275973479172041
2022-02-22,Combined Minimum-Variance (base),0.8231098670267356
2022-02-23,Combined Minimum-Variance (base),0.8255553462690705
2022-02-24,Combined Minimum-Variance (base),0.8261797239257707
2022-02-25,Combined Minimum-Variance (base),0.8435665178880163
2022-02-28,Combined Minimum-Variance (base),0.8411331552922007
2022-03-01,Combined Minimum-Variance (base),0.8424150917452334
2022-03-02,Combined Minimum-Variance (base),0.8546888438304532
2022-03-03,Combined Minimum-Variance (base),0.8603261586763551
2022-03-04,Combined Minimum-Variance (base),0.8656892483354562
2022-03-07,Combined Minimum-Variance (base),0.8583090633832267
2022-03-08,Combined Minimum-Variance (base),0.8530570864213578
2022-03-09,Combined Minimum-Variance (base),0.8569520801030702
2022-03-10,Combined Minimum-Variance (base),0.8555332834193551
2022-03-11,Combined Minimum-Variance (base),0.8528345906427027
2022-03-14,Combined Minimum-Variance (base),0.8519156720261505
2022-03-15,Combined Minimum-Variance (base),0.8555263862977469
2022-03-16,Combined Minimum-Variance (base),0.8621745652640092
2022-03-17,Combined Minimum-Variance (base),0.8661305833779658
2022-03-18,Combined Minimum-Variance (base),0.8662013278889542
2022-03-21,Combined Minimum-Variance (base),0.8651808372709806
2022-03-22,Combined Minimum-Variance (base),0.8707469000537464
2022-03-23,Combined Minimum-Variance (base),0.8589795992453851
2022-03-24,Combined Minimum-Variance (base),0.8639958756299541
2022-03-25,Combined Minimum-Variance (base),0.8695932562621452
2022-03-28,Combined Minimum-Variance (base),0.8783209844041684
2022-03-29,Combined Minimum-Variance (base),0.8918812965565703
2022-03-30,Combined Minimum-Variance (base),0.8907682329563321
2022-03-31,Combined Minimum-Variance (base),0.8813967785511313
2022-04-01,Combined Minimum-Variance (base),0.8852601292397931
2022-04-04,Combined Minimum-Variance (base),0.8931270236184743
2022-04-05,Combined Minimum-Variance (base),0.8864565354717889
2022-04-06,Combined Minimum-Variance (base),0.8981959872536761
2022-04-07,Combined Minimum-Variance (base),0.9004720941273342
2022-04-08,Combined Minimum-Variance (base),0.9078204589341357
2022-04-11,Combined Minimum-Variance (base),0.8921304109486439
2022-04-12,Combined Minimum-Variance (base),0.8987036282334936
2022-04-13,Combined Minimum-Variance (base),0.904268946572193
2022-04-14,Combined Minimum-Variance (base),0.9097170310325101
2022-04-18,Combined Minimum-Variance (base),0.904856444483969
2022-04-19,Combined Minimum-Variance (base),0.9096519683441269
2022-04-20,Combined Minimum-Variance (base),0.9136230374885839
2022-04-21,Combined Minimum-Variance (base),0.8992386726483499
2022-04-22,Combined Minimum-Variance (base),0.8845585082286131
2022-04-25,Combined Minimum-Variance (base),0.8876768092476456
2022-04-26,Combined Minimum-Variance (base),0.8757856151245981
2022-04-27,Combined Minimum-Variance (base),0.8761477753895927
2022-04-28,Combined Minimum-Variance (base),0.8916967788944038
2022-04-29,Combined Minimum-Variance (base),0.8662792493212027
2022-05-02,Combined Minimum-Variance (base),0.8727621340401674
2022-05-03,Combined Minimum-Variance (base),0.8738402797713174
2022-05-04,Combined Minimum-Variance (base),0.9000916228614771
2022-05-05,Combined Minimum-Variance (base),0.8922703335528773
2022-05-06,Combined Minimum-Variance (base),0.8915567041661614
2022-05-09,Combined Minimum-Variance (base),0.8841589435253125
2022-05-10,Combined Minimum-Variance (base),0.8839461632290245
2022-05-11,Combined Minimum-Variance (base),0.9044299068520435
2022-05-12,Combined Minimum-Variance (base),0.9145958829618079
2022-05-13,Combined Minimum-Variance (base),0.9209956479970357
2022-05-16,Combined Minimum-Variance (base),0.9337195816764946
2022-05-17,Combined Minimum-Variance (base),0.9245648064605512
2022-05-18,Combined Minimum-Variance (base),0.9088888284364697
2022-05-19,Combined Minimum-Variance (base),0.9007977320149253
2022-05-20,Combined Minimum-Variance (base),0.9063727565656594
2022-05-23,Combined Minimum-Variance (base),0.9221165796044797
2022-05-24,Combined Minimum-Variance (base),0.9366082901912983
2022-05-25,Combined Minimum-Variance (base),0.9452218349889097
2022-05-26,Combined Minimum-Variance (base),0.949548621775082
2022-05-27,Combined Minimum-Variance (base),0.9571077515241577
2022-05-31,Combined Minimum-Variance (base),0.9446077696818206
2022-06-01,Combined Minimum-Variance (base),0.9475058987589201
2022-06-02,Combined Minimum-Variance (base),0.9510143875297463
2022-06-03,Combined Minimum-Variance (base),0.9446976385218623
2022-06-06,Combined Minimum-Variance (base),0.9437362914955566
2022-06-07,Combined Minimum-Variance (base),0.9501297272027965
2022-06-08,Combined Minimum-Variance (base),0.9479076594590992
2022-06-09,Combined Minimum-Variance (base),0.9243776743843098
2022-06-10,Combined Minimum-Variance (base),0.9165265958888819
2022-06-13,Combined Minimum-Variance (base),0.8884542857112834
2022-06-14,Combined Minimum-Variance (base),0.8690048733142327
2022-06-15,Combined Minimum-Variance (base),0.8679159008249575
2022-06-16,Combined Minimum-Variance (base),0.8688311013441068
2022-06-17,Combined Minimum-Variance (base),0.8660995617534959
2022-06-21,Combined Minimum-Variance (base),0.8862330067427778
2022-06-22,Combined Minimum-Variance (base),0.885836809758264
2022-06-23,Combined Minimum-Variance (base),0.8962598077980328
2022-06-24,Combined Minimum-Variance (base),0.908073797246064
2022-06-27,Combined Minimum-Variance (base),0.903460901947859
2022-06-28,Combined Minimum-Variance (base),0.8946791386081163
2022-06-29,Combined Minimum-Variance (base),0.8968374611296299
2022-06-30,Combined Minimum-Variance (base),0.8866118656465173
2022-07-01,Combined Minimum-Variance (base),0.9049427762718374
2022-07-05,Combined Minimum-Variance (base),0.9006978810008546
2022-07-06,Combined Minimum-Variance (base),0.9001830049722754
2022-07-07,Combined Minimum-Variance (base),0.9017407469710615
2022-07-08,Combined Minimum-Variance (base),0.8996351944605068
2022-07-11,Combined Minimum-Variance (base),0.9018793540335637
2022-07-12,Combined Minimum-Variance (base),0.8982053549910046
2022-07-13,Combined Minimum-Variance (base),0.8956873243664354
2022-07-14,Combined Minimum-Variance (base),0.8920229889508416
2022-07-15,Combined Minimum-Variance (base),0.8982477505408436
2022-07-18,Combined Minimum-Variance (base),0.8859932759968063
2022-07-19,Combined Minimum-Variance (base),0.9013675547924517
2022-07-20,Combined Minimum-Variance (base),0.8967433960685866
2022-07-21,Combined Minimum-Variance (base),0.898195051339518
2022-07-22,Combined Minimum-Variance (base),0.888974892070467
2022-07-25,Combined Minimum-Variance (base),0.8827525436416557
2022-07-26,Combined Minimum-Variance (base),0.876319122342415
2022-07-27,Combined Minimum-Variance (base),0.8728928742057173
2022-07-28,Combined Minimum-Variance (base),0.8809126921721163
2022-07-29,Combined Minimum-Variance (base),0.8868114696105565
2022-08-01,Combined Minimum-Variance (base),0.8860810861930163
2022-08-02,Combined Minimum-Variance (base),0.8797148693234456
2022-08-03,Combined Minimum-Variance (base),0.8939790736390077
2022-08-04,Combined Minimum-Variance (base),0.884216022321312
2022-08-05,Combined Minimum-Variance (base),0.8747614365311157
2022-08-08,Combined Minimum-Variance (base),0.8817030901250456
2022-08-09,Combined Minimum-Variance (base),0.879197414648324
2022-08-10,Combined Minimum-Variance (base),0.8903030072087198
2022-08-11,Combined Minimum-Variance (base),0.885535659553419
2022-08-12,Combined Minimum-Variance (base),0.8976387636098766
2022-08-15,Combined Minimum-Variance (base),0.9109362715378957
2022-08-16,Combined Minimum-Variance (base),0.9220491546835874
2022-08-17,Combined Minimum-Variance (base),0.9127344038788964
2022-08-18,Combined Minimum-Variance (base),0.908379475698019
2022-08-19,Combined Minimum-Variance (base),0.9028711772440036
2022-08-22,Combined Minimum-Variance (base),0.886273531025413
2022-08-23,Combined Minimum-Variance (base),0.8794562912178142
2022-08-24,Combined Minimum-Variance (base),0.8746485431253563
2022-08-25,Combined Minimum-Variance (base),0.8808759775447587
2022-08-26,Combined Minimum-Variance (base),0.8734020707256938
2022-08-29,Combined Minimum-Variance (base),0.8679631658789535
2022-08-30,Combined Minimum-Variance (base),0.8606214854003461
2022-08-31,Combined Minimum-Variance (base),0.8629949984389234
2022-09-01,Combined Minimum-Variance (base),0.8707694596515013
2022-09-02,Combined Minimum-Variance (base),0.8633583384802069
2022-09-06,Combined Minimum-Variance (base),0.8588767002495828
2022-09-07,Combined Minimum-Variance (base),0.8674593251450119
2022-09-08,Combined Minimum-Variance (base),0.8645681237799768
2022-09-09,Combined Minimum-Variance (base),0.8782240617163076
2022-09-12,Combined Minimum-Variance (base),0.888941935759766
2022-09-13,Combined Minimum-Variance (base),0.863460841867153
2022-09-14,Combined Minimum-Variance (base),0.8745127391033453
2022-09-15,Combined Minimum-Variance (base),0.8701950277979469
2022-09-16,Combined Minimum-Variance (base),0.8741322150902948
2022-09-19,Combined Minimum-Variance (base),0.8775304728775102
2022-09-20,Combined Minimum-Variance (base),0.8690615531343204
2022-09-21,Combined Minimum-Variance (base),0.8627074117251505
2022-09-22,Combined Minimum-Variance (base),0.866361252422705
2022-09-23,Combined Minimum-Variance (base),0.8503080663029664
2022-09-26,Combined Minimum-Variance (base),0.8418443932580572
2022-09-27,Combined Minimum-Variance (base),0.8347956377170412
2022-09-28,Combined Minimum-Variance (base),0.8549917385165146
2022-09-29,Combined Minimum-Variance (base),0.8384692542257915
2022-09-30,Combined Minimum-Variance (base),0.81984584487111
2022-10-03,Combined Minimum-Variance (base),0.8397031625328932
2022-10-04,Combined Minimum-Variance (base),0.8580945235972331
2022-10-05,Combined Minimum-Variance (base),0.8570399155339326
2022-10-06,Combined Minimum-Variance (base),0.8595413783110869
2022-10-07,Combined Minimum-Variance (base),0.852703603526137
2022-10-10,Combined Minimum-Variance (base),0.8511536366796107
2022-10-11,Combined Minimum-Variance (base),0.8550593631691151
2022-10-12,Combined Minimum-Variance (base),0.8507398509238553
2022-10-13,Combined Minimum-Variance (base),0.8599479963655441
2022-10-14,Combined Minimum-Variance (base),0.8520749834639044
2022-10-17,Combined Minimum-Variance (base),0.8575068350822569
2022-10-18,Combined Minimum-Variance (base),0.8679979914181712
2022-10-19,Combined Minimum-Variance (base),0.8674597403361546
2022-10-20,Combined Minimum-Variance (base),0.8582718789624455
2022-10-21,Combined Minimum-Variance (base),0.8740048421817264
2022-10-24,Combined Minimum-Variance (base),0.889015603638921
2022-10-25,Combined Minimum-Variance (base),0.8933945892242726
2022-10-26,Combined Minimum-Variance (base),0.9049143540366045
2022-10-27,Combined Minimum-Variance (base),0.9062707837202558
2022-10-28,Combined Minimum-Variance (base),0.9269665540119465
2022-10-31,Combined Minimum-Variance (base),0.9174105509989707
2022-11-01,Combined Minimum-Variance (base),0.917713931152141
2022-11-02,Combined Minimum-Variance (base),0.9035312821755499
2022-11-03,Combined Minimum-Variance (base),0.888360289862336
2022-11-04,Combined Minimum-Variance (base),0.9090641002361216
2022-11-07,Combined Minimum-Variance (base),0.9272373311995422
2022-11-08,Combined Minimum-Variance (base),0.93482162402333
2022-11-09,Combined Minimum-Variance (base),0.91749551931972
2022-11-10,Combined Minimum-Variance (base),0.9309691169841507
2022-11-11,Combined Minimum-Variance (base),0.9266277397096861
2022-11-14,Combined Minimum-Variance (base),0.933612398614887
2022-11-15,Combined Minimum-Variance (base),0.9418834797174923
2022-11-16,Combined Minimum-Variance (base),0.9426686660404081
2022-11-17,Combined Minimum-Variance (base),0.947925603515742
2022-11-18,Combined Minimum-Variance (base),0.9539476224236175
2022-11-21,Combined Minimum-Variance (base),0.9592459821273934
2022-11-22,Combined Minimum-Variance (base),0.9664292728068107
2022-11-23,Combined Minimum-Variance (base),0.9726790112040439
2022-11-25,Combined Minimum-Variance (base),0.9707976923981501
2022-11-28,Combined Minimum-Variance (base),0.9571190939858496
2022-11-29,Combined Minimum-Variance (base),0.9566570128167863
2022-11-30,Combined Minimum-Variance (base),0.9741755475808389
2022-12-01,Combined Minimum-Variance (base),0.9789712014532953
2022-12-02,Combined Minimum-Variance (base),0.9856594001978061
2022-12-05,Combined Minimum-Variance (base),0.9820514999871044
2022-12-06,Combined Minimum-Variance (base),0.9652989879125138
2022-12-07,Combined Minimum-Variance (base),0.967842618847263
2022-12-08,Combined Minimum-Variance (base),0.9702709545315934
2022-12-09,Combined Minimum-Variance (base),0.9593525923455837
2022-12-12,Combined Minimum-Variance (base),0.9598877883451887
2022-12-13,Combined Minimum-Variance (base),0.9568809838693219
2022-12-14,Combined Minimum-Variance (base),0.9588689696572346
2022-12-15,Combined Minimum-Variance (base),0.952144709967627
2022-12-16,Combined Minimum-Variance (base),0.9514075668271769
2022-12-19,Combined Minimum-Variance (base),0.9520262345149869
2022-12-20,Combined Minimum-Variance (base),0.949533081170749
2022-12-21,Combined Minimum-Variance (base),0.9461396808492061
2022-12-22,Combined Minimum-Variance (base),0.9440211893947004
2022-12-23,Combined Minimum-Variance (base),0.9485018793915344
2022-12-27,Combined Minimum-Variance (base),0.949248314548761
2022-12-28,Combined Minimum-Variance (base),0.9413354679137731
2022-12-29,Combined Minimum-Variance (base),0.9436692305926861
2022-12-30,Combined Minimum-Variance (base),0.9457570986953449
2023-01-03,Combined Minimum-Variance (base),0.9502997292941842
2023-01-04,Combined Minimum-Variance (base),0.9498422634599282
2023-01-05,Combined Minimum-Variance (base),0.9538717134284646
2023-01-06,Combined Minimum-Variance (base),0.961085764664276
2023-01-09,Combined Minimum-Variance (base),0.9461429307168172
2023-01-10,Combined Minimum-Variance (base),0.940713700787686
2023-01-11,Combined Minimum-Variance (base),0.938202888664747
2023-01-12,Combined Minimum-Variance (base),0.9360502310507807
2023-01-13,Combined Minimum-Variance (base),0.9346392581098524
2023-01-17,Combined Minimum-Variance (base),0.9218397588648313
2023-01-18,Combined Minimum-Variance (base),0.9022709393723345
2023-01-19,Combined Minimum-Variance (base),0.9060819936385005
2023-01-20,Combined Minimum-Variance (base),0.9122679308925719
2023-01-23,Combined Minimum-Variance (base),0.913405143071731
2023-01-24,Combined Minimum-Variance (base),0.9144195044520745
2023-01-25,Combined Minimum-Variance (base),0.9100968081638982
2023-01-26,Combined Minimum-Variance (base),0.9091491273017255
2023-01-27,Combined Minimum-Variance (base),0.9002033164030216
2023-01-30,Combined Minimum-Variance (base),0.9006671555823337
2023-01-31,Combined Minimum-Variance (base),0.9076431039679731
2023-02-01,Combined Minimum-Variance (base),0.8778295291846565
2023-02-02,Combined Minimum-Variance (base),0.8665690340822256
2023-02-03,Combined Minimum-Variance (base),0.8643292209239497
2023-02-06,Combined Minimum-Variance (base),0.8653783399219952
2023-02-07,Combined Minimum-Variance (base),0.8742404689831309
2023-02-08,Combined Minimum-Variance (base),0.8668384398147622
2023-02-09,Combined Minimum-Variance (base),0.8659211821905972
2023-02-10,Combined Minimum-Variance (base),0.8773526413797264
2023-02-13,Combined Minimum-Variance (base),0.8845443230920245
2023-02-14,Combined Minimum-Variance (base),0.8733994137702193
2023-02-15,Combined Minimum-Variance (base),0.879635497618075
2023-02-16,Combined Minimum-Variance (base),0.872295415637753
2023-02-17,Combined Minimum-Variance (base),0.8826669839049824
2023-02-21,Combined Minimum-Variance (base),0.8829192435645256
2023-02-22,Combined Minimum-Variance (base),0.8832847051604722
2023-02-23,Combined Minimum-Variance (base),0.877505104165455
2023-02-24,Combined Minimum-Variance (base),0.8784338943641319
2023-02-27,Combined Minimum-Variance (base),0.8728190217185949
2023-02-28,Combined Minimum-Variance (base),0.8603337804425252
2023-03-01,Combined Minimum-Variance (base),0.856563159028912
2023-03-02,Combined Minimum-Variance (base),0.8543865124381216
2023-03-03,Combined Minimum-Variance (base),0.8533695910661506
2023-03-06,Combined Minimum-Variance (base),0.8646555869934645
2023-03-07,Combined Minimum-Variance (base),0.8533368593546179
2023-03-08,Combined Minimum-Variance (base),0.8445093507167307
2023-03-09,Combined Minimum-Variance (base),0.8324450357847525
2023-03-10,Combined Minimum-Variance (base),0.8215374823109847
2023-03-13,Combined Minimum-Variance (base),0.825509025948625
2023-03-14,Combined Minimum-Variance (base),0.8267051121863623
2023-03-15,Combined Minimum-Variance (base),0.8234786466312135
2023-03-16,Combined Minimum-Variance (base),0.8187133564875102
2023-03-17,Combined Minimum-Variance (base),0.8135447387727547
2023-03-20,Combined Minimum-Variance (base),0.8228819126016754
2023-03-21,Combined Minimum-Variance (base),0.8304636836270116
2023-03-22,Combined Minimum-Variance (base),0.8227056693917356
2023-03-23,Combined Minimum-Variance (base),0.8280747295757191
2023-03-24,Combined Minimum-Variance (base),0.835937189866029
2023-03-27,Combined Minimum-Variance (base),0.8450790252937526
2023-03-28,Combined Minimum-Variance (base),0.844663903277646
2023-03-29,Combined Minimum-Variance (base),0.8451291582560486
2023-03-30,Combined Minimum-Variance (base),0.8471626976292298
2023-03-31,Combined Minimum-Variance (base),0.852375022017074
2023-04-03,Combined Minimum-Variance (base),0.8594180294700061
2023-04-04,Combined Minimum-Variance (base),0.8640380437805464
2023-04-05,Combined Minimum-Variance (base),0.8796800152447632
2023-04-06,Combined Minimum-Variance (base),0.8809887742783463
2023-04-10,Combined Minimum-Variance (base),0.8768937743669163
2023-04-11,Combined Minimum-Variance (base),0.8760664224214041
2023-04-12,Combined Minimum-Variance (base),0.8744881480820952
2023-04-13,Combined Minimum-Variance (base),0.8793210939455204
2023-04-14,Combined Minimum-Variance (base),0.877990471814006
2023-04-17,Combined Minimum-Variance (base),0.8757440048146597
2023-04-18,Combined Minimum-Variance (base),0.870867600404829
2023-04-19,Combined Minimum-Variance (base),0.8658644633705718
2023-04-20,Combined Minimum-Variance (base),0.8706252197112396
2023-04-21,Combined Minimum-Variance (base),0.8759947118467647
2023-04-24,Combined Minimum-Variance (base),0.8807079931708329
2023-04-25,Combined Minimum-Variance (base),0.8815166398973235
2023-04-26,Combined Minimum-Variance (base),0.8682928512044543
2023-04-27,Combined Minimum-Variance (base),0.8691897976537905
2023-04-28,Combined Minimum-Variance (base),0.8720250996246705
2023-05-01,Combined Minimum-Variance (base),0.8724654584570195
2023-05-02,Combined Minimum-Variance (base),0.863681939900352
2023-05-03,Combined Minimum-Variance (base),0.8422901288538911
2023-05-04,Combined Minimum-Variance (base),0.8468115810740874
2023-05-05,Combined Minimum-Variance (base),0.8590847665357298
2023-05-08,Combined Minimum-Variance (base),0.8565473159454174
2023-05-09,Combined Minimum-Variance (base),0.8563876404059939
2023-05-10,Combined Minimum-Variance (base),0.853220202538458
2023-05-11,Combined Minimum-Variance (base),0.8555304805844444
2023-05-12,Combined Minimum-Variance (base),0.8582465699582688
2023-05-15,Combined Minimum-Variance (base),0.8584869244299397
2023-05-16,Combined Minimum-Variance (base),0.8467438926770267
2023-05-17,Combined Minimum-Variance (base),0.846166250123224
2023-05-18,Combined Minimum-Variance (base),0.8486176226421136
2023-05-19,Combined Minimum-Variance (base),0.842440279821824
2023-05-22,Combined Minimum-Variance (base),0.8314737830352348
2023-05-23,Combined Minimum-Variance (base),0.8312251762092343
2023-05-24,Combined Minimum-Variance (base),0.8249576267627244
2023-05-25,Combined Minimum-Variance (base),0.8187500900603959
2023-05-26,Combined Minimum-Variance (base),0.8167465635344681
2023-05-30,Combined Minimum-Variance (base),0.8145813816397586
2023-05-31,Combined Minimum-Variance (base),0.8162242503175828
2023-06-01,Combined Minimum-Variance (base),0.8133390316955709
2023-06-02,Combined Minimum-Variance (base),0.8182385705797462
2023-06-05,Combined Minimum-Variance (base),0.8205224136771149
2023-06-06,Combined Minimum-Variance (base),0.8154674937825854
2023-06-07,Combined Minimum-Variance (base),0.8201288901746612
2023-06-08,Combined Minimum-Variance (base),0.827146773262726
2023-06-09,Combined Minimum-Variance (base),0.8307559816136526
2023-06-12,Combined Minimum-Variance (base),0.8304116292157739
2023-06-13,Combined Minimum-Variance (base),0.8327041520922976
2023-06-14,Combined Minimum-Variance (base),0.824036528434248
2023-06-15,Combined Minimum-Variance (base),0.8300801148239575
2023-06-16,Combined Minimum-Variance (base),0.8292891197751365
2023-06-20,Combined Minimum-Variance (base),0.8198039572632455
2023-06-21,Combined Minimum-Variance (base),0.8181595306120606
2023-06-22,Combined Minimum-Variance (base),0.824175453909475
2023-06-23,Combined Minimum-Variance (base),0.8262268344332654
2023-06-26,Combined Minimum-Variance (base),0.8353654067652656
2023-06-27,Combined Minimum-Variance (base),0.8378672234670298
2023-06-28,Combined Minimum-Variance (base),0.8378777171554732
2023-06-29,Combined Minimum-Variance (base),0.8315459481943543
2023-06-30,Combined Minimum-Variance (base),0.8430497622584198
2023-07-03,Combined Minimum-Variance (base),0.8473591528975996
2023-07-05,Combined Minimum-Variance (base),0.8515859923255544
2023-07-06,Combined Minimum-Variance (base),0.8434581223366739
2023-07-07,Combined Minimum-Variance (base),0.829564464623281
2023-07-10,Combined Minimum-Variance (base),0.8301011056615916
2023-07-11,Combined Minimum-Variance (base),0.8319487999791398
2023-07-12,Combined Minimum-Variance (base),0.828944664065222
2023-07-13,Combined Minimum-Variance (base),0.8269068156797488
2023-07-14,Combined Minimum-Variance (base),0.8275994818138122
2023-07-17,Combined Minimum-Variance (base),0.8270217733982977
2023-07-18,Combined Minimum-Variance (base),0.8328505890406785
2023-07-19,Combined Minimum-Variance (base),0.8406255966365626
2023-07-20,Combined Minimum-Variance (base),0.8558961932672046
2023-07-21,Combined Minimum-Variance (base),0.8604178956270452
2023-07-24,Combined Minimum-Variance (base),0.8642113993719266
2023-07-25,Combined Minimum-Variance (base),0.863412694940366
2023-07-26,Combined Minimum-Variance (base),0.8592318369714468
2023-07-27,Combined Minimum-Variance (base),0.8613182602235214
2023-07-28,Combined Minimum-Variance (base),0.8578972637343982
2023-07-31,Combined Minimum-Variance (base),0.8522699116245621
2023-08-01,Combined Minimum-Variance (base),0.843203923708732
2023-08-02,Combined Minimum-Variance (base),0.8314797229910909
2023-08-03,Combined Minimum-Variance (base),0.8312510935767794
2023-08-04,Combined Minimum-Variance (base),0.8251486843621725
2023-08-07,Combined Minimum-Variance (base),0.837477278788309
2023-08-08,Combined Minimum-Variance (base),0.8355065346388771
2023-08-09,Combined Minimum-Variance (base),0.8392165305031293
2023-08-10,Combined Minimum-Variance (base),0.8381440180266383
2023-08-11,Combined Minimum-Variance (base),0.8440355837832342
2023-08-14,Combined Minimum-Variance (base),0.843420333421198
2023-08-15,Combined Minimum-Variance (base),0.8355110566188235
2023-08-16,Combined Minimum-Variance (base),0.833850521224413
2023-08-17,Combined Minimum-Variance (base),0.832482658234542
2023-08-18,Combined Minimum-Variance (base),0.8368011137028386
2023-08-21,Combined Minimum-Variance (base),0.8306600929105086
2023-08-22,Combined Minimum-Variance (base),0.8263253787662839
2023-08-23,Combined Minimum-Variance (base),0.8332186569064272
2023-08-24,Combined Minimum-Variance (base),0.8276250332990059
2023-08-25,Combined Minimum-Variance (base),0.8309417419707804
2023-08-28,Combined Minimum-Variance (base),0.8306397093181571
2023-08-29,Combined Minimum-Variance (base),0.8332210113563029
2023-08-30,Combined Minimum-Variance (base),0.8313672378235769
2023-08-31,Combined Minimum-Variance (base),0.8289229648743539
2023-09-01,Combined Minimum-Variance (base),0.831405669958955
2023-09-05,Combined Minimum-Variance (base),0.8269457022497692
2023-09-06,Combined Minimum-Variance (base),0.8259814008882065
2023-09-07,Combined Minimum-Variance (base),0.8332834107733471
2023-09-08,Combined Minimum-Variance (base),0.8374448576301621
2023-09-11,Combined Minimum-Variance (base),0.8408290738570473
2023-09-12,Combined Minimum-Variance (base),0.8469361757903506
2023-09-13,Combined Minimum-Variance (base),0.852722448991151
2023-09-14,Combined Minimum-Variance (base),0.8599129155033512
2023-09-15,Combined Minimum-Variance (base),0.857586177651846
2023-09-18,Combined Minimum-Variance (base),0.8602913942371673
2023-09-19,Combined Minimum-Variance (base),0.8650107381260054
2023-09-20,Combined Minimum-Variance (base),0.867947265972407
2023-09-21,Combined Minimum-Variance (base),0.8518442843253552
2023-09-22,Combined Minimum-Variance (base),0.8497956607907263
2023-09-25,Combined Minimum-Variance (base),0.8503472570439221
2023-09-26,Combined Minimum-Variance (base),0.8466756982240794
2023-09-27,Combined Minimum-Variance (base),0.8440732647204463
2023-09-28,Combined Minimum-Variance (base),0.8480796450237317
2023-09-29,Combined Minimum-Variance (base),0.8413777448595183
2023-10-02,Combined Minimum-Variance (base),0.8420284632862819
2023-10-03,Combined Minimum-Variance (base),0.834624152692979
2023-10-04,Combined Minimum-Variance (base),0.8430799420308802
2023-10-05,Combined Minimum-Variance (base),0.8339378466575564
2023-10-06,Combined Minimum-Variance (base),0.8373369523248352
2023-10-09,Combined Minimum-Variance (base),0.8392514911117623
2023-10-10,Combined Minimum-Variance (base),0.8466080812582001
2023-10-11,Combined Minimum-Variance (base),0.8386426435292291
2023-10-12,Combined Minimum-Variance (base),0.8345743333875849
2023-10-13,Combined Minimum-Variance (base),0.829459829682578
2023-10-16,Combined Minimum-Variance (base),0.830926113531633
2023-10-17,Combined Minimum-Variance (base),0.8383787462975958
2023-10-18,Combined Minimum-Variance (base),0.8314564116342748
2023-10-19,Combined Minimum-Variance (base),0.8315108890529658
2023-10-20,Combined Minimum-Variance (base),0.8390601482444491
2023-10-23,Combined Minimum-Variance (base),0.8288835740920305
2023-10-24,Combined Minimum-Variance (base),0.841911990646575
2023-10-25,Combined Minimum-Variance (base),0.8391141487260529
2023-10-26,Combined Minimum-Variance (base),0.8323654086930478
2023-10-27,Combined Minimum-Variance (base),0.816634634103989
2023-10-30,Combined Minimum-Variance (base),0.812692927143149
2023-10-31,Combined Minimum-Variance (base),0.8155732238032162
2023-11-01,Combined Minimum-Variance (base),0.825774466016509
2023-11-02,Combined Minimum-Variance (base),0.8261594301945521
2023-11-03,Combined Minimum-Variance (base),0.8287938914977685
2023-11-06,Combined Minimum-Variance (base),0.83174813024189
2023-11-07,Combined Minimum-Variance (base),0.8343931992183898
2023-11-08,Combined Minimum-Variance (base),0.837903116859937
2023-11-09,Combined Minimum-Variance (base),0.823729481001503
2023-11-10,Combined Minimum-Variance (base),0.831121628023343
2023-11-13,Combined Minimum-Variance (base),0.8405728310687824
2023-11-14,Combined Minimum-Variance (base),0.8439762861385316
2023-11-15,Combined Minimum-Variance (base),0.847682569910074
2023-11-16,Combined Minimum-Variance (base),0.8399697383617107
2023-11-17,Combined Minimum-Variance (base),0.840000800276499
2023-11-20,Combined Minimum-Variance (base),0.8421472721187034
2023-11-21,Combined Minimum-Variance (base),0.845182225887368
2023-11-22,Combined Minimum-Variance (base),0.8439774650646514
2023-11-24,Combined Minimum-Variance (base),0.8479468076891158
2023-11-27,Combined Minimum-Variance (base),0.8479196999897444
2023-11-28,Combined Minimum-Variance (base),0.8449376215661606
2023-11-29,Combined Minimum-Variance (base),0.8435391664826122
2023-11-30,Combined Minimum-Variance (base),0.8499520876996948
2023-12-01,Combined Minimum-Variance (base),0.8494415728277132
2023-12-04,Combined Minimum-Variance (base),0.8520253825190514
2023-12-05,Combined Minimum-Variance (base),0.855230089692346
2023-12-06,Combined Minimum-Variance (base),0.8508849794258484
2023-12-07,Combined Minimum-Variance (base),0.8508215251597838
2023-12-08,Combined Minimum-Variance (base),0.8517588724830347
2023-12-11,Combined Minimum-Variance (base),0.8540669590150175
2023-12-12,Combined Minimum-Variance (base),0.857868187490732
2023-12-13,Combined Minimum-Variance (base),0.8700807287136373
2023-12-14,Combined Minimum-Variance (base),0.8648766773881713
2023-12-15,Combined Minimum-Variance (base),0.8611674966421596
2023-12-18,Combined Minimum-Variance (base),0.8703743130883096
2023-12-19,Combined Minimum-Variance (base),0.8738787162217119
2023-12-20,Combined Minimum-Variance (base),0.8700784904242527
2023-12-21,Combined Minimum-Variance (base),0.8803462140728711
2023-12-22,Combined Minimum-Variance (base),0.8837154129615143
2023-12-26,Combined Minimum-Variance (base),0.8869820047443502
2023-12-27,Combined Minimum-Variance (base),0.8910207938799121
2023-12-28,Combined Minimum-Variance (base),0.8911462757403337
2023-12-29,Combined Minimum-Variance (base),0.8903980921616949
2021-01-04,Combined Minimum-Variance (sentiment-fused),0.9777374933796551
2021-01-05,Combined Minimum-Variance (sentiment-fused),0.9784390708767347
2021-01-06,Combined Minimum-Variance (sentiment-fused),0.9844408817010725
2021-01-07,Combined Minimum-Variance (sentiment-fused),0.9906584500267912
2021-01-08,Combined Minimum-Variance (sentiment-fused),0.996067582018454
2021-01-11,Combined Minimum-Variance (sentiment-fused),1.0016409058354239
2021-01-12,Combined Minimum-Variance (sentiment-fused),0.9990335611463458
2021-01-13,Combined Minimum-Variance (sentiment-fused),0.9979273129809831
2021-01-14,Combined Minimum-Variance (sentiment-fused),0.9914161653285046
2021-01-15,Combined Minimum-Variance (sentiment-fused),0.9851735585989103
2021-01-19,Combined Minimum-Variance (sentiment-fused),0.9733555204891899
2021-01-20,Combined Minimum-Variance (sentiment-fused),0.983813846077518
2021-01-21,Combined Minimum-Variance (sentiment-fused),0.9859929748501227
2021-01-22,Combined Minimum-Variance (sentiment-fused),0.9787908646452746
2021-01-25,Combined Minimum-Variance (sentiment-fused),0.9857039886040087
2021-01-26,Combined Minimum-Variance (sentiment-fused),0.9832642708282309
2021-01-27,Combined Minimum-Variance (sentiment-fused),0.9614902033306661
2021-01-28,Combined Minimum-Variance (sentiment-fused),0.9711019424372935
2021-01-29,Combined Minimum-Variance (sentiment-fused),0.9556567720840877
2021-02-01,Combined Minimum-Variance (sentiment-fused),0.9576245945656126
2021-02-02,Combined Minimum-Variance (sentiment-fused),0.9640612012762233
2021-02-03,Combined Minimum-Variance (sentiment-fused),0.9589190441817987
2021-02-04,Combined Minimum-Variance (sentiment-fused),0.9699908411585788
2021-02-05,Combined Minimum-Variance (sentiment-fused),0.9781206973533798
2021-02-08,Combined Minimum-Variance (sentiment-fused),0.989906875757908
2021-02-09,Combined Minimum-Variance (sentiment-fused),0.9923080886540476
2021-02-10,Combined Minimum-Variance (sentiment-fused),0.9892559891473265
2021-02-11,Combined Minimum-Variance (sentiment-fused),0.9967817341314266
2021-02-12,Combined Minimum-Variance (sentiment-fused),0.9948056174620263
2021-02-16,Combined Minimum-Variance (sentiment-fused),0.9934793823838926
2021-02-17,Combined Minimum-Variance (sentiment-fused),1.0031863279007607
2021-02-18,Combined Minimum-Variance (sentiment-fused),0.9909392973197095
2021-02-19,Combined Minimum-Variance (sentiment-fused),0.9952319777864873
2021-02-22,Combined Minimum-Variance (sentiment-fused),0.9973554719751124
2021-02-23,Combined Minimum-Variance (sentiment-fused),0.9945547220961609
2021-02-24,Combined Minimum-Variance (sentiment-fused),0.9978735057546165
2021-02-25,Combined Minimum-Variance (sentiment-fused),0.9909372461531323
2021-02-26,Combined Minimum-Variance (sentiment-fused),0.9758305659387477
2021-03-01,Combined Minimum-Variance (sentiment-fused),0.9889928985440243
2021-03-02,Combined Minimum-Variance (sentiment-fused),0.9908012193335135
2021-03-03,Combined Minimum-Variance (sentiment-fused),0.9827762273450612
2021-03-04,Combined Minimum-Variance (sentiment-fused),0.9784820356751563
2021-03-05,Combined Minimum-Variance (sentiment-fused),0.9955592961483689
2021-03-08,Combined Minimum-Variance (sentiment-fused),0.991089872966515
2021-03-09,Combined Minimum-Variance (sentiment-fused),1.0005053258427703
2021-03-10,Combined Minimum-Variance (sentiment-fused),1.0134754898017313
2021-03-11,Combined Minimum-Variance (sentiment-fused),1.0146985157916601
2021-03-12,Combined Minimum-Variance (sentiment-fused),1.0210597238682204
2021-03-15,Combined Minimum-Variance (sentiment-fused),1.0301229712123425
2021-03-16,Combined Minimum-Variance (sentiment-fused),1.0384367123519342
2021-03-17,Combined Minimum-Variance (sentiment-fused),1.0345415476610353
2021-03-18,Combined Minimum-Variance (sentiment-fused),1.026389882481929
2021-03-19,Combined Minimum-Variance (sentiment-fused),1.0210063585909648
2021-03-22,Combined Minimum-Variance (sentiment-fused),1.0290074776429692
2021-03-23,Combined Minimum-Variance (sentiment-fused),1.0300711320038627
2021-03-24,Combined Minimum-Variance (sentiment-fused),1.0265827483658327
2021-03-25,Combined Minimum-Variance (sentiment-fused),1.0261390262182242
2021-03-26,Combined Minimum-Variance (sentiment-fused),1.0467765500062047
2021-03-29,Combined Minimum-Variance (sentiment-fused),1.0485581198864384
2021-03-30,Combined Minimum-Variance (sentiment-fused),1.0441090714464953
2021-03-31,Combined Minimum-Variance (sentiment-fused),1.0455672171481407
2021-04-01,Combined Minimum-Variance (sentiment-fused),1.054374259055796
2021-04-05,Combined Minimum-Variance (sentiment-fused),1.065316579953419
2021-04-06,Combined Minimum-Variance (sentiment-fused),1.0640217846862325
2021-04-07,Combined Minimum-Variance (sentiment-fused),1.0678338067783166
2021-04-08,Combined Minimum-Variance (sentiment-fused),1.0674415239778476
2021-04-09,Combined Minimum-Variance (sentiment-fused),1.0695363943678682
2021-04-12,Combined Minimum-Variance (sentiment-fused),1.073352473922364
2021-04-13,Combined Minimum-Variance (sentiment-fused),1.0777066172723035
2021-04-14,Combined Minimum-Variance (sentiment-fused),1.07331764512439
2021-04-15,Combined Minimum-Variance (sentiment-fused),1.0902951630676643
2021-04-16,Combined Minimum-Variance (sentiment-fused),1.1031926331802937
2021-04-19,Combined Minimum-Variance (sentiment-fused),1.0991931877917696
2021-04-20,Combined Minimum-Variance (sentiment-fused),1.0958567494584868
2021-04-21,Combined Minimum-Variance (sentiment-fused),1.0924689491717137
2021-04-22,Combined Minimum-Variance (sentiment-fused),1.0806534802944092
2021-04-23,Combined Minimum-Variance (sentiment-fused),1.0869188932457912
2021-04-26,Combined Minimum-Variance (sentiment-fused),1.0899520493347765
2021-04-27,Combined Minimum-Variance (sentiment-fused),1.0856034667374967
2021-04-28,Combined Minimum-Variance (sentiment-fused),1.0840131719799617
2021-04-29,Combined Minimum-Variance (sentiment-fused),1.0889389482637168
2021-04-30,Combined Minimum-Variance (sentiment-fused),1.0968299904715686
2021-05-03,Combined Minimum-Variance (sentiment-fused),1.0926566423413404
2021-05-04,Combined Minimum-Variance (sentiment-fused),1.0828996521238003
2021-05-05,Combined Minimum-Variance (sentiment-fused),1.088532268750792
2021-05-06,Combined Minimum-Variance (sentiment-fused),1.0967510900445236
2021-05-07,Combined Minimum-Variance (sentiment-fused),1.1016225035756066
2021-05-10,Combined Minimum-Variance (sentiment-fused),1.0975808323916099
2021-05-11,Combined Minimum-Variance (sentiment-fused),1.0926281304924275
2021-05-12,Combined Minimum-Variance (sentiment-fused),1.0708428586754004
2021-05-13,Combined Minimum-Variance (sentiment-fused),1.0849290432055516
2021-05-14,Combined Minimum-Variance (sentiment-fused),1.0871447342804264
2021-05-17,Combined Minimum-Variance (sentiment-fused),1.0839402935177203
2021-05-18,Combined Minimum-Variance (sentiment-fused),1.0741972994349898
2021-05-19,Combined Minimum-Variance (sentiment-fused),1.071057836032022
2021-05-20,Combined Minimum-Variance (sentiment-fused),1.0868742168982852
2021-05-21,Combined Minimum-Variance (sentiment-fused),1.0850523480010466
2021-05-24,Combined Minimum-Variance (sentiment-fused),1.0845965700867055
2021-05-25,Combined Minimum-Variance (sentiment-fused),1.0790658860549156
2021-05-26,Combined Minimum-Variance (sentiment-fused),1.0819354577323141
2021-05-27,Combined Minimum-Variance (sentiment-fused),1.0801008410517967
2021-05-28,Combined Minimum-Variance (sentiment-fused),1.0799598478146766
2021-06-01,Combined Minimum-Variance (sentiment-fused),1.0763141631506579
2021-06-02,Combined Minimum-Variance (sentiment-fused),1.0799143791595573
2021-06-03,Combined Minimum-Variance (sentiment-fused),1.0817403410474016
2021-06-04,Combined Minimum-Variance (sentiment-fused),1.0890599802463699
2021-06-07,Combined Minimum-Variance (sentiment-fused),1.0834237709603427
2021-06-08,Combined Minimum-Variance (sentiment-fused),1.0791789183531029
2021-06-09,Combined Minimum-Variance (sentiment-fused),1.0845429189977938
2021-06-10,Combined Minimum-Variance (sentiment-fused),1.092626862237573
2021-06-11,Combined Minimum-Variance (sentiment-fused),1.0947233732588435
2021-06-14,Combined Minimum-Variance (sentiment-fused),1.095943458778274
2021-06-15,Combined Minimum-Variance (sentiment-fused),1.0912588367691003
2021-06-16,Combined Minimum-Variance (sentiment-fused),1.0802747858471262
2021-06-17,Combined Minimum-Variance (sentiment-fused),1.0783031272404455
2021-06-18,Combined Minimum-Variance (sentiment-fused),1.0643132074889097
2021-06-21,Combined Minimum-Variance (sentiment-fused),1.0758302695362714
2021-06-22,Combined Minimum-Variance (sentiment-fused),1.0761648435998712
2021-06-23,Combined Minimum-Variance (sentiment-fused),1.0701939080605387
2021-06-24,Combined Minimum-Variance (sentiment-fused),1.0809974430702776
2021-06-25,Combined Minimum-Variance (sentiment-fused),1.0888745750007658
2021-06-28,Combined Minimum-Variance (sentiment-fused),1.0886566822625043
2021-06-29,Combined Minimum-Variance (sentiment-fused),1.086909984051875
2021-06-30,Combined Minimum-Variance (sentiment-fused),1.091504382567751
2021-07-01,Combined Minimum-Variance (sentiment-fused),1.095749274624587
2021-07-02,Combined Minimum-Variance (sentiment-fused),1.1027915532655315
2021-07-06,Combined Minimum-Variance (sentiment-fused),1.09818930789077
2021-07-07,Combined Minimum-Variance (sentiment-fused),1.1001567712572418
2021-07-08,Combined Minimum-Variance (sentiment-fused),1.094151257210814
2021-07-09,Combined Minimum-Variance (sentiment-fused),1.1074357575190537
2021-07-12,Combined Minimum-Variance (sentiment-fused),1.1114965889415933
2021-07-13,Combined Minimum-Variance (sentiment-fused),1.106611981166714
2021-07-14,Combined Minimum-Variance (sentiment-fused),1.1075876708633399
2021-07-15,Combined Minimum-Variance (sentiment-fused),1.1066306531956929
2021-07-16,Combined Minimum-Variance (sentiment-fused),1.10173880811727
2021-07-19,Combined Minimum-Variance (sentiment-fused),1.0855630343134863
2021-07-20,Combined Minimum-Variance (sentiment-fused),1.0937765878853452
2021-07-21,Combined Minimum-Variance (sentiment-fused),1.0980798630413353
2021-07-22,Combined Minimum-Variance (sentiment-fused),1.0951312726151112
2021-07-23,Combined Minimum-Variance (sentiment-fused),1.104257593034424
2021-07-26,Combined Minimum-Variance (sentiment-fused),1.1064118164880072
2021-07-27,Combined Minimum-Variance (sentiment-fused),1.1080063810060463
2021-07-28,Combined Minimum-Variance (sentiment-fused),1.1077136320592398
2021-07-29,Combined Minimum-Variance (sentiment-fused),1.1092004447443289
2021-07-30,Combined Minimum-Variance (sentiment-fused),1.1046944045874676
2021-08-02,Combined Minimum-Variance (sentiment-fused),1.1030209338408914
2021-08-03,Combined Minimum-Variance (sentiment-fused),1.1081780541108686
2021-08-04,Combined Minimum-Variance (sentiment-fused),1.1016582654502343
2021-08-05,Combined Minimum-Variance (sentiment-fused),1.1081217574507087
2021-08-06,Combined Minimum-Variance (sentiment-fused),1.1107673087229575
2021-08-09,Combined Minimum-Variance (sentiment-fused),1.1078846567154879
2021-08-10,Combined Minimum-Variance (sentiment-fused),1.111506470617228
2021-08-11,Combined Minimum-Variance (sentiment-fused),1.1193163572508806
2021-08-12,Combined Minimum-Variance (sentiment-fused),1.1216810896633358
2021-08-13,Combined Minimum-Variance (sentiment-fused),1.125488726343332
2021-08-16,Combined Minimum-Variance (sentiment-fused),1.1299411214810753
2021-08-17,Combined Minimum-Variance (sentiment-fused),1.1283042185264556
2021-08-18,Combined Minimum-Variance (sentiment-fused),1.1135835430655745
2021-08-19,Combined Minimum-Variance (sentiment-fused),1.1111543325261215
2021-08-20,Combined Minimum-Variance (sentiment-fused),1.116716933437849
2021-08-23,Combined Minimum-Variance (sentiment-fused),1.1213664067831828
2021-08-24,Combined Minimum-Variance (sentiment-fused),1.1198987348515865
2021-08-25,Combined Minimum-Variance (sentiment-fused),1.1205823988317352
2021-08-26,Combined Minimum-Variance (sentiment-fused),1.1133342150054202
2021-08-27,Combined Minimum-Variance (sentiment-fused),1.120038992407581
2021-08-30,Combined Minimum-Variance (sentiment-fused),1.1222870443212583
2021-08-31,Combined Minimum-Variance (sentiment-fused),1.1248144555828186
2021-09-01,Combined Minimum-Variance (sentiment-fused),1.1210496797356395
2021-09-02,Combined Minimum-Variance (sentiment-fused),1.12707895644547
2021-09-03,Combined Minimum-Variance (sentiment-fused),1.1209472244592973
2021-09-07,Combined Minimum-Variance (sentiment-fused),1.1078411658449117
2021-09-08,Combined Minimum-Variance (sentiment-fused),1.1118831320203206
2021-09-09,Combined Minimum-Variance (sentiment-fused),1.1036916497759375
2021-09-10,Combined Minimum-Variance (sentiment-fused),1.0969038232422976
2021-09-13,Combined Minimum-Variance (sentiment-fused),1.099242343092251
2021-09-14,Combined Minimum-Variance (sentiment-fused),1.0940653133888043
2021-09-15,Combined Minimum-Variance (sentiment-fused),1.0977562251200181
2021-09-16,Combined Minimum-Variance (sentiment-fused),1.094688677027245
2021-09-17,Combined Minimum-Variance (sentiment-fused),1.0845189296444544
2021-09-20,Combined Minimum-Variance (sentiment-fused),1.068184863397495
2021-09-21,Combined Minimum-Variance (sentiment-fused),1.0654207739347883
2021-09-22,Combined Minimum-Variance (sentiment-fused),1.069689866293707
2021-09-23,Combined Minimum-Variance (sentiment-fused),1.0769904804118764
2021-09-24,Combined Minimum-Variance (sentiment-fused),1.0722857650740782
2021-09-27,Combined Minimum-Variance (sentiment-fused),1.0718983665935131
2021-09-28,Combined Minimum-Variance (sentiment-fused),1.0586392276318473
2021-09-29,Combined Minimum-Variance (sentiment-fused),1.0611767619553083
2021-09-30,Combined Minimum-Variance (sentiment-fused),1.04846869076164
2021-10-01,Combined Minimum-Variance (sentiment-fused),1.0583657363135557
2021-10-04,Combined Minimum-Variance (sentiment-fused),1.0572392686154548
2021-10-05,Combined Minimum-Variance (sentiment-fused),1.0610601567561087
2021-10-06,Combined Minimum-Variance (sentiment-fused),1.0647245292965144
2021-10-07,Combined Minimum-Variance (sentiment-fused),1.0726290631091082
2021-10-08,Combined Minimum-Variance (sentiment-fused),1.0699728162943642
2021-10-11,Combined Minimum-Variance (sentiment-fused),1.060914781307527
2021-10-12,Combined Minimum-Variance (sentiment-fused),1.0615150459732394
2021-10-13,Combined Minimum-Variance (sentiment-fused),1.06377448996611
2021-10-14,Combined Minimum-Variance (sentiment-fused),1.07635515800827
2021-10-15,Combined Minimum-Variance (sentiment-fused),1.0788460602787613
2021-10-18,Combined Minimum-Variance (sentiment-fused),1.0814618240593183
2021-10-19,Combined Minimum-Variance (sentiment-fused),1.094589149944795
2021-10-20,Combined Minimum-Variance (sentiment-fused),1.1025861765194946
2021-10-21,Combined Minimum-Variance (sentiment-fused),1.1069814969318066
2021-10-22,Combined Minimum-Variance (sentiment-fused),1.1078795661418097
2021-10-25,Combined Minimum-Variance (sentiment-fused),1.113463856789919
2021-10-26,Combined Minimum-Variance (sentiment-fused),1.113111107622339
2021-10-27,Combined Minimum-Variance (sentiment-fused),1.1014325040020765
2021-10-28,Combined Minimum-Variance (sentiment-fused),1.113608945159909
2021-10-29,Combined Minimum-Variance (sentiment-fused),1.1088582617303382
2021-11-01,Combined Minimum-Variance (sentiment-fused),1.1156449239070692
2021-11-02,Combined Minimum-Variance (sentiment-fused),1.1218708436531892
2021-11-03,Combined Minimum-Variance (sentiment-fused),1.1238932884562973
2021-11-04,Combined Minimum-Variance (sentiment-fused),1.124603536644341
2021-11-05,Combined Minimum-Variance (sentiment-fused),1.1186704283906375
2021-11-08,Combined Minimum-Variance (sentiment-fused),1.1204479727478969
2021-11-09,Combined Minimum-Variance (sentiment-fused),1.1179292893644441
2021-11-10,Combined Minimum-Variance (sentiment-fused),1.1136213546560108
2021-11-11,Combined Minimum-Variance (sentiment-fused),1.1143977053306178
2021-11-12,Combined Minimum-Variance (sentiment-fused),1.1173203754486936
2021-11-15,Combined Minimum-Variance (sentiment-fused),1.1168429739476402
2021-11-16,Combined Minimum-Variance (sentiment-fused),1.1150334532257884
2021-11-17,Combined Minimum-Variance (sentiment-fused),1.1112827441417943
2021-11-18,Combined Minimum-Variance (sentiment-fused),1.1104028324607726
2021-11-19,Combined Minimum-Variance (sentiment-fused),1.0998126390623377
2021-11-22,Combined Minimum-Variance (sentiment-fused),1.1040382354740867
2021-11-23,Combined Minimum-Variance (sentiment-fused),1.1110477939491734
2021-11-24,Combined Minimum-Variance (sentiment-fused),1.1119603707589556
2021-11-26,Combined Minimum-Variance (sentiment-fused),1.0930272248841948
2021-11-29,Combined Minimum-Variance (sentiment-fused),1.0935767613701206
2021-11-30,Combined Minimum-Variance (sentiment-fused),1.0687868697757337
2021-12-01,Combined Minimum-Variance (sentiment-fused),1.0544247156157764
2021-12-02,Combined Minimum-Variance (sentiment-fused),1.0746670591804215
2021-12-03,Combined Minimum-Variance (sentiment-fused),1.080481860503272
2021-12-06,Combined Minimum-Variance (sentiment-fused),1.094864227887374
2021-12-07,Combined Minimum-Variance (sentiment-fused),1.10281383394563
2021-12-08,Combined Minimum-Variance (sentiment-fused),1.103276586739939
2021-12-09,Combined Minimum-Variance (sentiment-fused),1.0987153420316877
2021-12-10,Combined Minimum-Variance (sentiment-fused),1.1076595991095963
2021-12-13,Combined Minimum-Variance (sentiment-fused),1.1112884711876132
2021-12-14,Combined Minimum-Variance (sentiment-fused),1.1081432167624525
2021-12-15,Combined Minimum-Variance (sentiment-fused),1.11861867869777
2021-12-16,Combined Minimum-Variance (sentiment-fused),1.12761161864475
2021-12-17,Combined Minimum-Variance (sentiment-fused),1.1107681162665917
2021-12-20,Combined Minimum-Variance (sentiment-fused),1.1078917111824103
2021-12-21,Combined Minimum-Variance (sentiment-fused),1.114341186036424
2021-12-22,Combined Minimum-Variance (sentiment-fused),1.1224930087475309
2021-12-23,Combined Minimum-Variance (sentiment-fused),1.1247822924809876
2021-12-27,Combined Minimum-Variance (sentiment-fused),1.1386515022935317
2021-12-28,Combined Minimum-Variance (sentiment-fused),1.1446291325961417
2021-12-29,Combined Minimum-Variance (sentiment-fused),1.1465997092084528
2021-12-30,Combined Minimum-Variance (sentiment-fused),1.146152084982387
2021-12-31,Combined Minimum-Variance (sentiment-fused),1.1459157028072329
2022-01-03,Combined Minimum-Variance (sentiment-fused),1.1468647873007458
2022-01-04,Combined Minimum-Variance (sentiment-fused),1.1491902103416893
2022-01-05,Combined Minimum-Variance (sentiment-fused),1.1453171771618946
2022-01-06,Combined Minimum-Variance (sentiment-fused),1.14556471825111
2022-01-07,Combined Minimum-Variance (sentiment-fused),1.1505721727238736
2022-01-10,Combined Minimum-Variance (sentiment-fused),1.1529303401198954
2022-01-11,Combined Minimum-Variance (sentiment-fused),1.156899011912173
2022-01-12,Combined Minimum-Variance (sentiment-fused),1.1543204069820732
2022-01-13,Combined Minimum-Variance (sentiment-fused),1.1509760055051814
2022-01-14,Combined Minimum-Variance (sentiment-fused),1.1482719548118145
2022-01-18,Combined Minimum-Variance (sentiment-fused),1.136416623878618
2022-01-19,Combined Minimum-Variance (sentiment-fused),1.1323874187486227
2022-01-20,Combined Minimum-Variance (sentiment-fused),1.1210031447666402
2022-01-21,Combined Minimum-Variance (sentiment-fused),1.1168114587890792
2022-01-24,Combined Minimum-Variance (sentiment-fused),1.1177817524337157
2022-01-25,Combined Minimum-Variance (sentiment-fused),1.1193801716112681
2022-01-26,Combined Minimum-Variance (sentiment-fused),1.1047751278567512
2022-01-27,Combined Minimum-Variance (sentiment-fused),1.1059922169544398
2022-01-28,Combined Minimum-Variance (sentiment-fused),1.1197139887535108
2022-01-31,Combined Minimum-Variance (sentiment-fused),1.1308231245801106
2022-02-01,Combined Minimum-Variance (sentiment-fused),1.1320231314695948
2022-02-02,Combined Minimum-Variance (sentiment-fused),1.145589374970059
2022-02-03,Combined Minimum-Variance (sentiment-fused),1.1408056055254716
2022-02-04,Combined Minimum-Variance (sentiment-fused),1.136933581058753
2022-02-07,Combined Minimum-Variance (sentiment-fused),1.134418765153405
2022-02-08,Combined Minimum-Variance (sentiment-fused),1.1347166106437119
2022-02-09,Combined Minimum-Variance (sentiment-fused),1.1437140634944485
2022-02-10,Combined Minimum-Variance (sentiment-fused),1.1191418003737894
2022-02-11,Combined Minimum-Variance (sentiment-fused),1.1174365069696317
2022-02-14,Combined Minimum-Variance (sentiment-fused),1.1101671287241521
2022-02-15,Combined Minimum-Variance (sentiment-fused),1.1103229650609205
2022-02-16,Combined Minimum-Variance (sentiment-fused),1.1093373540956486
2022-02-17,Combined Minimum-Variance (sentiment-fused),1.1007557764474316
2022-02-18,Combined Minimum-Variance (sentiment-fused),1.0960834287054537
2022-02-22,Combined Minimum-Variance (sentiment-fused),1.0921743570107034
2022-02-23,Combined Minimum-Variance (sentiment-fused),1.0868161803890692
2022-02-24,Combined Minimum-Variance (sentiment-fused),1.0895392996971291
2022-02-25,Combined Minimum-Variance (sentiment-fused),1.1175586359918037
2022-02-28,Combined Minimum-Variance (sentiment-fused),1.114287516498603
2022-03-01,Combined Minimum-Variance (sentiment-fused),1.1121673718024556
2022-03-02,Combined Minimum-Variance (sentiment-fused),1.1297805448816047
2022-03-03,Combined Minimum-Variance (sentiment-fused),1.137400844942154
2022-03-04,Combined Minimum-Variance (sentiment-fused),1.145102349574948
2022-03-07,Combined Minimum-Variance (sentiment-fused),1.1380459494432373
2022-03-08,Combined Minimum-Variance (sentiment-fused),1.1289992077824456
2022-03-09,Combined Minimum-Variance (sentiment-fused),1.134971052925131
2022-03-10,Combined Minimum-Variance (sentiment-fused),1.1360979150815327
2022-03-11,Combined Minimum-Variance (sentiment-fused),1.129656416883053
2022-03-14,Combined Minimum-Variance (sentiment-fused),1.1254015638512196
2022-03-15,Combined Minimum-Variance (sentiment-fused),1.128159696369747
2022-03-16,Combined Minimum-Variance (sentiment-fused),1.1358940632444137
2022-03-17,Combined Minimum-Variance (sentiment-fused),1.1488863721892553
2022-03-18,Combined Minimum-Variance (sentiment-fused),1.1513751754726145
2022-03-21,Combined Minimum-Variance (sentiment-fused),1.1547268535431627
2022-03-22,Combined Minimum-Variance (sentiment-fused),1.1594101489375015
2022-03-23,Combined Minimum-Variance (sentiment-fused),1.1487856071034643
2022-03-24,Combined Minimum-Variance (sentiment-fused),1.158152890779125
2022-03-25,Combined Minimum-Variance (sentiment-fused),1.1704484663664352
2022-03-28,Combined Minimum-Variance (sentiment-fused),1.1771151661786114
2022-03-29,Combined Minimum-Variance (sentiment-fused),1.1926686542122615
2022-03-30,Combined Minimum-Variance (sentiment-fused),1.1909705721863484
2022-03-31,Combined Minimum-Variance (sentiment-fused),1.1787548872565898
2022-04-01,Combined Minimum-Variance (sentiment-fused),1.1891208889384128
2022-04-04,Combined Minimum-Variance (sentiment-fused),1.1919273204850533
2022-04-05,Combined Minimum-Variance (sentiment-fused),1.18539341189752
2022-04-06,Combined Minimum-Variance (sentiment-fused),1.1987874564945338
2022-04-07,Combined Minimum-Variance (sentiment-fused),1.1995754183353524
2022-04-08,Combined Minimum-Variance (sentiment-fused),1.2062122872872862
2022-04-11,Combined Minimum-Variance (sentiment-fused),1.1908113368504243
2022-04-12,Combined Minimum-Variance (sentiment-fused),1.195734790091188
2022-04-13,Combined Minimum-Variance (sentiment-fused),1.2026065417703455
2022-04-14,Combined Minimum-Variance (sentiment-fused),1.206568512956674
2022-04-18,Combined Minimum-Variance (sentiment-fused),1.2043696245293212
2022-04-19,Combined Minimum-Variance (sentiment-fused),1.2160266438440914
2022-04-20,Combined Minimum-Variance (sentiment-fused),1.2212579722141408
2022-04-21,Combined Minimum-Variance (sentiment-fused),1.208104117753837
2022-04-22,Combined Minimum-Variance (sentiment-fused),1.183256108211637
2022-04-25,Combined Minimum-Variance (sentiment-fused),1.182675016374918
2022-04-26,Combined Minimum-Variance (sentiment-fused),1.1635806136644458
2022-04-27,Combined Minimum-Variance (sentiment-fused),1.1660137216091835
2022-04-28,Combined Minimum-Variance (sentiment-fused),1.1836587023483118
2022-04-29,Combined Minimum-Variance (sentiment-fused),1.145213960263361
2022-05-02,Combined Minimum-Variance (sentiment-fused),1.1461948301620393
2022-05-03,Combined Minimum-Variance (sentiment-fused),1.151325873592869
2022-05-04,Combined Minimum-Variance (sentiment-fused),1.1824881526825959
2022-05-05,Combined Minimum-Variance (sentiment-fused),1.1624572983277115
2022-05-06,Combined Minimum-Variance (sentiment-fused),1.1643022900388973
2022-05-09,Combined Minimum-Variance (sentiment-fused),1.1427661424467044
2022-05-10,Combined Minimum-Variance (sentiment-fused),1.1347404985967193
2022-05-11,Combined Minimum-Variance (sentiment-fused),1.1490816559766015
2022-05-12,Combined Minimum-Variance (sentiment-fused),1.1584359565687594
2022-05-13,Combined Minimum-Variance (sentiment-fused),1.171599307097459
2022-05-16,Combined Minimum-Variance (sentiment-fused),1.1800376556069807
2022-05-17,Combined Minimum-Variance (sentiment-fused),1.1797939256607692
2022-05-18,Combined Minimum-Variance (sentiment-fused),1.154267400916698
2022-05-19,Combined Minimum-Variance (sentiment-fused),1.147954941091248
2022-05-20,Combined Minimum-Variance (sentiment-fused),1.1523614488549987
2022-05-23,Combined Minimum-Variance (sentiment-fused),1.1702552938837445
2022-05-24,Combined Minimum-Variance (sentiment-fused),1.1841380496867973
2022-05-25,Combined Minimum-Variance (sentiment-fused),1.1937076057495943
2022-05-26,Combined Minimum-Variance (sentiment-fused),1.2055628983338127
2022-05-27,Combined Minimum-Variance (sentiment-fused),1.2229384694142704
2022-05-31,Combined Minimum-Variance (sentiment-fused),1.210992081819509
2022-06-01,Combined Minimum-Variance (sentiment-fused),1.2095252796554459
2022-06-02,Combined Minimum-Variance (sentiment-fused),1.218795336932947
2022-06-03,Combined Minimum-Variance (sentiment-fused),1.2137385943849512
2022-06-06,Combined Minimum-Variance (sentiment-fused),1.2135311730341636
2022-06-07,Combined Minimum-Variance (sentiment-fused),1.225971370280408
2022-06-08,Combined Minimum-Variance (sentiment-fused),1.2157292684830128
2022-06-09,Combined Minimum-Variance (sentiment-fused),1.18851804431388
2022-06-10,Combined Minimum-Variance (sentiment-fused),1.1683150063301804
2022-06-13,Combined Minimum-Variance (sentiment-fused),1.1229900045884944
2022-06-14,Combined Minimum-Variance (sentiment-fused),1.1081418046492182
2022-06-15,Combined Minimum-Variance (sentiment-fused),1.1102043217124602
2022-06-16,Combined Minimum-Variance (sentiment-fused),1.0882194654722075
2022-06-17,Combined Minimum-Variance (sentiment-fused),1.0801349286492459
2022-06-21,Combined Minimum-Variance (sentiment-fused),1.1039905987014518
2022-06-22,Combined Minimum-Variance (sentiment-fused),1.1012433843226888
2022-06-23,Combined Minimum-Variance (sentiment-fused),1.1056024443498675
2022-06-24,Combined Minimum-Variance (sentiment-fused),1.1274494598775116
2022-06-27,Combined Minimum-Variance (sentiment-fused),1.1247629537439394
2022-06-28,Combined Minimum-Variance (sentiment-fused),1.1181543598771542
2022-06-29,Combined Minimum-Variance (sentiment-fused),1.1141976128853688
2022-06-30,Combined Minimum-Variance (sentiment-fused),1.1060246858700546
2022-07-01,Combined Minimum-Variance (sentiment-fused),1.121491232348981
2022-07-05,Combined Minimum-Variance (sentiment-fused),1.1110461699311533
2022-07-06,Combined Minimum-Variance (sentiment-fused),1.1100197217060126
2022-07-07,Combined Minimum-Variance (sentiment-fused),1.1204189484130536
2022-07-08,Combined Minimum-Variance (sentiment-fused),1.1172445297183151
2022-07-11,Combined Minimum-Variance (sentiment-fused),1.1149077628447195
2022-07-12,Combined Minimum-Variance (sentiment-fused),1.1105907305727458
2022-07-13,Combined Minimum-Variance (sentiment-fused),1.1072744254392468
2022-07-14,Combined Minimum-Variance (sentiment-fused),1.0978446774051684
2022-07-15,Combined Minimum-Variance (sentiment-fused),1.1119644653653205
2022-07-18,Combined Minimum-Variance (sentiment-fused),1.1019800921466216
2022-07-19,Combined Minimum-Variance (sentiment-fused),1.1297826171729883
2022-07-20,Combined Minimum-Variance (sentiment-fused),1.1259696494567315
2022-07-21,Combined Minimum-Variance (sentiment-fused),1.127774248652293
2022-07-22,Combined Minimum-Variance (sentiment-fused),1.1180134247789142
2022-07-25,Combined Minimum-Variance (sentiment-fused),1.120032610945082
2022-07-26,Combined Minimum-Variance (sentiment-fused),1.1156628004241447
2022-07-27,Combined Minimum-Variance (sentiment-fused),1.1165957223676048
2022-07-28,Combined Minimum-Variance (sentiment-fused),1.1299389254862784
2022-07-29,Combined Minimum-Variance (sentiment-fused),1.1418572939852594
2022-08-01,Combined Minimum-Variance (sentiment-fused),1.141379402734373
2022-08-02,Combined Minimum-Variance (sentiment-fused),1.1325656967553743
2022-08-03,Combined Minimum-Variance (sentiment-fused),1.141926778527311
2022-08-04,Combined Minimum-Variance (sentiment-fused),1.131137150414196
2022-08-05,Combined Minimum-Variance (sentiment-fused),1.1284027097566418
2022-08-08,Combined Minimum-Variance (sentiment-fused),1.1328550677849551
2022-08-09,Combined Minimum-Variance (sentiment-fused),1.1362226209074393
2022-08-10,Combined Minimum-Variance (sentiment-fused),1.1471606045846356
2022-08-11,Combined Minimum-Variance (sentiment-fused),1.1489379726481792
2022-08-12,Combined Minimum-Variance (sentiment-fused),1.1644420865583178
2022-08-15,Combined Minimum-Variance (sentiment-fused),1.1739929397588997
2022-08-16,Combined Minimum-Variance (sentiment-fused),1.1786673597004118
2022-08-17,Combined Minimum-Variance (sentiment-fused),1.1693070518120907
2022-08-18,Combined Minimum-Variance (sentiment-fused),1.1696118032093015
2022-08-19,Combined Minimum-Variance (sentiment-fused),1.163332588963313
2022-08-22,Combined Minimum-Variance (sentiment-fused),1.13784648157159
2022-08-23,Combined Minimum-Variance (sentiment-fused),1.1361489027495228
2022-08-24,Combined Minimum-Variance (sentiment-fused),1.1373453401149751
2022-08-25,Combined Minimum-Variance (sentiment-fused),1.1481940049532073
2022-08-26,Combined Minimum-Variance (sentiment-fused),1.131414692080359
2022-08-29,Combined Minimum-Variance (sentiment-fused),1.1279675093584642
2022-08-30,Combined Minimum-Variance (sentiment-fused),1.113486306865504
2022-08-31,Combined Minimum-Variance (sentiment-fused),1.110546468817839
2022-09-01,Combined Minimum-Variance (sentiment-fused),1.1128955912773637
2022-09-02,Combined Minimum-Variance (sentiment-fused),1.1028919017972787
2022-09-06,Combined Minimum-Variance (sentiment-fused),1.099714515493281
2022-09-07,Combined Minimum-Variance (sentiment-fused),1.1113276326060424
2022-09-08,Combined Minimum-Variance (sentiment-fused),1.1113900235431282
2022-09-09,Combined Minimum-Variance (sentiment-fused),1.1302307546397077
2022-09-12,Combined Minimum-Variance (sentiment-fused),1.141030625809095
2022-09-13,Combined Minimum-Variance (sentiment-fused),1.1034486255482816
2022-09-14,Combined Minimum-Variance (sentiment-fused),1.1083979582292847
2022-09-15,Combined Minimum-Variance (sentiment-fused),1.0954486191874298
2022-09-16,Combined Minimum-Variance (sentiment-fused),1.0948032384447903
2022-09-19,Combined Minimum-Variance (sentiment-fused),1.0992165264122318
2022-09-20,Combined Minimum-Variance (sentiment-fused),1.0854413995119914
2022-09-21,Combined Minimum-Variance (sentiment-fused),1.0740465446436904
2022-09-22,Combined Minimum-Variance (sentiment-fused),1.0748816050737362
2022-09-23,Combined Minimum-Variance (sentiment-fused),1.0540748618312494
2022-09-26,Combined Minimum-Variance (sentiment-fused),1.0373173511217157
2022-09-27,Combined Minimum-Variance (sentiment-fused),1.0277709441293195
2022-09-28,Combined Minimum-Variance (sentiment-fused),1.0494319876835132
2022-09-29,Combined Minimum-Variance (sentiment-fused),1.027422388949078
2022-09-30,Combined Minimum-Variance (sentiment-fused),1.0125935451221184
2022-10-03,Combined Minimum-Variance (sentiment-fused),1.040285370066046
2022-10-04,Combined Minimum-Variance (sentiment-fused),1.0652988487244806
2022-10-05,Combined Minimum-Variance (sentiment-fused),1.0599666870564846
2022-10-06,Combined Minimum-Variance (sentiment-fused),1.0492677755890543
2022-10-07,Combined Minimum-Variance (sentiment-fused),1.0338337291959383
2022-10-10,Combined Minimum-Variance (sentiment-fused),1.0299190173612491
2022-10-11,Combined Minimum-Variance (sentiment-fused),1.0292163252823872
2022-10-12,Combined Minimum-Variance (sentiment-fused),1.0216620320824306
2022-10-13,Combined Minimum-Variance (sentiment-fused),1.044600759233239
2022-10-14,Combined Minimum-Variance (sentiment-fused),1.0289094628420552
2022-10-17,Combined Minimum-Variance (sentiment-fused),1.045213435864032
2022-10-18,Combined Minimum-Variance (sentiment-fused),1.0582662664954836
2022-10-19,Combined Minimum-Variance (sentiment-fused),1.0521321679165592
2022-10-20,Combined Minimum-Variance (sentiment-fused),1.0426531848079834
2022-10-21,Combined Minimum-Variance (sentiment-fused),1.062001063088676
2022-10-24,Combined Minimum-Variance (sentiment-fused),1.0733510575354837
2022-10-25,Combined Minimum-Variance (sentiment-fused),1.0871709045859252
2022-10-26,Combined Minimum-Variance (sentiment-fused),1.0949362560770588
2022-10-27,Combined Minimum-Variance (sentiment-fused),1.0954322788821067
2022-10-28,Combined Minimum-Variance (sentiment-fused),1.1171682836779917
2022-10-31,Combined Minimum-Variance (sentiment-fused),1.108427765785886
2022-11-01,Combined Minimum-Variance (sentiment-fused),1.1093533385850296
2022-11-02,Combined Minimum-Variance (sentiment-fused),1.0962161907669907
2022-11-03,Combined Minimum-Variance (sentiment-fused),1.0924709847948642
2022-11-04,Combined Minimum-Variance (sentiment-fused),1.1105931001458333
2022-11-07,Combined Minimum-Variance (sentiment-fused),1.1182154836859064
2022-11-08,Combined Minimum-Variance (sentiment-fused),1.1238738350159192
2022-11-09,Combined Minimum-Variance (sentiment-fused),1.09882631708584
2022-11-10,Combined Minimum-Variance (sentiment-fused),1.1405444487813148
2022-11-11,Combined Minimum-Variance (sentiment-fused),1.1458145949305765
2022-11-14,Combined Minimum-Variance (sentiment-fused),1.1397617928886832
2022-11-15,Combined Minimum-Variance (sentiment-fused),1.1520520153473994
2022-11-16,Combined Minimum-Variance (sentiment-fused),1.1454538344363727
2022-11-17,Combined Minimum-Variance (sentiment-fused),1.149170688634279
2022-11-18,Combined Minimum-Variance (sentiment-fused),1.154752259103553
2022-11-21,Combined Minimum-Variance (sentiment-fused),1.1579369305220715
2022-11-22,Combined Minimum-Variance (sentiment-fused),1.1753097033131603
2022-11-23,Combined Minimum-Variance (sentiment-fused),1.1814786304259088
2022-11-25,Combined Minimum-Variance (sentiment-fused),1.1796751210574679
2022-11-28,Combined Minimum-Variance (sentiment-fused),1.1582229160962518
2022-11-29,Combined Minimum-Variance (sentiment-fused),1.1599848868275102
2022-11-30,Combined Minimum-Variance (sentiment-fused),1.1821582052047586
2022-12-01,Combined Minimum-Variance (sentiment-fused),1.1818444539623874
2022-12-02,Combined Minimum-Variance (sentiment-fused),1.184256087810071
2022-12-05,Combined Minimum-Variance (sentiment-fused),1.17185232188599
2022-12-06,Combined Minimum-Variance (sentiment-fused),1.1588974201439701
2022-12-07,Combined Minimum-Variance (sentiment-fused),1.1589844088907886
2022-12-08,Combined Minimum-Variance (sentiment-fused),1.1646516224657393
2022-12-09,Combined Minimum-Variance (sentiment-fused),1.1510220087507756
2022-12-12,Combined Minimum-Variance (sentiment-fused),1.1630865783409505
2022-12-13,Combined Minimum-Variance (sentiment-fused),1.167163439252868
2022-12-14,Combined Minimum-Variance (sentiment-fused),1.1630578717539688
2022-12-15,Combined Minimum-Variance (sentiment-fused),1.1472349050475072
2022-12-16,Combined Minimum-Variance (sentiment-fused),1.1349723374590621
2022-12-19,Combined Minimum-Variance (sentiment-fused),1.1313434043153352
2022-12-20,Combined Minimum-Variance (sentiment-fused),1.1321744867499615
2022-12-21,Combined Minimum-Variance (sentiment-fused),1.1457929531304332
2022-12-22,Combined Minimum-Variance (sentiment-fused),1.1390463981388155
2022-12-23,Combined Minimum-Variance (sentiment-fused),1.1458855489501225
2022-12-27,Combined Minimum-Variance (sentiment-fused),1.1458170853727516
2022-12-28,Combined Minimum-Variance (sentiment-fused),1.1332596900589242
2022-12-29,Combined Minimum-Variance (sentiment-fused),1.1444313750625972
2022-12-30,Combined Minimum-Variance (sentiment-fused),1.1427240798833784
2023-01-03,Combined Minimum-Variance (sentiment-fused),1.1456633926776219
2023-01-04,Combined Minimum-Variance (sentiment-fused),1.154374091496495
2023-01-05,Combined Minimum-Variance (sentiment-fused),1.1499574347044133
2023-01-06,Combined Minimum-Variance (sentiment-fused),1.1679393711883408
2023-01-09,Combined Minimum-Variance (sentiment-fused),1.1632235785073552
2023-01-10,Combined Minimum-Variance (sentiment-fused),1.1644263642158672
2023-01-11,Combined Minimum-Variance (sentiment-fused),1.1731077393574771
2023-01-12,Combined Minimum-Variance (sentiment-fused),1.1788008455997576
2023-01-13,Combined Minimum-Variance (sentiment-fused),1.1829825449441262
2023-01-17,Combined Minimum-Variance (sentiment-fused),1.176632439367163
2023-01-18,Combined Minimum-Variance (sentiment-fused),1.1551310763801885
2023-01-19,Combined Minimum-Variance (sentiment-fused),1.1513887611609164
2023-01-20,Combined Minimum-Variance (sentiment-fused),1.16363575856118
2023-01-23,Combined Minimum-Variance (sentiment-fused),1.1729843910574558
2023-01-24,Combined Minimum-Variance (sentiment-fused),1.1705280765483355
2023-01-25,Combined Minimum-Variance (sentiment-fused),1.1702832990729677
2023-01-26,Combined Minimum-Variance (sentiment-fused),1.1791976343120911
2023-01-27,Combined Minimum-Variance (sentiment-fused),1.1755283361497664
2023-01-30,Combined Minimum-Variance (sentiment-fused),1.166823329557187
2023-01-31,Combined Minimum-Variance (sentiment-fused),1.1775023543419252
2023-02-01,Combined Minimum-Variance (sentiment-fused),1.1703655303774507
2023-02-02,Combined Minimum-Variance (sentiment-fused),1.1639357639230818
2023-02-03,Combined Minimum-Variance (sentiment-fused),1.1537271148402224
2023-02-06,Combined Minimum-Variance (sentiment-fused),1.1528492832592563
2023-02-07,Combined Minimum-Variance (sentiment-fused),1.1624371404952671
2023-02-08,Combined Minimum-Variance (sentiment-fused),1.1513249797937288
2023-02-09,Combined Minimum-Variance (sentiment-fused),1.1416598653644667
2023-02-10,Combined Minimum-Variance (sentiment-fused),1.15557208434647
2023-02-13,Combined Minimum-Variance (sentiment-fused),1.1660872257787929
2023-02-14,Combined Minimum-Variance (sentiment-fused),1.1584649549536448
2023-02-15,Combined Minimum-Variance (sentiment-fused),1.1623082368737436
2023-02-16,Combined Minimum-Variance (sentiment-fused),1.1487162213566486
2023-02-17,Combined Minimum-Variance (sentiment-fused),1.15141473092735
2023-02-21,Combined Minimum-Variance (sentiment-fused),1.1404822963684917
2023-02-22,Combined Minimum-Variance (sentiment-fused),1.1349208180940455
2023-02-23,Combined Minimum-Variance (sentiment-fused),1.1356618331618173
2023-02-24,Combined Minimum-Variance (sentiment-fused),1.1299766511773517
2023-02-27,Combined Minimum-Variance (sentiment-fused),1.1273433410778932
2023-02-28,Combined Minimum-Variance (sentiment-fused),1.1168372317613586
2023-03-01,Combined Minimum-Variance (sentiment-fused),1.111135525895552
2023-03-02,Combined Minimum-Variance (sentiment-fused),1.1193223206110088
2023-03-03,Combined Minimum-Variance (sentiment-fused),1.1254212243120312
2023-03-06,Combined Minimum-Variance (sentiment-fused),1.1297736757746044
2023-03-07,Combined Minimum-Variance (sentiment-fused),1.1118315562863044
2023-03-08,Combined Minimum-Variance (sentiment-fused),1.1117401494001635
2023-03-09,Combined Minimum-Variance (sentiment-fused),1.0947951710403883
2023-03-10,Combined Minimum-Variance (sentiment-fused),1.0798714022047913
2023-03-13,Combined Minimum-Variance (sentiment-fused),1.0847191325647618
2023-03-14,Combined Minimum-Variance (sentiment-fused),1.0956487310293272
2023-03-15,Combined Minimum-Variance (sentiment-fused),1.0881170756606486
2023-03-16,Combined Minimum-Variance (sentiment-fused),1.092293536959632
2023-03-17,Combined Minimum-Variance (sentiment-fused),1.0799477813435845
2023-03-20,Combined Minimum-Variance (sentiment-fused),1.0907834567832089
2023-03-21,Combined Minimum-Variance (sentiment-fused),1.0962538549529381
2023-03-22,Combined Minimum-Variance (sentiment-fused),1.0783678233640788
2023-03-23,Combined Minimum-Variance (sentiment-fused),1.0779008501007636
2023-03-24,Combined Minimum-Variance (sentiment-fused),1.0923287631991105
2023-03-27,Combined Minimum-Variance (sentiment-fused),1.0978102329450807
2023-03-28,Combined Minimum-Variance (sentiment-fused),1.1004659463458004
2023-03-29,Combined Minimum-Variance (sentiment-fused),1.1138296580864495
2023-03-30,Combined Minimum-Variance (sentiment-fused),1.1187796553861007
2023-03-31,Combined Minimum-Variance (sentiment-fused),1.1306880057342212
2023-04-03,Combined Minimum-Variance (sentiment-fused),1.1420898835004312
2023-04-04,Combined Minimum-Variance (sentiment-fused),1.1414648807740153
2023-04-05,Combined Minimum-Variance (sentiment-fused),1.1544411921629716
2023-04-06,Combined Minimum-Variance (sentiment-fused),1.1542304683539464
2023-04-10,Combined Minimum-Variance (sentiment-fused),1.1530807551109856
2023-04-11,Combined Minimum-Variance (sentiment-fused),1.1533935142203222
2023-04-12,Combined Minimum-Variance (sentiment-fused),1.1515624536875892
2023-04-13,Combined Minimum-Variance (sentiment-fused),1.154456385486486
2023-04-14,Combined Minimum-Variance (sentiment-fused),1.1472882795516237
2023-04-17,Combined Minimum-Variance (sentiment-fused),1.151757937365862
2023-04-18,Combined Minimum-Variance (sentiment-fused),1.1477649879271603
2023-04-19,Combined Minimum-Variance (sentiment-fused),1.148520866737894
2023-04-20,Combined Minimum-Variance (sentiment-fused),1.14471275957339
2023-04-21,Combined Minimum-Variance (sentiment-fused),1.1469560520309323
2023-04-24,Combined Minimum-Variance (sentiment-fused),1.150366117496089
2023-04-25,Combined Minimum-Variance (sentiment-fused),1.1433652048220306
2023-04-26,Combined Minimum-Variance (sentiment-fused),1.125061161222453
2023-04-27,Combined Minimum-Variance (sentiment-fused),1.1335580079018934
2023-04-28,Combined Minimum-Variance (sentiment-fused),1.1411870983122312
2023-05-01,Combined Minimum-Variance (sentiment-fused),1.138188250582401
2023-05-02,Combined Minimum-Variance (sentiment-fused),1.122921348456828
2023-05-03,Combined Minimum-Variance (sentiment-fused),1.1072018350054027
2023-05-04,Combined Minimum-Variance (sentiment-fused),1.1096450291512072
2023-05-05,Combined Minimum-Variance (sentiment-fused),1.1262556949329772
2023-05-08,Combined Minimum-Variance (sentiment-fused),1.123132838622105
2023-05-09,Combined Minimum-Variance (sentiment-fused),1.121918642924217
2023-05-10,Combined Minimum-Variance (sentiment-fused),1.1199251605104834
2023-05-11,Combined Minimum-Variance (sentiment-fused),1.1146759502989982
2023-05-12,Combined Minimum-Variance (sentiment-fused),1.1162980899513613
2023-05-15,Combined Minimum-Variance (sentiment-fused),1.1169721664656218
2023-05-16,Combined Minimum-Variance (sentiment-fused),1.097433200505221
2023-05-17,Combined Minimum-Variance (sentiment-fused),1.1030746391631063
2023-05-18,Combined Minimum-Variance (sentiment-fused),1.1032149122884034
2023-05-19,Combined Minimum-Variance (sentiment-fused),1.1017189732959904
2023-05-22,Combined Minimum-Variance (sentiment-fused),1.0962174764874417
2023-05-23,Combined Minimum-Variance (sentiment-fused),1.091532802650235
2023-05-24,Combined Minimum-Variance (sentiment-fused),1.0808939582065997
2023-05-25,Combined Minimum-Variance (sentiment-fused),1.0723968409252813
2023-05-26,Combined Minimum-Variance (sentiment-fused),1.074262951164313
2023-05-30,Combined Minimum-Variance (sentiment-fused),1.071813993386479
2023-05-31,Combined Minimum-Variance (sentiment-fused),1.0744690979460518
2023-06-01,Combined Minimum-Variance (sentiment-fused),1.0730045472656509
2023-06-02,Combined Minimum-Variance (sentiment-fused),1.0922091128147524
2023-06-05,Combined Minimum-Variance (sentiment-fused),1.08995716836278
2023-06-06,Combined Minimum-Variance (sentiment-fused),1.0873741037907814
2023-06-07,Combined Minimum-Variance (sentiment-fused),1.095589542960685
2023-06-08,Combined Minimum-Variance (sentiment-fused),1.0981263448574943
2023-06-09,Combined Minimum-Variance (sentiment-fused),1.091601077242428
2023-06-12,Combined Minimum-Variance (sentiment-fused),1.0925098070990973
2023-06-13,Combined Minimum-Variance (sentiment-fused),1.0983610999037206
2023-06-14,Combined Minimum-Variance (sentiment-fused),1.0981836767213706
2023-06-15,Combined Minimum-Variance (sentiment-fused),1.1076694399134366
2023-06-16,Combined Minimum-Variance (sentiment-fused),1.1079365924648579
2023-06-20,Combined Minimum-Variance (sentiment-fused),1.0946728101114704
2023-06-21,Combined Minimum-Variance (sentiment-fused),1.09729868098696
2023-06-22,Combined Minimum-Variance (sentiment-fused),1.0970496170094515
2023-06-23,Combined Minimum-Variance (sentiment-fused),1.0966395770760509
2023-06-26,Combined Minimum-Variance (sentiment-fused),1.1088146115609059
2023-06-27,Combined Minimum-Variance (sentiment-fused),1.1148811060298278
2023-06-28,Combined Minimum-Variance (sentiment-fused),1.1119612231597376
2023-06-29,Combined Minimum-Variance (sentiment-fused),1.1173897114283418
2023-06-30,Combined Minimum-Variance (sentiment-fused),1.1331751742728653
2023-07-03,Combined Minimum-Variance (sentiment-fused),1.1389124016065255
2023-07-05,Combined Minimum-Variance (sentiment-fused),1.1419956448622033
2023-07-06,Combined Minimum-Variance (sentiment-fused),1.1325509804055294
2023-07-07,Combined Minimum-Variance (sentiment-fused),1.1247981774269853
2023-07-10,Combined Minimum-Variance (sentiment-fused),1.1267695148948627
2023-07-11,Combined Minimum-Variance (sentiment-fused),1.1390630124678394
2023-07-12,Combined Minimum-Variance (sentiment-fused),1.1440745868573972
2023-07-13,Combined Minimum-Variance (sentiment-fused),1.148654811322971
2023-07-14,Combined Minimum-Variance (sentiment-fused),1.1459917971388145
2023-07-17,Combined Minimum-Variance (sentiment-fused),1.1405023873473135
2023-07-18,Combined Minimum-Variance (sentiment-fused),1.1416446194643735
2023-07-19,Combined Minimum-Variance (sentiment-fused),1.149537444401257
2023-07-20,Combined Minimum-Variance (sentiment-fused),1.1606231108034215
2023-07-21,Combined Minimum-Variance (sentiment-fused),1.1667967839683722
2023-07-24,Combined Minimum-Variance (sentiment-fused),1.170592972711456
2023-07-25,Combined Minimum-Variance (sentiment-fused),1.1715263060433192
2023-07-26,Combined Minimum-Variance (sentiment-fused),1.173141517959377
2023-07-27,Combined Minimum-Variance (sentiment-fused),1.1660780006537588
2023-07-28,Combined Minimum-Variance (sentiment-fused),1.1668465781008976
2023-07-31,Combined Minimum-Variance (sentiment-fused),1.1649220494560475
2023-08-01,Combined Minimum-Variance (sentiment-fused),1.1590323958671545
2023-08-02,Combined Minimum-Variance (sentiment-fused),1.1448653997211025
2023-08-03,Combined Minimum-Variance (sentiment-fused),1.1375338322499429
2023-08-04,Combined Minimum-Variance (sentiment-fused),1.1327653682957395
2023-08-07,Combined Minimum-Variance (sentiment-fused),1.1442342306537148
2023-08-08,Combined Minimum-Variance (sentiment-fused),1.1419041046517664
2023-08-09,Combined Minimum-Variance (sentiment-fused),1.1447506761488075
2023-08-10,Combined Minimum-Variance (sentiment-fused),1.1450986566264914
2023-08-11,Combined Minimum-Variance (sentiment-fused),1.1480616720096584
2023-08-14,Combined Minimum-Variance (sentiment-fused),1.1466582333327144
2023-08-15,Combined Minimum-Variance (sentiment-fused),1.135034274101133
2023-08-16,Combined Minimum-Variance (sentiment-fused),1.1272044534019285
2023-08-17,Combined Minimum-Variance (sentiment-fused),1.1225895746756636
2023-08-18,Combined Minimum-Variance (sentiment-fused),1.1265232315800355
2023-08-21,Combined Minimum-Variance (sentiment-fused),1.121278031390785
2023-08-22,Combined Minimum-Variance (sentiment-fused),1.1190023549650518
2023-08-23,Combined Minimum-Variance (sentiment-fused),1.1265311224253203
2023-08-24,Combined Minimum-Variance (sentiment-fused),1.1171383803219943
2023-08-25,Combined Minimum-Variance (sentiment-fused),1.1222691179160085
2023-08-28,Combined Minimum-Variance (sentiment-fused),1.126578789976679
2023-08-29,Combined Minimum-Variance (sentiment-fused),1.1348359076329244
2023-08-30,Combined Minimum-Variance (sentiment-fused),1.132696694536125
2023-08-31,Combined Minimum-Variance (sentiment-fused),1.1306085455321169
2023-09-01,Combined Minimum-Variance (sentiment-fused),1.1312231691349441
2023-09-05,Combined Minimum-Variance (sentiment-fused),1.1204894387866113
2023-09-06,Combined Minimum-Variance (sentiment-fused),1.1195756920890072
2023-09-07,Combined Minimum-Variance (sentiment-fused),1.1220149529838648
2023-09-08,Combined Minimum-Variance (sentiment-fused),1.1271318321838304
2023-09-11,Combined Minimum-Variance (sentiment-fused),1.1310849224398338
2023-09-12,Combined Minimum-Variance (sentiment-fused),1.1408227696930233
2023-09-13,Combined Minimum-Variance (sentiment-fused),1.144551972444733
2023-09-14,Combined Minimum-Variance (sentiment-fused),1.1608566153504887
2023-09-15,Combined Minimum-Variance (sentiment-fused),1.1532935650189609
2023-09-18,Combined Minimum-Variance (sentiment-fused),1.1554456622329532
2023-09-19,Combined Minimum-Variance (sentiment-fused),1.1549462122967766
2023-09-20,Combined Minimum-Variance (sentiment-fused),1.1553910428931946
2023-09-21,Combined Minimum-Variance (sentiment-fused),1.134537095803257
2023-09-22,Combined Minimum-Variance (sentiment-fused),1.1301319686794804
2023-09-25,Combined Minimum-Variance (sentiment-fused),1.1305722524581632
2023-09-26,Combined Minimum-Variance (sentiment-fused),1.1195952180625968
2023-09-27,Combined Minimum-Variance (sentiment-fused),1.1174694359613835
2023-09-28,Combined Minimum-Variance (sentiment-fused),1.117917578201874
2023-09-29,Combined Minimum-Variance (sentiment-fused),1.118118182058181
2023-10-02,Combined Minimum-Variance (sentiment-fused),1.103793904499622
2023-10-03,Combined Minimum-Variance (sentiment-fused),1.099595722354016
2023-10-04,Combined Minimum-Variance (sentiment-fused),1.1040070915287012
2023-10-05,Combined Minimum-Variance (sentiment-fused),1.0984286305284676
2023-10-06,Combined Minimum-Variance (sentiment-fused),1.1040205725181687
2023-10-09,Combined Minimum-Variance (sentiment-fused),1.1145279684790603
2023-10-10,Combined Minimum-Variance (sentiment-fused),1.1226669119205437
2023-10-11,Combined Minimum-Variance (sentiment-fused),1.1231650245057343
2023-10-12,Combined Minimum-Variance (sentiment-fused),1.1140792033572573
2023-10-13,Combined Minimum-Variance (sentiment-fused),1.116362489063748
2023-10-16,Combined Minimum-Variance (sentiment-fused),1.127169378580556
2023-10-17,Combined Minimum-Variance (sentiment-fused),1.1345640633339324
2023-10-18,Combined Minimum-Variance (sentiment-fused),1.1223107127276766
2023-10-19,Combined Minimum-Variance (sentiment-fused),1.1174703835742157
2023-10-20,Combined Minimum-Variance (sentiment-fused),1.1143832059775833
2023-10-23,Combined Minimum-Variance (sentiment-fused),1.1056835764524673
2023-10-24,Combined Minimum-Variance (sentiment-fused),1.120651378569527
2023-10-25,Combined Minimum-Variance (sentiment-fused),1.1160325084016929
2023-10-26,Combined Minimum-Variance (sentiment-fused),1.1129722706346104
2023-10-27,Combined Minimum-Variance (sentiment-fused),1.0963080286388476
2023-10-30,Combined Minimum-Variance (sentiment-fused),1.1017114028800434
2023-10-31,Combined Minimum-Variance (sentiment-fused),1.1080820826083542
2023-11-01,Combined Minimum-Variance (sentiment-fused),1.1169975664692444
2023-11-02,Combined Minimum-Variance (sentiment-fused),1.1424594218324706
2023-11-03,Combined Minimum-Variance (sentiment-fused),1.1498308352433877
2023-11-06,Combined Minimum-Variance (sentiment-fused),1.1500895744321122
2023-11-07,Combined Minimum-Variance (sentiment-fused),1.1498927705198259
2023-11-08,Combined Minimum-Variance (sentiment-fused),1.1514158413745008
2023-11-09,Combined Minimum-Variance (sentiment-fused),1.1318833621551512
2023-11-10,Combined Minimum-Variance (sentiment-fused),1.1453062086849033
2023-11-13,Combined Minimum-Variance (sentiment-fused),1.1434178521263174
2023-11-14,Combined Minimum-Variance (sentiment-fused),1.165473012010609
2023-11-15,Combined Minimum-Variance (sentiment-fused),1.1722582992090593
2023-11-16,Combined Minimum-Variance (sentiment-fused),1.166679968703789
2023-11-17,Combined Minimum-Variance (sentiment-fused),1.1681431359379826
2023-11-20,Combined Minimum-Variance (sentiment-fused),1.1698839565160695
2023-11-21,Combined Minimum-Variance (sentiment-fused),1.1712597918381165
2023-11-22,Combined Minimum-Variance (sentiment-fused),1.172796478390947
2023-11-24,Combined Minimum-Variance (sentiment-fused),1.1775976487722606
2023-11-27,Combined Minimum-Variance (sentiment-fused),1.1773111495437156
2023-11-28,Combined Minimum-Variance (sentiment-fused),1.1774172806340404
2023-11-29,Combined Minimum-Variance (sentiment-fused),1.1776397506523768
2023-11-30,Combined Minimum-Variance (sentiment-fused),1.186288607971262
2023-12-01,Combined Minimum-Variance (sentiment-fused),1.1938320822779296
2023-12-04,Combined Minimum-Variance (sentiment-fused),1.1985030721358347
2023-12-05,Combined Minimum-Variance (sentiment-fused),1.1972712833598915
2023-12-06,Combined Minimum-Variance (sentiment-fused),1.194681617239594
2023-12-07,Combined Minimum-Variance (sentiment-fused),1.195426516690124
2023-12-08,Combined Minimum-Variance (sentiment-fused),1.2010429020904871
2023-12-11,Combined Minimum-Variance (sentiment-fused),1.2079202385957364
2023-12-12,Combined Minimum-Variance (sentiment-fused),1.2105511863660863
2023-12-13,Combined Minimum-Variance (sentiment-fused),1.2410947932103975
2023-12-14,Combined Minimum-Variance (sentiment-fused),1.2504537713850132
2023-12-15,Combined Minimum-Variance (sentiment-fused),1.2426187058705638
2023-12-18,Combined Minimum-Variance (sentiment-fused),1.246622728604306
2023-12-19,Combined Minimum-Variance (sentiment-fused),1.2529861786538845
2023-12-20,Combined Minimum-Variance (sentiment-fused),1.238600275927308
2023-12-21,Combined Minimum-Variance (sentiment-fused),1.2495304732902122
2023-12-22,Combined Minimum-Variance (sentiment-fused),1.2512916382373531
2023-12-26,Combined Minimum-Variance (sentiment-fused),1.2578626938615698
2023-12-27,Combined Minimum-Variance (sentiment-fused),1.2609456458312662
2023-12-28,Combined Minimum-Variance (sentiment-fused),1.2620438065587847
2023-12-29,Combined Minimum-Variance (sentiment-fused),1.2576495043532867
2021-01-04,Equity Maximum-Sharpe (base),0.9946517197735812
2021-01-05,Equity Maximum-Sharpe (base),1.001797811129765
2021-01-06,Equity Maximum-Sharpe (base),0.9903078370818157
2021-01-07,Equity Maximum-Sharpe (base),1.0124523141497719
2021-01-08,Equity Maximum-Sharpe (base),1.0085298922125054
2021-01-11,Equity Maximum-Sharpe (base),1.0056538643727142
2021-01-12,Equity Maximum-Sharpe (base),0.9909335961590626
2021-01-13,Equity Maximum-Sharpe (base),0.9901237256603785
2021-01-14,Equity Maximum-Sharpe (base),0.9778252340745976
2021-01-15,Equity Maximum-Sharpe (base),0.9705987861021329
2021-01-19,Equity Maximum-Sharpe (base),0.9807203421770961
2021-01-20,Equity Maximum-Sharpe (base),1.0066234251186437
2021-01-21,Equity Maximum-Sharpe (base),1.0063529401809643
2021-01-22,Equity Maximum-Sharpe (base),1.0000143214728179
2021-01-25,Equity Maximum-Sharpe (base),1.0008688242070056
2021-01-26,Equity Maximum-Sharpe (base),0.9932418318181014
2021-01-27,Equity Maximum-Sharpe (base),0.9511626930563188
2021-01-28,Equity Maximum-Sharpe (base),0.9703661747133537
2021-01-29,Equity Maximum-Sharpe (base),0.9645108325560658
2021-02-01,Equity Maximum-Sharpe (base),0.9764255832298151
2021-02-02,Equity Maximum-Sharpe (base),0.9980981811312263
2021-02-03,Equity Maximum-Sharpe (base),0.987487505599068
2021-02-04,Equity Maximum-Sharpe (base),0.9774920814302034
2021-02-05,Equity Maximum-Sharpe (base),0.9802018492452206
2021-02-08,Equity Maximum-Sharpe (base),1.0047473690006286
2021-02-09,Equity Maximum-Sharpe (base),0.992280251145526
2021-02-10,Equity Maximum-Sharpe (base),0.9983539388081482
2021-02-11,Equity Maximum-Sharpe (base),0.9986743732794368
2021-02-12,Equity Maximum-Sharpe (base),0.999867478883295
2021-02-16,Equity Maximum-Sharpe (base),0.9978265287840047
2021-02-17,Equity Maximum-Sharpe (base),0.985401087782716
2021-02-18,Equity Maximum-Sharpe (base),0.9863712384328635
2021-02-19,Equity Maximum-Sharpe (base),0.9860687144669178
2021-02-22,Equity Maximum-Sharpe (base),0.9708266439614589
2021-02-23,Equity Maximum-Sharpe (base),0.9614855761666811
2021-02-24,Equity Maximum-Sharpe (base),0.97292172512865
2021-02-25,Equity Maximum-Sharpe (base),0.9422795700936835
2021-02-26,Equity Maximum-Sharpe (base),0.9439485772521736
2021-03-01,Equity Maximum-Sharpe (base),0.9597650412929879
2021-03-02,Equity Maximum-Sharpe (base),0.9554178710512659
2021-03-03,Equity Maximum-Sharpe (base),0.9368799057461915
2021-03-04,Equity Maximum-Sharpe (base),0.9197015173133423
2021-03-05,Equity Maximum-Sharpe (base),0.9317739927556565
2021-03-08,Equity Maximum-Sharpe (base),0.9081273959950071
2021-03-09,Equity Maximum-Sharpe (base),0.9217588394202255
2021-03-10,Equity Maximum-Sharpe (base),0.9227845451374108
2021-03-11,Equity Maximum-Sharpe (base),0.9373129845999747
2021-03-12,Equity Maximum-Sharpe (base),0.9492184705893314
2021-03-15,Equity Maximum-Sharpe (base),0.9407659127878107
2021-03-16,Equity Maximum-Sharpe (base),0.9438880306464642
2021-03-17,Equity Maximum-Sharpe (base),0.9408783970188683
2021-03-18,Equity Maximum-Sharpe (base),0.932282007230721
2021-03-19,Equity Maximum-Sharpe (base),0.9294267540587927
2021-03-22,Equity Maximum-Sharpe (base),0.938069612736845
2021-03-23,Equity Maximum-Sharpe (base),0.9297665467923041
2021-03-24,Equity Maximum-Sharpe (base),0.926303796657365
2021-03-25,Equity Maximum-Sharpe (base),0.934964438313457
2021-03-26,Equity Maximum-Sharpe (base),0.959357721822057
2021-03-29,Equity Maximum-Sharpe (base),0.9646109423100823
2021-03-30,Equity Maximum-Sharpe (base),0.9705521874846796
2021-03-31,Equity Maximum-Sharpe (base),0.9708708497821925
2021-04-01,Equity Maximum-Sharpe (base),0.9818347732996063
2021-04-05,Equity Maximum-Sharpe (base),0.9850761031944161
2021-04-06,Equity Maximum-Sharpe (base),0.986152859706258
2021-04-07,Equity Maximum-Sharpe (base),0.9820543879554658
2021-04-08,Equity Maximum-Sharpe (base),0.9861515051007776
2021-04-09,Equity Maximum-Sharpe (base),0.9916174128273858
2021-04-12,Equity Maximum-Sharpe (base),0.9959577385295376
2021-04-13,Equity Maximum-Sharpe (base),0.9943388618637834
2021-04-14,Equity Maximum-Sharpe (base),0.9943739883187825
2021-04-15,Equity Maximum-Sharpe (base),1.0031984399234206
2021-04-16,Equity Maximum-Sharpe (base),1.001748579865787
2021-04-19,Equity Maximum-Sharpe (base),1.0001607392127512
2021-04-20,Equity Maximum-Sharpe (base),0.9895022997298182
2021-04-21,Equity Maximum-Sharpe (base),1.000353660221517
2021-04-22,Equity Maximum-Sharpe (base),0.9910945713716726
2021-04-23,Equity Maximum-Sharpe (base),1.003030086461874
2021-04-26,Equity Maximum-Sharpe (base),1.00577430428156
2021-04-27,Equity Maximum-Sharpe (base),1.0134177355266911
2021-04-28,Equity Maximum-Sharpe (base),1.0175944675410962
2021-04-29,Equity Maximum-Sharpe (base),1.0268402995303771
2021-04-30,Equity Maximum-Sharpe (base),1.0200796181351273
2021-05-03,Equity Maximum-Sharpe (base),1.026253839815038
2021-05-04,Equity Maximum-Sharpe (base),1.029247081927284
2021-05-05,Equity Maximum-Sharpe (base),1.0348634224522473
2021-05-06,Equity Maximum-Sharpe (base),1.0392290204258967
2021-05-07,Equity Maximum-Sharpe (base),1.0498232725324315
2021-05-10,Equity Maximum-Sharpe (base),1.0452603981386344
2021-05-11,Equity Maximum-Sharpe (base),1.0347198837416838
2021-05-12,Equity Maximum-Sharpe (base),1.0185114869136078
2021-05-13,Equity Maximum-Sharpe (base),1.0319272368023198
2021-05-14,Equity Maximum-Sharpe (base),1.0426876227388655
2021-05-17,Equity Maximum-Sharpe (base),1.0470969537878254
2021-05-18,Equity Maximum-Sharpe (base),1.0375405873569785
2021-05-19,Equity Maximum-Sharpe (base),1.038782395284122
2021-05-20,Equity Maximum-Sharpe (base),1.0464065469410158
2021-05-21,Equity Maximum-Sharpe (base),1.0490067681307202
2021-05-24,Equity Maximum-Sharpe (base),1.0586962602904153
2021-05-25,Equity Maximum-Sharpe (base),1.0530831143103974
2021-05-26,Equity Maximum-Sharpe (base),1.058498194361492
2021-05-27,Equity Maximum-Sharpe (base),1.0597167822999685
2021-05-28,Equity Maximum-Sharpe (base),1.0679933844490959
2021-06-01,Equity Maximum-Sharpe (base),1.0690612323343853
2021-06-02,Equity Maximum-Sharpe (base),1.0611060519829094
2021-06-03,Equity Maximum-Sharpe (base),1.0670139028494239
2021-06-04,Equity Maximum-Sharpe (base),1.0749265726888801
2021-06-07,Equity Maximum-Sharpe (base),1.0741442061840247
2021-06-08,Equity Maximum-Sharpe (base),1.0756578414728748
2021-06-09,Equity Maximum-Sharpe (base),1.0590457355785436
2021-06-10,Equity Maximum-Sharpe (base),1.055965571297682
2021-06-11,Equity Maximum-Sharpe (base),1.0573334392031917
2021-06-14,Equity Maximum-Sharpe (base),1.0475396783214814
2021-06-15,Equity Maximum-Sharpe (base),1.0414699500539548
2021-06-16,Equity Maximum-Sharpe (base),1.0306272937162224
2021-06-17,Equity Maximum-Sharpe (base),1.01612731179103
2021-06-18,Equity Maximum-Sharpe (base),1.0083322438245095
2021-06-21,Equity Maximum-Sharpe (base),1.029417124182226
2021-06-22,Equity Maximum-Sharpe (base),1.031449714650834
2021-06-23,Equity Maximum-Sharpe (base),1.030738484362933
2021-06-24,Equity Maximum-Sharpe (base),1.0422998893461544
2021-06-25,Equity Maximum-Sharpe (base),1.0412316489923406
2021-06-28,Equity Maximum-Sharpe (base),1.0419322728535885
2021-06-29,Equity Maximum-Sharpe (base),1.0481495370897669
2021-06-30,Equity Maximum-Sharpe (base),1.0521734448371316
2021-07-01,Equity Maximum-Sharpe (base),1.057330269403626
2021-07-02,Equity Maximum-Sharpe (base),1.0623467140380385
2021-07-06,Equity Maximum-Sharpe (base),1.0594255863279987
2021-07-07,Equity Maximum-Sharpe (base),1.0616587753981632
2021-07-08,Equity Maximum-Sharpe (base),1.0496931707144628
2021-07-09,Equity Maximum-Sharpe (base),1.0692745731398168
2021-07-12,Equity Maximum-Sharpe (base),1.0784783204005144
2021-07-13,Equity Maximum-Sharpe (base),1.065682772781649
2021-07-14,Equity Maximum-Sharpe (base),1.0642657396579678
2021-07-15,Equity Maximum-Sharpe (base),1.0595624316339474
2021-07-16,Equity Maximum-Sharpe (base),1.0439345309355372
2021-07-19,Equity Maximum-Sharpe (base),1.03060310698409
2021-07-20,Equity Maximum-Sharpe (base),1.046882930768102
2021-07-21,Equity Maximum-Sharpe (base),1.0573810703993198
2021-07-22,Equity Maximum-Sharpe (base),1.0599649124697368
2021-07-23,Equity Maximum-Sharpe (base),1.0675782857739027
2021-07-26,Equity Maximum-Sharpe (base),1.0711805953101956
2021-07-27,Equity Maximum-Sharpe (base),1.065641379220423
2021-07-28,Equity Maximum-Sharpe (base),1.0694792161436966
2021-07-29,Equity Maximum-Sharpe (base),1.0792846392157556
2021-07-30,Equity Maximum-Sharpe (base),1.0775202685155527
2021-08-02,Equity Maximum-Sharpe (base),1.0755673605932285
2021-08-03,Equity Maximum-Sharpe (base),1.084568740151466
2021-08-04,Equity Maximum-Sharpe (base),1.0800635127626275
2021-08-05,Equity Maximum-Sharpe (base),1.0860877191454439
2021-08-06,Equity Maximum-Sharpe (base),1.0887787135981302
2021-08-09,Equity Maximum-Sharpe (base),1.098358576622168
2021-08-10,Equity Maximum-Sharpe (base),1.115772133653864
2021-08-11,Equity Maximum-Sharpe (base),1.1226280823235821
2021-08-12,Equity Maximum-Sharpe (base),1.130686596966551
2021-08-13,Equity Maximum-Sharpe (base),1.131050188128722
2021-08-16,Equity Maximum-Sharpe (base),1.1314089710211395
2021-08-17,Equity Maximum-Sharpe (base),1.121099495041927
2021-08-18,Equity Maximum-Sharpe (base),1.1159204955551767
2021-08-19,Equity Maximum-Sharpe (base),1.1126114218806684
2021-08-20,Equity Maximum-Sharpe (base),1.1231493087586595
2021-08-23,Equity Maximum-Sharpe (base),1.133934865200396
2021-08-24,Equity Maximum-Sharpe (base),1.1374773876888495
2021-08-25,Equity Maximum-Sharpe (base),1.1373507264459601
2021-08-26,Equity Maximum-Sharpe (base),1.1300879862726891
2021-08-27,Equity Maximum-Sharpe (base),1.1429774219643827
2021-08-30,Equity Maximum-Sharpe (base),1.1456958105098762
2021-08-31,Equity Maximum-Sharpe (base),1.142899196488339
2021-09-01,Equity Maximum-Sharpe (base),1.1480683214507348
2021-09-02,Equity Maximum-Sharpe (base),1.1516967251345611
2021-09-03,Equity Maximum-Sharpe (base),1.1480949093818957
2021-09-07,Equity Maximum-Sharpe (base),1.1384123692464845
2021-09-08,Equity Maximum-Sharpe (base),1.1373728054133792
2021-09-09,Equity Maximum-Sharpe (base),1.1288886361100123
2021-09-10,Equity Maximum-Sharpe (base),1.1258799173412082
2021-09-13,Equity Maximum-Sharpe (base),1.121944742496997
2021-09-14,Equity Maximum-Sharpe (base),1.1095985184933992
2021-09-15,Equity Maximum-Sharpe (base),1.1170747664892713
2021-09-16,Equity Maximum-Sharpe (base),1.1096633385183898
2021-09-17,Equity Maximum-Sharpe (base),1.0889381983138926
2021-09-20,Equity Maximum-Sharpe (base),1.0696206662180718
2021-09-21,Equity Maximum-Sharpe (base),1.0654469988838566
2021-09-22,Equity Maximum-Sharpe (base),1.0731299791431095
2021-09-23,Equity Maximum-Sharpe (base),1.0801902908090977
2021-09-24,Equity Maximum-Sharpe (base),1.074494469909349
2021-09-27,Equity Maximum-Sharpe (base),1.070427088928926
2021-09-28,Equity Maximum-Sharpe (base),1.0622222941376702
2021-09-29,Equity Maximum-Sharpe (base),1.0618783401820897
2021-09-30,Equity Maximum-Sharpe (base),1.0468012022194384
2021-10-01,Equity Maximum-Sharpe (base),1.0505785534996832
2021-10-04,Equity Maximum-Sharpe (base),1.0415789330091594
2021-10-05,Equity Maximum-Sharpe (base),1.0500592769342665
2021-10-06,Equity Maximum-Sharpe (base),1.0577813907527704
2021-10-07,Equity Maximum-Sharpe (base),1.06317202523675
2021-10-08,Equity Maximum-Sharpe (base),1.0624584766393554
2021-10-11,Equity Maximum-Sharpe (base),1.057698774395328
2021-10-12,Equity Maximum-Sharpe (base),1.070690178198907
2021-10-13,Equity Maximum-Sharpe (base),1.081133230012236
2021-10-14,Equity Maximum-Sharpe (base),1.1045758845425229
2021-10-15,Equity Maximum-Sharpe (base),1.1014531413266329
2021-10-18,Equity Maximum-Sharpe (base),1.1084969962036813
2021-10-19,Equity Maximum-Sharpe (base),1.1088929893073918
2021-10-20,Equity Maximum-Sharpe (base),1.1107606116494553
2021-10-21,Equity Maximum-Sharpe (base),1.108355993243466
2021-10-22,Equity Maximum-Sharpe (base),1.1211521112933849
2021-10-25,Equity Maximum-Sharpe (base),1.1338836539489292
2021-10-26,Equity Maximum-Sharpe (base),1.147848279084654
2021-10-27,Equity Maximum-Sharpe (base),1.1268835859046602
2021-10-28,Equity Maximum-Sharpe (base),1.1498224209609087
2021-10-29,Equity Maximum-Sharpe (base),1.1547194985078622
2021-11-01,Equity Maximum-Sharpe (base),1.160600373004304
2021-11-02,Equity Maximum-Sharpe (base),1.1724507959174124
2021-11-03,Equity Maximum-Sharpe (base),1.1664063486721896
2021-11-04,Equity Maximum-Sharpe (base),1.1753294596235482
2021-11-05,Equity Maximum-Sharpe (base),1.1518014272187527
2021-11-08,Equity Maximum-Sharpe (base),1.1656186093529572
2021-11-09,Equity Maximum-Sharpe (base),1.1623256521627297
2021-11-10,Equity Maximum-Sharpe (base),1.1542695709296817
2021-11-11,Equity Maximum-Sharpe (base),1.1641199872981152
2021-11-12,Equity Maximum-Sharpe (base),1.1677449217676583
2021-11-15,Equity Maximum-Sharpe (base),1.1694588164720172
2021-11-16,Equity Maximum-Sharpe (base),1.1660712884513769
2021-11-17,Equity Maximum-Sharpe (base),1.156600076388467
2021-11-18,Equity Maximum-Sharpe (base),1.16819990247272
2021-11-19,Equity Maximum-Sharpe (base),1.1564679450475033
2021-11-22,Equity Maximum-Sharpe (base),1.1597655330659575
2021-11-23,Equity Maximum-Sharpe (base),1.1726750141888398
2021-11-24,Equity Maximum-Sharpe (base),1.1792200227406373
2021-11-26,Equity Maximum-Sharpe (base),1.1460850942447927
2021-11-29,Equity Maximum-Sharpe (base),1.1587631690301812
2021-11-30,Equity Maximum-Sharpe (base),1.140172999124396
2021-12-01,Equity Maximum-Sharpe (base),1.128286732421073
2021-12-02,Equity Maximum-Sharpe (base),1.156955692674503
2021-12-03,Equity Maximum-Sharpe (base),1.1493480895504573
2021-12-06,Equity Maximum-Sharpe (base),1.1576243910515736
2021-12-07,Equity Maximum-Sharpe (base),1.1817227939060198
2021-12-08,Equity Maximum-Sharpe (base),1.1800244127141797
2021-12-09,Equity Maximum-Sharpe (base),1.1711448587072217
2021-12-10,Equity Maximum-Sharpe (base),1.1775283043162252
2021-12-13,Equity Maximum-Sharpe (base),1.1714595834499175
2021-12-14,Equity Maximum-Sharpe (base),1.1728127788419591
2021-12-15,Equity Maximum-Sharpe (base),1.1948367804177842
2021-12-16,Equity Maximum-Sharpe (base),1.1961530991286027
2021-12-17,Equity Maximum-Sharpe (base),1.1793409761563771
2021-12-20,Equity Maximum-Sharpe (base),1.173813488569899
2021-12-21,Equity Maximum-Sharpe (base),1.1836586743491808
2021-12-22,Equity Maximum-Sharpe (base),1.1949268605731687
2021-12-23,Equity Maximum-Sharpe (base),1.1945730420358383
2021-12-27,Equity Maximum-Sharpe (base),1.2180430036968908
2021-12-28,Equity Maximum-Sharpe (base),1.215297743586409
2021-12-29,Equity Maximum-Sharpe (base),1.2173833324610175
2021-12-30,Equity Maximum-Sharpe (base),1.2128157231178853
2021-12-31,Equity Maximum-Sharpe (base),1.212763521476901
2022-01-03,Equity Maximum-Sharpe (base),1.2129597507706673
2022-01-04,Equity Maximum-Sharpe (base),1.2152664324607148
2022-01-05,Equity Maximum-Sharpe (base),1.2042297612604225
2022-01-06,Equity Maximum-Sharpe (base),1.2094198324107377
2022-01-07,Equity Maximum-Sharpe (base),1.1925998870200973
2022-01-10,Equity Maximum-Sharpe (base),1.196937038859563
2022-01-11,Equity Maximum-Sharpe (base),1.2061957915759962
2022-01-12,Equity Maximum-Sharpe (base),1.2175244806960759
2022-01-13,Equity Maximum-Sharpe (base),1.2012751374491437
2022-01-14,Equity Maximum-Sharpe (base),1.2024738567413273
2022-01-18,Equity Maximum-Sharpe (base),1.188305344428466
2022-01-19,Equity Maximum-Sharpe (base),1.1751787856086127
2022-01-20,Equity Maximum-Sharpe (base),1.156526786675808
2022-01-21,Equity Maximum-Sharpe (base),1.143479700674512
2022-01-24,Equity Maximum-Sharpe (base),1.1411973213908766
2022-01-25,Equity Maximum-Sharpe (base),1.1411125464202436
2022-01-26,Equity Maximum-Sharpe (base),1.1312555869403123
2022-01-27,Equity Maximum-Sharpe (base),1.1289036826757817
2022-01-28,Equity Maximum-Sharpe (base),1.1667469665053825
2022-01-31,Equity Maximum-Sharpe (base),1.1755342602971584
2022-02-01,Equity Maximum-Sharpe (base),1.1813109893841225
2022-02-02,Equity Maximum-Sharpe (base),1.2144501785004729
2022-02-03,Equity Maximum-Sharpe (base),1.2036701108662586
2022-02-04,Equity Maximum-Sharpe (base),1.2000436625166646
2022-02-07,Equity Maximum-Sharpe (base),1.2062525157080288
2022-02-08,Equity Maximum-Sharpe (base),1.2096547246461766
2022-02-09,Equity Maximum-Sharpe (base),1.2338578479261482
2022-02-10,Equity Maximum-Sharpe (base),1.2116037308985008
2022-02-11,Equity Maximum-Sharpe (base),1.203642966913522
2022-02-14,Equity Maximum-Sharpe (base),1.1956851521266754
2022-02-15,Equity Maximum-Sharpe (base),1.1987315672827255
2022-02-16,Equity Maximum-Sharpe (base),1.2011701361538423
2022-02-17,Equity Maximum-Sharpe (base),1.1830397002312696
2022-02-18,Equity Maximum-Sharpe (base),1.1726556773159231
2022-02-22,Equity Maximum-Sharpe (base),1.1635686275946475
2022-02-23,Equity Maximum-Sharpe (base),1.1759525227054608
2022-02-24,Equity Maximum-Sharpe (base),1.1772580231068324
2022-02-25,Equity Maximum-Sharpe (base),1.2182564135598501
2022-02-28,Equity Maximum-Sharpe (base),1.2134763000449378
2022-03-01,Equity Maximum-Sharpe (base),1.2158711117807484
2022-03-02,Equity Maximum-Sharpe (base),1.2394936998697421
2022-03-03,Equity Maximum-Sharpe (base),1.250096602122123
2022-03-04,Equity Maximum-Sharpe (base),1.2638509572255463
2022-03-07,Equity Maximum-Sharpe (base),1.2527896866022707
2022-03-08,Equity Maximum-Sharpe (base),1.2254262532777314
2022-03-09,Equity Maximum-Sharpe (base),1.2347396106240938
2022-03-10,Equity Maximum-Sharpe (base),1.2457664990432082
2022-03-11,Equity Maximum-Sharpe (base),1.2369897815096362
2022-03-14,Equity Maximum-Sharpe (base),1.2227121912567154
2022-03-15,Equity Maximum-Sharpe (base),1.2311750524161562
2022-03-16,Equity Maximum-Sharpe (base),1.2384346903549008
2022-03-17,Equity Maximum-Sharpe (base),1.2633290065919398
2022-03-18,Equity Maximum-Sharpe (base),1.2720920161570195
2022-03-21,Equity Maximum-Sharpe (base),1.2909256221488468
2022-03-22,Equity Maximum-Sharpe (base),1.2935375031469252
2022-03-23,Equity Maximum-Sharpe (base),1.2948386917215644
2022-03-24,Equity Maximum-Sharpe (base),1.3188802208850139
2022-03-25,Equity Maximum-Sharpe (base),1.3335393538681513
2022-03-28,Equity Maximum-Sharpe (base),1.3356404349449935
2022-03-29,Equity Maximum-Sharpe (base),1.347865404651994
2022-03-30,Equity Maximum-Sharpe (base),1.3492073625124243
2022-03-31,Equity Maximum-Sharpe (base),1.3340896130486735
2022-04-01,Equity Maximum-Sharpe (base),1.3462143544197078
2022-04-04,Equity Maximum-Sharpe (base),1.341219391894066
2022-04-05,Equity Maximum-Sharpe (base),1.3382893456858838
2022-04-06,Equity Maximum-Sharpe (base),1.3620338506346683
2022-04-07,Equity Maximum-Sharpe (base),1.3803218132744728
2022-04-08,Equity Maximum-Sharpe (base),1.388997408398718
2022-04-11,Equity Maximum-Sharpe (base),1.3527661316251784
2022-04-12,Equity Maximum-Sharpe (base),1.3566099273952938
2022-04-13,Equity Maximum-Sharpe (base),1.3452308947557483
2022-04-14,Equity Maximum-Sharpe (base),1.3542185924178334
2022-04-18,Equity Maximum-Sharpe (base),1.3559531969148693
2022-04-19,Equity Maximum-Sharpe (base),1.3504559675825165
2022-04-20,Equity Maximum-Sharpe (base),1.3578837911343862
2022-04-21,Equity Maximum-Sharpe (base),1.3361329119067054
2022-04-22,Equity Maximum-Sharpe (base),1.3012993497426568
2022-04-25,Equity Maximum-Sharpe (base),1.2926153836805911
2022-04-26,Equity Maximum-Sharpe (base),1.2805789000870966
2022-04-27,Equity Maximum-Sharpe (base),1.2838848526195887
2022-04-28,Equity Maximum-Sharpe (base),1.3068038560323194
2022-04-29,Equity Maximum-Sharpe (base),1.23647134050903
2022-05-02,Equity Maximum-Sharpe (base),1.2311927426486462
2022-05-03,Equity Maximum-Sharpe (base),1.2415582376617038
2022-05-04,Equity Maximum-Sharpe (base),1.2638216939157187
2022-05-05,Equity Maximum-Sharpe (base),1.237915004953043
2022-05-06,Equity Maximum-Sharpe (base),1.2384780924756114
2022-05-09,Equity Maximum-Sharpe (base),1.1725195493579441
2022-05-10,Equity Maximum-Sharpe (base),1.1688488205824725
2022-05-11,Equity Maximum-Sharpe (base),1.1677965965138546
2022-05-12,Equity Maximum-Sharpe (base),1.1739141390629275
2022-05-13,Equity Maximum-Sharpe (base),1.194771578100003
2022-05-16,Equity Maximum-Sharpe (base),1.2037015656702976
2022-05-17,Equity Maximum-Sharpe (base),1.2120084187288573
2022-05-18,Equity Maximum-Sharpe (base),1.1737952678917043
2022-05-19,Equity Maximum-Sharpe (base),1.1741978442030734
2022-05-20,Equity Maximum-Sharpe (base),1.1756168051952776
2022-05-23,Equity Maximum-Sharpe (base),1.1925870892711172
2022-05-24,Equity Maximum-Sharpe (base),1.1960867626640197
2022-05-25,Equity Maximum-Sharpe (base),1.211047662089034
2022-05-26,Equity Maximum-Sharpe (base),1.2221344206278093
2022-05-27,Equity Maximum-Sharpe (base),1.2446330032068458
2022-05-31,Equity Maximum-Sharpe (base),1.224235634114515
2022-06-01,Equity Maximum-Sharpe (base),1.223275351190975
2022-06-02,Equity Maximum-Sharpe (base),1.2250828065606532
2022-06-03,Equity Maximum-Sharpe (base),1.2295844181177535
2022-06-06,Equity Maximum-Sharpe (base),1.2257510277717032
2022-06-07,Equity Maximum-Sharpe (base),1.2444806867417197
2022-06-08,Equity Maximum-Sharpe (base),1.2353389968571653
2022-06-09,Equity Maximum-Sharpe (base),1.2047891364770753
2022-06-10,Equity Maximum-Sharpe (base),1.1896881654098195
2022-06-13,Equity Maximum-Sharpe (base),1.140540072689968
2022-06-14,Equity Maximum-Sharpe (base),1.1312760874535621
2022-06-15,Equity Maximum-Sharpe (base),1.1256454908549196
2022-06-16,Equity Maximum-Sharpe (base),1.1008085557414333
2022-06-17,Equity Maximum-Sharpe (base),1.0756578719377585
2022-06-21,Equity Maximum-Sharpe (base),1.1152076510262172
2022-06-22,Equity Maximum-Sharpe (base),1.1091260015391582
2022-06-23,Equity Maximum-Sharpe (base),1.1097170560010694
2022-06-24,Equity Maximum-Sharpe (base),1.130911068322289
2022-06-27,Equity Maximum-Sharpe (base),1.1449896442093894
2022-06-28,Equity Maximum-Sharpe (base),1.1480646127353604
2022-06-29,Equity Maximum-Sharpe (base),1.1401256709016467
2022-06-30,Equity Maximum-Sharpe (base),1.1321644626535121
2022-07-01,Equity Maximum-Sharpe (base),1.1457354032261964
2022-07-05,Equity Maximum-Sharpe (base),1.1300352041323878
2022-07-06,Equity Maximum-Sharpe (base),1.1267874986580544
2022-07-07,Equity Maximum-Sharpe (base),1.130564927572855
2022-07-08,Equity Maximum-Sharpe (base),1.131007391818084
2022-07-11,Equity Maximum-Sharpe (base),1.1312252150376347
2022-07-12,Equity Maximum-Sharpe (base),1.1222226350261932
2022-07-13,Equity Maximum-Sharpe (base),1.118462009801073
2022-07-14,Equity Maximum-Sharpe (base),1.115986304487846
2022-07-15,Equity Maximum-Sharpe (base),1.1329584360593816
2022-07-18,Equity Maximum-Sharpe (base),1.1199520004958774
2022-07-19,Equity Maximum-Sharpe (base),1.132402759446415
2022-07-20,Equity Maximum-Sharpe (base),1.1228943906045643
2022-07-21,Equity Maximum-Sharpe (base),1.1190148759362606
2022-07-22,Equity Maximum-Sharpe (base),1.122676423324654
2022-07-25,Equity Maximum-Sharpe (base),1.1421673508144583
2022-07-26,Equity Maximum-Sharpe (base),1.1443437620499464
2022-07-27,Equity Maximum-Sharpe (base),1.147030809808208
2022-07-28,Equity Maximum-Sharpe (base),1.1537395045030299
2022-07-29,Equity Maximum-Sharpe (base),1.1553643332077652
2022-08-01,Equity Maximum-Sharpe (base),1.140397504401266
2022-08-02,Equity Maximum-Sharpe (base),1.1338141352892872
2022-08-03,Equity Maximum-Sharpe (base),1.1239603424199454
2022-08-04,Equity Maximum-Sharpe (base),1.1055363434970336
2022-08-05,Equity Maximum-Sharpe (base),1.1099064743268148
2022-08-08,Equity Maximum-Sharpe (base),1.1179186019402934
2022-08-09,Equity Maximum-Sharpe (base),1.1347230925830736
2022-08-10,Equity Maximum-Sharpe (base),1.1385428029215516
2022-08-11,Equity Maximum-Sharpe (base),1.1532076490158554
2022-08-12,Equity Maximum-Sharpe (base),1.1605080790912627
2022-08-15,Equity Maximum-Sharpe (base),1.152388782405957
2022-08-16,Equity Maximum-Sharpe (base),1.1531741952766281
2022-08-17,Equity Maximum-Sharpe (base),1.1516117658333793
2022-08-18,Equity Maximum-Sharpe (base),1.1642206759859044
2022-08-19,Equity Maximum-Sharpe (base),1.1876227773398227
2022-08-22,Equity Maximum-Sharpe (base),1.1701860305350011
2022-08-23,Equity Maximum-Sharpe (base),1.1875515766031308
2022-08-24,Equity Maximum-Sharpe (base),1.190622166681756
2022-08-25,Equity Maximum-Sharpe (base),1.196317786227016
2022-08-26,Equity Maximum-Sharpe (base),1.1800307599429143
2022-08-29,Equity Maximum-Sharpe (base),1.1868505652661308
2022-08-30,Equity Maximum-Sharpe (base),1.1651343118570379
2022-08-31,Equity Maximum-Sharpe (base),1.1528267670350796
2022-09-01,Equity Maximum-Sharpe (base),1.1591736228204514
2022-09-02,Equity Maximum-Sharpe (base),1.1554454650664816
2022-09-06,Equity Maximum-Sharpe (base),1.1510209246466696
2022-09-07,Equity Maximum-Sharpe (base),1.1531236451760605
2022-09-08,Equity Maximum-Sharpe (base),1.156525234682278
2022-09-09,Equity Maximum-Sharpe (base),1.1701567021981159
2022-09-12,Equity Maximum-Sharpe (base),1.182117133246062
2022-09-13,Equity Maximum-Sharpe (base),1.1541628428084405
2022-09-14,Equity Maximum-Sharpe (base),1.175171001208008
2022-09-15,Equity Maximum-Sharpe (base),1.1644700316469911
2022-09-16,Equity Maximum-Sharpe (base),1.1606545199975358
2022-09-19,Equity Maximum-Sharpe (base),1.1615308001092954
2022-09-20,Equity Maximum-Sharpe (base),1.1524427379673718
2022-09-21,Equity Maximum-Sharpe (base),1.1365007667180103
2022-09-22,Equity Maximum-Sharpe (base),1.1399976870209019
2022-09-23,Equity Maximum-Sharpe (base),1.108534708602548
2022-09-26,Equity Maximum-Sharpe (base),1.088825592598168
2022-09-27,Equity Maximum-Sharpe (base),1.0880495665062697
2022-09-28,Equity Maximum-Sharpe (base),1.1185801942596545
2022-09-29,Equity Maximum-Sharpe (base),1.1038652475495863
2022-09-30,Equity Maximum-Sharpe (base),1.071364510758037
2022-10-03,Equity Maximum-Sharpe (base),1.1121289250098463
2022-10-04,Equity Maximum-Sharpe (base),1.145022615505396
2022-10-05,Equity Maximum-Sharpe (base),1.1559471521377067
2022-10-06,Equity Maximum-Sharpe (base),1.153132101990684
2022-10-07,Equity Maximum-Sharpe (base),1.140266165967117
2022-10-10,Equity Maximum-Sharpe (base),1.121102537171343
2022-10-11,Equity Maximum-Sharpe (base),1.1295052411592315
2022-10-12,Equity Maximum-Sharpe (base),1.1249969513572842
2022-10-13,Equity Maximum-Sharpe (base),1.1675276844406248
2022-10-14,Equity Maximum-Sharpe (base),1.1550897653139525
2022-10-17,Equity Maximum-Sharpe (base),1.1666116272003713
2022-10-18,Equity Maximum-Sharpe (base),1.1721248751206323
2022-10-19,Equity Maximum-Sharpe (base),1.1747687409415535
2022-10-20,Equity Maximum-Sharpe (base),1.1753308965682303
2022-10-21,Equity Maximum-Sharpe (base),1.2090770902883687
2022-10-24,Equity Maximum-Sharpe (base),1.224799670048554
2022-10-25,Equity Maximum-Sharpe (base),1.224638385172699
2022-10-26,Equity Maximum-Sharpe (base),1.244213943244853
2022-10-27,Equity Maximum-Sharpe (base),1.2469991188159362
2022-10-28,Equity Maximum-Sharpe (base),1.2256117267707143
2022-10-31,Equity Maximum-Sharpe (base),1.222769629290066
2022-11-01,Equity Maximum-Sharpe (base),1.2310017927418677
2022-11-02,Equity Maximum-Sharpe (base),1.209287857242433
2022-11-03,Equity Maximum-Sharpe (base),1.2117212237260486
2022-11-04,Equity Maximum-Sharpe (base),1.2249056139844332
2022-11-07,Equity Maximum-Sharpe (base),1.2522043152120566
2022-11-08,Equity Maximum-Sharpe (base),1.277928779693334
2022-11-09,Equity Maximum-Sharpe (base),1.2452985974510693
2022-11-10,Equity Maximum-Sharpe (base),1.2612889889630272
2022-11-11,Equity Maximum-Sharpe (base),1.2687740519130484
2022-11-14,Equity Maximum-Sharpe (base),1.271658671931612
2022-11-15,Equity Maximum-Sharpe (base),1.2754930829015052
2022-11-16,Equity Maximum-Sharpe (base),1.2684389880994862
2022-11-17,Equity Maximum-Sharpe (base),1.2754423081138104
2022-11-18,Equity Maximum-Sharpe (base),1.2768214746614466
2022-11-21,Equity Maximum-Sharpe (base),1.2759182739729993
2022-11-22,Equity Maximum-Sharpe (base),1.2946502249157217
2022-11-23,Equity Maximum-Sharpe (base),1.282932007627617
2022-11-25,Equity Maximum-Sharpe (base),1.2819968651066294
2022-11-28,Equity Maximum-Sharpe (base),1.2630467234650853
2022-11-29,Equity Maximum-Sharpe (base),1.2669953208338443
2022-11-30,Equity Maximum-Sharpe (base),1.2846683137528467
2022-12-01,Equity Maximum-Sharpe (base),1.2817458936318824
2022-12-02,Equity Maximum-Sharpe (base),1.2808512238139873
2022-12-05,Equity Maximum-Sharpe (base),1.2708435061901515
2022-12-06,Equity Maximum-Sharpe (base),1.2540811609072773
2022-12-07,Equity Maximum-Sharpe (base),1.2619002985159884
2022-12-08,Equity Maximum-Sharpe (base),1.2645918966122165
2022-12-09,Equity Maximum-Sharpe (base),1.24191249434446
2022-12-12,Equity Maximum-Sharpe (base),1.2494049735784027
2022-12-13,Equity Maximum-Sharpe (base),1.2550032095124213
2022-12-14,Equity Maximum-Sharpe (base),1.2582819196585753
2022-12-15,Equity Maximum-Sharpe (base),1.2393695598362133
2022-12-16,Equity Maximum-Sharpe (base),1.2361322414970164
2022-12-19,Equity Maximum-Sharpe (base),1.2360949267864387
2022-12-20,Equity Maximum-Sharpe (base),1.2380824651698916
2022-12-21,Equity Maximum-Sharpe (base),1.2522932925994235
2022-12-22,Equity Maximum-Sharpe (base),1.2440336476006058
2022-12-23,Equity Maximum-Sharpe (base),1.2544685420626753
2022-12-27,Equity Maximum-Sharpe (base),1.2587936462119702
2022-12-28,Equity Maximum-Sharpe (base),1.2434105108574387
2022-12-29,Equity Maximum-Sharpe (base),1.2464304245170068
2022-12-30,Equity Maximum-Sharpe (base),1.2494972794000192
2023-01-03,Equity Maximum-Sharpe (base),1.2389367843977144
2023-01-04,Equity Maximum-Sharpe (base),1.2471928330872342
2023-01-05,Equity Maximum-Sharpe (base),1.267060502727901
2023-01-06,Equity Maximum-Sharpe (base),1.2832404149309007
2023-01-09,Equity Maximum-Sharpe (base),1.244803778479187
2023-01-10,Equity Maximum-Sharpe (base),1.2524661658749967
2023-01-11,Equity Maximum-Sharpe (base),1.2571908182704457
2023-01-12,Equity Maximum-Sharpe (base),1.2696384246144388
2023-01-13,Equity Maximum-Sharpe (base),1.2724567192700575
2023-01-17,Equity Maximum-Sharpe (base),1.2568282957282941
2023-01-18,Equity Maximum-Sharpe (base),1.2376461303756896
2023-01-19,Equity Maximum-Sharpe (base),1.2497657737963066
2023-01-20,Equity Maximum-Sharpe (base),1.2571421254987936
2023-01-23,Equity Maximum-Sharpe (base),1.254314214001108
2023-01-24,Equity Maximum-Sharpe (base),1.2423602578480013
2023-01-25,Equity Maximum-Sharpe (base),1.2413184597396196
2023-01-26,Equity Maximum-Sharpe (base),1.2427942917218475
2023-01-27,Equity Maximum-Sharpe (base),1.225357435616415
2023-01-30,Equity Maximum-Sharpe (base),1.221963275679865
2023-01-31,Equity Maximum-Sharpe (base),1.2388946274216694
2023-02-01,Equity Maximum-Sharpe (base),1.2296347062702364
2023-02-02,Equity Maximum-Sharpe (base),1.1987194565739696
2023-02-03,Equity Maximum-Sharpe (base),1.1955407817272141
2023-02-06,Equity Maximum-Sharpe (base),1.1931287054459974
2023-02-07,Equity Maximum-Sharpe (base),1.209271431587199
2023-02-08,Equity Maximum-Sharpe (base),1.2121502725540596
2023-02-09,Equity Maximum-Sharpe (base),1.2084755960455065
2023-02-10,Equity Maximum-Sharpe (base),1.230775754154686
2023-02-13,Equity Maximum-Sharpe (base),1.241858903773196
2023-02-14,Equity Maximum-Sharpe (base),1.240841615323131
2023-02-15,Equity Maximum-Sharpe (base),1.2289623323402652
2023-02-16,Equity Maximum-Sharpe (base),1.2192277215055034
2023-02-17,Equity Maximum-Sharpe (base),1.2293808974184448
2023-02-21,Equity Maximum-Sharpe (base),1.2185485415112516
2023-02-22,Equity Maximum-Sharpe (base),1.214407557579016
2023-02-23,Equity Maximum-Sharpe (base),1.2204688803911097
2023-02-24,Equity Maximum-Sharpe (base),1.214031098430678
2023-02-27,Equity Maximum-Sharpe (base),1.2124244456741549
2023-02-28,Equity Maximum-Sharpe (base),1.1948743608193513
2023-03-01,Equity Maximum-Sharpe (base),1.2012404032294977
2023-03-02,Equity Maximum-Sharpe (base),1.205963213662606
2023-03-03,Equity Maximum-Sharpe (base),1.2123461624359462
2023-03-06,Equity Maximum-Sharpe (base),1.2426842459376595
2023-03-07,Equity Maximum-Sharpe (base),1.2357782499941443
2023-03-08,Equity Maximum-Sharpe (base),1.212813269652852
2023-03-09,Equity Maximum-Sharpe (base),1.2016742694983908
2023-03-10,Equity Maximum-Sharpe (base),1.198132089617992
2023-03-13,Equity Maximum-Sharpe (base),1.1816034226795338
2023-03-14,Equity Maximum-Sharpe (base),1.1985907031769887
2023-03-15,Equity Maximum-Sharpe (base),1.1886935209272622
2023-03-16,Equity Maximum-Sharpe (base),1.1862493553991103
2023-03-17,Equity Maximum-Sharpe (base),1.1550763658180607
2023-03-20,Equity Maximum-Sharpe (base),1.1790749726715313
2023-03-21,Equity Maximum-Sharpe (base),1.1872801712185088
2023-03-22,Equity Maximum-Sharpe (base),1.1697807138669338
2023-03-23,Equity Maximum-Sharpe (base),1.1686439232523003
2023-03-24,Equity Maximum-Sharpe (base),1.175769666834498
2023-03-27,Equity Maximum-Sharpe (base),1.194128566593852
2023-03-28,Equity Maximum-Sharpe (base),1.1910151784248324
2023-03-29,Equity Maximum-Sharpe (base),1.1920740203310933
2023-03-30,Equity Maximum-Sharpe (base),1.2009223780103253
2023-03-31,Equity Maximum-Sharpe (base),1.2092921912185888
2023-04-03,Equity Maximum-Sharpe (base),1.2402936470289092
2023-04-04,Equity Maximum-Sharpe (base),1.2305575046818773
2023-04-05,Equity Maximum-Sharpe (base),1.2550850374792042
2023-04-06,Equity Maximum-Sharpe (base),1.2510650827545469
2023-04-10,Equity Maximum-Sharpe (base),1.248615264911177
2023-04-11,Equity Maximum-Sharpe (base),1.2489001871377199
2023-04-12,Equity Maximum-Sharpe (base),1.2528582415364273
2023-04-13,Equity Maximum-Sharpe (base),1.2677855754770169
2023-04-14,Equity Maximum-Sharpe (base),1.2672169654179413
2023-04-17,Equity Maximum-Sharpe (base),1.2676811464004307
2023-04-18,Equity Maximum-Sharpe (base),1.2741712324497971
2023-04-19,Equity Maximum-Sharpe (base),1.2724267685447332
2023-04-20,Equity Maximum-Sharpe (base),1.274290338035885
2023-04-21,Equity Maximum-Sharpe (base),1.289118340734675
2023-04-24,Equity Maximum-Sharpe (base),1.297625560232475
2023-04-25,Equity Maximum-Sharpe (base),1.289753391093577
2023-04-26,Equity Maximum-Sharpe (base),1.2620934857870942
2023-04-27,Equity Maximum-Sharpe (base),1.2741123781030868
2023-04-28,Equity Maximum-Sharpe (base),1.2732732556660395
2023-05-01,Equity Maximum-Sharpe (base),1.2685775795702297
2023-05-02,Equity Maximum-Sharpe (base),1.2749357946895208
2023-05-03,Equity Maximum-Sharpe (base),1.260829792037448
2023-05-04,Equity Maximum-Sharpe (base),1.2466442579691026
2023-05-05,Equity Maximum-Sharpe (base),1.257882559376232
2023-05-08,Equity Maximum-Sharpe (base),1.2623093256120774
2023-05-09,Equity Maximum-Sharpe (base),1.2576879667698844
2023-05-10,Equity Maximum-Sharpe (base),1.2533350077222607
2023-05-11,Equity Maximum-Sharpe (base),1.2507290158502578
2023-05-12,Equity Maximum-Sharpe (base),1.2459466044252805
2023-05-15,Equity Maximum-Sharpe (base),1.2560033523085339
2023-05-16,Equity Maximum-Sharpe (base),1.2485112005957182
2023-05-17,Equity Maximum-Sharpe (base),1.253043603540537
2023-05-18,Equity Maximum-Sharpe (base),1.252824086019522
2023-05-19,Equity Maximum-Sharpe (base),1.2598391447816095
2023-05-22,Equity Maximum-Sharpe (base),1.2514372192517205
2023-05-23,Equity Maximum-Sharpe (base),1.2311128008659298
2023-05-24,Equity Maximum-Sharpe (base),1.229811372566961
2023-05-25,Equity Maximum-Sharpe (base),1.2212911420435337
2023-05-26,Equity Maximum-Sharpe (base),1.2190442801909331
2023-05-30,Equity Maximum-Sharpe (base),1.2058704700340268
2023-05-31,Equity Maximum-Sharpe (base),1.2090927413775294
2023-06-01,Equity Maximum-Sharpe (base),1.222409520659287
2023-06-02,Equity Maximum-Sharpe (base),1.2343467252195024
2023-06-05,Equity Maximum-Sharpe (base),1.2277813737411407
2023-06-06,Equity Maximum-Sharpe (base),1.2169868176184844
2023-06-07,Equity Maximum-Sharpe (base),1.2088403352535024
2023-06-08,Equity Maximum-Sharpe (base),1.2228465289787758
2023-06-09,Equity Maximum-Sharpe (base),1.226768891193902
2023-06-12,Equity Maximum-Sharpe (base),1.226291749411294
2023-06-13,Equity Maximum-Sharpe (base),1.2356900696504562
2023-06-14,Equity Maximum-Sharpe (base),1.2310735260130197
2023-06-15,Equity Maximum-Sharpe (base),1.2370965708245028
2023-06-16,Equity Maximum-Sharpe (base),1.2410452530962048
2023-06-20,Equity Maximum-Sharpe (base),1.2381701922862536
2023-06-21,Equity Maximum-Sharpe (base),1.2444773746418114
2023-06-22,Equity Maximum-Sharpe (base),1.2544967348266298
2023-06-23,Equity Maximum-Sharpe (base),1.2504382813445245
2023-06-26,Equity Maximum-Sharpe (base),1.239966270117313
2023-06-27,Equity Maximum-Sharpe (base),1.2493556141711886
2023-06-28,Equity Maximum-Sharpe (base),1.2522605558455497
2023-06-29,Equity Maximum-Sharpe (base),1.2597197582621584
2023-06-30,Equity Maximum-Sharpe (base),1.2845793340383638
2023-07-03,Equity Maximum-Sharpe (base),1.2726415670265645
2023-07-05,Equity Maximum-Sharpe (base),1.2719278333619584
2023-07-06,Equity Maximum-Sharpe (base),1.2564055208528253
2023-07-07,Equity Maximum-Sharpe (base),1.24968594825952
2023-07-10,Equity Maximum-Sharpe (base),1.2656242806842117
2023-07-11,Equity Maximum-Sharpe (base),1.2651120209467102
2023-07-12,Equity Maximum-Sharpe (base),1.2659217725905163
2023-07-13,Equity Maximum-Sharpe (base),1.2682505248085256
2023-07-14,Equity Maximum-Sharpe (base),1.265788513902795
2023-07-17,Equity Maximum-Sharpe (base),1.26689867121715
2023-07-18,Equity Maximum-Sharpe (base),1.2710723524038514
2023-07-19,Equity Maximum-Sharpe (base),1.2636748950310055
2023-07-20,Equity Maximum-Sharpe (base),1.2779078945764104
2023-07-21,Equity Maximum-Sharpe (base),1.2772507066789331
2023-07-24,Equity Maximum-Sharpe (base),1.2725512442754487
2023-07-25,Equity Maximum-Sharpe (base),1.3076830059725824
2023-07-26,Equity Maximum-Sharpe (base),1.2933804238423163
2023-07-27,Equity Maximum-Sharpe (base),1.2906595519275903
2023-07-28,Equity Maximum-Sharpe (base),1.293100276077098
2023-07-31,Equity Maximum-Sharpe (base),1.293447798155494
2023-08-01,Equity Maximum-Sharpe (base),1.2814217081129542
2023-08-02,Equity Maximum-Sharpe (base),1.2666851183347234
2023-08-03,Equity Maximum-Sharpe (base),1.2703719370239601
2023-08-04,Equity Maximum-Sharpe (base),1.2755301673547648
2023-08-07,Equity Maximum-Sharpe (base),1.293431329239393
2023-08-08,Equity Maximum-Sharpe (base),1.2849928132330222
2023-08-09,Equity Maximum-Sharpe (base),1.2688585695881276
2023-08-10,Equity Maximum-Sharpe (base),1.2731461062047555
2023-08-11,Equity Maximum-Sharpe (base),1.2784760162617603
2023-08-14,Equity Maximum-Sharpe (base),1.301231512489147
2023-08-15,Equity Maximum-Sharpe (base),1.290568613198423
2023-08-16,Equity Maximum-Sharpe (base),1.2849444703632553
2023-08-17,Equity Maximum-Sharpe (base),1.26946877370731
2023-08-18,Equity Maximum-Sharpe (base),1.2741441498790502
2023-08-21,Equity Maximum-Sharpe (base),1.292140236182023
2023-08-22,Equity Maximum-Sharpe (base),1.276674457606681
2023-08-23,Equity Maximum-Sharpe (base),1.3076236407794897
2023-08-24,Equity Maximum-Sharpe (base),1.2867827780698795
2023-08-25,Equity Maximum-Sharpe (base),1.2897239516197634
2023-08-28,Equity Maximum-Sharpe (base),1.3020211730799098
2023-08-29,Equity Maximum-Sharpe (base),1.322521111038684
2023-08-30,Equity Maximum-Sharpe (base),1.3199645541595313
2023-08-31,Equity Maximum-Sharpe (base),1.3160192341762662
2023-09-01,Equity Maximum-Sharpe (base),1.3157420453985185
2023-09-05,Equity Maximum-Sharpe (base),1.2991260518982135
2023-09-06,Equity Maximum-Sharpe (base),1.2867588559791252
2023-09-07,Equity Maximum-Sharpe (base),1.285074985443825
2023-09-08,Equity Maximum-Sharpe (base),1.285981935788402
2023-09-11,Equity Maximum-Sharpe (base),1.2939732752032234
2023-09-12,Equity Maximum-Sharpe (base),1.2984111104310159
2023-09-13,Equity Maximum-Sharpe (base),1.288793567777801
2023-09-14,Equity Maximum-Sharpe (base),1.3047302741069757
2023-09-15,Equity Maximum-Sharpe (base),1.2911211210353155
2023-09-18,Equity Maximum-Sharpe (base),1.2981235087916825
2023-09-19,Equity Maximum-Sharpe (base),1.2914739818765077
2023-09-20,Equity Maximum-Sharpe (base),1.2777799005719035
2023-09-21,Equity Maximum-Sharpe (base),1.259259592718124
2023-09-22,Equity Maximum-Sharpe (base),1.2532771870206856
2023-09-25,Equity Maximum-Sharpe (base),1.257438705550962
2023-09-26,Equity Maximum-Sharpe (base),1.2450553171715755
2023-09-27,Equity Maximum-Sharpe (base),1.247061557266323
2023-09-28,Equity Maximum-Sharpe (base),1.258780020851501
2023-09-29,Equity Maximum-Sharpe (base),1.2450904806832006
2023-10-02,Equity Maximum-Sharpe (base),1.2418152937203877
2023-10-03,Equity Maximum-Sharpe (base),1.2254285950523705
2023-10-04,Equity Maximum-Sharpe (base),1.2355345344949833
2023-10-05,Equity Maximum-Sharpe (base),1.2404412715486743
2023-10-06,Equity Maximum-Sharpe (base),1.2639644921307944
2023-10-09,Equity Maximum-Sharpe (base),1.259552794785335
2023-10-10,Equity Maximum-Sharpe (base),1.2675233685588374
2023-10-11,Equity Maximum-Sharpe (base),1.2878372355212138
2023-10-12,Equity Maximum-Sharpe (base),1.2779996716973487
2023-10-13,Equity Maximum-Sharpe (base),1.2599697313131626
2023-10-16,Equity Maximum-Sharpe (base),1.263834946393207
2023-10-17,Equity Maximum-Sharpe (base),1.2575121785512802
2023-10-18,Equity Maximum-Sharpe (base),1.2278797630208373
2023-10-19,Equity Maximum-Sharpe (base),1.2182834989136972
2023-10-20,Equity Maximum-Sharpe (base),1.212672961097497
2023-10-23,Equity Maximum-Sharpe (base),1.2239207232117606
2023-10-24,Equity Maximum-Sharpe (base),1.2671703324526815
2023-10-25,Equity Maximum-Sharpe (base),1.2424823517613022
2023-10-26,Equity Maximum-Sharpe (base),1.2235744364978824
2023-10-27,Equity Maximum-Sharpe (base),1.2012402240668445
2023-10-30,Equity Maximum-Sharpe (base),1.225392202697235
2023-10-31,Equity Maximum-Sharpe (base),1.211188955337284
2023-11-01,Equity Maximum-Sharpe (base),1.2155153387283604
2023-11-02,Equity Maximum-Sharpe (base),1.2279139352908348
2023-11-03,Equity Maximum-Sharpe (base),1.2444889677486053
2023-11-06,Equity Maximum-Sharpe (base),1.2664589113397553
2023-11-07,Equity Maximum-Sharpe (base),1.2684934367271385
2023-11-08,Equity Maximum-Sharpe (base),1.282477174786626
2023-11-09,Equity Maximum-Sharpe (base),1.2779876734020184
2023-11-10,Equity Maximum-Sharpe (base),1.301248143049842
2023-11-13,Equity Maximum-Sharpe (base),1.30772893790509
2023-11-14,Equity Maximum-Sharpe (base),1.3237637336283479
2023-11-15,Equity Maximum-Sharpe (base),1.3154399865577535
2023-11-16,Equity Maximum-Sharpe (base),1.3165672712483463
2023-11-17,Equity Maximum-Sharpe (base),1.3192666781193374
2023-11-20,Equity Maximum-Sharpe (base),1.3287498245651332
2023-11-21,Equity Maximum-Sharpe (base),1.3248334664680463
2023-11-22,Equity Maximum-Sharpe (base),1.3126701087951496
2023-11-24,Equity Maximum-Sharpe (base),1.31041920744598
2023-11-27,Equity Maximum-Sharpe (base),1.3139938324354348
2023-11-28,Equity Maximum-Sharpe (base),1.306276644131001
2023-11-29,Equity Maximum-Sharpe (base),1.3061427044771567
2023-11-30,Equity Maximum-Sharpe (base),1.3132575181975024
2023-12-01,Equity Maximum-Sharpe (base),1.316185803453607
2023-12-04,Equity Maximum-Sharpe (base),1.29995453279498
2023-12-05,Equity Maximum-Sharpe (base),1.2969544089542289
2023-12-06,Equity Maximum-Sharpe (base),1.2884763121331881
2023-12-07,Equity Maximum-Sharpe (base),1.2941356791172576
2023-12-08,Equity Maximum-Sharpe (base),1.307013232742368
2023-12-11,Equity Maximum-Sharpe (base),1.3032716807134213
2023-12-12,Equity Maximum-Sharpe (base),1.3234674066825622
2023-12-13,Equity Maximum-Sharpe (base),1.324047465186554
2023-12-14,Equity Maximum-Sharpe (base),1.3179013313614956
2023-12-15,Equity Maximum-Sharpe (base),1.3306048358988034
2023-12-18,Equity Maximum-Sharpe (base),1.342308187698507
2023-12-19,Equity Maximum-Sharpe (base),1.355488288833411
2023-12-20,Equity Maximum-Sharpe (base),1.3265518401981578
2023-12-21,Equity Maximum-Sharpe (base),1.3554267521527545
2023-12-22,Equity Maximum-Sharpe (base),1.354154928346474
2023-12-26,Equity Maximum-Sharpe (base),1.3631501121794594
2023-12-27,Equity Maximum-Sharpe (base),1.3681328678482687
2023-12-28,Equity Maximum-Sharpe (base),1.3703118590332328
2023-12-29,Equity Maximum-Sharpe (base),1.3660815227456211
2021-01-04,Equity Maximum-Sharpe (sentiment-fused),0.9946150589241766
2021-01-05,Equity Maximum-Sharpe (sentiment-fused),0.9997884391955939
2021-01-06,Equity Maximum-Sharpe (sentiment-fused),0.9924427511398498
2021-01-07,Equity Maximum-Sharpe (sentiment-fused),1.0110340993035558
2021-01-08,Equity Maximum-Sharpe (sentiment-fused),1.0075924841563946
2021-01-11,Equity Maximum-Sharpe (sentiment-fused),1.002624172790655
2021-01-12,Equity Maximum-Sharpe (sentiment-fused),0.9876538812397887
2021-01-13,Equity Maximum-Sharpe (sentiment-fused),0.9864188084252375
2021-01-14,Equity Maximum-Sharpe (sentiment-fused),0.9746694578753313
2021-01-15,Equity Maximum-Sharpe (sentiment-fused),0.9695205624569626
2021-01-19,Equity Maximum-Sharpe (sentiment-fused),0.9796225426614239
2021-01-20,Equity Maximum-Sharpe (sentiment-fused),1.0047311313335539
2021-01-21,Equity Maximum-Sharpe (sentiment-fused),1.0012152059124253
2021-01-22,Equity Maximum-Sharpe (sentiment-fused),0.9954716914498951
2021-01-25,Equity Maximum-Sharpe (sentiment-fused),0.9971819572896042
2021-01-26,Equity Maximum-Sharpe (sentiment-fused),0.9910355287393591
2021-01-27,Equity Maximum-Sharpe (sentiment-fused),0.9475191299197612
2021-01-28,Equity Maximum-Sharpe (sentiment-fused),0.967706127541985
2021-01-29,Equity Maximum-Sharpe (sentiment-fused),0.9612269448153022
2021-02-01,Equity Maximum-Sharpe (sentiment-fused),0.9731284136708095
2021-02-02,Equity Maximum-Sharpe (sentiment-fused),0.9958824491629962
2021-02-03,Equity Maximum-Sharpe (sentiment-fused),0.9851851230239499
2021-02-04,Equity Maximum-Sharpe (sentiment-fused),0.9758357121060591
2021-02-05,Equity Maximum-Sharpe (sentiment-fused),0.9763081890491113
2021-02-08,Equity Maximum-Sharpe (sentiment-fused),0.9993568121558721
2021-02-09,Equity Maximum-Sharpe (sentiment-fused),0.987994490097082
2021-02-10,Equity Maximum-Sharpe (sentiment-fused),0.9934312704414366
2021-02-11,Equity Maximum-Sharpe (sentiment-fused),0.9938153939362157
2021-02-12,Equity Maximum-Sharpe (sentiment-fused),0.9946918877610317
2021-02-16,Equity Maximum-Sharpe (sentiment-fused),0.993217876861509
2021-02-17,Equity Maximum-Sharpe (sentiment-fused),0.9816567371284922
2021-02-18,Equity Maximum-Sharpe (sentiment-fused),0.982637417555604
2021-02-19,Equity Maximum-Sharpe (sentiment-fused),0.9835511787348568
2021-02-22,Equity Maximum-Sharpe (sentiment-fused),0.9703746538551408
2021-02-23,Equity Maximum-Sharpe (sentiment-fused),0.9628340788387911
2021-02-24,Equity Maximum-Sharpe (sentiment-fused),0.973879571977313
2021-02-25,Equity Maximum-Sharpe (sentiment-fused),0.9463671270769957
2021-02-26,Equity Maximum-Sharpe (sentiment-fused),0.9466276673944953
2021-03-01,Equity Maximum-Sharpe (sentiment-fused),0.9633445428543717
2021-03-02,Equity Maximum-Sharpe (sentiment-fused),0.957829140165387
2021-03-03,Equity Maximum-Sharpe (sentiment-fused),0.9408101122831941
2021-03-04,Equity Maximum-Sharpe (sentiment-fused),0.9244426870882121
2021-03-05,Equity Maximum-Sharpe (sentiment-fused),0.9387001537136215
2021-03-08,Equity Maximum-Sharpe (sentiment-fused),0.9176461786934134
2021-03-09,Equity Maximum-Sharpe (sentiment-fused),0.9284378517845249
2021-03-10,Equity Maximum-Sharpe (sentiment-fused),0.9312106225459984
2021-03-11,Equity Maximum-Sharpe (sentiment-fused),0.9440233704552363
2021-03-12,Equity Maximum-Sharpe (sentiment-fused),0.9583284307053984
2021-03-15,Equity Maximum-Sharpe (sentiment-fused),0.9509260603963785
2021-03-16,Equity Maximum-Sharpe (sentiment-fused),0.9521436402935116
2021-03-17,Equity Maximum-Sharpe (sentiment-fused),0.9519864618105424
2021-03-18,Equity Maximum-Sharpe (sentiment-fused),0.9430151094604982
2021-03-19,Equity Maximum-Sharpe (sentiment-fused),0.9383527415607845
2021-03-22,Equity Maximum-Sharpe (sentiment-fused),0.9465990983170868
2021-03-23,Equity Maximum-Sharpe (sentiment-fused),0.9359924515510889
2021-03-24,Equity Maximum-Sharpe (sentiment-fused),0.9340402619407988
2021-03-25,Equity Maximum-Sharpe (sentiment-fused),0.9433078243509163
2021-03-26,Equity Maximum-Sharpe (sentiment-fused),0.9677085409030228
2021-03-29,Equity Maximum-Sharpe (sentiment-fused),0.9726936415881435
2021-03-30,Equity Maximum-Sharpe (sentiment-fused),0.9791363346088126
2021-03-31,Equity Maximum-Sharpe (sentiment-fused),0.9791542733632335
2021-04-01,Equity Maximum-Sharpe (sentiment-fused),0.989516613537628
2021-04-05,Equity Maximum-Sharpe (sentiment-fused),0.9916432976377962
2021-04-06,Equity Maximum-Sharpe (sentiment-fused),0.9929237080853278
2021-04-07,Equity Maximum-Sharpe (sentiment-fused),0.989403278699649
2021-04-08,Equity Maximum-Sharpe (sentiment-fused),0.9940567985452731
2021-04-09,Equity Maximum-Sharpe (sentiment-fused),1.0001969818570455
2021-04-12,Equity Maximum-Sharpe (sentiment-fused),1.0048269290655276
2021-04-13,Equity Maximum-Sharpe (sentiment-fused),1.0032757373465895
2021-04-14,Equity Maximum-Sharpe (sentiment-fused),1.002640713959108
2021-04-15,Equity Maximum-Sharpe (sentiment-fused),1.0115846692502424
2021-04-16,Equity Maximum-Sharpe (sentiment-fused),1.0103522777992329
2021-04-19,Equity Maximum-Sharpe (sentiment-fused),1.0091626134444427
2021-04-20,Equity Maximum-Sharpe (sentiment-fused),0.9997644685450925
2021-04-21,Equity Maximum-Sharpe (sentiment-fused),1.0099001182535796
2021-04-22,Equity Maximum-Sharpe (sentiment-fused),1.0012204033678103
2021-04-23,Equity Maximum-Sharpe (sentiment-fused),1.0135817318173355
2021-04-26,Equity Maximum-Sharpe (sentiment-fused),1.0154980398815903
2021-04-27,Equity Maximum-Sharpe (sentiment-fused),1.0279183204104252
2021-04-28,Equity Maximum-Sharpe (sentiment-fused),1.0333058942371032
2021-04-29,Equity Maximum-Sharpe (sentiment-fused),1.0426240539208183
2021-04-30,Equity Maximum-Sharpe (sentiment-fused),1.0364539654889247
2021-05-03,Equity Maximum-Sharpe (sentiment-fused),1.0453741071510643
2021-05-04,Equity Maximum-Sharpe (sentiment-fused),1.0475446266660464
2021-05-05,Equity Maximum-Sharpe (sentiment-fused),1.0531776074339891
2021-05-06,Equity Maximum-Sharpe (sentiment-fused),1.0580680055442557
2021-05-07,Equity Maximum-Sharpe (sentiment-fused),1.0677336935835586
2021-05-10,Equity Maximum-Sharpe (sentiment-fused),1.0636478374275877
2021-05-11,Equity Maximum-Sharpe (sentiment-fused),1.0525741326150697
2021-05-12,Equity Maximum-Sharpe (sentiment-fused),1.0371476989466606
2021-05-13,Equity Maximum-Sharpe (sentiment-fused),1.0510326199963946
2021-05-14,Equity Maximum-Sharpe (sentiment-fused),1.0611162795240519
2021-05-17,Equity Maximum-Sharpe (sentiment-fused),1.0659961337527162
2021-05-18,Equity Maximum-Sharpe (sentiment-fused),1.0573622807294905
2021-05-19,Equity Maximum-Sharpe (sentiment-fused),1.0586471773337376
2021-05-20,Equity Maximum-Sharpe (sentiment-fused),1.0667255553992478
2021-05-21,Equity Maximum-Sharpe (sentiment-fused),1.0682071524652992
2021-05-24,Equity Maximum-Sharpe (sentiment-fused),1.076952918042568
2021-05-25,Equity Maximum-Sharpe (sentiment-fused),1.0708978358917698
2021-05-26,Equity Maximum-Sharpe (sentiment-fused),1.0763194022029205
2021-05-27,Equity Maximum-Sharpe (sentiment-fused),1.0766066340011273
2021-05-28,Equity Maximum-Sharpe (sentiment-fused),1.0846201151579653
2021-06-01,Equity Maximum-Sharpe (sentiment-fused),1.0854668362115973
2021-06-02,Equity Maximum-Sharpe (sentiment-fused),1.077158024498027
2021-06-03,Equity Maximum-Sharpe (sentiment-fused),1.08248344333934
2021-06-04,Equity Maximum-Sharpe (sentiment-fused),1.0900691041116874
2021-06-07,Equity Maximum-Sharpe (sentiment-fused),1.0898188100013544
2021-06-08,Equity Maximum-Sharpe (sentiment-fused),1.089598544036225
2021-06-09,Equity Maximum-Sharpe (sentiment-fused),1.0707985243994491
2021-06-10,Equity Maximum-Sharpe (sentiment-fused),1.0684204037558191
2021-06-11,Equity Maximum-Sharpe (sentiment-fused),1.0695379908252212
2021-06-14,Equity Maximum-Sharpe (sentiment-fused),1.0597945552128327
2021-06-15,Equity Maximum-Sharpe (sentiment-fused),1.0537253102006516
2021-06-16,Equity Maximum-Sharpe (sentiment-fused),1.0421526689713323
2021-06-17,Equity Maximum-Sharpe (sentiment-fused),1.0267903622558863
2021-06-18,Equity Maximum-Sharpe (sentiment-fused),1.0190032290209765
2021-06-21,Equity Maximum-Sharpe (sentiment-fused),1.0407889075277228
2021-06-22,Equity Maximum-Sharpe (sentiment-fused),1.0434298323015705
2021-06-23,Equity Maximum-Sharpe (sentiment-fused),1.0417314042905177
2021-06-24,Equity Maximum-Sharpe (sentiment-fused),1.054036667315626
2021-06-25,Equity Maximum-Sharpe (sentiment-fused),1.0527969784877402
2021-06-28,Equity Maximum-Sharpe (sentiment-fused),1.0537737960911089
2021-06-29,Equity Maximum-Sharpe (sentiment-fused),1.0610063050824836
2021-06-30,Equity Maximum-Sharpe (sentiment-fused),1.065076619213751
2021-07-01,Equity Maximum-Sharpe (sentiment-fused),1.070862454223933
2021-07-02,Equity Maximum-Sharpe (sentiment-fused),1.0755595322539497
2021-07-06,Equity Maximum-Sharpe (sentiment-fused),1.0711317347688563
2021-07-07,Equity Maximum-Sharpe (sentiment-fused),1.0722987453860875
2021-07-08,Equity Maximum-Sharpe (sentiment-fused),1.0599492866315505
2021-07-09,Equity Maximum-Sharpe (sentiment-fused),1.0801326149384454
2021-07-12,Equity Maximum-Sharpe (sentiment-fused),1.0892703304941078
2021-07-13,Equity Maximum-Sharpe (sentiment-fused),1.076808502653514
2021-07-14,Equity Maximum-Sharpe (sentiment-fused),1.0745993193065138
2021-07-15,Equity Maximum-Sharpe (sentiment-fused),1.0697326903715665
2021-07-16,Equity Maximum-Sharpe (sentiment-fused),1.0538961591645903
2021-07-19,Equity Maximum-Sharpe (sentiment-fused),1.0397598971731683
2021-07-20,Equity Maximum-Sharpe (sentiment-fused),1.057411327793479
2021-07-21,Equity Maximum-Sharpe (sentiment-fused),1.0696773251484415
2021-07-22,Equity Maximum-Sharpe (sentiment-fused),1.071768711812422
2021-07-23,Equity Maximum-Sharpe (sentiment-fused),1.0794407015079492
2021-07-26,Equity Maximum-Sharpe (sentiment-fused),1.0831860376816937
2021-07-27,Equity Maximum-Sharpe (sentiment-fused),1.0780791984870597
2021-07-28,Equity Maximum-Sharpe (sentiment-fused),1.0835681704277729
2021-07-29,Equity Maximum-Sharpe (sentiment-fused),1.0948060036528444
2021-07-30,Equity Maximum-Sharpe (sentiment-fused),1.0930681077780686
2021-08-02,Equity Maximum-Sharpe (sentiment-fused),1.0916724307691419
2021-08-03,Equity Maximum-Sharpe (sentiment-fused),1.1032140663751275
2021-08-04,Equity Maximum-Sharpe (sentiment-fused),1.0979193663452638
2021-08-05,Equity Maximum-Sharpe (sentiment-fused),1.1035000901745373
2021-08-06,Equity Maximum-Sharpe (sentiment-fused),1.1126315847609471
2021-08-09,Equity Maximum-Sharpe (sentiment-fused),1.121525435787549
2021-08-10,Equity Maximum-Sharpe (sentiment-fused),1.1439912944237267
2021-08-11,Equity Maximum-Sharpe (sentiment-fused),1.1533581309173482
2021-08-12,Equity Maximum-Sharpe (sentiment-fused),1.161110134960921
2021-08-13,Equity Maximum-Sharpe (sentiment-fused),1.1597383148890836
2021-08-16,Equity Maximum-Sharpe (sentiment-fused),1.1577621460957441
2021-08-17,Equity Maximum-Sharpe (sentiment-fused),1.145369754711493
2021-08-18,Equity Maximum-Sharpe (sentiment-fused),1.1391683839566693
2021-08-19,Equity Maximum-Sharpe (sentiment-fused),1.1313839109180266
2021-08-20,Equity Maximum-Sharpe (sentiment-fused),1.1403247846634923
2021-08-23,Equity Maximum-Sharpe (sentiment-fused),1.1528748047968516
2021-08-24,Equity Maximum-Sharpe (sentiment-fused),1.161121961135942
2021-08-25,Equity Maximum-Sharpe (sentiment-fused),1.1620739131166777
2021-08-26,Equity Maximum-Sharpe (sentiment-fused),1.1541301182748376
2021-08-27,Equity Maximum-Sharpe (sentiment-fused),1.1689166419514418
2021-08-30,Equity Maximum-Sharpe (sentiment-fused),1.1689724658243394
2021-08-31,Equity Maximum-Sharpe (sentiment-fused),1.1657557790041801
2021-09-01,Equity Maximum-Sharpe (sentiment-fused),1.1675747373738479
2021-09-02,Equity Maximum-Sharpe (sentiment-fused),1.1706310658026482
2021-09-03,Equity Maximum-Sharpe (sentiment-fused),1.1670790701567495
2021-09-07,Equity Maximum-Sharpe (sentiment-fused),1.158065246352772
2021-09-08,Equity Maximum-Sharpe (sentiment-fused),1.1548957852162607
2021-09-09,Equity Maximum-Sharpe (sentiment-fused),1.1478587822574686
2021-09-10,Equity Maximum-Sharpe (sentiment-fused),1.145282332395606
2021-09-13,Equity Maximum-Sharpe (sentiment-fused),1.1406520301763698
2021-09-14,Equity Maximum-Sharpe (sentiment-fused),1.127819041844469
2021-09-15,Equity Maximum-Sharpe (sentiment-fused),1.135620520333238
2021-09-16,Equity Maximum-Sharpe (sentiment-fused),1.1282611667016018
2021-09-17,Equity Maximum-Sharpe (sentiment-fused),1.1069624296805636
2021-09-20,Equity Maximum-Sharpe (sentiment-fused),1.0837128331219987
2021-09-21,Equity Maximum-Sharpe (sentiment-fused),1.079598736026795
2021-09-22,Equity Maximum-Sharpe (sentiment-fused),1.0895481508422569
2021-09-23,Equity Maximum-Sharpe (sentiment-fused),1.0989615334963971
2021-09-24,Equity Maximum-Sharpe (sentiment-fused),1.092613569349564
2021-09-27,Equity Maximum-Sharpe (sentiment-fused),1.090721535808332
2021-09-28,Equity Maximum-Sharpe (sentiment-fused),1.0797619195784938
2021-09-29,Equity Maximum-Sharpe (sentiment-fused),1.077835510446957
2021-09-30,Equity Maximum-Sharpe (sentiment-fused),1.0634397384455956
2021-10-01,Equity Maximum-Sharpe (sentiment-fused),1.0672922353916614
2021-10-04,Equity Maximum-Sharpe (sentiment-fused),1.053690586478979
2021-10-05,Equity Maximum-Sharpe (sentiment-fused),1.0666323487572036
2021-10-06,Equity Maximum-Sharpe (sentiment-fused),1.073992474469641
2021-10-07,Equity Maximum-Sharpe (sentiment-fused),1.0796947155116843
2021-10-08,Equity Maximum-Sharpe (sentiment-fused),1.07942033741135
2021-10-11,Equity Maximum-Sharpe (sentiment-fused),1.0717417903106268
2021-10-12,Equity Maximum-Sharpe (sentiment-fused),1.0832800404807754
2021-10-13,Equity Maximum-Sharpe (sentiment-fused),1.0938815944018725
2021-10-14,Equity Maximum-Sharpe (sentiment-fused),1.1194344847590534
2021-10-15,Equity Maximum-Sharpe (sentiment-fused),1.1191121188637392
2021-10-18,Equity Maximum-Sharpe (sentiment-fused),1.125485129413135
2021-10-19,Equity Maximum-Sharpe (sentiment-fused),1.1263752381998693
2021-10-20,Equity Maximum-Sharpe (sentiment-fused),1.1258679001276772
2021-10-21,Equity Maximum-Sharpe (sentiment-fused),1.1265465871616875
2021-10-22,Equity Maximum-Sharpe (sentiment-fused),1.1387806986790714
2021-10-25,Equity Maximum-Sharpe (sentiment-fused),1.1512128673737771
2021-10-26,Equity Maximum-Sharpe (sentiment-fused),1.1704326318723646
2021-10-27,Equity Maximum-Sharpe (sentiment-fused),1.1510698424713968
2021-10-28,Equity Maximum-Sharpe (sentiment-fused),1.1733456137689928
2021-10-29,Equity Maximum-Sharpe (sentiment-fused),1.180546175755712
2021-11-01,Equity Maximum-Sharpe (sentiment-fused),1.1867854062002157
2021-11-02,Equity Maximum-Sharpe (sentiment-fused),1.1988290485430748
2021-11-03,Equity Maximum-Sharpe (sentiment-fused),1.192574552248821
2021-11-04,Equity Maximum-Sharpe (sentiment-fused),1.201764161408242
2021-11-05,Equity Maximum-Sharpe (sentiment-fused),1.1792400974159074
2021-11-08,Equity Maximum-Sharpe (sentiment-fused),1.1933685812787702
2021-11-09,Equity Maximum-Sharpe (sentiment-fused),1.1895403061016736
2021-11-10,Equity Maximum-Sharpe (sentiment-fused),1.1800460472602592
2021-11-11,Equity Maximum-Sharpe (sentiment-fused),1.1909722907213758
2021-11-12,Equity Maximum-Sharpe (sentiment-fused),1.1945457699398947
2021-11-15,Equity Maximum-Sharpe (sentiment-fused),1.1956316417582478
2021-11-16,Equity Maximum-Sharpe (sentiment-fused),1.191518301518798
2021-11-17,Equity Maximum-Sharpe (sentiment-fused),1.1816993609850166
2021-11-18,Equity Maximum-Sharpe (sentiment-fused),1.1942712852936785
2021-11-19,Equity Maximum-Sharpe (sentiment-fused),1.1815337070410659
2021-11-22,Equity Maximum-Sharpe (sentiment-fused),1.1859391521555323
2021-11-23,Equity Maximum-Sharpe (sentiment-fused),1.2002299307991926
2021-11-24,Equity Maximum-Sharpe (sentiment-fused),1.2067313220658396
2021-11-26,Equity Maximum-Sharpe (sentiment-fused),1.1709532791365473
2021-11-29,Equity Maximum-Sharpe (sentiment-fused),1.1836492626088073
2021-11-30,Equity Maximum-Sharpe (sentiment-fused),1.1643319474979625
2021-12-01,Equity Maximum-Sharpe (sentiment-fused),1.1508417413194956
2021-12-02,Equity Maximum-Sharpe (sentiment-fused),1.179874234297692
2021-12-03,Equity Maximum-Sharpe (sentiment-fused),1.1702657228712423
2021-12-06,Equity Maximum-Sharpe (sentiment-fused),1.1772175787027925
2021-12-07,Equity Maximum-Sharpe (sentiment-fused),1.2043939707163822
2021-12-08,Equity Maximum-Sharpe (sentiment-fused),1.2019485811332844
2021-12-09,Equity Maximum-Sharpe (sentiment-fused),1.1907963582111178
2021-12-10,Equity Maximum-Sharpe (sentiment-fused),1.1975565860627555
2021-12-13,Equity Maximum-Sharpe (sentiment-fused),1.1880200109659635
2021-12-14,Equity Maximum-Sharpe (sentiment-fused),1.1888364517016294
2021-12-15,Equity Maximum-Sharpe (sentiment-fused),1.2152320353794466
2021-12-16,Equity Maximum-Sharpe (sentiment-fused),1.2117596706092637
2021-12-17,Equity Maximum-Sharpe (sentiment-fused),1.1950374930956897
2021-12-20,Equity Maximum-Sharpe (sentiment-fused),1.1903872145744252
2021-12-21,Equity Maximum-Sharpe (sentiment-fused),1.2022941822615123
2021-12-22,Equity Maximum-Sharpe (sentiment-fused),1.2142381879613033
2021-12-23,Equity Maximum-Sharpe (sentiment-fused),1.2140486591036137
2021-12-27,Equity Maximum-Sharpe (sentiment-fused),1.2397491341950253
2021-12-28,Equity Maximum-Sharpe (sentiment-fused),1.2358498503147808
2021-12-29,Equity Maximum-Sharpe (sentiment-fused),1.2372900032256864
2021-12-30,Equity Maximum-Sharpe (sentiment-fused),1.231947813822129
2021-12-31,Equity Maximum-Sharpe (sentiment-fused),1.23200709450037
2022-01-03,Equity Maximum-Sharpe (sentiment-fused),1.2327457929735992
2022-01-04,Equity Maximum-Sharpe (sentiment-fused),1.2367907289251665
2022-01-05,Equity Maximum-Sharpe (sentiment-fused),1.2270936671222525
2022-01-06,Equity Maximum-Sharpe (sentiment-fused),1.2313034708532813
2022-01-07,Equity Maximum-Sharpe (sentiment-fused),1.216000825971506
2022-01-10,Equity Maximum-Sharpe (sentiment-fused),1.2195301833252568
2022-01-11,Equity Maximum-Sharpe (sentiment-fused),1.229185119279754
2022-01-12,Equity Maximum-Sharpe (sentiment-fused),1.240796813705101
2022-01-13,Equity Maximum-Sharpe (sentiment-fused),1.2225579866638963
2022-01-14,Equity Maximum-Sharpe (sentiment-fused),1.224369562145515
2022-01-18,Equity Maximum-Sharpe (sentiment-fused),1.2080886749558721
2022-01-19,Equity Maximum-Sharpe (sentiment-fused),1.1935610761574975
2022-01-20,Equity Maximum-Sharpe (sentiment-fused),1.1726347115309144
2022-01-21,Equity Maximum-Sharpe (sentiment-fused),1.15613959711106
2022-01-24,Equity Maximum-Sharpe (sentiment-fused),1.1550822977759025
2022-01-25,Equity Maximum-Sharpe (sentiment-fused),1.1548094373810875
2022-01-26,Equity Maximum-Sharpe (sentiment-fused),1.1450052815622638
2022-01-27,Equity Maximum-Sharpe (sentiment-fused),1.1450848801430968
2022-01-28,Equity Maximum-Sharpe (sentiment-fused),1.1819333507679288
2022-01-31,Equity Maximum-Sharpe (sentiment-fused),1.1925779746098835
2022-02-01,Equity Maximum-Sharpe (sentiment-fused),1.2020924842022962
2022-02-02,Equity Maximum-Sharpe (sentiment-fused),1.2374672097435488
2022-02-03,Equity Maximum-Sharpe (sentiment-fused),1.227533047529869
2022-02-04,Equity Maximum-Sharpe (sentiment-fused),1.2225876305445151
2022-02-07,Equity Maximum-Sharpe (sentiment-fused),1.2281754798012003
2022-02-08,Equity Maximum-Sharpe (sentiment-fused),1.2315616510509453
2022-02-09,Equity Maximum-Sharpe (sentiment-fused),1.2549258219691497
2022-02-10,Equity Maximum-Sharpe (sentiment-fused),1.231901019541327
2022-02-11,Equity Maximum-Sharpe (sentiment-fused),1.225309084054686
2022-02-14,Equity Maximum-Sharpe (sentiment-fused),1.216838566253347
2022-02-15,Equity Maximum-Sharpe (sentiment-fused),1.2168127253864693
2022-02-16,Equity Maximum-Sharpe (sentiment-fused),1.2190657825507676
2022-02-17,Equity Maximum-Sharpe (sentiment-fused),1.2013136933513067
2022-02-18,Equity Maximum-Sharpe (sentiment-fused),1.1916410349603295
2022-02-22,Equity Maximum-Sharpe (sentiment-fused),1.1829762337991163
2022-02-23,Equity Maximum-Sharpe (sentiment-fused),1.1987731202284664
2022-02-24,Equity Maximum-Sharpe (sentiment-fused),1.1978818352113751
2022-02-25,Equity Maximum-Sharpe (sentiment-fused),1.2395218880925027
2022-02-28,Equity Maximum-Sharpe (sentiment-fused),1.231918026966324
2022-03-01,Equity Maximum-Sharpe (sentiment-fused),1.2352688535893774
2022-03-02,Equity Maximum-Sharpe (sentiment-fused),1.2590476361368332
2022-03-03,Equity Maximum-Sharpe (sentiment-fused),1.2720171679853858
2022-03-04,Equity Maximum-Sharpe (sentiment-fused),1.2863579692141371
2022-03-07,Equity Maximum-Sharpe (sentiment-fused),1.2761687002062618
2022-03-08,Equity Maximum-Sharpe (sentiment-fused),1.2476957943379103
2022-03-09,Equity Maximum-Sharpe (sentiment-fused),1.2567764770324807
2022-03-10,Equity Maximum-Sharpe (sentiment-fused),1.2666531383885034
2022-03-11,Equity Maximum-Sharpe (sentiment-fused),1.2572386689443869
2022-03-14,Equity Maximum-Sharpe (sentiment-fused),1.241676820047164
2022-03-15,Equity Maximum-Sharpe (sentiment-fused),1.2471543520628925
2022-03-16,Equity Maximum-Sharpe (sentiment-fused),1.2546119211690039
2022-03-17,Equity Maximum-Sharpe (sentiment-fused),1.280438123013867
2022-03-18,Equity Maximum-Sharpe (sentiment-fused),1.2878953105971205
2022-03-21,Equity Maximum-Sharpe (sentiment-fused),1.3054204564939744
2022-03-22,Equity Maximum-Sharpe (sentiment-fused),1.3091429431189552
2022-03-23,Equity Maximum-Sharpe (sentiment-fused),1.3093835855472882
2022-03-24,Equity Maximum-Sharpe (sentiment-fused),1.3326471415937469
2022-03-25,Equity Maximum-Sharpe (sentiment-fused),1.3470778266533658
2022-03-28,Equity Maximum-Sharpe (sentiment-fused),1.352382986904954
2022-03-29,Equity Maximum-Sharpe (sentiment-fused),1.3694620965704651
2022-03-30,Equity Maximum-Sharpe (sentiment-fused),1.3705044566433184
2022-03-31,Equity Maximum-Sharpe (sentiment-fused),1.354377565786513
2022-04-01,Equity Maximum-Sharpe (sentiment-fused),1.368111182431299
2022-04-04,Equity Maximum-Sharpe (sentiment-fused),1.3631738968475593
2022-04-05,Equity Maximum-Sharpe (sentiment-fused),1.3593891979547055
2022-04-06,Equity Maximum-Sharpe (sentiment-fused),1.382652944958414
2022-04-07,Equity Maximum-Sharpe (sentiment-fused),1.400290720018109
2022-04-08,Equity Maximum-Sharpe (sentiment-fused),1.4093440614032617
2022-04-11,Equity Maximum-Sharpe (sentiment-fused),1.3725999277504541
2022-04-12,Equity Maximum-Sharpe (sentiment-fused),1.3786691896916066
2022-04-13,Equity Maximum-Sharpe (sentiment-fused),1.3696715144297822
2022-04-14,Equity Maximum-Sharpe (sentiment-fused),1.378192616765687
2022-04-18,Equity Maximum-Sharpe (sentiment-fused),1.381932164721856
2022-04-19,Equity Maximum-Sharpe (sentiment-fused),1.3779241790192627
2022-04-20,Equity Maximum-Sharpe (sentiment-fused),1.3865075571895016
2022-04-21,Equity Maximum-Sharpe (sentiment-fused),1.3628478725807547
2022-04-22,Equity Maximum-Sharpe (sentiment-fused),1.326920571799816
2022-04-25,Equity Maximum-Sharpe (sentiment-fused),1.315884512012307
2022-04-26,Equity Maximum-Sharpe (sentiment-fused),1.3032658800715553
2022-04-27,Equity Maximum-Sharpe (sentiment-fused),1.3066048077496217
2022-04-28,Equity Maximum-Sharpe (sentiment-fused),1.3324271739155744
2022-04-29,Equity Maximum-Sharpe (sentiment-fused),1.2610620457218233
2022-05-02,Equity Maximum-Sharpe (sentiment-fused),1.2536285201562345
2022-05-03,Equity Maximum-Sharpe (sentiment-fused),1.2656746618476264
2022-05-04,Equity Maximum-Sharpe (sentiment-fused),1.2904294391695827
2022-05-05,Equity Maximum-Sharpe (sentiment-fused),1.2678970119430075
2022-05-06,Equity Maximum-Sharpe (sentiment-fused),1.2731185662099564
2022-05-09,Equity Maximum-Sharpe (sentiment-fused),1.2059984023263228
2022-05-10,Equity Maximum-Sharpe (sentiment-fused),1.2037693716216662
2022-05-11,Equity Maximum-Sharpe (sentiment-fused),1.2041576395247775
2022-05-12,Equity Maximum-Sharpe (sentiment-fused),1.2111960071511862
2022-05-13,Equity Maximum-Sharpe (sentiment-fused),1.233253240138383
2022-05-16,Equity Maximum-Sharpe (sentiment-fused),1.245764098122473
2022-05-17,Equity Maximum-Sharpe (sentiment-fused),1.2535832336031019
2022-05-18,Equity Maximum-Sharpe (sentiment-fused),1.21528945877226
2022-05-19,Equity Maximum-Sharpe (sentiment-fused),1.2146609436160076
2022-05-20,Equity Maximum-Sharpe (sentiment-fused),1.2157646455220819
2022-05-23,Equity Maximum-Sharpe (sentiment-fused),1.2316786927851497
2022-05-24,Equity Maximum-Sharpe (sentiment-fused),1.2354660383211422
2022-05-25,Equity Maximum-Sharpe (sentiment-fused),1.2514182476495603
2022-05-26,Equity Maximum-Sharpe (sentiment-fused),1.261999799727445
2022-05-27,Equity Maximum-Sharpe (sentiment-fused),1.2830564572542273
2022-05-31,Equity Maximum-Sharpe (sentiment-fused),1.2620396364779742
2022-06-01,Equity Maximum-Sharpe (sentiment-fused),1.2621349518677818
2022-06-02,Equity Maximum-Sharpe (sentiment-fused),1.2629962547557467
2022-06-03,Equity Maximum-Sharpe (sentiment-fused),1.270165357264674
2022-06-06,Equity Maximum-Sharpe (sentiment-fused),1.265543374871597
2022-06-07,Equity Maximum-Sharpe (sentiment-fused),1.2878826497064992
2022-06-08,Equity Maximum-Sharpe (sentiment-fused),1.2799051838003102
2022-06-09,Equity Maximum-Sharpe (sentiment-fused),1.2475727700521064
2022-06-10,Equity Maximum-Sharpe (sentiment-fused),1.2313452285914745
2022-06-13,Equity Maximum-Sharpe (sentiment-fused),1.1814819872296671
2022-06-14,Equity Maximum-Sharpe (sentiment-fused),1.1735145480684892
2022-06-15,Equity Maximum-Sharpe (sentiment-fused),1.1662696209597767
2022-06-16,Equity Maximum-Sharpe (sentiment-fused),1.1383797846546808
2022-06-17,Equity Maximum-Sharpe (sentiment-fused),1.10860970243886
2022-06-21,Equity Maximum-Sharpe (sentiment-fused),1.15141846345527
2022-06-22,Equity Maximum-Sharpe (sentiment-fused),1.1420530299619835
2022-06-23,Equity Maximum-Sharpe (sentiment-fused),1.1380663386823127
2022-06-24,Equity Maximum-Sharpe (sentiment-fused),1.161003649233381
2022-06-27,Equity Maximum-Sharpe (sentiment-fused),1.1760808456428504
2022-06-28,Equity Maximum-Sharpe (sentiment-fused),1.1822499027656552
2022-06-29,Equity Maximum-Sharpe (sentiment-fused),1.1722193230521427
2022-06-30,Equity Maximum-Sharpe (sentiment-fused),1.162733474682973
2022-07-01,Equity Maximum-Sharpe (sentiment-fused),1.1760656653091546
2022-07-05,Equity Maximum-Sharpe (sentiment-fused),1.1638247511563025
2022-07-06,Equity Maximum-Sharpe (sentiment-fused),1.15840896881805
2022-07-07,Equity Maximum-Sharpe (sentiment-fused),1.1599535509149748
2022-07-08,Equity Maximum-Sharpe (sentiment-fused),1.162079579036222
2022-07-11,Equity Maximum-Sharpe (sentiment-fused),1.1627707007836052
2022-07-12,Equity Maximum-Sharpe (sentiment-fused),1.1545842609660024
2022-07-13,Equity Maximum-Sharpe (sentiment-fused),1.1507414304328076
2022-07-14,Equity Maximum-Sharpe (sentiment-fused),1.1480273356165434
2022-07-15,Equity Maximum-Sharpe (sentiment-fused),1.1667564537079058
2022-07-18,Equity Maximum-Sharpe (sentiment-fused),1.1492548665773163
2022-07-19,Equity Maximum-Sharpe (sentiment-fused),1.1594855474273058
2022-07-20,Equity Maximum-Sharpe (sentiment-fused),1.1484465675381252
2022-07-21,Equity Maximum-Sharpe (sentiment-fused),1.1457272458093222
2022-07-22,Equity Maximum-Sharpe (sentiment-fused),1.1499291685160768
2022-07-25,Equity Maximum-Sharpe (sentiment-fused),1.1679929251015222
2022-07-26,Equity Maximum-Sharpe (sentiment-fused),1.171540141740576
2022-07-27,Equity Maximum-Sharpe (sentiment-fused),1.1741793626389332
2022-07-28,Equity Maximum-Sharpe (sentiment-fused),1.1771872540260457
2022-07-29,Equity Maximum-Sharpe (sentiment-fused),1.1677606895273682
2022-08-01,Equity Maximum-Sharpe (sentiment-fused),1.1499134219094476
2022-08-02,Equity Maximum-Sharpe (sentiment-fused),1.1424300106813785
2022-08-03,Equity Maximum-Sharpe (sentiment-fused),1.1314094255336689
2022-08-04,Equity Maximum-Sharpe (sentiment-fused),1.1130971395529015
2022-08-05,Equity Maximum-Sharpe (sentiment-fused),1.1185805175225918
2022-08-08,Equity Maximum-Sharpe (sentiment-fused),1.1253298357267127
2022-08-09,Equity Maximum-Sharpe (sentiment-fused),1.143289687299896
2022-08-10,Equity Maximum-Sharpe (sentiment-fused),1.1468688676958934
2022-08-11,Equity Maximum-Sharpe (sentiment-fused),1.161967436405467
2022-08-12,Equity Maximum-Sharpe (sentiment-fused),1.1695732870129718
2022-08-15,Equity Maximum-Sharpe (sentiment-fused),1.1606990737378722
2022-08-16,Equity Maximum-Sharpe (sentiment-fused),1.161461619790255
2022-08-17,Equity Maximum-Sharpe (sentiment-fused),1.1610113302584923
2022-08-18,Equity Maximum-Sharpe (sentiment-fused),1.1748140646094016
2022-08-19,Equity Maximum-Sharpe (sentiment-fused),1.1977159251729173
2022-08-22,Equity Maximum-Sharpe (sentiment-fused),1.1803780336610263
2022-08-23,Equity Maximum-Sharpe (sentiment-fused),1.200010826026984
2022-08-24,Equity Maximum-Sharpe (sentiment-fused),1.2041467707624294
2022-08-25,Equity Maximum-Sharpe (sentiment-fused),1.209646512188919
2022-08-26,Equity Maximum-Sharpe (sentiment-fused),1.1942075336555604
2022-08-29,Equity Maximum-Sharpe (sentiment-fused),1.2018416748724243
2022-08-30,Equity Maximum-Sharpe (sentiment-fused),1.1783266175193967
2022-08-31,Equity Maximum-Sharpe (sentiment-fused),1.1654510646526783
2022-09-01,Equity Maximum-Sharpe (sentiment-fused),1.1694197517012896
2022-09-02,Equity Maximum-Sharpe (sentiment-fused),1.1677744021166765
2022-09-06,Equity Maximum-Sharpe (sentiment-fused),1.160991918822454
2022-09-07,Equity Maximum-Sharpe (sentiment-fused),1.1599530260509592
2022-09-08,Equity Maximum-Sharpe (sentiment-fused),1.1624563280464535
2022-09-09,Equity Maximum-Sharpe (sentiment-fused),1.177682882734333
2022-09-12,Equity Maximum-Sharpe (sentiment-fused),1.1902777787402132
2022-09-13,Equity Maximum-Sharpe (sentiment-fused),1.162317595581147
2022-09-14,Equity Maximum-Sharpe (sentiment-fused),1.1850639509222565
2022-09-15,Equity Maximum-Sharpe (sentiment-fused),1.1719492024352942
2022-09-16,Equity Maximum-Sharpe (sentiment-fused),1.1663852416898621
2022-09-19,Equity Maximum-Sharpe (sentiment-fused),1.1674161216082066
2022-09-20,Equity Maximum-Sharpe (sentiment-fused),1.1585735421167183
2022-09-21,Equity Maximum-Sharpe (sentiment-fused),1.1418606743925506
2022-09-22,Equity Maximum-Sharpe (sentiment-fused),1.1437876620130791
2022-09-23,Equity Maximum-Sharpe (sentiment-fused),1.1077252424156951
2022-09-26,Equity Maximum-Sharpe (sentiment-fused),1.0883109615472397
2022-09-27,Equity Maximum-Sharpe (sentiment-fused),1.0888372892169447
2022-09-28,Equity Maximum-Sharpe (sentiment-fused),1.121988111073704
2022-09-29,Equity Maximum-Sharpe (sentiment-fused),1.1102833242081995
2022-09-30,Equity Maximum-Sharpe (sentiment-fused),1.0804005739651388
2022-10-03,Equity Maximum-Sharpe (sentiment-fused),1.123172835083652
2022-10-04,Equity Maximum-Sharpe (sentiment-fused),1.156225497849152
2022-10-05,Equity Maximum-Sharpe (sentiment-fused),1.167241262151227
2022-10-06,Equity Maximum-Sharpe (sentiment-fused),1.1658332823043962
2022-10-07,Equity Maximum-Sharpe (sentiment-fused),1.1526920012997366
2022-10-10,Equity Maximum-Sharpe (sentiment-fused),1.131173446510332
2022-10-11,Equity Maximum-Sharpe (sentiment-fused),1.1378332336975325
2022-10-12,Equity Maximum-Sharpe (sentiment-fused),1.133807000574267
2022-10-13,Equity Maximum-Sharpe (sentiment-fused),1.1771097006531523
2022-10-14,Equity Maximum-Sharpe (sentiment-fused),1.1642947377588762
2022-10-17,Equity Maximum-Sharpe (sentiment-fused),1.1758668281743814
2022-10-18,Equity Maximum-Sharpe (sentiment-fused),1.1817084740734138
2022-10-19,Equity Maximum-Sharpe (sentiment-fused),1.184538988778643
2022-10-20,Equity Maximum-Sharpe (sentiment-fused),1.184965471541636
2022-10-21,Equity Maximum-Sharpe (sentiment-fused),1.2189514807369963
2022-10-24,Equity Maximum-Sharpe (sentiment-fused),1.233586833974385
2022-10-25,Equity Maximum-Sharpe (sentiment-fused),1.2339909344986129
2022-10-26,Equity Maximum-Sharpe (sentiment-fused),1.2536838155582735
2022-10-27,Equity Maximum-Sharpe (sentiment-fused),1.2557012061242105
2022-10-28,Equity Maximum-Sharpe (sentiment-fused),1.2355728532146422
2022-10-31,Equity Maximum-Sharpe (sentiment-fused),1.2332972331440453
2022-11-01,Equity Maximum-Sharpe (sentiment-fused),1.2419660160709056
2022-11-02,Equity Maximum-Sharpe (sentiment-fused),1.219923521380291
2022-11-03,Equity Maximum-Sharpe (sentiment-fused),1.224806017908688
2022-11-04,Equity Maximum-Sharpe (sentiment-fused),1.2375475700856047
2022-11-07,Equity Maximum-Sharpe (sentiment-fused),1.2622924718842052
2022-11-08,Equity Maximum-Sharpe (sentiment-fused),1.2822584914957602
2022-11-09,Equity Maximum-Sharpe (sentiment-fused),1.2512127726974662
2022-11-10,Equity Maximum-Sharpe (sentiment-fused),1.2672957635695292
2022-11-11,Equity Maximum-Sharpe (sentiment-fused),1.2772627384093214
2022-11-14,Equity Maximum-Sharpe (sentiment-fused),1.2819268903823655
2022-11-15,Equity Maximum-Sharpe (sentiment-fused),1.2870577865480408
2022-11-16,Equity Maximum-Sharpe (sentiment-fused),1.2789101708327577
2022-11-17,Equity Maximum-Sharpe (sentiment-fused),1.2852058169950784
2022-11-18,Equity Maximum-Sharpe (sentiment-fused),1.2873754642435475
2022-11-21,Equity Maximum-Sharpe (sentiment-fused),1.2875616319875482
2022-11-22,Equity Maximum-Sharpe (sentiment-fused),1.3085527125974594
2022-11-23,Equity Maximum-Sharpe (sentiment-fused),1.2988550432283423
2022-11-25,Equity Maximum-Sharpe (sentiment-fused),1.298450921719436
2022-11-28,Equity Maximum-Sharpe (sentiment-fused),1.2778660335625647
2022-11-29,Equity Maximum-Sharpe (sentiment-fused),1.2824442824723696
2022-11-30,Equity Maximum-Sharpe (sentiment-fused),1.3007838169554582
2022-12-01,Equity Maximum-Sharpe (sentiment-fused),1.2983414312900807
2022-12-02,Equity Maximum-Sharpe (sentiment-fused),1.2975556536179436
2022-12-05,Equity Maximum-Sharpe (sentiment-fused),1.2876514618248913
2022-12-06,Equity Maximum-Sharpe (sentiment-fused),1.271077977507903
2022-12-07,Equity Maximum-Sharpe (sentiment-fused),1.2791554480835512
2022-12-08,Equity Maximum-Sharpe (sentiment-fused),1.2820557949735052
2022-12-09,Equity Maximum-Sharpe (sentiment-fused),1.2588396067525982
2022-12-12,Equity Maximum-Sharpe (sentiment-fused),1.2662552855090512
2022-12-13,Equity Maximum-Sharpe (sentiment-fused),1.270727135248075
2022-12-14,Equity Maximum-Sharpe (sentiment-fused),1.2733211547695182
2022-12-15,Equity Maximum-Sharpe (sentiment-fused),1.2542146292239806
2022-12-16,Equity Maximum-Sharpe (sentiment-fused),1.2507946091093272
2022-12-19,Equity Maximum-Sharpe (sentiment-fused),1.2506486169727622
2022-12-20,Equity Maximum-Sharpe (sentiment-fused),1.252426100913193
2022-12-21,Equity Maximum-Sharpe (sentiment-fused),1.2665234110909918
2022-12-22,Equity Maximum-Sharpe (sentiment-fused),1.2584185156943526
2022-12-23,Equity Maximum-Sharpe (sentiment-fused),1.2683704519170063
2022-12-27,Equity Maximum-Sharpe (sentiment-fused),1.2724618559748913
2022-12-28,Equity Maximum-Sharpe (sentiment-fused),1.2572369079781613
2022-12-29,Equity Maximum-Sharpe (sentiment-fused),1.2606008459704745
2022-12-30,Equity Maximum-Sharpe (sentiment-fused),1.2633695226455233
2023-01-03,Equity Maximum-Sharpe (sentiment-fused),1.2528106322157877
2023-01-04,Equity Maximum-Sharpe (sentiment-fused),1.2610603439590098
2023-01-05,Equity Maximum-Sharpe (sentiment-fused),1.2811618536976823
2023-01-06,Equity Maximum-Sharpe (sentiment-fused),1.29770149933274
2023-01-09,Equity Maximum-Sharpe (sentiment-fused),1.2594295727061957
2023-01-10,Equity Maximum-Sharpe (sentiment-fused),1.2669588450788782
2023-01-11,Equity Maximum-Sharpe (sentiment-fused),1.2715941010328202
2023-01-12,Equity Maximum-Sharpe (sentiment-fused),1.2845283097969264
2023-01-13,Equity Maximum-Sharpe (sentiment-fused),1.2872165812197356
2023-01-17,Equity Maximum-Sharpe (sentiment-fused),1.2713589761173127
2023-01-18,Equity Maximum-Sharpe (sentiment-fused),1.252245762174325
2023-01-19,Equity Maximum-Sharpe (sentiment-fused),1.2648195827969984
2023-01-20,Equity Maximum-Sharpe (sentiment-fused),1.2724450650257353
2023-01-23,Equity Maximum-Sharpe (sentiment-fused),1.2695562965832672
2023-01-24,Equity Maximum-Sharpe (sentiment-fused),1.2567983489585242
2023-01-25,Equity Maximum-Sharpe (sentiment-fused),1.2558813504339292
2023-01-26,Equity Maximum-Sharpe (sentiment-fused),1.2578426151835325
2023-01-27,Equity Maximum-Sharpe (sentiment-fused),1.2403185398663534
2023-01-30,Equity Maximum-Sharpe (sentiment-fused),1.2363551372771389
2023-01-31,Equity Maximum-Sharpe (sentiment-fused),1.2533839110753504
2023-02-01,Equity Maximum-Sharpe (sentiment-fused),1.2438573625708331
2023-02-02,Equity Maximum-Sharpe (sentiment-fused),1.2135089258574048
2023-02-03,Equity Maximum-Sharpe (sentiment-fused),1.21123062220622
2023-02-06,Equity Maximum-Sharpe (sentiment-fused),1.2060941822333096
2023-02-07,Equity Maximum-Sharpe (sentiment-fused),1.2209119929528467
2023-02-08,Equity Maximum-Sharpe (sentiment-fused),1.223039067095731
2023-02-09,Equity Maximum-Sharpe (sentiment-fused),1.219067218404216
2023-02-10,Equity Maximum-Sharpe (sentiment-fused),1.2412705667237225
2023-02-13,Equity Maximum-Sharpe (sentiment-fused),1.2532022024215073
2023-02-14,Equity Maximum-Sharpe (sentiment-fused),1.2523286796943844
2023-02-15,Equity Maximum-Sharpe (sentiment-fused),1.2422068187010304
2023-02-16,Equity Maximum-Sharpe (sentiment-fused),1.232972074825993
2023-02-17,Equity Maximum-Sharpe (sentiment-fused),1.240507970971605
2023-02-21,Equity Maximum-Sharpe (sentiment-fused),1.2290291352818228
2023-02-22,Equity Maximum-Sharpe (sentiment-fused),1.2248265733394037
2023-02-23,Equity Maximum-Sharpe (sentiment-fused),1.2291370218070032
2023-02-24,Equity Maximum-Sharpe (sentiment-fused),1.2229760862890002
2023-02-27,Equity Maximum-Sharpe (sentiment-fused),1.2218904624628601
2023-02-28,Equity Maximum-Sharpe (sentiment-fused),1.2064263527153698
2023-03-01,Equity Maximum-Sharpe (sentiment-fused),1.212585326739626
2023-03-02,Equity Maximum-Sharpe (sentiment-fused),1.2176901706895304
2023-03-03,Equity Maximum-Sharpe (sentiment-fused),1.223772132380217
2023-03-06,Equity Maximum-Sharpe (sentiment-fused),1.2548735969197153
2023-03-07,Equity Maximum-Sharpe (sentiment-fused),1.2472141743063154
2023-03-08,Equity Maximum-Sharpe (sentiment-fused),1.2232138829740193
2023-03-09,Equity Maximum-Sharpe (sentiment-fused),1.2124131040073158
2023-03-10,Equity Maximum-Sharpe (sentiment-fused),1.207357396174105
2023-03-13,Equity Maximum-Sharpe (sentiment-fused),1.1899242896698528
2023-03-14,Equity Maximum-Sharpe (sentiment-fused),1.2064292088118986
2023-03-15,Equity Maximum-Sharpe (sentiment-fused),1.193233074665759
2023-03-16,Equity Maximum-Sharpe (sentiment-fused),1.1902769857464977
2023-03-17,Equity Maximum-Sharpe (sentiment-fused),1.160313322288814
2023-03-20,Equity Maximum-Sharpe (sentiment-fused),1.184315137134615
2023-03-21,Equity Maximum-Sharpe (sentiment-fused),1.1956921023404
2023-03-22,Equity Maximum-Sharpe (sentiment-fused),1.1776549127370097
2023-03-23,Equity Maximum-Sharpe (sentiment-fused),1.1750178641400368
2023-03-24,Equity Maximum-Sharpe (sentiment-fused),1.1812012340713707
2023-03-27,Equity Maximum-Sharpe (sentiment-fused),1.2013493272604858
2023-03-28,Equity Maximum-Sharpe (sentiment-fused),1.1978750076606213
2023-03-29,Equity Maximum-Sharpe (sentiment-fused),1.1998102476119061
2023-03-30,Equity Maximum-Sharpe (sentiment-fused),1.208919174418338
2023-03-31,Equity Maximum-Sharpe (sentiment-fused),1.2162734720136714
2023-04-03,Equity Maximum-Sharpe (sentiment-fused),1.2509938777272651
2023-04-04,Equity Maximum-Sharpe (sentiment-fused),1.24128023143816
2023-04-05,Equity Maximum-Sharpe (sentiment-fused),1.2648625371952638
2023-04-06,Equity Maximum-Sharpe (sentiment-fused),1.2609106042647376
2023-04-10,Equity Maximum-Sharpe (sentiment-fused),1.2597985762558714
2023-04-11,Equity Maximum-Sharpe (sentiment-fused),1.2598164196873933
2023-04-12,Equity Maximum-Sharpe (sentiment-fused),1.2647093214990897
2023-04-13,Equity Maximum-Sharpe (sentiment-fused),1.2792625397441193
2023-04-14,Equity Maximum-Sharpe (sentiment-fused),1.2795691054978333
2023-04-17,Equity Maximum-Sharpe (sentiment-fused),1.2801217724822263
2023-04-18,Equity Maximum-Sharpe (sentiment-fused),1.28738296399849
2023-04-19,Equity Maximum-Sharpe (sentiment-fused),1.2853972197434982
2023-04-20,Equity Maximum-Sharpe (sentiment-fused),1.2871387097453064
2023-04-21,Equity Maximum-Sharpe (sentiment-fused),1.3003704732955228
2023-04-24,Equity Maximum-Sharpe (sentiment-fused),1.3092864711573302
2023-04-25,Equity Maximum-Sharpe (sentiment-fused),1.3017402473452486
2023-04-26,Equity Maximum-Sharpe (sentiment-fused),1.2735339563025683
2023-04-27,Equity Maximum-Sharpe (sentiment-fused),1.2874298111990718
2023-04-28,Equity Maximum-Sharpe (sentiment-fused),1.2885694522345188
2023-05-01,Equity Maximum-Sharpe (sentiment-fused),1.286338593177335
2023-05-02,Equity Maximum-Sharpe (sentiment-fused),1.2923735177567224
2023-05-03,Equity Maximum-Sharpe (sentiment-fused),1.2752467467407462
2023-05-04,Equity Maximum-Sharpe (sentiment-fused),1.2605220825193795
2023-05-05,Equity Maximum-Sharpe (sentiment-fused),1.272620861734225
2023-05-08,Equity Maximum-Sharpe (sentiment-fused),1.277625847438479
2023-05-09,Equity Maximum-Sharpe (sentiment-fused),1.273255318778199
2023-05-10,Equity Maximum-Sharpe (sentiment-fused),1.268092831378793
2023-05-11,Equity Maximum-Sharpe (sentiment-fused),1.2650368458686225
2023-05-12,Equity Maximum-Sharpe (sentiment-fused),1.2603859554458061
2023-05-15,Equity Maximum-Sharpe (sentiment-fused),1.2729038474437655
2023-05-16,Equity Maximum-Sharpe (sentiment-fused),1.2644684927344456
2023-05-17,Equity Maximum-Sharpe (sentiment-fused),1.27109685787062
2023-05-18,Equity Maximum-Sharpe (sentiment-fused),1.2723275115717938
2023-05-19,Equity Maximum-Sharpe (sentiment-fused),1.2780252746261342
2023-05-22,Equity Maximum-Sharpe (sentiment-fused),1.2694122607331102
2023-05-23,Equity Maximum-Sharpe (sentiment-fused),1.2471042969304247
2023-05-24,Equity Maximum-Sharpe (sentiment-fused),1.2448089489205785
2023-05-25,Equity Maximum-Sharpe (sentiment-fused),1.2373125563195273
2023-05-26,Equity Maximum-Sharpe (sentiment-fused),1.2366158151315854
2023-05-30,Equity Maximum-Sharpe (sentiment-fused),1.2241236795279307
2023-05-31,Equity Maximum-Sharpe (sentiment-fused),1.2258796913477519
2023-06-01,Equity Maximum-Sharpe (sentiment-fused),1.2411466976561984
2023-06-02,Equity Maximum-Sharpe (sentiment-fused),1.2520249804760475
2023-06-05,Equity Maximum-Sharpe (sentiment-fused),1.2464384884644113
2023-06-06,Equity Maximum-Sharpe (sentiment-fused),1.2335552715112548
2023-06-07,Equity Maximum-Sharpe (sentiment-fused),1.2229073528982481
2023-06-08,Equity Maximum-Sharpe (sentiment-fused),1.238534299403892
2023-06-09,Equity Maximum-Sharpe (sentiment-fused),1.2428275549127257
2023-06-12,Equity Maximum-Sharpe (sentiment-fused),1.2430467853624252
2023-06-13,Equity Maximum-Sharpe (sentiment-fused),1.2544240199799281
2023-06-14,Equity Maximum-Sharpe (sentiment-fused),1.253559127220026
2023-06-15,Equity Maximum-Sharpe (sentiment-fused),1.2588547457927974
2023-06-16,Equity Maximum-Sharpe (sentiment-fused),1.2623646520511058
2023-06-20,Equity Maximum-Sharpe (sentiment-fused),1.2626594239462499
2023-06-21,Equity Maximum-Sharpe (sentiment-fused),1.2676942626569632
2023-06-22,Equity Maximum-Sharpe (sentiment-fused),1.2787111773183248
2023-06-23,Equity Maximum-Sharpe (sentiment-fused),1.2743121923549692
2023-06-26,Equity Maximum-Sharpe (sentiment-fused),1.2609491731310274
2023-06-27,Equity Maximum-Sharpe (sentiment-fused),1.2717317133762773
2023-06-28,Equity Maximum-Sharpe (sentiment-fused),1.2722276277442854
2023-06-29,Equity Maximum-Sharpe (sentiment-fused),1.2791348313746196
2023-06-30,Equity Maximum-Sharpe (sentiment-fused),1.305447501709598
2023-07-03,Equity Maximum-Sharpe (sentiment-fused),1.2942274350403782
2023-07-05,Equity Maximum-Sharpe (sentiment-fused),1.2941457718926437
2023-07-06,Equity Maximum-Sharpe (sentiment-fused),1.278804540685969
2023-07-07,Equity Maximum-Sharpe (sentiment-fused),1.2743727931635747
2023-07-10,Equity Maximum-Sharpe (sentiment-fused),1.291427869620439
2023-07-11,Equity Maximum-Sharpe (sentiment-fused),1.2922260278368671
2023-07-12,Equity Maximum-Sharpe (sentiment-fused),1.2940633604221674
2023-07-13,Equity Maximum-Sharpe (sentiment-fused),1.2975028959377
2023-07-14,Equity Maximum-Sharpe (sentiment-fused),1.2935886343800747
2023-07-17,Equity Maximum-Sharpe (sentiment-fused),1.2966164377792029
2023-07-18,Equity Maximum-Sharpe (sentiment-fused),1.3006579903803952
2023-07-19,Equity Maximum-Sharpe (sentiment-fused),1.2923179068368553
2023-07-20,Equity Maximum-Sharpe (sentiment-fused),1.305821360450236
2023-07-21,Equity Maximum-Sharpe (sentiment-fused),1.303107858399794
2023-07-24,Equity Maximum-Sharpe (sentiment-fused),1.2994189226880983
2023-07-25,Equity Maximum-Sharpe (sentiment-fused),1.3406333691572079
2023-07-26,Equity Maximum-Sharpe (sentiment-fused),1.324751054472645
2023-07-27,Equity Maximum-Sharpe (sentiment-fused),1.3237911963462685
2023-07-28,Equity Maximum-Sharpe (sentiment-fused),1.3249683444986249
2023-07-31,Equity Maximum-Sharpe (sentiment-fused),1.3250016165207195
2023-08-01,Equity Maximum-Sharpe (sentiment-fused),1.3130172640719422
2023-08-02,Equity Maximum-Sharpe (sentiment-fused),1.2935413461898695
2023-08-03,Equity Maximum-Sharpe (sentiment-fused),1.298138777138184
2023-08-04,Equity Maximum-Sharpe (sentiment-fused),1.3057003038623314
2023-08-07,Equity Maximum-Sharpe (sentiment-fused),1.3247362656711268
2023-08-08,Equity Maximum-Sharpe (sentiment-fused),1.3138209221196173
2023-08-09,Equity Maximum-Sharpe (sentiment-fused),1.294813748237107
2023-08-10,Equity Maximum-Sharpe (sentiment-fused),1.300938099405205
2023-08-11,Equity Maximum-Sharpe (sentiment-fused),1.3025657646841025
2023-08-14,Equity Maximum-Sharpe (sentiment-fused),1.3273745186004056
2023-08-15,Equity Maximum-Sharpe (sentiment-fused),1.3149419427499391
2023-08-16,Equity Maximum-Sharpe (sentiment-fused),1.3078709615531379
2023-08-17,Equity Maximum-Sharpe (sentiment-fused),1.289122840757352
2023-08-18,Equity Maximum-Sharpe (sentiment-fused),1.2941252497854994
2023-08-21,Equity Maximum-Sharpe (sentiment-fused),1.3156479377679526
2023-08-22,Equity Maximum-Sharpe (sentiment-fused),1.3019388626815795
2023-08-23,Equity Maximum-Sharpe (sentiment-fused),1.3303454255168512
2023-08-24,Equity Maximum-Sharpe (sentiment-fused),1.3094856806843818
2023-08-25,Equity Maximum-Sharpe (sentiment-fused),1.3107102021688237
2023-08-28,Equity Maximum-Sharpe (sentiment-fused),1.3289559891619889
2023-08-29,Equity Maximum-Sharpe (sentiment-fused),1.3516572912801543
2023-08-30,Equity Maximum-Sharpe (sentiment-fused),1.3485511189714143
2023-08-31,Equity Maximum-Sharpe (sentiment-fused),1.3468329035762583
2023-09-01,Equity Maximum-Sharpe (sentiment-fused),1.3445519649522584
2023-09-05,Equity Maximum-Sharpe (sentiment-fused),1.3309358614482798
2023-09-06,Equity Maximum-Sharpe (sentiment-fused),1.3160935177327704
2023-09-07,Equity Maximum-Sharpe (sentiment-fused),1.3090291645736085
2023-09-08,Equity Maximum-Sharpe (sentiment-fused),1.3061987184886548
2023-09-11,Equity Maximum-Sharpe (sentiment-fused),1.3155132524303998
2023-09-12,Equity Maximum-Sharpe (sentiment-fused),1.318774640963115
2023-09-13,Equity Maximum-Sharpe (sentiment-fused),1.3120538381969962
2023-09-14,Equity Maximum-Sharpe (sentiment-fused),1.3277074280077705
2023-09-15,Equity Maximum-Sharpe (sentiment-fused),1.3104246038546477
2023-09-18,Equity Maximum-Sharpe (sentiment-fused),1.3177966166606656
2023-09-19,Equity Maximum-Sharpe (sentiment-fused),1.3104236615289304
2023-09-20,Equity Maximum-Sharpe (sentiment-fused),1.2921943418306825
2023-09-21,Equity Maximum-Sharpe (sentiment-fused),1.2698342150423927
2023-09-22,Equity Maximum-Sharpe (sentiment-fused),1.2652194891907638
2023-09-25,Equity Maximum-Sharpe (sentiment-fused),1.272343764014422
2023-09-26,Equity Maximum-Sharpe (sentiment-fused),1.2586482561993317
2023-09-27,Equity Maximum-Sharpe (sentiment-fused),1.2652975367589638
2023-09-28,Equity Maximum-Sharpe (sentiment-fused),1.2791934418186612
2023-09-29,Equity Maximum-Sharpe (sentiment-fused),1.2679385580234424
2023-10-02,Equity Maximum-Sharpe (sentiment-fused),1.2678457236844083
2023-10-03,Equity Maximum-Sharpe (sentiment-fused),1.2498349515571476
2023-10-04,Equity Maximum-Sharpe (sentiment-fused),1.2594885447167214
2023-10-05,Equity Maximum-Sharpe (sentiment-fused),1.2651790549413102
2023-10-06,Equity Maximum-Sharpe (sentiment-fused),1.2885643384419516
2023-10-09,Equity Maximum-Sharpe (sentiment-fused),1.2856652423475152
2023-10-10,Equity Maximum-Sharpe (sentiment-fused),1.2935930159213351
2023-10-11,Equity Maximum-Sharpe (sentiment-fused),1.3152352567504593
2023-10-12,Equity Maximum-Sharpe (sentiment-fused),1.3071929327048184
2023-10-13,Equity Maximum-Sharpe (sentiment-fused),1.2884396108011844
2023-10-16,Equity Maximum-Sharpe (sentiment-fused),1.2940526858087074
2023-10-17,Equity Maximum-Sharpe (sentiment-fused),1.2835021155645867
2023-10-18,Equity Maximum-Sharpe (sentiment-fused),1.2525698280075162
2023-10-19,Equity Maximum-Sharpe (sentiment-fused),1.2427064803585341
2023-10-20,Equity Maximum-Sharpe (sentiment-fused),1.2359260243529928
2023-10-23,Equity Maximum-Sharpe (sentiment-fused),1.2488168587176198
2023-10-24,Equity Maximum-Sharpe (sentiment-fused),1.28711515214549
2023-10-25,Equity Maximum-Sharpe (sentiment-fused),1.2607106685833913
2023-10-26,Equity Maximum-Sharpe (sentiment-fused),1.2408581545475732
2023-10-27,Equity Maximum-Sharpe (sentiment-fused),1.2201680496308562
2023-10-30,Equity Maximum-Sharpe (sentiment-fused),1.2428289209501002
2023-10-31,Equity Maximum-Sharpe (sentiment-fused),1.2273480424217589
2023-11-01,Equity Maximum-Sharpe (sentiment-fused),1.23632916608449
2023-11-02,Equity Maximum-Sharpe (sentiment-fused),1.2487159385617697
2023-11-03,Equity Maximum-Sharpe (sentiment-fused),1.2654682185050528
2023-11-06,Equity Maximum-Sharpe (sentiment-fused),1.2889826001540725
2023-11-07,Equity Maximum-Sharpe (sentiment-fused),1.2911157413251848
2023-11-08,Equity Maximum-Sharpe (sentiment-fused),1.3063309533571787
2023-11-09,Equity Maximum-Sharpe (sentiment-fused),1.3020223518836174
2023-11-10,Equity Maximum-Sharpe (sentiment-fused),1.3267984838326001
2023-11-13,Equity Maximum-Sharpe (sentiment-fused),1.3329479918542466
2023-11-14,Equity Maximum-Sharpe (sentiment-fused),1.3500894602272804
2023-11-15,Equity Maximum-Sharpe (sentiment-fused),1.3415125366298293
2023-11-16,Equity Maximum-Sharpe (sentiment-fused),1.3444432212677935
2023-11-17,Equity Maximum-Sharpe (sentiment-fused),1.348021940057402
2023-11-20,Equity Maximum-Sharpe (sentiment-fused),1.3569277840090093
2023-11-21,Equity Maximum-Sharpe (sentiment-fused),1.3531944389337942
2023-11-22,Equity Maximum-Sharpe (sentiment-fused),1.3413613384892011
2023-11-24,Equity Maximum-Sharpe (sentiment-fused),1.3394998085085095
2023-11-27,Equity Maximum-Sharpe (sentiment-fused),1.343157044341339
2023-11-28,Equity Maximum-Sharpe (sentiment-fused),1.3352171446109617
2023-11-29,Equity Maximum-Sharpe (sentiment-fused),1.334679279806992
2023-11-30,Equity Maximum-Sharpe (sentiment-fused),1.3437160242511257
2023-12-01,Equity Maximum-Sharpe (sentiment-fused),1.3467584681336198
2023-12-04,Equity Maximum-Sharpe (sentiment-fused),1.3273265199037143
2023-12-05,Equity Maximum-Sharpe (sentiment-fused),1.3286466523339038
2023-12-06,Equity Maximum-Sharpe (sentiment-fused),1.31714893482086
2023-12-07,Equity Maximum-Sharpe (sentiment-fused),1.3264473351782258
2023-12-08,Equity Maximum-Sharpe (sentiment-fused),1.3412848484300406
2023-12-11,Equity Maximum-Sharpe (sentiment-fused),1.3353894066562506
2023-12-12,Equity Maximum-Sharpe (sentiment-fused),1.356713150223239
2023-12-13,Equity Maximum-Sharpe (sentiment-fused),1.359659765924111
2023-12-14,Equity Maximum-Sharpe (sentiment-fused),1.3553668640130976
2023-12-15,Equity Maximum-Sharpe (sentiment-fused),1.3684865230865715
2023-12-18,Equity Maximum-Sharpe (sentiment-fused),1.3828764406079082
2023-12-19,Equity Maximum-Sharpe (sentiment-fused),1.392952635818861
2023-12-20,Equity Maximum-Sharpe (sentiment-fused),1.3617403711396778
2023-12-21,Equity Maximum-Sharpe (sentiment-fused),1.3905898247133797
2023-12-22,Equity Maximum-Sharpe (sentiment-fused),1.3893450830126948
2023-12-26,Equity Maximum-Sharpe (sentiment-fused),1.3997605050607742
2023-12-27,Equity Maximum-Sharpe (sentiment-fused),1.4046264796527226
2023-12-28,Equity Maximum-Sharpe (sentiment-fused),1.4068718682567793
2023-12-29,Equity Maximum-Sharpe (sentiment-fused),1.4031471608310047
