date,sector,sentiment
2020-01-02,Comm,0.110204
2020-01-03,Comm,0.05423
2020-01-06,Comm,0.14604583333333335
2020-01-07,Comm,0.22729333333333335
2020-01-08,Comm,0.187154
2020-01-09,Comm,0.12916000000000002
2020-01-10,Comm,0.028676666666666673
2020-01-13,Comm,0.015929166666666675
2020-01-14,Comm,0.0708
2020-01-15,Comm,0.00041833333333333165
2020-01-16,Comm,0.17031666666666667
2020-01-17,Comm,0.038040000000000004
2020-01-21,Comm,0.03661166666666667
2020-01-22,Comm,0.10965
2020-01-23,Comm,0.27562828571428566
2020-01-24,Comm,0.15444963636363634
2020-01-27,Comm,-0.012296363636363638
2020-01-28,Comm,0.084971
2020-01-29,Comm,0.31451300000000004
2020-01-30,Comm,-0.017145
2020-01-31,Comm,-0.14089363636363636
2020-02-03,Comm,0.12937
2020-02-04,Comm,0.13528649999999998
2020-02-05,Comm,-0.006538333333333329
2020-02-06,Comm,0.14503857142857143
2020-02-07,Comm,0.118286
2020-02-10,Comm,0.0806125
2020-02-11,Comm,0.0011376470588235431
2020-02-12,Comm,0.17967277777777776
2020-02-13,Comm,0.12105309523809524
2020-02-14,Comm,0.12498000000000001
2020-02-18,Comm,0.17579857142857142
2020-02-19,Comm,0.07368166666666666
2020-02-20,Comm,0.034215
2020-02-21,Comm,0.028839999999999998
2020-02-24,Comm,0.07828333333333333
2020-02-25,Comm,0.12050666666666668
2020-02-26,Comm,0.11783666666666667
2020-02-27,Comm,0.13324
2020-02-28,Comm,-0.11923499999999998
2020-03-02,Comm,0.15272666666666668
2020-03-03,Comm,0.066549
2020-03-04,Comm,0.10109666666666664
2020-03-05,Comm,0.2552066666666667
2020-03-06,Comm,0.08686
2020-03-09,Comm,0.07298261904761906
2020-03-10,Comm,0.016370666666666662
2020-03-11,Comm,-0.024060000000000005
2020-03-12,Comm,-0.04318
2020-03-13,Comm,0.06889799999999999
2020-03-16,Comm,-0.09016622222222224
2020-03-17,Comm,0.09124266666666667
2020-03-18,Comm,0.033972
2020-03-19,Comm,0.02861833333333333
2020-03-20,Comm,-0.044545
2020-03-23,Comm,0.17953232467532465
2020-03-24,Comm,0.2194367619047619
2020-03-25,Comm,0.23466
2020-03-26,Comm,0.17174999999999999
2020-03-27,Comm,0.163336
2020-03-30,Comm,0.25718699999999994
2020-03-31,Comm,0.15169333333333332
2020-04-01,Comm,0.04940666666666667
2020-04-02,Comm,0.052270000000000004
2020-04-03,Comm,0.20456809523809522
2020-04-06,Comm,0.35726
2020-04-07,Comm,0.17808969696969695
2020-04-08,Comm,0.11932000000000001
2020-04-09,Comm,-2.333333333332799e-05
2020-04-13,Comm,0.05913333333333335
2020-04-14,Comm,0.2535230476190476
2020-04-15,Comm,0.139372
2020-04-16,Comm,0.2412816666666667
2020-04-17,Comm,0.1948393333333333
2020-04-20,Comm,0.059435
2020-04-21,Comm,0.19606666666666667
2020-04-22,Comm,0.15415561904761904
2020-04-23,Comm,0.14506388888888888
2020-04-24,Comm,0.01909272727272727
2020-04-27,Comm,0.09817621212121212
2020-04-28,Comm,0.20733262626262627
2020-04-29,Comm,0.07194666666666667
2020-04-30,Comm,0.02783500000000001
2020-05-01,Comm,-0.039490333333333336
2020-05-04,Comm,0.07396711111111112
2020-05-05,Comm,0.12421357142857144
2020-05-06,Comm,-0.01438866666666667
2020-05-07,Comm,0.23315800000000003
2020-05-08,Comm,0.18446800000000002
2020-05-11,Comm,0.19662761904761905
2020-05-12,Comm,0.09255933333333333
2020-05-13,Comm,0.05404
2020-05-14,Comm,0.24391333333333334
2020-05-15,Comm,0.19185333333333335
2020-05-18,Comm,0.17455666666666667
2020-05-19,Comm,0.10667333333333336
2020-05-20,Comm,0.1907995
2020-05-21,Comm,0.098722
2020-05-22,Comm,0.05808500000000001
2020-05-26,Comm,0.18490800000000002
2020-05-27,Comm,0.21955555555555556
2020-05-28,Comm,0.11863054545454546
2020-05-29,Comm,0.13259
2020-06-01,Comm,0.18085142857142858
2020-06-02,Comm,0.17563
2020-06-03,Comm,0.020693333333333327
2020-06-04,Comm,0.15659
2020-06-05,Comm,0.13349733333333333
2020-06-08,Comm,-0.09341249999999998
2020-06-09,Comm,-0.024629999999999996
2020-06-10,Comm,0.03431000000000001
2020-06-11,Comm,0.12170809523809525
2020-06-12,Comm,0.07599333333333333
2020-06-15,Comm,0.002483333333333326
2020-06-16,Comm,0.12171444444444442
2020-06-17,Comm,0.12987833333333335
2020-06-18,Comm,0.014563999999999999
2020-06-19,Comm,0.14404333333333336
2020-06-22,Comm,0.17971666666666666
2020-06-23,Comm,0.14332833333333334
2020-06-24,Comm,0.14288
2020-06-25,Comm,0.06611866666666667
2020-06-26,Comm,0.1451
2020-06-29,Comm,0.05440820512820512
2020-06-30,Comm,0.09233428571428572
2020-07-01,Comm,-0.07214000000000001
2020-07-02,Comm,0.020704999999999998
2020-07-06,Comm,0.096988
2020-07-07,Comm,0.08076000000000001
2020-07-08,Comm,-0.090405
2020-07-09,Comm,0.07178499999999999
2020-07-10,Comm,0.0
2020-07-13,Comm,0.05405666666666666
2020-07-14,Comm,0.08946
2020-07-15,Comm,0.08413999999999999
2020-07-16,Comm,0.22652333333333333
2020-07-17,Comm,-0.018330000000000003
2020-07-20,Comm,0.05568333333333333
2020-07-21,Comm,0.29677666666666663
2020-07-22,Comm,0.09497333333333333
2020-07-23,Comm,-0.11324999999999999
2020-07-24,Comm,0.1515075
2020-07-27,Comm,0.07184
2020-07-28,Comm,0.08880600000000001
2020-07-29,Comm,0.048635
2020-07-30,Comm,0.11212166666666665
2020-07-31,Comm,0.12288999999999999
2020-08-03,Comm,0.23507800000000004
2020-08-04,Comm,0.16895974358974358
2020-08-05,Comm,0.27399833333333334
2020-08-06,Comm,0.16281428571428572
2020-08-07,Comm,0.022695897435897432
2020-08-10,Comm,0.2979633333333333
2020-08-11,Comm,0.08156666666666666
2020-08-12,Comm,0.08342999999999999
2020-08-13,Comm,0.059199999999999996
2020-08-14,Comm,-0.07224
2020-08-17,Comm,0.19007333333333334
2020-08-18,Comm,0.13369999999999999
2020-08-19,Comm,0.0
2020-08-20,Comm,0.114856
2020-08-21,Comm,0.03560666666666666
2020-08-24,Comm,0.01854
2020-08-25,Comm,0.03292666666666667
2020-08-26,Comm,0.098772
2020-08-27,Comm,0.04046
2020-08-28,Comm,0.10465333333333333
2020-08-31,Comm,0.12065999999999999
2020-09-01,Comm,0.08423
2020-09-02,Comm,0.1659733333333333
2020-09-03,Comm,0.062097142857142865
2020-09-04,Comm,0.10863666666666667
2020-09-08,Comm,0.14885600000000002
2020-09-09,Comm,0.11918
2020-09-10,Comm,0.033760000000000005
2020-09-11,Comm,-0.00442
2020-09-14,Comm,0.006818333333333332
2020-09-15,Comm,0.028493333333333332
2020-09-16,Comm,0.05813666666666667
2020-09-17,Comm,0.07136
2020-09-18,Comm,0.009924999999999998
2020-09-21,Comm,0.07062249999999999
2020-09-22,Comm,0.18247
2020-09-23,Comm,0.07487
2020-09-24,Comm,0.076438
2020-09-25,Comm,-0.058289999999999995
2020-09-28,Comm,0.16705050000000002
2020-09-29,Comm,0.011859999999999999
2020-09-30,Comm,0.10017999999999998
2020-10-01,Comm,0.05796666666666668
2020-10-02,Comm,-0.09534000000000001
2020-10-05,Comm,0.0682925
2020-10-06,Comm,0.08346
2020-10-07,Comm,0.14726
2020-10-08,Comm,-0.02226999999999999
2020-10-09,Comm,0.13740642857142857
2020-10-12,Comm,-0.013350303030303032
2020-10-13,Comm,-0.10286857142857145
2020-10-14,Comm,0.22519933333333336
2020-10-15,Comm,0.15918666666666667
2020-10-16,Comm,0.081175
2020-10-19,Comm,0.2863966666666667
2020-10-20,Comm,0.0
2020-10-21,Comm,0.04206
2020-10-22,Comm,0.018023333333333332
2020-10-23,Comm,0.15913249999999998
2020-10-26,Comm,0.24365971428571429
2020-10-27,Comm,0.0
2020-10-28,Comm,0.06519799999999999
2020-10-29,Comm,0.26732666666666666
2020-10-30,Comm,0.14788
2020-11-02,Comm,0.10108433333333333
2020-11-03,Comm,-0.04877266666666667
2020-11-04,Comm,-0.07786733333333333
2020-11-05,Comm,-0.005548999999999993
2020-11-06,Comm,0.08958909313725491
2020-11-09,Comm,0.17148190476190475
2020-11-10,Comm,0.03206000000000001
2020-11-11,Comm,-0.18680999999999998
2020-11-12,Comm,0.14745499999999997
2020-11-13,Comm,0.1384325
2020-11-16,Comm,0.125346
2020-11-17,Comm,0.165872
2020-11-18,Comm,0.09256
2020-11-19,Comm,0.26943285714285714
2020-11-20,Comm,-0.04360750000000001
2020-11-23,Comm,0.044786666666666676
2020-11-24,Comm,0.12844333333333333
2020-11-25,Comm,0.06944399999999999
2020-11-27,Comm,0.17606
2020-11-30,Comm,0.06034666666666667
2020-12-01,Comm,0.08808
2020-12-02,Comm,-0.09878
2020-12-03,Comm,0.005982857142857146
2020-12-04,Comm,0.10248285714285714
2020-12-07,Comm,0.05754666666666667
2020-12-08,Comm,0.09591818181818182
2020-12-09,Comm,0.3535975
2020-12-10,Comm,0.15233750000000001
2020-12-11,Comm,0.06431714285714286
2020-12-14,Comm,0.07261500000000001
2020-12-15,Comm,0.10525285714285712
2020-12-16,Comm,0.015293333333333334
2020-12-17,Comm,0.0324125
2020-12-18,Comm,0.010956000000000002
2020-12-21,Comm,0.031215333333333328
2020-12-22,Comm,-0.004289999999999997
2020-12-23,Comm,0.056715
2020-12-24,Comm,0.016390000000000002
2020-12-28,Comm,0.19383499999999998
2020-12-29,Comm,0.1016
2020-12-30,Comm,0.11327000000000001
2020-12-31,Comm,0.15538761904761905
2021-01-04,Comm,0.05331
2021-01-05,Comm,0.08667833333333333
2021-01-06,Comm,0.11099885714285714
2021-01-07,Comm,0.21530000000000005
2021-01-08,Comm,0.0
2021-01-11,Comm,0.21936999999999998
2021-01-12,Comm,-0.054135
2021-01-13,Comm,-0.037349999999999994
2021-01-14,Comm,0.05807200000000001
2021-01-15,Comm,0.05405000000000001
2021-01-19,Comm,0.05162399999999999
2021-01-20,Comm,-0.2
2021-01-21,Comm,-0.03471066666666667
2021-01-22,Comm,0.07601
2021-01-25,Comm,0.08979809523809525
2021-01-26,Comm,-0.08406714285714287
2021-01-27,Comm,-0.0050060000000000035
2021-01-28,Comm,0.22786499999999998
2021-01-29,Comm,0.11792
2021-02-01,Comm,0.4569233333333333
2021-02-02,Comm,0.25420166666666666
2021-02-03,Comm,0.07046666666666668
2021-02-04,Comm,0.07475166666666666
2021-02-05,Comm,0.03619700000000001
2021-02-08,Comm,-0.02543833333333333
2021-02-09,Comm,0.05094571428571428
2021-02-10,Comm,-0.014938666666666666
2021-02-11,Comm,0.12747999999999998
2021-02-12,Comm,0.153
2021-02-16,Comm,0.11827515151515149
2021-02-17,Comm,0.042446666666666674
2021-02-18,Comm,0.11839999999999999
2021-02-19,Comm,0.17357999999999998
2021-02-22,Comm,0.15209999999999999
2021-02-23,Comm,0.16218
2021-02-24,Comm,-0.03467285714285715
2021-02-25,Comm,-0.02501555555555555
2021-02-26,Comm,0.10364999999999999
2021-03-01,Comm,0.016930000000000004
2021-03-02,Comm,0.16122
2021-03-03,Comm,0.08227599999999999
2021-03-04,Comm,0.13049
2021-03-05,Comm,0.139468
2021-03-08,Comm,-0.10441
2021-03-09,Comm,0.15458
2021-03-10,Comm,0.092645
2021-03-11,Comm,0.11511200000000002
2021-03-12,Comm,0.16831428571428572
2021-03-15,Comm,0.08940583333333334
2021-03-16,Comm,0.07078
2021-03-17,Comm,0.08867333333333334
2021-03-18,Comm,-0.009293333333333337
2021-03-19,Comm,0.12293666666666665
2021-03-22,Comm,0.012190000000000001
2021-03-23,Comm,0.022164
2021-03-24,Comm,0.19253
2021-03-25,Comm,-0.002475999999999998
2021-03-26,Comm,0.038494999999999994
2021-03-29,Comm,0.16291222222222218
2021-03-30,Comm,0.18580000000000002
2021-03-31,Comm,-0.02408
2021-04-01,Comm,0.082484
2021-04-05,Comm,0.324846
2021-04-06,Comm,0.0992457142857143
2021-04-07,Comm,0.028700000000000003
2021-04-08,Comm,0.22921333333333332
2021-04-09,Comm,0.08101
2021-04-12,Comm,-0.06972
2021-04-13,Comm,0.20644
2021-04-14,Comm,0.16172
2021-04-15,Comm,0.06829666666666666
2021-04-16,Comm,0.12247
2021-04-19,Comm,-0.026015
2021-04-20,Comm,-0.0012942857142857114
2021-04-21,Comm,0.0682988888888889
2021-04-22,Comm,0.0824351515151515
2021-04-23,Comm,0.136241
2021-04-26,Comm,-0.016566666666666664
2021-04-27,Comm,0.07340444444444445
2021-04-28,Comm,0.23093666666666665
2021-04-29,Comm,0.156497
2021-04-30,Comm,0.11003
2021-05-03,Comm,0.15801333333333334
2021-05-04,Comm,0.28526999999999997
2021-05-05,Comm,0.18803533333333336
2021-05-06,Comm,-0.04390666666666667
2021-05-07,Comm,0.059473333333333336
2021-05-10,Comm,-0.079623
2021-05-11,Comm,0.24291333333333337
2021-05-12,Comm,0.09974999999999999
2021-05-13,Comm,0.0
2021-05-14,Comm,0.0
2021-05-17,Comm,0.00943042735042735
2021-05-18,Comm,0.013816666666666661
2021-05-19,Comm,0.13587
2021-05-20,Comm,0.11577799999999998
2021-05-21,Comm,0.4434357142857143
2021-05-24,Comm,-0.13389999999999996
2021-05-25,Comm,0.298518
2021-05-26,Comm,0.04927142857142857
2021-05-27,Comm,0.217262
2021-05-28,Comm,0.42108366666666674
2021-06-01,Comm,0.16442
2021-06-02,Comm,0.137215
2021-06-03,Comm,0.12519333333333332
2021-06-04,Comm,0.33483
2021-06-07,Comm,0.1840211111111111
2021-06-08,Comm,0.22526666666666667
2021-06-09,Comm,0.0
2021-06-10,Comm,0.06415371428571429
2021-06-11,Comm,0.1802166666666667
2021-06-14,Comm,0.07762533333333334
2021-06-15,Comm,0.13879999999999998
2021-06-16,Comm,0.22419333333333333
2021-06-17,Comm,0.26258
2021-06-18,Comm,0.0
2021-06-21,Comm,0.17274
2021-06-22,Comm,-0.05460999999999999
2021-06-23,Comm,0.00262733333333334
2021-06-24,Comm,-0.12891
2021-06-25,Comm,0.13670000000000002
2021-06-28,Comm,0.21868600000000002
2021-06-29,Comm,0.08808
2021-06-30,Comm,0.17043727272727274
2021-07-01,Comm,0.22924333333333333
2021-07-02,Comm,0.01376
2021-07-06,Comm,0.0449
2021-07-07,Comm,0.031904
2021-07-08,Comm,0.17167999999999997
2021-07-09,Comm,0.18712333333333336
2021-07-12,Comm,0.11012
2021-07-13,Comm,-0.012240000000000006
2021-07-14,Comm,0.02266666666666667
2021-07-15,Comm,-0.028579999999999994
2021-07-16,Comm,0.008074000000000003
2021-07-19,Comm,0.2733
2021-07-20,Comm,0.09063599999999998
2021-07-21,Comm,-0.022019999999999994
2021-07-22,Comm,0.163385
2021-07-23,Comm,0.075815
2021-07-26,Comm,0.0046359999999999995
2021-07-27,Comm,0.0898
2021-07-28,Comm,0.11129333333333333
2021-07-29,Comm,0.14661523809523808
2021-07-30,Comm,0.05073
2021-08-02,Comm,0.04382083333333333
2021-08-03,Comm,0.11366933333333333
2021-08-04,Comm,0.07156333333333333
2021-08-05,Comm,-0.010186666666666663
2021-08-06,Comm,0.16504
2021-08-09,Comm,0.13780166666666666
2021-08-10,Comm,0.13204
2021-08-11,Comm,-0.050839999999999996
2021-08-12,Comm,0.2900466666666667
2021-08-13,Comm,0.18055
2021-08-16,Comm,0.02318428571428572
2021-08-17,Comm,0.15710000000000002
2021-08-18,Comm,0.04952214285714285
2021-08-19,Comm,0.03679399999999999
2021-08-20,Comm,0.03652333333333333
2021-08-23,Comm,0.24126666666666666
2021-08-24,Comm,0.18371333333333334
2021-08-25,Comm,0.0743
2021-08-26,Comm,0.14101
2021-08-27,Comm,0.34306333333333333
2021-08-30,Comm,0.11545000000000001
2021-08-31,Comm,0.04142
2021-09-01,Comm,0.0
2021-09-02,Comm,0.04088333333333334
2021-09-03,Comm,0.18952666666666668
2021-09-07,Comm,0.16315000000000002
2021-09-08,Comm,0.14170166666666667
2021-09-09,Comm,-0.09229228571428574
2021-09-10,Comm,0.051837999999999995
2021-09-13,Comm,0.26752714285714285
2021-09-14,Comm,0.10354333333333332
2021-09-15,Comm,0.051041
2021-09-16,Comm,0.05614333333333334
2021-09-17,Comm,0.04195390476190476
2021-09-20,Comm,0.3077663636363636
2021-09-21,Comm,0.0913
2021-09-22,Comm,0.10258
2021-09-23,Comm,0.03451
2021-09-24,Comm,0.08218
2021-09-27,Comm,0.20286999999999997
2021-09-28,Comm,0.157956
2021-09-29,Comm,-0.04316000000000001
2021-09-30,Comm,0.09168666666666665
2021-10-01,Comm,0.16461
2021-10-04,Comm,0.050635
2021-10-05,Comm,0.06988285714285715
2021-10-06,Comm,0.1262052380952381
2021-10-07,Comm,0.24924166666666667
2021-10-08,Comm,-0.004430000000000001
2021-10-11,Comm,0.19211
2021-10-12,Comm,0.18466500000000002
2021-10-13,Comm,-0.08770666666666667
2021-10-14,Comm,0.0055
2021-10-15,Comm,0.15924
2021-10-18,Comm,0.15980500000000003
2021-10-19,Comm,0.06018666666666665
2021-10-20,Comm,0.04050666666666667
2021-10-21,Comm,0.05245500000000001
2021-10-22,Comm,0.1915466666666667
2021-10-25,Comm,0.363804
2021-10-26,Comm,0.304
2021-10-27,Comm,0.1139
2021-10-28,Comm,0.09087333333333333
2021-10-29,Comm,0.22418333333333335
2021-11-01,Comm,0.059125000000000004
2021-11-02,Comm,0.25879166666666664
2021-11-03,Comm,0.19537549999999998
2021-11-04,Comm,0.17768533333333333
2021-11-05,Comm,0.22362
2021-11-08,Comm,-0.18258666666666667
2021-11-09,Comm,0.17207333333333336
2021-11-10,Comm,0.07485333333333333
2021-11-11,Comm,0.09410666666666667
2021-11-12,Comm,0.13982666666666668
2021-11-15,Comm,0.159012
2021-11-16,Comm,0.034362857142857146
2021-11-17,Comm,0.012048
2021-11-18,Comm,0.10415333333333332
2021-11-19,Comm,0.04325
2021-11-22,Comm,0.07993833333333333
2021-11-23,Comm,0.039006
2021-11-24,Comm,0.06652
2021-11-26,Comm,-0.047953333333333334
2021-11-29,Comm,-0.10244999999999997
2021-11-30,Comm,0.07017000000000001
2021-12-01,Comm,0.19230333333333333
2021-12-02,Comm,-0.064
2021-12-03,Comm,0.010619999999999996
2021-12-06,Comm,0.07141555555555557
2021-12-07,Comm,0.18222666666666668
2021-12-08,Comm,0.29063
2021-12-09,Comm,0.050725
2021-12-10,Comm,0.16730666666666666
2021-12-13,Comm,0.040465
2021-12-14,Comm,0.043993333333333336
2021-12-15,Comm,-0.022217999999999998
2021-12-16,Comm,0.2599225
2021-12-17,Comm,-0.13588857142857141
2021-12-20,Comm,0.177425
2021-12-21,Comm,0.0727575
2021-12-22,Comm,0.15310666666666667
2021-12-23,Comm,0.08637333333333333
2021-12-27,Comm,0.062975
2021-12-28,Comm,0.029099999999999997
2021-12-29,Comm,0.05032
2021-12-30,Comm,0.12137066666666665
2021-12-31,Comm,0.015860000000000003
2022-01-03,Comm,0.09538615384615384
2022-01-04,Comm,0.11216
2022-01-05,Comm,0.16909333333333335
2022-01-06,Comm,0.27898
2022-01-07,Comm,0.125861
2022-01-10,Comm,0.1420157142857143
2022-01-11,Comm,0.11294
2022-01-12,Comm,0.15737333333333334
2022-01-13,Comm,0.15641866666666665
2022-01-14,Comm,0.10148666666666666
2022-01-18,Comm,-0.1412511974789916
2022-01-19,Comm,0.15882000000000002
2022-01-20,Comm,0.2957951515151515
2022-01-21,Comm,0.2158866666666667
2022-01-24,Comm,0.1469777777777778
2022-01-25,Comm,-0.013380833333333331
2022-01-26,Comm,0.3189911764705882
2022-01-27,Comm,0.14890190476190476
2022-01-28,Comm,-0.136476
2022-01-31,Comm,0.0960282857142857
2022-02-01,Comm,-0.01187333333333333
2022-02-02,Comm,0.1863709523809524
2022-02-03,Comm,0.15791904761904765
2022-02-04,Comm,0.026194000000000002
2022-02-07,Comm,0.17500266666666667
2022-02-08,Comm,0.08603833333333333
2022-02-09,Comm,0.268176
2022-02-10,Comm,0.4239400000000001
2022-02-11,Comm,-0.027836666666666655
2022-02-14,Comm,0.18856933333333334
2022-02-15,Comm,0.14302
2022-02-16,Comm,0.06069
2022-02-17,Comm,0.22259571428571429
2022-02-18,Comm,0.0
2022-02-22,Comm,-0.046484285714285714
2022-02-23,Comm,-0.13194
2022-02-24,Comm,0.12549000000000002
2022-02-25,Comm,0.16883333333333334
2022-02-28,Comm,0.18920833333333334
2022-03-01,Comm,-0.06454
2022-03-02,Comm,0.109124
2022-03-03,Comm,0.11440399999999998
2022-03-04,Comm,0.087085
2022-03-07,Comm,0.05576333333333333
2022-03-08,Comm,0.046473333333333325
2022-03-09,Comm,0.14357
2022-03-10,Comm,0.13397333333333333
2022-03-11,Comm,0.038795
2022-03-14,Comm,0.09263642857142858
2022-03-15,Comm,0.148646
2022-03-16,Comm,0.02732
2022-03-17,Comm,-0.07576000000000001
2022-03-18,Comm,0.29006
2022-03-21,Comm,0.09507800000000002
2022-03-22,Comm,-0.08629
2022-03-23,Comm,0.155245
2022-03-24,Comm,0.13466999999999998
2022-03-25,Comm,-0.0843
2022-03-28,Comm,0.17655733333333334
2022-03-29,Comm,0.05488666666666666
2022-03-30,Comm,0.09084
2022-03-31,Comm,0.19117
2022-04-01,Comm,0.049650000000000014
2022-04-04,Comm,0.164827
2022-04-05,Comm,-0.046148
2022-04-06,Comm,0.008533333333333334
2022-04-07,Comm,0.07503833333333333
2022-04-08,Comm,0.031775
2022-04-11,Comm,0.06467176470588235
2022-04-12,Comm,0.22909142857142858
2022-04-13,Comm,0.21442166666666668
2022-04-14,Comm,-0.053972
2022-04-18,Comm,0.02732285714285715
2022-04-19,Comm,-0.012659999999999994
2022-04-20,Comm,0.12832333333333334
2022-04-21,Comm,0.17166389473684213
2022-04-22,Comm,0.04672666666666666
2022-04-25,Comm,0.05028999999999999
2022-04-26,Comm,0.29226800000000003
2022-04-27,Comm,0.09529333333333333
2022-04-28,Comm,0.11529
2022-04-29,Comm,0.126467
2022-05-02,Comm,0.13442199999999999
2022-05-03,Comm,-0.018305000000000005
2022-05-04,Comm,-0.01088
2022-05-05,Comm,-0.010379999999999992
2022-05-06,Comm,0.22106166666666666
2022-05-09,Comm,-0.1232875
2022-05-10,Comm,0.013409999999999988
2022-05-11,Comm,0.09425400000000002
2022-05-12,Comm,-0.01881333333333333
2022-05-13,Comm,0.19025333333333333
2022-05-16,Comm,0.06059
2022-05-17,Comm,0.026546000000000004
2022-05-18,Comm,-0.021075
2022-05-19,Comm,0.042076666666666665
2022-05-20,Comm,0.2564
2022-05-23,Comm,0.007036000000000009
2022-05-24,Comm,0.28918599999999994
2022-05-25,Comm,0.24541714285714286
2022-05-26,Comm,0.21993000000000001
2022-05-27,Comm,0.08259333333333334
2022-05-31,Comm,0.16692133333333337
2022-06-01,Comm,0.14974
2022-06-02,Comm,-0.1306766666666667
2022-06-03,Comm,0.05019866666666667
2022-06-06,Comm,0.06547
2022-06-07,Comm,0.13988
2022-06-08,Comm,0.18917599999999998
2022-06-09,Comm,0.11558133333333331
2022-06-10,Comm,-0.023229999999999994
2022-06-13,Comm,0.20490499999999998
2022-06-14,Comm,0.23169750000000003
2022-06-15,Comm,0.050886666666666656
2022-06-16,Comm,0.17020666666666667
2022-06-17,Comm,0.136946
2022-06-21,Comm,0.10901428571428573
2022-06-22,Comm,0.093255
2022-06-23,Comm,0.032509333333333335
2022-06-24,Comm,0.0039039999999999986
2022-06-27,Comm,0.13032499999999997
2022-06-28,Comm,0.11567000000000001
2022-06-29,Comm,0.02497833333333333
2022-06-30,Comm,0.21697499999999997
2022-07-01,Comm,0.31268
2022-07-05,Comm,0.20548000000000002
2022-07-06,Comm,-0.10179
2022-07-07,Comm,0.0
2022-07-08,Comm,0.029563333333333337
2022-07-11,Comm,0.17281066666666667
2022-07-12,Comm,0.16039333333333333
2022-07-13,Comm,-0.01566
2022-07-14,Comm,0.04219
2022-07-15,Comm,-0.14448
2022-07-18,Comm,0.0629025
2022-07-19,Comm,0.18036
2022-07-20,Comm,-0.07863833333333334
2022-07-21,Comm,0.18689166666666668
2022-07-22,Comm,0.06527933333333333
2022-07-25,Comm,-0.015847222222222224
2022-07-26,Comm,0.012513333333333335
2022-07-27,Comm,0.08816666666666666
2022-07-28,Comm,-0.02288388888888888
2022-07-29,Comm,0.21954
2022-08-01,Comm,0.10586777777777778
2022-08-02,Comm,0.07321416666666666
2022-08-03,Comm,0.029757999999999996
2022-08-04,Comm,0.09228833333333333
2022-08-05,Comm,0.19904333333333332
2022-08-08,Comm,-0.258736
2022-08-09,Comm,0.10795000000000002
2022-08-10,Comm,0.15448599999999998
2022-08-11,Comm,0.07395833333333335
2022-08-12,Comm,0.082625
2022-08-15,Comm,0.08466166666666666
2022-08-16,Comm,0.08187333333333333
2022-08-17,Comm,-0.04899333333333333
2022-08-18,Comm,0.15672999999999998
2022-08-19,Comm,-0.18346
2022-08-22,Comm,0.1977
2022-08-23,Comm,0.19802
2022-08-24,Comm,0.1291733333333333
2022-08-25,Comm,-0.013641666666666668
2022-08-26,Comm,-0.09399083333333333
2022-08-29,Comm,0.15065333333333336
2022-08-30,Comm,-0.10533999999999999
2022-08-31,Comm,0.16107999999999997
2022-09-01,Comm,0.03812666666666666
2022-09-02,Comm,0.06369
2022-09-06,Comm,0.183865
2022-09-07,Comm,0.08660380952380953
2022-09-08,Comm,0.28516933333333333
2022-09-09,Comm,-0.028329999999999987
2022-09-12,Comm,0.12798190476190477
2022-09-13,Comm,0.036854666666666674
2022-09-14,Comm,0.12128399999999999
2022-09-15,Comm,0.128805
2022-09-16,Comm,0.08681666666666667
2022-09-19,Comm,0.028944181818181813
2022-09-20,Comm,0.07379500000000001
2022-09-21,Comm,0.152272
2022-09-22,Comm,0.05777500000000001
2022-09-23,Comm,0.133552
2022-09-26,Comm,0.14268333333333333
2022-09-27,Comm,0.21475666666666665
2022-09-28,Comm,0.27058171428571426
2022-09-29,Comm,-0.01166999999999998
2022-09-30,Comm,0.10625
2022-10-03,Comm,0.273983
2022-10-04,Comm,0.14711
2022-10-05,Comm,0.21418999999999996
2022-10-06,Comm,0.133465
2022-10-07,Comm,0.10460666666666667
2022-10-10,Comm,0.0
2022-10-11,Comm,0.11203266666666667
2022-10-12,Comm,0.19531
2022-10-13,Comm,-0.115725
2022-10-14,Comm,0.052660000000000005
2022-10-17,Comm,0.25788400000000006
2022-10-18,Comm,0.18303
2022-10-19,Comm,0.1386591666666667
2022-10-20,Comm,0.027279999999999992
2022-10-21,Comm,0.04973888888888889
2022-10-24,Comm,0.16773
2022-10-25,Comm,0.07174
2022-10-26,Comm,0.0022600000000000025
2022-10-27,Comm,0.273558
2022-10-28,Comm,0.2246257142857143
2022-10-31,Comm,0.32790400000000003
2022-11-01,Comm,0.1016
2022-11-02,Comm,0.01813666666666667
2022-11-03,Comm,0.04409999999999999
2022-11-04,Comm,-0.002869999999999995
2022-11-07,Comm,-0.10879066666666666
2022-11-08,Comm,0.0699846153846154
2022-11-09,Comm,-0.004600000000000002
2022-11-10,Comm,0.09966
2022-11-11,Comm,0.07224
2022-11-14,Comm,0.38667976190476183
2022-11-15,Comm,-0.06178
2022-11-16,Comm,0.14805333333333334
2022-11-17,Comm,-0.010206666666666668
2022-11-18,Comm,0.0
2022-11-21,Comm,0.2191
2022-11-22,Comm,0.11876666666666666
2022-11-23,Comm,0.00258
2022-11-25,Comm,0.28881
2022-11-28,Comm,0.13874
2022-11-29,Comm,0.19598
2022-11-30,Comm,0.04576
2022-12-01,Comm,0.10304666666666666
2022-12-02,Comm,0.25708000000000003
2022-12-05,Comm,0.08380685714285716
2022-12-06,Comm,0.14720800000000003
2022-12-07,Comm,0.09474
2022-12-08,Comm,0.11556
2022-12-09,Comm,-0.14973499999999998
2022-12-12,Comm,0.03916
2022-12-13,Comm,-0.117048
2022-12-14,Comm,0.15101666666666666
2022-12-15,Comm,0.075833
2022-12-16,Comm,-0.107345
2022-12-19,Comm,0.09561000000000001
2022-12-20,Comm,0.18665000000000004
2022-12-21,Comm,-0.033280000000000004
2022-12-22,Comm,0.026453333333333322
2022-12-23,Comm,0.1233
2022-12-27,Comm,0.19143000000000002
2022-12-28,Comm,0.06809699999999999
2022-12-29,Comm,-0.0024500000000000077
2022-12-30,Comm,0.107738
2023-01-03,Comm,0.01676685714285714
2023-01-04,Comm,0.054249999999999986
2023-01-05,Comm,0.09433
2023-01-06,Comm,0.25156
2023-01-09,Comm,0.26422999999999996
2023-01-10,Comm,0.28359666666666666
2023-01-11,Comm,0.23697666666666667
2023-01-12,Comm,0.13182933333333333
2023-01-13,Comm,0.08791
2023-01-17,Comm,0.1979366666666667
2023-01-18,Comm,0.059199999999999996
2023-01-19,Comm,0.08317666666666666
2023-01-20,Comm,0.05693238095238094
2023-01-23,Comm,0.054303000000000004
2023-01-24,Comm,0.031970000000000005
2023-01-25,Comm,0.004391428571428569
2023-01-26,Comm,0.23252757575757577
2023-01-27,Comm,0.10309066666666666
2023-01-30,Comm,0.059495000000000006
2023-01-31,Comm,-0.021182222222222224
2023-02-01,Comm,-0.0595760606060606
2023-02-02,Comm,0.178172
2023-02-03,Comm,0.19274
2023-02-06,Comm,-0.005367499999999997
2023-02-07,Comm,0.138365
2023-02-08,Comm,0.023299999999999998
2023-02-09,Comm,0.12263500000000001
2023-02-10,Comm,0.011729999999999985
2023-02-13,Comm,0.037891999999999995
2023-02-14,Comm,-0.03612
2023-02-15,Comm,0.29457
2023-02-16,Comm,0.02366
2023-02-17,Comm,0.26779
2023-02-21,Comm,0.12396952380952382
2023-02-22,Comm,0.15643833333333332
2023-02-23,Comm,0.08846499999999999
2023-02-24,Comm,0.014135000000000003
2023-02-27,Comm,0.12062000000000002
2023-02-28,Comm,0.09164
2023-03-01,Comm,-0.007372500000000004
2023-03-02,Comm,0.3199283333333333
2023-03-03,Comm,0.019519999999999992
2023-03-06,Comm,0.02023
2023-03-07,Comm,0.15453999999999998
2023-03-08,Comm,-0.031630000000000005
2023-03-09,Comm,-0.01792666666666666
2023-03-10,Comm,0.044928
2023-03-13,Comm,0.06463933333333334
2023-03-14,Comm,-0.03615333333333333
2023-03-15,Comm,0.143725
2023-03-16,Comm,0.10790742857142857
2023-03-17,Comm,0.060193333333333335
2023-03-20,Comm,0.166494
2023-03-21,Comm,0.102326
2023-03-22,Comm,0.17431333333333332
2023-03-23,Comm,0.16396333333333332
2023-03-24,Comm,0.12738
2023-03-27,Comm,0.12317619047619047
2023-03-28,Comm,0.16268999999999997
2023-03-29,Comm,0.08874666666666667
2023-03-30,Comm,0.22009333333333334
2023-03-31,Comm,0.24703866666666663
2023-04-03,Comm,0.17737285714285717
2023-04-04,Comm,0.059763
2023-04-05,Comm,0.029879999999999997
2023-04-06,Comm,0.22784500000000002
2023-04-10,Comm,0.17691666666666667
2023-04-11,Comm,0.05532
2023-04-12,Comm,0.09095499999999998
2023-04-13,Comm,0.0686295238095238
2023-04-14,Comm,0.018376666666666666
2023-04-17,Comm,0.018537777777777778
2023-04-18,Comm,0.13149285714285713
2023-04-19,Comm,0.07701066666666666
2023-04-20,Comm,-0.03864897435897435
2023-04-21,Comm,0.23564181818181815
2023-04-24,Comm,-0.043851212121212124
2023-04-25,Comm,-0.08998
2023-04-26,Comm,0.07096833333333333
2023-04-27,Comm,0.11522285714285714
2023-04-28,Comm,0.07870388888888888
2023-05-01,Comm,-0.012847499999999984
2023-05-02,Comm,0.05498499999999999
2023-05-03,Comm,0.07032666666666668
2023-05-04,Comm,0.03848
2023-05-05,Comm,0.27148000000000005
2023-05-08,Comm,0.11113833333333334
2023-05-09,Comm,0.12957333333333335
2023-05-10,Comm,0.10075777777777777
2023-05-11,Comm,0.341637619047619
2023-05-12,Comm,0.197135
2023-05-15,Comm,0.04912633333333334
2023-05-16,Comm,0.07317666666666667
2023-05-17,Comm,0.04355083333333333
2023-05-18,Comm,0.059670833333333326
2023-05-19,Comm,0.2809866666666666
2023-05-22,Comm,-0.01603657142857142
2023-05-23,Comm,0.159055
2023-05-24,Comm,0.06863333333333334
2023-05-25,Comm,0.042184
2023-05-26,Comm,0.31161333333333335
2023-05-30,Comm,0.00357666666666667
2023-05-31,Comm,0.08796
2023-06-01,Comm,0.13163
2023-06-02,Comm,-0.03639397435897436
2023-06-05,Comm,0.08494133333333334
2023-06-06,Comm,0.09411499999999999
2023-06-07,Comm,0.2085613333333333
2023-06-08,Comm,-0.01853
2023-06-09,Comm,0.24452000000000002
2023-06-12,Comm,0.05252333333333333
2023-06-13,Comm,0.12527
2023-06-14,Comm,0.174075
2023-06-15,Comm,0.08499799999999999
2023-06-16,Comm,0.23806
2023-06-20,Comm,0.13959749999999999
2023-06-21,Comm,0.15245
2023-06-22,Comm,0.27242
2023-06-23,Comm,-0.01151000000000001
2023-06-26,Comm,0.13634166666666667
2023-06-27,Comm,0.22750399999999998
2023-06-28,Comm,0.022265000000000014
2023-06-29,Comm,0.09961333333333333
2023-06-30,Comm,-0.033986666666666665
2023-07-03,Comm,0.08945733333333333
2023-07-05,Comm,0.21487666666666666
2023-07-06,Comm,0.15494333333333335
2023-07-07,Comm,0.13450466666666666
2023-07-10,Comm,0.118955
2023-07-11,Comm,0.07206
2023-07-12,Comm,0.16288266666666668
2023-07-13,Comm,0.065615
2023-07-14,Comm,0.12990078431372548
2023-07-17,Comm,-0.08246504273504274
2023-07-18,Comm,0.18593884848484848
2023-07-19,Comm,0.19249176470588236
2023-07-20,Comm,0.015097500000000003
2023-07-21,Comm,0.07855638095238096
2023-07-24,Comm,0.07561583333333334
2023-07-25,Comm,0.044258333333333344
2023-07-26,Comm,0.23374733333333336
2023-07-27,Comm,0.13958952380952377
2023-07-28,Comm,0.320985
2023-07-31,Comm,0.15155268181818182
2023-08-01,Comm,0.385732
2023-08-02,Comm,0.18690666666666667
2023-08-03,Comm,0.0646947619047619
2023-08-04,Comm,0.10908166666666666
2023-08-07,Comm,0.17320533333333335
2023-08-08,Comm,0.12421166666666668
2023-08-09,Comm,0.09271599999999999
2023-08-10,Comm,0.04277
2023-08-11,Comm,0.11626333333333332
2023-08-14,Comm,0.044434999999999995
2023-08-15,Comm,0.19289333333333333
2023-08-16,Comm,0.13028
2023-08-17,Comm,0.11934
2023-08-18,Comm,0.141085
2023-08-21,Comm,0.11598571428571428
2023-08-22,Comm,0.04444000000000002
2023-08-23,Comm,0.11914166666666666
2023-08-24,Comm,0.06872666666666666
2023-08-25,Comm,-0.026886666666666663
2023-08-28,Comm,0.089062
2023-08-29,Comm,0.13769749999999997
2023-08-30,Comm,0.06314733333333333
2023-08-31,Comm,0.13661
2023-09-01,Comm,0.070465
2023-09-05,Comm,0.44478799999999996
2023-09-06,Comm,0.19824666666666668
2023-09-07,Comm,0.08007866666666667
2023-09-08,Comm,0.172368
2023-09-11,Comm,0.15389416666666667
2023-09-12,Comm,0.13403666666666667
2023-09-13,Comm,0.06992166666666667
2023-09-14,Comm,0.09403666666666667
2023-09-15,Comm,0.0012816666666666614
2023-09-18,Comm,0.09697047619047619
2023-09-19,Comm,0.08660666666666665
2023-09-20,Comm,0.17267000000000002
2023-09-21,Comm,0.03329666666666667
2023-09-22,Comm,0.053132
2023-09-25,Comm,-0.04089250000000001
2023-09-26,Comm,0.19198333333333334
2023-09-27,Comm,0.14564
2023-09-28,Comm,0.23395142857142853
2023-09-29,Comm,0.4112633333333333
2023-10-02,Comm,0.282834
2023-10-03,Comm,0.022510000000000006
2023-10-04,Comm,0.1543085714285714
2023-10-05,Comm,0.058843333333333324
2023-10-06,Comm,0.0698075
2023-10-09,Comm,0.17163777777777778
2023-10-10,Comm,0.145558
2023-10-11,Comm,0.168905
2023-10-12,Comm,0.007733333333333337
2023-10-13,Comm,0.18016000000000001
2023-10-16,Comm,0.07482666666666667
2023-10-17,Comm,-0.06172
2023-10-18,Comm,0.04229666666666666
2023-10-19,Comm,0.21174370370370368
2023-10-20,Comm,0.12765939393939393
2023-10-23,Comm,0.012134999999999996
2023-10-24,Comm,0.0829257142857143
2023-10-25,Comm,0.2462912380952381
2023-10-26,Comm,0.13845247863247861
2023-10-27,Comm,0.07629166666666666
2023-10-30,Comm,0.21728333333333333
2023-10-31,Comm,0.162128
2023-11-01,Comm,0.11091999999999999
2023-11-02,Comm,0.06837166666666666
2023-11-03,Comm,0.10764800000000001
2023-11-06,Comm,0.09400799999999998
2023-11-07,Comm,0.144835
2023-11-08,Comm,0.15604400000000002
2023-11-09,Comm,0.3147676190476191
2023-11-10,Comm,0.085834
2023-11-13,Comm,0.16273833333333332
2023-11-14,Comm,0.07923
2023-11-15,Comm,0.13774999999999998
2023-11-16,Comm,0.004453333333333335
2023-11-17,Comm,0.025
2023-11-20,Comm,0.18202000000000002
2023-11-21,Comm,0.11029833333333332
2023-11-22,Comm,-0.012645333333333331
2023-11-24,Comm,0.12893466666666667
2023-11-27,Comm,0.21320999999999998
2023-11-28,Comm,0.11102799999999999
2023-11-29,Comm,0.03246533333333333
2023-11-30,Comm,0.23243066666666667
2023-12-01,Comm,0.07961499999999999
2023-12-04,Comm,0.10976533333333331
2023-12-05,Comm,0.10171564102564104
2023-12-06,Comm,0.18226333333333333
2023-12-07,Comm,0.09600166666666668
2023-12-08,Comm,0.19071500000000002
2023-12-11,Comm,0.12779785714285716
2023-12-12,Comm,0.13482492063492063
2023-12-13,Comm,0.15045000000000003
2023-12-14,Comm,0.21284999999999998
2023-12-15,Comm,0.13420666666666667
2023-12-18,Comm,0.2812811428571429
2023-12-19,Comm,0.0
2023-12-20,Comm,0.0
2023-12-21,Comm,0.0
2023-12-22,Comm,0.0
2023-12-26,Comm,0.0
2023-12-27,Comm,0.0
2023-12-28,Comm,0.0
2023-12-29,Comm,0.0
2020-01-02,Consumer,-0.06941333333333333
2020-01-03,Consumer,-0.07688333333333333
2020-01-06,Consumer,0.12699710784313725
2020-01-07,Consumer,0.18202100000000002
2020-01-08,Consumer,0.14813666666666667
2020-01-09,Consumer,0.393063253968254
2020-01-10,Consumer,-0.007784000000000008
2020-01-13,Consumer,0.07477385714285714
2020-01-14,Consumer,0.09957166666666666
2020-01-15,Consumer,0.10040971428571428
2020-01-16,Consumer,0.16682599999999997
2020-01-17,Consumer,0.14610533333333334
2020-01-21,Consumer,0.1995153787878788
2020-01-22,Consumer,0.18723342857142858
2020-01-23,Consumer,0.1503773333333333
2020-01-24,Consumer,0.0834873076923077
2020-01-27,Consumer,0.054508333333333325
2020-01-28,Consumer,0.05129
2020-01-29,Consumer,0.017743571428571425
2020-01-30,Consumer,0.03498242857142858
2020-01-31,Consumer,0.07160464646464648
2020-02-03,Consumer,0.22604370129870127
2020-02-04,Consumer,0.2114080909090909
2020-02-05,Consumer,0.012643333333333331
2020-02-06,Consumer,0.13447777777777778
2020-02-07,Consumer,0.22068374999999998
2020-02-10,Consumer,-0.04204095238095239
2020-02-11,Consumer,0.027288499999999993
2020-02-12,Consumer,0.007130882352941174
2020-02-13,Consumer,-0.012919745098039236
2020-02-14,Consumer,-0.034641166666666674
2020-02-18,Consumer,0.19410039682539684
2020-02-19,Consumer,0.23048399999999997
2020-02-20,Consumer,0.1033137142857143
2020-02-21,Consumer,0.07496555555555556
2020-02-24,Consumer,0.047298571428571426
2020-02-25,Consumer,0.13649467948717947
2020-02-26,Consumer,0.14168928571428568
2020-02-27,Consumer,0.05346088888888889
2020-02-28,Consumer,-0.15177357142857145
2020-03-02,Consumer,0.09834136752136753
2020-03-03,Consumer,0.16933444444444445
2020-03-04,Consumer,0.14966444444444443
2020-03-05,Consumer,0.09232937662337662
2020-03-06,Consumer,-0.04797357142857143
2020-03-09,Consumer,-0.018948974358974364
2020-03-10,Consumer,-0.015337010101010101
2020-03-11,Consumer,-0.019017714285714287
2020-03-12,Consumer,0.006605266666666662
2020-03-13,Consumer,0.036145
2020-03-16,Consumer,-0.21020492753623188
2020-03-17,Consumer,0.10172014285714286
2020-03-18,Consumer,0.0008929004329004335
2020-03-19,Consumer,0.017965583333333333
2020-03-20,Consumer,0.044297668831168834
2020-03-23,Consumer,0.07202956945015769
2020-03-24,Consumer,0.23504470695970694
2020-03-25,Consumer,0.2028939523809524
2020-03-26,Consumer,0.14197390476190477
2020-03-27,Consumer,0.10632564102564104
2020-03-30,Consumer,0.10339917543859649
2020-03-31,Consumer,0.03536266666666665
2020-04-01,Consumer,0.153001
2020-04-02,Consumer,0.008496071428571427
2020-04-03,Consumer,0.051168750000000006
2020-04-06,Consumer,0.21317213852813857
2020-04-07,Consumer,0.18323931313131317
2020-04-08,Consumer,-0.028968010526315802
2020-04-09,Consumer,0.22050142857142857
2020-04-13,Consumer,-0.015060312354312355
2020-04-14,Consumer,0.25775549999999997
2020-04-15,Consumer,0.10641942424242426
2020-04-16,Consumer,0.12379763285024155
2020-04-17,Consumer,0.2509786666666667
2020-04-20,Consumer,0.08917120634920635
2020-04-21,Consumer,-0.014714090090090092
2020-04-22,Consumer,0.11669081045751635
2020-04-23,Consumer,0.0871769090909091
2020-04-24,Consumer,0.006162000000000001
2020-04-27,Consumer,0.12118633333333333
2020-04-28,Consumer,0.0752303076923077
2020-04-29,Consumer,0.14130457875457875
2020-04-30,Consumer,0.04925599999999999
2020-05-01,Consumer,0.21041583333333333
2020-05-04,Consumer,0.14082865934065933
2020-05-05,Consumer,0.2093390952380952
2020-05-06,Consumer,0.08939133333333335
2020-05-07,Consumer,0.11210055555555556
2020-05-08,Consumer,0.12639881818181817
2020-05-11,Consumer,0.068078375
2020-05-12,Consumer,0.10244119999999998
2020-05-13,Consumer,0.07531780952380952
2020-05-14,Consumer,0.1514597745098039
2020-05-15,Consumer,0.09228785185185184
2020-05-18,Consumer,0.2585167948717949
2020-05-19,Consumer,-0.050942974358974366
2020-05-20,Consumer,-0.030142500000000017
2020-05-21,Consumer,0.04598136363636364
2020-05-22,Consumer,0.020799333333333343
2020-05-26,Consumer,0.2290368095238095
2020-05-27,Consumer,0.16519568181818184
2020-05-28,Consumer,0.07390433333333332
2020-05-29,Consumer,0.07904171428571428
2020-06-01,Consumer,0.127835326953748
2020-06-02,Consumer,-0.09595999999999999
2020-06-03,Consumer,0.2023980952380952
2020-06-04,Consumer,0.17796499999999998
2020-06-05,Consumer,0.17559533333333333
2020-06-08,Consumer,0.23225333333333337
2020-06-09,Consumer,0.03651142857142857
2020-06-10,Consumer,0.042464554545454544
2020-06-11,Consumer,-0.029471883116883108
2020-06-12,Consumer,0.19143361904761905
2020-06-15,Consumer,0.051643506493506484
2020-06-16,Consumer,0.16482666666666668
2020-06-17,Consumer,0.16308783333333335
2020-06-18,Consumer,0.0725882380952381
2020-06-19,Consumer,0.018777111111111116
2020-06-22,Consumer,0.03743225
2020-06-23,Consumer,0.253919
2020-06-24,Consumer,-0.03973583333333333
2020-06-25,Consumer,0.09855086666666668
2020-06-26,Consumer,0.17418647058823528
2020-06-29,Consumer,0.052172307692307685
2020-06-30,Consumer,0.07948866666666668
2020-07-01,Consumer,-0.06292731168831169
2020-07-02,Consumer,0.193724
2020-07-06,Consumer,0.039001380952380954
2020-07-07,Consumer,0.14033018181818183
2020-07-08,Consumer,0.10681472222222221
2020-07-09,Consumer,0.10724249999999999
2020-07-10,Consumer,0.029562142857142842
2020-07-13,Consumer,0.13343504761904762
2020-07-14,Consumer,0.10010071428571429
2020-07-15,Consumer,0.11903428571428572
2020-07-16,Consumer,0.22732738095238095
2020-07-17,Consumer,0.16603944444444446
2020-07-20,Consumer,0.09088408658008659
2020-07-21,Consumer,0.23020124223602484
2020-07-22,Consumer,0.12073600000000002
2020-07-23,Consumer,0.10529064102564104
2020-07-24,Consumer,-0.0178475
2020-07-27,Consumer,0.11629
2020-07-28,Consumer,0.1332870476190476
2020-07-29,Consumer,0.0799438888888889
2020-07-30,Consumer,0.150664
2020-07-31,Consumer,0.03295457142857143
2020-08-03,Consumer,0.05176996078431373
2020-08-04,Consumer,0.2303140404040404
2020-08-05,Consumer,0.0393435294117647
2020-08-06,Consumer,0.09723400000000001
2020-08-07,Consumer,0.03314533333333334
2020-08-10,Consumer,0.1190712554112554
2020-08-11,Consumer,0.064526
2020-08-12,Consumer,0.020852499999999996
2020-08-13,Consumer,0.07564666666666664
2020-08-14,Consumer,0.059145
2020-08-17,Consumer,0.2187466666666667
2020-08-18,Consumer,0.10473767857142857
2020-08-19,Consumer,0.18878151515151514
2020-08-20,Consumer,0.22099799999999997
2020-08-21,Consumer,0.2451546666666667
2020-08-24,Consumer,0.08934714285714286
2020-08-25,Consumer,0.11735
2020-08-26,Consumer,0.07072523809523809
2020-08-27,Consumer,-0.05537684210526317
2020-08-28,Consumer,-0.006300000000000005
2020-08-31,Consumer,0.03466941176470588
2020-09-01,Consumer,0.10508380952380954
2020-09-02,Consumer,0.2
2020-09-03,Consumer,0.16949642857142858
2020-09-04,Consumer,0.052898
2020-09-08,Consumer,0.16229472727272726
2020-09-09,Consumer,0.13390545454545455
2020-09-10,Consumer,0.17568250000000002
2020-09-11,Consumer,0.11380000000000001
2020-09-14,Consumer,0.06715247619047619
2020-09-15,Consumer,0.1323004761904762
2020-09-16,Consumer,0.10027166666666668
2020-09-17,Consumer,0.1983123333333333
2020-09-18,Consumer,0.00030941558441558993
2020-09-21,Consumer,0.1158612
2020-09-22,Consumer,0.16364286324786326
2020-09-23,Consumer,0.125198
2020-09-24,Consumer,0.039130476190476195
2020-09-25,Consumer,0.056366666666666655
2020-09-28,Consumer,0.07353000000000001
2020-09-29,Consumer,0.23366063492063488
2020-09-30,Consumer,0.22921341991341987
2020-10-01,Consumer,0.055422000000000006
2020-10-02,Consumer,0.06623761904761906
2020-10-05,Consumer,0.07897795238095238
2020-10-06,Consumer,0.14869277777777778
2020-10-07,Consumer,0.11311385714285715
2020-10-08,Consumer,0.10456250000000003
2020-10-09,Consumer,0.0800242857142857
2020-10-12,Consumer,0.28383748717948715
2020-10-13,Consumer,-0.09962780701754384
2020-10-14,Consumer,0.1245982142857143
2020-10-15,Consumer,0.1372050909090909
2020-10-16,Consumer,0.25999555555555554
2020-10-19,Consumer,0.23933999999999997
2020-10-20,Consumer,0.19534500000000002
2020-10-21,Consumer,0.19257552380952384
2020-10-22,Consumer,0.031175282296650713
2020-10-23,Consumer,0.298845
2020-10-26,Consumer,0.07403088888888888
2020-10-27,Consumer,0.0655
2020-10-28,Consumer,0.09857600000000001
2020-10-29,Consumer,0.11821819047619046
2020-10-30,Consumer,0.19379655555555556
2020-11-02,Consumer,0.2001783333333333
2020-11-03,Consumer,0.2424458095238095
2020-11-04,Consumer,0.05567428571428572
2020-11-05,Consumer,0.16170857142857145
2020-11-06,Consumer,0.08475214285714286
2020-11-09,Consumer,0.06885571428571428
2020-11-10,Consumer,0.10627355555555555
2020-11-11,Consumer,0.07549600000000001
2020-11-12,Consumer,0.15450976623376622
2020-11-13,Consumer,0.20540372670807452
2020-11-16,Consumer,0.1892631111111111
2020-11-17,Consumer,0.3937461403508772
2020-11-18,Consumer,0.07476916666666666
2020-11-19,Consumer,-0.044576666666666646
2020-11-20,Consumer,0.09154476190476188
2020-11-23,Consumer,0.1913231208791209
2020-11-24,Consumer,0.0136075
2020-11-25,Consumer,0.16166333333333333
2020-11-27,Consumer,0.08701600000000001
2020-11-30,Consumer,0.114754
2020-12-01,Consumer,0.15217
2020-12-02,Consumer,0.05690644444444446
2020-12-03,Consumer,0.08841399999999999
2020-12-04,Consumer,0.13140000000000002
2020-12-07,Consumer,0.10024590476190476
2020-12-08,Consumer,0.07823694444444446
2020-12-09,Consumer,0.021818363636363653
2020-12-10,Consumer,0.24165111111111112
2020-12-11,Consumer,0.17883515789473686
2020-12-14,Consumer,0.060279666666666676
2020-12-15,Consumer,0.24553285714285714
2020-12-16,Consumer,0.27752999999999994
2020-12-17,Consumer,0.30693200000000004
2020-12-18,Consumer,0.31368266666666667
2020-12-21,Consumer,0.14804901298701295
2020-12-22,Consumer,0.06450466666666668
2020-12-23,Consumer,0.13010883333333334
2020-12-24,Consumer,0.1909744285714286
2020-12-28,Consumer,0.29037990909090905
2020-12-29,Consumer,0.17464577777777776
2020-12-30,Consumer,0.35562000000000005
2020-12-31,Consumer,0.3936742222222222
2021-01-04,Consumer,0.10825794444444445
2021-01-05,Consumer,0.10002333333333333
2021-01-06,Consumer,0.15033000000000002
2021-01-07,Consumer,0.16560266666666668
2021-01-08,Consumer,0.17187200000000002
2021-01-11,Consumer,0.22304285714285715
2021-01-12,Consumer,0.14418999999999998
2021-01-13,Consumer,0.15080999999999997
2021-01-14,Consumer,0.12718000000000002
2021-01-15,Consumer,0.16459916666666669
2021-01-19,Consumer,0.10241254545454545
2021-01-20,Consumer,-0.080118
2021-01-21,Consumer,0.00066299999999999
2021-01-22,Consumer,0.03436750000000001
2021-01-25,Consumer,0.052625
2021-01-26,Consumer,0.2520011111111111
2021-01-27,Consumer,0.011482499999999998
2021-01-28,Consumer,0.173814
2021-01-29,Consumer,0.1431116666666667
2021-02-01,Consumer,0.10484583333333333
2021-02-02,Consumer,0.1973633333333333
2021-02-03,Consumer,0.0007966666666666677
2021-02-04,Consumer,0.21380666666666664
2021-02-05,Consumer,-0.20748333333333333
2021-02-08,Consumer,0.14901709523809523
2021-02-09,Consumer,0.05651428571428572
2021-02-10,Consumer,0.2092857142857143
2021-02-11,Consumer,0.10652944444444445
2021-02-12,Consumer,0.051851333333333346
2021-02-16,Consumer,0.06488157142857143
2021-02-17,Consumer,0.08648166666666665
2021-02-18,Consumer,0.24113561904761904
2021-02-19,Consumer,0.12588333333333332
2021-02-22,Consumer,0.02111400000000001
2021-02-23,Consumer,0.09623571428571429
2021-02-24,Consumer,0.037637500000000004
2021-02-25,Consumer,0.07378535714285714
2021-02-26,Consumer,0.24247816666666666
2021-03-01,Consumer,0.16848500000000002
2021-03-02,Consumer,0.044782
2021-03-03,Consumer,0.04720380952380952
2021-03-04,Consumer,-0.11850386363636363
2021-03-05,Consumer,0.13064
2021-03-08,Consumer,0.09620555555555556
2021-03-09,Consumer,0.08647866666666666
2021-03-10,Consumer,0.18541215584415582
2021-03-11,Consumer,0.08591476190476191
2021-03-12,Consumer,0.23638714285714282
2021-03-15,Consumer,0.2475509523809524
2021-03-16,Consumer,0.25118450000000003
2021-03-17,Consumer,0.0792275
2021-03-18,Consumer,0.3131346666666667
2021-03-19,Consumer,0.047451904761904765
2021-03-22,Consumer,0.11998
2021-03-23,Consumer,0.17638
2021-03-24,Consumer,0.15396727272727273
2021-03-25,Consumer,0.13518628571428573
2021-03-26,Consumer,-0.014775595238095237
2021-03-29,Consumer,0.23387506493506494
2021-03-30,Consumer,0.072502
2021-03-31,Consumer,0.11554500000000001
2021-04-01,Consumer,0.023636666666666667
2021-04-05,Consumer,0.24887333333333334
2021-04-06,Consumer,0.15723266666666666
2021-04-07,Consumer,-0.022682666666666667
2021-04-08,Consumer,0.2880875714285714
2021-04-09,Consumer,0.10735571428571426
2021-04-12,Consumer,0.19632999999999998
2021-04-13,Consumer,0.162835
2021-04-14,Consumer,0.00869916666666667
2021-04-15,Consumer,-0.02076742857142857
2021-04-16,Consumer,0.1532925
2021-04-19,Consumer,0.07530650326797386
2021-04-20,Consumer,0.031010000000000017
2021-04-21,Consumer,0.12632333333333332
2021-04-22,Consumer,0.21515166666666669
2021-04-23,Consumer,0.13112133333333334
2021-04-26,Consumer,0.17236558823529408
2021-04-27,Consumer,0.061179142857142856
2021-04-28,Consumer,0.151064
2021-04-29,Consumer,0.10285566666666665
2021-04-30,Consumer,0.07831833333333334
2021-05-03,Consumer,0.11703009523809524
2021-05-04,Consumer,0.13183266666666665
2021-05-05,Consumer,0.049364166666666674
2021-05-06,Consumer,0.10864500000000002
2021-05-07,Consumer,0.01378000000000001
2021-05-10,Consumer,0.13213666666666665
2021-05-11,Consumer,0.03266299999999999
2021-05-12,Consumer,0.0067700000000000034
2021-05-13,Consumer,0.25728399999999996
2021-05-14,Consumer,-0.005692391304347827
2021-05-17,Consumer,0.023415294117647055
2021-05-18,Consumer,0.0969517857142857
2021-05-19,Consumer,0.13646433333333335
2021-05-20,Consumer,0.2304275
2021-05-21,Consumer,0.09126190476190475
2021-05-24,Consumer,0.20383477777777775
2021-05-25,Consumer,0.14715333333333333
2021-05-26,Consumer,0.09336636363636364
2021-05-27,Consumer,0.24595583333333332
2021-05-28,Consumer,0.25877666666666665
2021-06-01,Consumer,0.2568047435897436
2021-06-02,Consumer,0.20471809523809528
2021-06-03,Consumer,0.2983
2021-06-04,Consumer,0.10912200000000001
2021-06-07,Consumer,0.14622416666666666
2021-06-08,Consumer,0.06411916666666666
2021-06-09,Consumer,0.08224499999999998
2021-06-10,Consumer,0.0743275
2021-06-11,Consumer,0.14916500000000002
2021-06-14,Consumer,0.2984428571428571
2021-06-15,Consumer,0.11872466666666667
2021-06-16,Consumer,0.11140628571428572
2021-06-17,Consumer,0.051390000000000005
2021-06-18,Consumer,0.26881499999999997
2021-06-21,Consumer,0.0388854365079365
2021-06-22,Consumer,0.006221000000000004
2021-06-23,Consumer,0.13845366666666667
2021-06-24,Consumer,0.183005
2021-06-25,Consumer,0.11640966666666666
2021-06-28,Consumer,0.10859587301587303
2021-06-29,Consumer,-0.01769571428571428
2021-06-30,Consumer,0.03888976190476191
2021-07-01,Consumer,0.140575
2021-07-02,Consumer,0.18863000000000002
2021-07-06,Consumer,0.12883466666666665
2021-07-07,Consumer,0.1907725
2021-07-08,Consumer,0.07385
2021-07-09,Consumer,0.09102000000000002
2021-07-12,Consumer,0.1756911111111111
2021-07-13,Consumer,0.23070916666666666
2021-07-14,Consumer,0.209829
2021-07-15,Consumer,0.07289083333333332
2021-07-16,Consumer,0.09555190476190475
2021-07-19,Consumer,0.028382303030303035
2021-07-20,Consumer,0.076817
2021-07-21,Consumer,0.114615
2021-07-22,Consumer,0.14818933333333334
2021-07-23,Consumer,0.07425699999999999
2021-07-26,Consumer,0.088788
2021-07-27,Consumer,0.11697416666666667
2021-07-28,Consumer,0.14749666666666666
2021-07-29,Consumer,0.18060838095238096
2021-07-30,Consumer,0.04145952380952381
2021-08-02,Consumer,0.22827030303030305
2021-08-03,Consumer,0.23589857142857143
2021-08-04,Consumer,0.023315000000000002
2021-08-05,Consumer,0.28597500000000003
2021-08-06,Consumer,0.16790666666666665
2021-08-09,Consumer,0.1071230303030303
2021-08-10,Consumer,0.10058799999999998
2021-08-11,Consumer,0.04983
2021-08-12,Consumer,0.16786375
2021-08-13,Consumer,0.30355421052631576
2021-08-16,Consumer,0.0766017543859649
2021-08-17,Consumer,0.07485877777777779
2021-08-18,Consumer,0.09399416666666666
2021-08-19,Consumer,0.09566333333333332
2021-08-20,Consumer,0.186968
2021-08-23,Consumer,0.06987583333333333
2021-08-24,Consumer,0.017125714285714282
2021-08-25,Consumer,0.07022800000000001
2021-08-26,Consumer,0.1479426666666667
2021-08-27,Consumer,0.06068727272727272
2021-08-30,Consumer,0.2412945238095238
2021-08-31,Consumer,0.07343380952380954
2021-09-01,Consumer,0.29362095238095237
2021-09-02,Consumer,0.008913999999999983
2021-09-03,Consumer,0.23149866666666666
2021-09-07,Consumer,0.18766428571428567
2021-09-08,Consumer,0.1623440909090909
2021-09-09,Consumer,0.05522666666666667
2021-09-10,Consumer,0.13397466666666663
2021-09-13,Consumer,0.16042147186147188
2021-09-14,Consumer,0.167635
2021-09-15,Consumer,0.05405857142857142
2021-09-16,Consumer,-0.005693999999999999
2021-09-17,Consumer,0.22847733333333334
2021-09-20,Consumer,0.19173169230769233
2021-09-21,Consumer,0.12131571428571428
2021-09-22,Consumer,0.24457000000000004
2021-09-23,Consumer,0.22406714285714285
2021-09-24,Consumer,0.03178033333333332
2021-09-27,Consumer,0.11879333333333335
2021-09-28,Consumer,-0.03641000000000001
2021-09-29,Consumer,0.183005
2021-09-30,Consumer,0.1465752380952381
2021-10-01,Consumer,0.13612876190476192
2021-10-04,Consumer,0.2741697142857143
2021-10-05,Consumer,0.06379333333333333
2021-10-06,Consumer,0.16431933333333332
2021-10-07,Consumer,0.021430000000000005
2021-10-08,Consumer,0.09831999999999999
2021-10-11,Consumer,0.09704114718614718
2021-10-12,Consumer,0.20872000000000002
2021-10-13,Consumer,0.12589199999999998
2021-10-14,Consumer,0.24086309523809524
2021-10-15,Consumer,0.2741866666666667
2021-10-18,Consumer,-0.0031260606060606044
2021-10-19,Consumer,0.034867916666666665
2021-10-20,Consumer,0.17322
2021-10-21,Consumer,0.06061000000000001
2021-10-22,Consumer,0.19914666666666664
2021-10-25,Consumer,0.16656833333333332
2021-10-26,Consumer,0.04229599999999999
2021-10-27,Consumer,0.23396833333333333
2021-10-28,Consumer,0.012630555555555551
2021-10-29,Consumer,0.05241999999999999
2021-11-01,Consumer,0.10230833333333333
2021-11-02,Consumer,0.17104299999999997
2021-11-03,Consumer,0.20447428571428575
2021-11-04,Consumer,0.10272666666666666
2021-11-05,Consumer,0.316205
2021-11-08,Consumer,0.17603566666666665
2021-11-09,Consumer,0.17614333333333335
2021-11-10,Consumer,0.13642948717948716
2021-11-11,Consumer,0.08429279999999999
2021-11-12,Consumer,-0.02677857142857143
2021-11-15,Consumer,0.017378298245614036
2021-11-16,Consumer,0.19554097826086955
2021-11-17,Consumer,0.3227010476190476
2021-11-18,Consumer,0.11638285714285715
2021-11-19,Consumer,0.14304266666666665
2021-11-22,Consumer,0.11637819047619047
2021-11-23,Consumer,0.11753566666666666
2021-11-24,Consumer,0.05358666666666666
2021-11-26,Consumer,0.287424
2021-11-29,Consumer,0.02605593939393939
2021-11-30,Consumer,0.17380733333333337
2021-12-01,Consumer,-0.05251466666666667
2021-12-02,Consumer,0.27202785714285715
2021-12-03,Consumer,0.250042
2021-12-06,Consumer,0.16856642857142856
2021-12-07,Consumer,-0.03846000000000001
2021-12-08,Consumer,0.06053333333333333
2021-12-09,Consumer,0.13646666666666668
2021-12-10,Consumer,0.16314333333333333
2021-12-13,Consumer,0.024232857142857143
2021-12-14,Consumer,0.07536733333333333
2021-12-15,Consumer,0.305905
2021-12-16,Consumer,0.25487000000000004
2021-12-17,Consumer,0.14863361904761904
2021-12-20,Consumer,0.12359363499245848
2021-12-21,Consumer,0.07264922305764411
2021-12-22,Consumer,0.016643333333333347
2021-12-23,Consumer,0.1032875
2021-12-27,Consumer,0.04790583333333334
2021-12-28,Consumer,0.142261
2021-12-29,Consumer,0.12763083333333333
2021-12-30,Consumer,0.09542666666666666
2021-12-31,Consumer,0.02537666666666667
2022-01-03,Consumer,0.048453
2022-01-04,Consumer,0.03062
2022-01-05,Consumer,0.04631444444444444
2022-01-06,Consumer,0.144644
2022-01-07,Consumer,-0.0017000000000000014
2022-01-10,Consumer,0.07616766666666666
2022-01-11,Consumer,0.15534333333333336
2022-01-12,Consumer,0.11880066666666667
2022-01-13,Consumer,0.2548583333333333
2022-01-14,Consumer,0.014312499999999988
2022-01-18,Consumer,0.012309358974358985
2022-01-19,Consumer,0.1445785
2022-01-20,Consumer,0.1307231746031746
2022-01-21,Consumer,0.12726705882352943
2022-01-24,Consumer,0.11009725396825398
2022-01-25,Consumer,0.10398866666666669
2022-01-26,Consumer,0.11805647058823529
2022-01-27,Consumer,0.032174999999999995
2022-01-28,Consumer,0.07306399999999999
2022-01-31,Consumer,0.17368752380952382
2022-02-01,Consumer,-0.09044100000000001
2022-02-02,Consumer,-0.0051788095238095265
2022-02-03,Consumer,0.14593666666666666
2022-02-04,Consumer,0.076
2022-02-07,Consumer,0.14308346969696972
2022-02-08,Consumer,0.18557187878787879
2022-02-09,Consumer,0.11965109523809525
2022-02-10,Consumer,0.1559717453416149
2022-02-11,Consumer,0.003331428571428571
2022-02-14,Consumer,0.13229472222222222
2022-02-15,Consumer,0.20700972222222225
2022-02-16,Consumer,0.14557933333333334
2022-02-17,Consumer,0.043697971014492756
2022-02-18,Consumer,0.062170000000000024
2022-02-22,Consumer,0.11670066666666665
2022-02-23,Consumer,-0.032326666666666656
2022-02-24,Consumer,0.08797416666666666
2022-02-25,Consumer,-0.0027966666666666682
2022-02-28,Consumer,0.16560599999999998
2022-03-01,Consumer,0.10613357142857142
2022-03-02,Consumer,0.15402539682539684
2022-03-03,Consumer,0.08380371428571427
2022-03-04,Consumer,0.012928761904761905
2022-03-07,Consumer,0.0991247619047619
2022-03-08,Consumer,0.1897045238095238
2022-03-09,Consumer,0.05755285714285714
2022-03-10,Consumer,0.09721
2022-03-11,Consumer,0.06106366666666667
2022-03-14,Consumer,0.06329964285714286
2022-03-15,Consumer,0.16443416666666666
2022-03-16,Consumer,0.11226333333333334
2022-03-17,Consumer,0.08535555555555555
2022-03-18,Consumer,0.1411807619047619
2022-03-21,Consumer,0.30450666666666665
2022-03-22,Consumer,0.14311111111111113
2022-03-23,Consumer,0.13962083333333333
2022-03-24,Consumer,-0.029992380952380954
2022-03-25,Consumer,0.08377583333333334
2022-03-28,Consumer,0.1521601984126984
2022-03-29,Consumer,0.14409733333333336
2022-03-30,Consumer,0.13558380952380952
2022-03-31,Consumer,0.08254166666666667
2022-04-01,Consumer,0.023012761904761904
2022-04-04,Consumer,0.1770431442577031
2022-04-05,Consumer,0.053137619047619045
2022-04-06,Consumer,0.12481733333333334
2022-04-07,Consumer,0.04129822222222222
2022-04-08,Consumer,0.11685000000000001
2022-04-11,Consumer,0.19431007142857143
2022-04-12,Consumer,0.060077142857142864
2022-04-13,Consumer,0.029931999999999993
2022-04-14,Consumer,0.14851690476190477
2022-04-18,Consumer,0.198336
2022-04-19,Consumer,0.13328161904761904
2022-04-20,Consumer,-0.021988333333333325
2022-04-21,Consumer,0.10251333333333335
2022-04-22,Consumer,0.2189085714285714
2022-04-25,Consumer,0.07469746666666668
2022-04-26,Consumer,0.09622800000000001
2022-04-27,Consumer,0.03893711111111111
2022-04-28,Consumer,0.21286833333333335
2022-04-29,Consumer,0.13074484415584417
2022-05-02,Consumer,0.1019952380952381
2022-05-03,Consumer,0.104396
2022-05-04,Consumer,0.10835797101449277
2022-05-05,Consumer,-0.11789123809523808
2022-05-06,Consumer,0.03964771428571429
2022-05-09,Consumer,0.10939363636363635
2022-05-10,Consumer,0.10947277777777778
2022-05-11,Consumer,0.00315125
2022-05-12,Consumer,0.06714186274509805
2022-05-13,Consumer,0.03607190476190476
2022-05-16,Consumer,-0.01454891666666667
2022-05-17,Consumer,0.1040515294117647
2022-05-18,Consumer,-0.036804354838709676
2022-05-19,Consumer,0.13970714285714286
2022-05-20,Consumer,0.10724925465838508
2022-05-23,Consumer,0.09958038819875775
2022-05-24,Consumer,0.17355841666666666
2022-05-25,Consumer,0.06271885714285715
2022-05-26,Consumer,0.10257750000000002
2022-05-27,Consumer,0.12498100000000001
2022-05-31,Consumer,0.13514777777777778
2022-06-01,Consumer,0.05194666666666666
2022-06-02,Consumer,0.223122
2022-06-03,Consumer,0.04448166666666666
2022-06-06,Consumer,0.13685
2022-06-07,Consumer,0.21227125
2022-06-08,Consumer,0.1563657142857143
2022-06-09,Consumer,0.005117714285714292
2022-06-10,Consumer,0.0695280303030303
2022-06-13,Consumer,0.17973272727272727
2022-06-14,Consumer,0.06418071428571429
2022-06-15,Consumer,-0.04873000000000001
2022-06-16,Consumer,0.10095444444444446
2022-06-17,Consumer,0.159272
2022-06-21,Consumer,0.059247023809523805
2022-06-22,Consumer,0.1706680909090909
2022-06-23,Consumer,0.15045292857142858
2022-06-24,Consumer,0.03612690476190476
2022-06-27,Consumer,0.15285488235294117
2022-06-28,Consumer,0.1530382105263158
2022-06-29,Consumer,0.03236393073593073
2022-06-30,Consumer,0.22639131868131868
2022-07-01,Consumer,0.0892775
2022-07-05,Consumer,0.08713029914529916
2022-07-06,Consumer,0.12918533333333332
2022-07-07,Consumer,0.009583333333333336
2022-07-08,Consumer,-0.071114
2022-07-11,Consumer,0.09212200000000001
2022-07-12,Consumer,0.1955431818181818
2022-07-13,Consumer,0.16760285714285716
2022-07-14,Consumer,0.19892
2022-07-15,Consumer,0.09052387878787879
2022-07-18,Consumer,0.16020457142857142
2022-07-19,Consumer,0.1468077142857143
2022-07-20,Consumer,0.07737833333333333
2022-07-21,Consumer,0.10789857142857143
2022-07-22,Consumer,0.15308833333333333
2022-07-25,Consumer,0.11092166666666667
2022-07-26,Consumer,0.030293918840579727
2022-07-27,Consumer,0.10046460784313724
2022-07-28,Consumer,0.08942244444444446
2022-07-29,Consumer,0.13099714285714287
2022-08-01,Consumer,0.154837
2022-08-02,Consumer,0.06156977777777779
2022-08-03,Consumer,0.07465699134199134
2022-08-04,Consumer,0.08673933333333333
2022-08-05,Consumer,0.026146666666666662
2022-08-08,Consumer,0.18030666666666667
2022-08-09,Consumer,0.08759587301587302
2022-08-10,Consumer,0.10413842424242423
2022-08-11,Consumer,0.05057037037037038
2022-08-12,Consumer,0.24219942857142857
2022-08-15,Consumer,0.06819337662337663
2022-08-16,Consumer,0.1279182142857143
2022-08-17,Consumer,0.03446661835748792
2022-08-18,Consumer,0.1333666666666667
2022-08-19,Consumer,0.09649133333333333
2022-08-22,Consumer,0.16423333333333334
2022-08-23,Consumer,0.08174400000000001
2022-08-24,Consumer,-0.014756666666666668
2022-08-25,Consumer,0.141166
2022-08-26,Consumer,-0.017280476190476186
2022-08-29,Consumer,0.09831419047619047
2022-08-30,Consumer,0.16916333333333333
2022-08-31,Consumer,0.059867500000000004
2022-09-01,Consumer,0.18908300000000003
2022-09-02,Consumer,0.03760733333333334
2022-09-06,Consumer,0.20050933333333334
2022-09-07,Consumer,0.14282107142857145
2022-09-08,Consumer,0.281245
2022-09-09,Consumer,0.23316750000000003
2022-09-12,Consumer,0.24549616666666668
2022-09-13,Consumer,0.16818366666666668
2022-09-14,Consumer,0.21791357142857146
2022-09-15,Consumer,0.10397523809523809
2022-09-16,Consumer,0.04074933333333333
2022-09-19,Consumer,0.29939857142857146
2022-09-20,Consumer,0.00544761904761904
2022-09-21,Consumer,0.11410666666666666
2022-09-22,Consumer,0.20065314285714284
2022-09-23,Consumer,-0.0014473333333333365
2022-09-26,Consumer,0.2547588095238096
2022-09-27,Consumer,0.15386499999999997
2022-09-28,Consumer,0.08711523809523809
2022-09-29,Consumer,0.12719
2022-09-30,Consumer,0.21131954545454548
2022-10-03,Consumer,0.153113
2022-10-04,Consumer,-0.05369666666666667
2022-10-05,Consumer,0.044246666666666656
2022-10-06,Consumer,0.16488055555555556
2022-10-07,Consumer,0.05818333333333332
2022-10-10,Consumer,0.13477428571428568
2022-10-11,Consumer,0.15716000000000002
2022-10-12,Consumer,0.2337540476190476
2022-10-13,Consumer,0.01722999999999999
2022-10-14,Consumer,0.02016111111111111
2022-10-17,Consumer,0.1441372857142857
2022-10-18,Consumer,0.07527333333333333
2022-10-19,Consumer,0.181203
2022-10-20,Consumer,0.17227699999999999
2022-10-21,Consumer,0.07006666666666668
2022-10-24,Consumer,0.175245
2022-10-25,Consumer,0.10471444444444444
2022-10-26,Consumer,0.0751675
2022-10-27,Consumer,0.07665666666666666
2022-10-28,Consumer,0.06940133333333333
2022-10-31,Consumer,0.16137816666666666
2022-11-01,Consumer,0.05302928571428571
2022-11-02,Consumer,0.2601733333333333
2022-11-03,Consumer,0.10785166666666668
2022-11-04,Consumer,0.05259254901960784
2022-11-07,Consumer,0.1190072380952381
2022-11-08,Consumer,0.037412
2022-11-09,Consumer,0.11510666666666665
2022-11-10,Consumer,0.027111190476190483
2022-11-11,Consumer,0.23765466666666665
2022-11-14,Consumer,0.15354274509803922
2022-11-15,Consumer,0.07308422222222222
2022-11-16,Consumer,0.08573933333333332
2022-11-17,Consumer,0.34680200000000005
2022-11-18,Consumer,-0.06571714285714285
2022-11-21,Consumer,0.31806614814814815
2022-11-22,Consumer,0.01767266666666667
2022-11-23,Consumer,0.2748626984126984
2022-11-25,Consumer,0.20621767857142861
2022-11-28,Consumer,0.07624635164835165
2022-11-29,Consumer,0.11642000000000001
2022-11-30,Consumer,0.165508
2022-12-01,Consumer,0.25004952380952383
2022-12-02,Consumer,0.1860259090909091
2022-12-05,Consumer,0.11237615873015872
2022-12-06,Consumer,0.12269333333333332
2022-12-07,Consumer,0.21910833333333332
2022-12-08,Consumer,0.16211599999999998
2022-12-09,Consumer,0.3239391666666667
2022-12-12,Consumer,0.21580083333333336
2022-12-13,Consumer,0.13074142857142856
2022-12-14,Consumer,0.09691083333333333
2022-12-15,Consumer,0.14298857142857144
2022-12-16,Consumer,0.158454
2022-12-19,Consumer,0.16834930402930404
2022-12-20,Consumer,0.0509664935064935
2022-12-21,Consumer,-0.05371833333333333
2022-12-22,Consumer,0.07222222222222222
2022-12-23,Consumer,0.12550333333333336
2022-12-27,Consumer,0.2638266955266955
2022-12-28,Consumer,0.09340000000000001
2022-12-29,Consumer,0.18516000000000002
2022-12-30,Consumer,0.11948685714285714
2023-01-03,Consumer,0.14364428571428572
2023-01-04,Consumer,0.13936314285714285
2023-01-05,Consumer,0.2578150793650794
2023-01-06,Consumer,0.13477
2023-01-09,Consumer,0.1348220634920635
2023-01-10,Consumer,0.13470666666666667
2023-01-11,Consumer,0.07669499999999999
2023-01-12,Consumer,0.09643646153846155
2023-01-13,Consumer,0.1911226666666667
2023-01-17,Consumer,0.2602375571428571
2023-01-18,Consumer,0.20189422222222225
2023-01-19,Consumer,0.020534428571428575
2023-01-20,Consumer,-0.052115
2023-01-23,Consumer,0.28867666666666664
2023-01-24,Consumer,0.15489716666666667
2023-01-25,Consumer,0.12403233333333334
2023-01-26,Consumer,0.12270633333333333
2023-01-27,Consumer,0.10932761904761903
2023-01-30,Consumer,0.03104111111111112
2023-01-31,Consumer,0.08272880952380954
2023-02-01,Consumer,0.10384787878787878
2023-02-02,Consumer,0.1931233333333333
2023-02-03,Consumer,0.16434742857142856
2023-02-06,Consumer,0.11385433333333332
2023-02-07,Consumer,0.18149166666666666
2023-02-08,Consumer,0.11767619047619049
2023-02-09,Consumer,0.2227541034482759
2023-02-10,Consumer,0.16690683333333334
2023-02-13,Consumer,0.20674597727272723
2023-02-14,Consumer,0.23763357575757574
2023-02-15,Consumer,0.043677999999999995
2023-02-16,Consumer,0.006738095238095243
2023-02-17,Consumer,0.1764695238095238
2023-02-21,Consumer,0.147179582010582
2023-02-22,Consumer,0.1283732380952381
2023-02-23,Consumer,0.05057666666666668
2023-02-24,Consumer,0.013430000000000001
2023-02-27,Consumer,0.11774922222222221
2023-02-28,Consumer,0.11520066666666669
2023-03-01,Consumer,0.10720733333333335
2023-03-02,Consumer,0.2743185930735931
2023-03-03,Consumer,-0.01098
2023-03-06,Consumer,-0.02429499999999999
2023-03-07,Consumer,0.184556
2023-03-08,Consumer,0.2844466666666667
2023-03-09,Consumer,0.140098
2023-03-10,Consumer,0.114129
2023-03-13,Consumer,0.04222371428571429
2023-03-14,Consumer,-0.020245833333333352
2023-03-15,Consumer,0.08529499999999998
2023-03-16,Consumer,0.071165
2023-03-17,Consumer,0.019076999999999993
2023-03-20,Consumer,0.06740380952380952
2023-03-21,Consumer,0.17353777777777776
2023-03-22,Consumer,-0.06610153846153846
2023-03-23,Consumer,0.06902933333333333
2023-03-24,Consumer,0.24847866666666665
2023-03-27,Consumer,0.15589583333333334
2023-03-28,Consumer,0.13452371428571427
2023-03-29,Consumer,0.08732833333333333
2023-03-30,Consumer,0.1641901282051282
2023-03-31,Consumer,0.06645628571428572
2023-04-03,Consumer,0.14567217042606517
2023-04-04,Consumer,0.16198666666666667
2023-04-05,Consumer,0.1394933333333333
2023-04-06,Consumer,0.1625917777777778
2023-04-10,Consumer,0.2059332600732601
2023-04-11,Consumer,0.069818
2023-04-12,Consumer,0.08891952380952381
2023-04-13,Consumer,-0.020496000000000004
2023-04-14,Consumer,0.183783
2023-04-17,Consumer,0.03561831932773109
2023-04-18,Consumer,-0.002861190476190473
2023-04-19,Consumer,0.14176833333333336
2023-04-20,Consumer,0.158424
2023-04-21,Consumer,0.19996561904761906
2023-04-24,Consumer,0.1870011666666667
2023-04-25,Consumer,0.11513133333333336
2023-04-26,Consumer,0.12289474025974026
2023-04-27,Consumer,0.041631666666666664
2023-04-28,Consumer,0.2695413333333333
2023-05-01,Consumer,0.08968666666666666
2023-05-02,Consumer,0.05887800000000001
2023-05-03,Consumer,0.11946374999999998
2023-05-04,Consumer,-0.003484761904761903
2023-05-05,Consumer,0.044492
2023-05-08,Consumer,0.09546119047619049
2023-05-09,Consumer,0.15591733333333332
2023-05-10,Consumer,0.0801268717948718
2023-05-11,Consumer,0.126362
2023-05-12,Consumer,0.01208124242424243
2023-05-15,Consumer,0.08754205128205128
2023-05-16,Consumer,0.05163636363636363
2023-05-17,Consumer,0.057348909090909096
2023-05-18,Consumer,0.28042972222222223
2023-05-19,Consumer,0.0943433484162896
2023-05-22,Consumer,0.0798254797979798
2023-05-23,Consumer,-0.02727095238095238
2023-05-24,Consumer,0.04645533333333333
2023-05-25,Consumer,0.1134325
2023-05-26,Consumer,0.09379366666666666
2023-05-30,Consumer,0.07761327922077924
2023-05-31,Consumer,0.14066785714285715
2023-06-01,Consumer,0.1687638095238095
2023-06-02,Consumer,-0.01182666666666667
2023-06-05,Consumer,0.1473544358974359
2023-06-06,Consumer,0.16784000000000004
2023-06-07,Consumer,0.14436166666666667
2023-06-08,Consumer,0.18688733333333335
2023-06-09,Consumer,0.07756
2023-06-12,Consumer,0.13452555555555556
2023-06-13,Consumer,0.24033833333333338
2023-06-14,Consumer,0.06049583333333334
2023-06-15,Consumer,0.09985682539682539
2023-06-16,Consumer,0.03959666666666666
2023-06-20,Consumer,0.09864804761904762
2023-06-21,Consumer,0.10160314285714285
2023-06-22,Consumer,0.04568714285714285
2023-06-23,Consumer,0.03553761904761904
2023-06-26,Consumer,0.18120000000000003
2023-06-27,Consumer,0.135084
2023-06-28,Consumer,0.1265386666666667
2023-06-29,Consumer,0.06712266666666666
2023-06-30,Consumer,0.13009453296703297
2023-07-03,Consumer,0.13294466666666668
2023-07-05,Consumer,0.08128542857142856
2023-07-06,Consumer,0.05648595238095237
2023-07-07,Consumer,0.13485866666666665
2023-07-10,Consumer,0.041905476190476194
2023-07-11,Consumer,0.1517585
2023-07-12,Consumer,0.14990478787878786
2023-07-13,Consumer,0.24507429670329675
2023-07-14,Consumer,0.17160363636363635
2023-07-17,Consumer,0.06866568181818182
2023-07-18,Consumer,0.06590333333333334
2023-07-19,Consumer,0.19609733333333335
2023-07-20,Consumer,0.15335742857142856
2023-07-21,Consumer,0.05692133333333334
2023-07-24,Consumer,0.08506761904761906
2023-07-25,Consumer,0.15149428571428572
2023-07-26,Consumer,0.22933084210526317
2023-07-27,Consumer,0.18888333333333332
2023-07-28,Consumer,0.13431714285714286
2023-07-31,Consumer,0.13603069444444443
2023-08-01,Consumer,0.13610933333333333
2023-08-02,Consumer,0.07278285714285714
2023-08-03,Consumer,0.09832133333333334
2023-08-04,Consumer,0.08610833333333333
2023-08-07,Consumer,0.13828266666666666
2023-08-08,Consumer,0.18993753968253968
2023-08-09,Consumer,0.11738315789473683
2023-08-10,Consumer,0.11994952380952381
2023-08-11,Consumer,0.13266772649572647
2023-08-14,Consumer,0.09302214285714286
2023-08-15,Consumer,0.08470171717171718
2023-08-16,Consumer,0.23990782072829134
2023-08-17,Consumer,0.029606590909090902
2023-08-18,Consumer,0.024863500000000004
2023-08-21,Consumer,0.10070183333333334
2023-08-22,Consumer,0.09808619047619048
2023-08-23,Consumer,0.17291482142857145
2023-08-24,Consumer,0.08059906060606062
2023-08-25,Consumer,0.1220105
2023-08-28,Consumer,0.06356390476190475
2023-08-29,Consumer,0.14601060606060606
2023-08-30,Consumer,0.10849714285714288
2023-08-31,Consumer,0.33897171428571427
2023-09-01,Consumer,0.18832333333333334
2023-09-05,Consumer,0.12608727272727274
2023-09-06,Consumer,0.11053833333333334
2023-09-07,Consumer,0.10642809523809524
2023-09-08,Consumer,0.18000027777777777
2023-09-11,Consumer,0.10508916666666668
2023-09-12,Consumer,0.13068392857142858
2023-09-13,Consumer,0.10649722222222222
2023-09-14,Consumer,0.035340952380952376
2023-09-15,Consumer,0.2487743333333333
2023-09-18,Consumer,0.16519363636363632
2023-09-19,Consumer,0.10447366666666666
2023-09-20,Consumer,-0.11356366666666666
2023-09-21,Consumer,0.05817904761904761
2023-09-22,Consumer,0.24164322222222223
2023-09-25,Consumer,0.07932920238095238
2023-09-26,Consumer,0.15113799999999997
2023-09-27,Consumer,-0.12752733333333333
2023-09-28,Consumer,0.11411838095238096
2023-09-29,Consumer,0.16636847117794487
2023-10-02,Consumer,0.19790618181818181
2023-10-03,Consumer,0.45665266666666665
2023-10-04,Consumer,0.12489316666666665
2023-10-05,Consumer,0.2562375
2023-10-06,Consumer,0.18643401515151514
2023-10-09,Consumer,0.08951975
2023-10-10,Consumer,0.19353825396825397
2023-10-11,Consumer,0.0686755
2023-10-12,Consumer,0.15529171428571428
2023-10-13,Consumer,0.14131309523809524
2023-10-16,Consumer,0.182029
2023-10-17,Consumer,0.09989999999999999
2023-10-18,Consumer,0.22137060606060605
2023-10-19,Consumer,0.08727347619047619
2023-10-20,Consumer,0.09656666666666666
2023-10-23,Consumer,0.2233063846153846
2023-10-24,Consumer,0.12939166666666665
2023-10-25,Consumer,0.01743880952380952
2023-10-26,Consumer,0.14675133333333334
2023-10-27,Consumer,0.2630234285714286
2023-10-30,Consumer,0.16983555555555557
2023-10-31,Consumer,0.1815373333333333
2023-11-01,Consumer,0.19424774603174602
2023-11-02,Consumer,0.16441144444444442
2023-11-03,Consumer,0.09709395238095238
2023-11-06,Consumer,0.05126146031746032
2023-11-07,Consumer,0.24640355555555557
2023-11-08,Consumer,0.028156282051282056
2023-11-09,Consumer,0.17810192982456138
2023-11-10,Consumer,0.11586710606060605
2023-11-13,Consumer,0.16669693478260872
2023-11-14,Consumer,0.1719268888888889
2023-11-15,Consumer,0.2079537606837607
2023-11-16,Consumer,0.0326267619047619
2023-11-17,Consumer,0.13313000000000003
2023-11-20,Consumer,0.06160226839826839
2023-11-21,Consumer,0.051104666666666666
2023-11-22,Consumer,0.08544545454545455
2023-11-24,Consumer,-0.05677977777777778
2023-11-27,Consumer,0.1602862619047619
2023-11-28,Consumer,0.1500775
2023-11-29,Consumer,0.08571571428571427
2023-11-30,Consumer,0.04922833333333333
2023-12-01,Consumer,0.16795428571428572
2023-12-04,Consumer,0.1484746363636364
2023-12-05,Consumer,0.16431
2023-12-06,Consumer,0.13385111111111112
2023-12-07,Consumer,0.285055
2023-12-08,Consumer,-0.013366000000000006
2023-12-11,Consumer,0.20750028860028863
2023-12-12,Consumer,-0.08273619047619049
2023-12-13,Consumer,0.12641850000000002
2023-12-14,Consumer,0.04184266666666667
2023-12-15,Consumer,0.11839555555555555
2023-12-18,Consumer,0.14123333333333332
2023-12-19,Consumer,0.0
2023-12-20,Consumer,0.0
2023-12-21,Consumer,0.0
2023-12-22,Consumer,0.0
2023-12-26,Consumer,0.0
2023-12-27,Consumer,0.0
2023-12-28,Consumer,0.0
2023-12-29,Consumer,0.0
2020-01-02,Energy,0.21466166666666667
2020-01-03,Energy,-0.006027424242424256
2020-01-06,Energy,0.09507378787878788
2020-01-07,Energy,0.045823333333333334
2020-01-08,Energy,0.026123333333333332
2020-01-09,Energy,0.161418
2020-01-10,Energy,0.07695
2020-01-13,Energy,0.16086599999999998
2020-01-14,Energy,0.19292499999999999
2020-01-15,Energy,0.20735166666666666
2020-01-16,Energy,0.14747885714285716
2020-01-17,Energy,0.1327402222222222
2020-01-21,Energy,0.141581
2020-01-22,Energy,0.2713066666666667
2020-01-23,Energy,-0.043789999999999996
2020-01-24,Energy,0.22885499999999998
2020-01-27,Energy,0.008106666666666656
2020-01-28,Energy,0.10781333333333334
2020-01-29,Energy,0.038959999999999995
2020-01-30,Energy,0.11116
2020-01-31,Energy,0.0921195238095238
2020-02-03,Energy,0.04903320512820512
2020-02-04,Energy,0.08901111111111112
2020-02-05,Energy,0.5247290476190476
2020-02-06,Energy,0.20967800000000003
2020-02-07,Energy,0.24775299999999997
2020-02-10,Energy,0.11678333333333335
2020-02-11,Energy,0.14416914285714286
2020-02-12,Energy,0.023529166666666653
2020-02-13,Energy,0.10913250000000001
2020-02-14,Energy,0.081172
2020-02-18,Energy,0.16046333333333332
2020-02-19,Energy,0.21098166666666668
2020-02-20,Energy,0.1782
2020-02-21,Energy,-0.0041033333333333364
2020-02-24,Energy,-0.20506571428571427
2020-02-25,Energy,-0.08505833333333333
2020-02-26,Energy,0.22759114285714288
2020-02-27,Energy,0.05952166666666668
2020-02-28,Energy,0.0858886111111111
2020-03-02,Energy,0.03179833333333334
2020-03-03,Energy,0.00355688888888889
2020-03-04,Energy,0.2538066666666666
2020-03-05,Energy,0.025292499999999985
2020-03-06,Energy,-0.010946666666666669
2020-03-09,Energy,-0.197026986697513
2020-03-10,Energy,-0.0048869082125603865
2020-03-11,Energy,0.0030774999999999943
2020-03-12,Energy,-0.027863421052631572
2020-03-13,Energy,0.26853106442577035
2020-03-16,Energy,-0.07103386274509804
2020-03-17,Energy,-0.042836000000000006
2020-03-18,Energy,-0.05881603174603176
2020-03-19,Energy,-0.04682399999999999
2020-03-20,Energy,-0.11770825641025642
2020-03-23,Energy,-0.1527688888888889
2020-03-24,Energy,0.1587991111111111
2020-03-25,Energy,0.22523200000000002
2020-03-26,Energy,0.138823
2020-03-27,Energy,0.3148894285714286
2020-03-30,Energy,-0.07154466666666667
2020-03-31,Energy,0.04579000000000002
2020-04-01,Energy,-0.052097142857142856
2020-04-02,Energy,-0.05451656410256411
2020-04-03,Energy,-0.04799285714285714
2020-04-06,Energy,0.1597730158730159
2020-04-07,Energy,0.3688307142857143
2020-04-08,Energy,0.31914880952380953
2020-04-09,Energy,0.13316161904761906
2020-04-13,Energy,0.09188222710622711
2020-04-14,Energy,-0.005000833333333328
2020-04-15,Energy,-0.0057030769230769236
2020-04-16,Energy,-0.027630311688311687
2020-04-17,Energy,-0.010910962962962952
2020-04-20,Energy,-0.23319703381642515
2020-04-21,Energy,-0.3198197142857143
2020-04-22,Energy,-0.12483966666666668
2020-04-23,Energy,0.17173971717171715
2020-04-24,Energy,0.03909107142857143
2020-04-27,Energy,-0.06049375000000001
2020-04-28,Energy,0.016554444444444448
2020-04-29,Energy,0.11608466666666666
2020-04-30,Energy,0.04841069552669554
2020-05-01,Energy,-0.15552930158730158
2020-05-04,Energy,0.00869842657342657
2020-05-05,Energy,0.18341858585858584
2020-05-06,Energy,0.19075071428571427
2020-05-07,Energy,0.3048207142857143
2020-05-08,Energy,0.21926833333333334
2020-05-11,Energy,-0.0712401111111111
2020-05-12,Energy,0.08921666666666668
2020-05-13,Energy,-0.05204337662337662
2020-05-14,Energy,-0.04017
2020-05-15,Energy,0.13007833333333332
2020-05-18,Energy,0.1512305714285714
2020-05-19,Energy,0.124416
2020-05-20,Energy,-0.01595285714285714
2020-05-21,Energy,-0.04974
2020-05-22,Energy,-0.04422533333333333
2020-05-26,Energy,0.17768285714285714
2020-05-27,Energy,-0.058226
2020-05-28,Energy,0.05988
2020-05-29,Energy,0.24809200000000003
2020-06-01,Energy,-0.06836651515151515
2020-06-02,Energy,0.12928571428571428
2020-06-03,Energy,0.39188833333333334
2020-06-04,Energy,0.11578533333333334
2020-06-05,Energy,0.25304151515151513
2020-06-08,Energy,0.1762011428571429
2020-06-09,Energy,0.46975066666666665
2020-06-10,Energy,-0.1186088888888889
2020-06-11,Energy,-0.11441166666666666
2020-06-12,Energy,0.12618000000000001
2020-06-15,Energy,0.03352422222222222
2020-06-16,Energy,0.08107
2020-06-17,Energy,0.031904
2020-06-18,Energy,0.05339733333333333
2020-06-19,Energy,0.2086940476190476
2020-06-22,Energy,0.1951
2020-06-23,Energy,0.055559999999999984
2020-06-24,Energy,-0.05501428571428572
2020-06-25,Energy,0.16468904761904762
2020-06-26,Energy,0.07322833333333334
2020-06-29,Energy,0.12318
2020-06-30,Energy,0.11381300000000001
2020-07-01,Energy,0.11970333333333334
2020-07-02,Energy,0.20964454545454542
2020-07-06,Energy,0.06468738095238094
2020-07-07,Energy,0.04360285714285714
2020-07-08,Energy,0.12862
2020-07-09,Energy,0.2676
2020-07-10,Energy,0.19768
2020-07-13,Energy,0.21202000000000001
2020-07-14,Energy,-0.00516
2020-07-15,Energy,-0.06689
2020-07-16,Energy,0.060116666666666665
2020-07-17,Energy,-0.04366333333333334
2020-07-20,Energy,0.10857833333333333
2020-07-21,Energy,0.3122088644688644
2020-07-22,Energy,0.19317
2020-07-23,Energy,0.0758
2020-07-24,Energy,0.2367953846153846
2020-07-27,Energy,0.04087199999999999
2020-07-28,Energy,0.08092
2020-07-29,Energy,0.26977
2020-07-30,Energy,0.06548644444444444
2020-07-31,Energy,0.01330152380952381
2020-08-03,Energy,0.11195499999999999
2020-08-04,Energy,0.004768333333333335
2020-08-05,Energy,0.005470833333333336
2020-08-06,Energy,0.09574666666666666
2020-08-07,Energy,0.04098133333333333
2020-08-10,Energy,0.18482911111111114
2020-08-11,Energy,0.20536500000000002
2020-08-12,Energy,0.18627833333333332
2020-08-13,Energy,0.05464
2020-08-14,Energy,0.168485
2020-08-17,Energy,-0.017293333333333317
2020-08-18,Energy,0.017378333333333325
2020-08-19,Energy,0.025898333333333336
2020-08-20,Energy,0.098832
2020-08-21,Energy,0.06847333333333333
2020-08-24,Energy,0.10009799999999999
2020-08-25,Energy,0.008760000000000002
2020-08-26,Energy,0.1337121428571429
2020-08-27,Energy,-0.01304685714285717
2020-08-28,Energy,0.002345
2020-08-31,Energy,-0.014397142857142853
2020-09-01,Energy,0.19066833333333333
2020-09-02,Energy,-0.03684
2020-09-03,Energy,0.11435200000000001
2020-09-04,Energy,0.101115
2020-09-08,Energy,-0.15059514285714287
2020-09-09,Energy,0.04588
2020-09-10,Energy,0.09534000000000001
2020-09-11,Energy,0.07493999999999999
2020-09-14,Energy,-0.011738571428571428
2020-09-15,Energy,-0.10440666666666668
2020-09-16,Energy,0.08952833333333333
2020-09-17,Energy,0.09484333333333334
2020-09-18,Energy,0.061375
2020-09-21,Energy,-0.028013333333333324
2020-09-22,Energy,0.35599
2020-09-23,Energy,0.05761500000000001
2020-09-24,Energy,0.19180666666666668
2020-09-25,Energy,0.08314999999999999
2020-09-28,Energy,0.11944357142857145
2020-09-29,Energy,0.25221
2020-09-30,Energy,0.023123333333333343
2020-10-01,Energy,0.05900888888888889
2020-10-02,Energy,0.15612071428571428
2020-10-05,Energy,0.13807266666666668
2020-10-06,Energy,-0.13163
2020-10-07,Energy,0.018420000000000002
2020-10-08,Energy,0.22096809523809524
2020-10-09,Energy,0.0
2020-10-12,Energy,0.18612750000000006
2020-10-13,Energy,-0.09545999999999999
2020-10-14,Energy,0.02732
2020-10-15,Energy,0.31016999999999995
2020-10-16,Energy,0.0084125
2020-10-19,Energy,0.01226042424242424
2020-10-20,Energy,0.11259333333333332
2020-10-21,Energy,0.0005449999999999955
2020-10-22,Energy,0.13809833333333335
2020-10-23,Energy,0.13413
2020-10-26,Energy,0.034634333333333336
2020-10-27,Energy,0.00957333333333334
2020-10-28,Energy,0.06840222222222223
2020-10-29,Energy,-0.20787499999999998
2020-10-30,Energy,0.048350000000000004
2020-11-02,Energy,-0.08184083333333333
2020-11-03,Energy,0.14529
2020-11-04,Energy,-0.008726000000000001
2020-11-05,Energy,0.15711999999999998
2020-11-06,Energy,0.04529999999999999
2020-11-09,Energy,0.17707312820512822
2020-11-10,Energy,0.11730500000000003
2020-11-11,Energy,0.22292
2020-11-12,Energy,0.44972666666666666
2020-11-13,Energy,0.13052
2020-11-16,Energy,0.31736250000000005
2020-11-17,Energy,0.0
2020-11-18,Energy,0.06647
2020-11-19,Energy,0.10388
2020-11-20,Energy,0.0
2020-11-23,Energy,0.013498714285714286
2020-11-24,Energy,-0.08781
2020-11-25,Energy,0.17538749999999997
2020-11-27,Energy,0.05974250000000001
2020-11-30,Energy,0.20381690476190478
2020-12-01,Energy,0.17541333333333334
2020-12-02,Energy,0.16077133333333332
2020-12-03,Energy,0.031605
2020-12-04,Energy,0.008736565656565668
2020-12-07,Energy,0.1569577777777778
2020-12-08,Energy,0.10100500000000001
2020-12-09,Energy,0.046467999999999995
2020-12-10,Energy,0.287688
2020-12-11,Energy,-0.195496
2020-12-14,Energy,0.14518
2020-12-15,Energy,0.20113333333333333
2020-12-16,Energy,0.02737666666666667
2020-12-17,Energy,0.13198
2020-12-18,Energy,0.036699999999999997
2020-12-21,Energy,0.15760333333333332
2020-12-22,Energy,-0.007835500000000004
2020-12-23,Energy,0.14534
2020-12-24,Energy,-0.02551333333333334
2020-12-28,Energy,0.13088666666666665
2020-12-29,Energy,0.05727
2020-12-30,Energy,0.036855000000000006
2020-12-31,Energy,0.04671333333333334
2021-01-04,Energy,0.06635833333333332
2021-01-05,Energy,0.14386333333333334
2021-01-06,Energy,-0.016130000000000002
2021-01-07,Energy,0.07113333333333334
2021-01-08,Energy,0.10850357142857144
2021-01-11,Energy,0.11241000000000001
2021-01-12,Energy,0.019889333333333332
2021-01-13,Energy,0.0887325
2021-01-14,Energy,0.05224500000000001
2021-01-15,Energy,0.1379123076923077
2021-01-19,Energy,0.28164666666666666
2021-01-20,Energy,-0.006589999999999999
2021-01-21,Energy,-0.219405
2021-01-22,Energy,-0.07407999999999997
2021-01-25,Energy,0.11744000000000002
2021-01-26,Energy,0.41005
2021-01-27,Energy,0.14739333333333335
2021-01-28,Energy,0.104165
2021-01-29,Energy,-0.21383999999999997
2021-02-01,Energy,0.16285121212121215
2021-02-02,Energy,-0.01056877192982456
2021-02-03,Energy,0.06141800000000001
2021-02-04,Energy,0.126605
2021-02-05,Energy,0.07270533333333333
2021-02-08,Energy,0.22438666666666668
2021-02-09,Energy,0.01591
2021-02-10,Energy,-0.0607
2021-02-11,Energy,0.08693
2021-02-12,Energy,-0.06670933333333331
2021-02-16,Energy,0.1280875
2021-02-17,Energy,-0.013693818181818185
2021-02-18,Energy,0.11680666666666666
2021-02-19,Energy,0.26348
2021-02-22,Energy,0.1473627777777778
2021-02-23,Energy,0.19816333333333333
2021-02-24,Energy,0.053605333333333324
2021-02-25,Energy,0.19437
2021-02-26,Energy,-0.04960833333333333
2021-03-01,Energy,0.26371
2021-03-02,Energy,-0.012363999999999995
2021-03-03,Energy,0.04363227272727273
2021-03-04,Energy,0.086445
2021-03-05,Energy,0.30126833333333336
2021-03-08,Energy,0.105402
2021-03-09,Energy,-0.11185904761904764
2021-03-10,Energy,0.12717
2021-03-11,Energy,0.18394
2021-03-12,Energy,0.09534000000000001
2021-03-15,Energy,0.08874333333333333
2021-03-16,Energy,-0.05992333333333333
2021-03-17,Energy,0.006846666666666666
2021-03-18,Energy,-0.03633333333333332
2021-03-19,Energy,0.18298
2021-03-22,Energy,0.0011333333333333362
2021-03-23,Energy,-0.2188622222222222
2021-03-24,Energy,-0.013957333333333332
2021-03-25,Energy,0.16826833333333333
2021-03-26,Energy,0.23413233333333333
2021-03-29,Energy,0.29063999999999995
2021-03-30,Energy,0.3578733333333334
2021-03-31,Energy,0.22832499999999997
2021-04-01,Energy,-0.2929
2021-04-05,Energy,0.08158400000000002
2021-04-06,Energy,0.10511200000000001
2021-04-07,Energy,-0.016080000000000004
2021-04-08,Energy,0.05082
2021-04-09,Energy,-0.06744
2021-04-12,Energy,0.14817
2021-04-13,Energy,0.14788666666666667
2021-04-14,Energy,0.04903833333333334
2021-04-15,Energy,0.05303999999999999
2021-04-16,Energy,0.14391333333333334
2021-04-19,Energy,0.14303833333333332
2021-04-20,Energy,0.21886333333333333
2021-04-21,Energy,0.07342
2021-04-22,Energy,-0.10957933333333333
2021-04-23,Energy,-0.0432225
2021-04-26,Energy,-0.015539999999999993
2021-04-27,Energy,0.011346666666666666
2021-04-28,Energy,0.246304
2021-04-29,Energy,0.12879333333333334
2021-04-30,Energy,0.21353339285714285
2021-05-03,Energy,0.110335
2021-05-04,Energy,0.07755585714285713
2021-05-05,Energy,0.09709333333333332
2021-05-06,Energy,0.21659333333333333
2021-05-07,Energy,-0.027849999999999996
2021-05-10,Energy,0.12950857142857145
2021-05-11,Energy,-0.013576000000000001
2021-05-12,Energy,0.08538
2021-05-13,Energy,0.0
2021-05-14,Energy,-0.014713333333333333
2021-05-17,Energy,0.19600133333333333
2021-05-18,Energy,-0.011774999999999997
2021-05-19,Energy,-0.047685
2021-05-20,Energy,0.04046
2021-05-21,Energy,0.035685999999999996
2021-05-24,Energy,0.09372833333333333
2021-05-25,Energy,0.1286983333333333
2021-05-26,Energy,0.32514000000000004
2021-05-27,Energy,0.06835533333333332
2021-05-28,Energy,-0.025832000000000004
2021-06-01,Energy,0.09277866666666665
2021-06-02,Energy,0.18844100000000003
2021-06-03,Energy,0.21179333333333336
2021-06-04,Energy,0.0
2021-06-07,Energy,-0.08959333333333333
2021-06-08,Energy,0.16645
2021-06-09,Energy,0.076322
2021-06-10,Energy,0.12267000000000002
2021-06-11,Energy,0.032575
2021-06-14,Energy,0.26552133333333333
2021-06-15,Energy,0.20579
2021-06-16,Energy,0.27930200000000005
2021-06-17,Energy,0.03200666666666667
2021-06-18,Energy,0.07921500000000001
2021-06-21,Energy,0.18503549999999996
2021-06-22,Energy,0.042505
2021-06-23,Energy,0.247728
2021-06-24,Energy,0.14267166666666667
2021-06-25,Energy,0.09781333333333334
2021-06-28,Energy,0.013318333333333343
2021-06-29,Energy,0.47541199999999995
2021-06-30,Energy,0.16301000000000002
2021-07-01,Energy,0.165128
2021-07-02,Energy,0.31560166666666667
2021-07-06,Energy,-0.06751333333333333
2021-07-07,Energy,0.03292166666666666
2021-07-08,Energy,0.09235333333333332
2021-07-09,Energy,0.324276
2021-07-12,Energy,0.309535
2021-07-13,Energy,-0.10464
2021-07-14,Energy,0.08196
2021-07-15,Energy,-0.0031853333333333343
2021-07-16,Energy,0.09062533333333334
2021-07-19,Energy,0.07562933333333333
2021-07-20,Energy,0.10104666666666666
2021-07-21,Energy,0.40607
2021-07-22,Energy,0.05221666666666667
2021-07-23,Energy,0.35860533333333333
2021-07-26,Energy,0.025487333333333327
2021-07-27,Energy,0.09878
2021-07-28,Energy,0.08897999999999999
2021-07-29,Energy,0.08030599999999999
2021-07-30,Energy,0.09578136363636364
2021-08-02,Energy,0.05327066666666667
2021-08-03,Energy,0.32789666666666667
2021-08-04,Energy,0.0
2021-08-05,Energy,0.03661133333333334
2021-08-06,Energy,-0.024933333333333328
2021-08-09,Energy,-0.051016666666666655
2021-08-10,Energy,-0.005600000000000008
2021-08-11,Energy,0.10411466666666666
2021-08-12,Energy,-0.11172
2021-08-13,Energy,0.029599999999999998
2021-08-16,Energy,-0.005072380952380937
2021-08-17,Energy,-0.123085
2021-08-18,Energy,0.10933499999999999
2021-08-19,Energy,0.0444957142857143
2021-08-20,Energy,-0.15009999999999998
2021-08-23,Energy,0.2196127272727273
2021-08-24,Energy,0.03265666666666667
2021-08-25,Energy,0.02732
2021-08-26,Energy,0.054888000000000006
2021-08-27,Energy,0.002534999999999998
2021-08-30,Energy,-0.043471428571428564
2021-08-31,Energy,0.06397266666666668
2021-09-01,Energy,0.059452857142857155
2021-09-02,Energy,0.2805345641025641
2021-09-03,Energy,0.11881678571428571
2021-09-07,Energy,0.26424
2021-09-08,Energy,0.07564476190476191
2021-09-09,Energy,0.31359314285714285
2021-09-10,Energy,-0.04665166666666666
2021-09-13,Energy,0.15010821428571428
2021-09-14,Energy,-0.029349999999999998
2021-09-15,Energy,-0.049584
2021-09-16,Energy,-0.084416
2021-09-17,Energy,0.030506666666666665
2021-09-20,Energy,0.045501999999999994
2021-09-21,Energy,0.14829
2021-09-22,Energy,0.13781500000000002
2021-09-23,Energy,0.20346999999999998
2021-09-24,Energy,0.056746666666666654
2021-09-27,Energy,0.10311777777777778
2021-09-28,Energy,0.0075466666666666685
2021-09-29,Energy,0.15419714285714284
2021-09-30,Energy,0.09925333333333333
2021-10-01,Energy,0.08971500000000002
2021-10-04,Energy,0.16785
2021-10-05,Energy,0.168205
2021-10-06,Energy,0.14925333333333332
2021-10-07,Energy,0.16124714285714284
2021-10-08,Energy,0.06665015873015874
2021-10-11,Energy,0.020648095238095243
2021-10-12,Energy,0.14042666666666667
2021-10-13,Energy,0.24080666666666667
2021-10-14,Energy,0.133125
2021-10-15,Energy,0.23012699999999997
2021-10-18,Energy,0.056831999999999994
2021-10-19,Energy,0.22974599999999995
2021-10-20,Energy,0.07269
2021-10-21,Energy,0.07890166666666668
2021-10-22,Energy,0.18811790476190476
2021-10-25,Energy,0.16669333333333333
2021-10-26,Energy,0.1530657142857143
2021-10-27,Energy,0.03407428571428571
2021-10-28,Energy,0.07364
2021-10-29,Energy,0.3794511111111111
2021-11-01,Energy,0.11083416666666665
2021-11-02,Energy,0.034695555555555556
2021-11-03,Energy,0.002993333333333334
2021-11-04,Energy,0.22549733333333336
2021-11-05,Energy,0.17871166666666666
2021-11-08,Energy,0.14063466666666669
2021-11-09,Energy,0.056896
2021-11-10,Energy,-0.010780000000000003
2021-11-11,Energy,0.20827
2021-11-12,Energy,0.0
2021-11-15,Energy,0.024835
2021-11-16,Energy,0.022814999999999995
2021-11-17,Energy,0.013671428571428574
2021-11-18,Energy,-0.02454666666666667
2021-11-19,Energy,-0.0007142857142857145
2021-11-22,Energy,-0.0009850000000000026
2021-11-23,Energy,0.23750900000000003
2021-11-24,Energy,0.07741333333333333
2021-11-26,Energy,-0.26540933333333333
2021-11-29,Energy,-0.04848666666666665
2021-11-30,Energy,-0.043840000000000004
2021-12-01,Energy,0.38654333333333335
2021-12-02,Energy,0.12604126984126984
2021-12-03,Energy,-0.003618333333333333
2021-12-06,Energy,0.04875238095238094
2021-12-07,Energy,0.09231233333333333
2021-12-08,Energy,0.13581666666666664
2021-12-09,Energy,0.02228
2021-12-10,Energy,0.17247200000000001
2021-12-13,Energy,0.07221809523809523
2021-12-14,Energy,0.19192
2021-12-15,Energy,0.11546000000000003
2021-12-16,Energy,0.09286999999999998
2021-12-17,Energy,0.10636000000000001
2021-12-20,Energy,-0.01071333333333333
2021-12-21,Energy,0.0
2021-12-22,Energy,0.07003000000000001
2021-12-23,Energy,-0.017926666666666667
2021-12-27,Energy,0.2920166666666667
2021-12-28,Energy,-0.02782
2021-12-29,Energy,0.18331999999999998
2021-12-30,Energy,0.01828
2021-12-31,Energy,0.237732
2022-01-03,Energy,0.12616857142857144
2022-01-04,Energy,0.036173333333333335
2022-01-05,Energy,0.10282333333333335
2022-01-06,Energy,0.11660666666666666
2022-01-07,Energy,0.3688533333333333
2022-01-10,Energy,0.17432971428571425
2022-01-11,Energy,0.1270495238095238
2022-01-12,Energy,0.26602249999999994
2022-01-13,Energy,0.19629933333333333
2022-01-14,Energy,0.18944
2022-01-18,Energy,0.22657714285714287
2022-01-19,Energy,0.19422666666666666
2022-01-20,Energy,0.13755666666666666
2022-01-21,Energy,0.04093899999999999
2022-01-24,Energy,0.05940583333333334
2022-01-25,Energy,0.144252
2022-01-26,Energy,0.17357777777777778
2022-01-27,Energy,0.15131666666666668
2022-01-28,Energy,0.1565898611111111
2022-01-31,Energy,0.15218500000000001
2022-02-01,Energy,0.12020139130434782
2022-02-02,Energy,0.23078933333333335
2022-02-03,Energy,0.21630138888888886
2022-02-04,Energy,0.184125
2022-02-07,Energy,0.22197436507936508
2022-02-08,Energy,0.224418
2022-02-09,Energy,0.17485
2022-02-10,Energy,-0.03247428571428572
2022-02-11,Energy,0.158742
2022-02-14,Energy,0.19662015873015873
2022-02-15,Energy,0.11057466666666667
2022-02-16,Energy,0.17549466666666666
2022-02-17,Energy,0.154996
2022-02-18,Energy,0.03387000000000003
2022-02-22,Energy,0.05386025000000001
2022-02-23,Energy,0.12667799999999999
2022-02-24,Energy,-0.08878744444444445
2022-02-25,Energy,0.17728692307692306
2022-02-28,Energy,0.12492233333333339
2022-03-01,Energy,0.11874300438596493
2022-03-02,Energy,0.1997742857142857
2022-03-03,Energy,0.2143530402930403
2022-03-04,Energy,0.09411733333333334
2022-03-07,Energy,0.0566226043956044
2022-03-08,Energy,0.13934066666666664
2022-03-09,Energy,0.09557000000000002
2022-03-10,Energy,0.11459257142857142
2022-03-11,Energy,0.19054722222222226
2022-03-14,Energy,0.1866496111111111
2022-03-15,Energy,0.24278566666666665
2022-03-16,Energy,0.20288373376623378
2022-03-17,Energy,0.1461848484848485
2022-03-18,Energy,0.07005333333333333
2022-03-21,Energy,0.11570487012987014
2022-03-22,Energy,0.17868106493506491
2022-03-23,Energy,0.04885833333333333
2022-03-24,Energy,0.1765320769230769
2022-03-25,Energy,0.30984266666666666
2022-03-28,Energy,0.3052688888888889
2022-03-29,Energy,0.1558225454545455
2022-03-30,Energy,0.26949666666666666
2022-03-31,Energy,-0.005283333333333309
2022-04-01,Energy,0.418987
2022-04-04,Energy,0.2509972222222222
2022-04-05,Energy,0.014308999999999994
2022-04-06,Energy,0.15686999999999998
2022-04-07,Energy,0.196906
2022-04-08,Energy,0.24389628571428576
2022-04-11,Energy,0.28957
2022-04-12,Energy,0.16101255555555555
2022-04-13,Energy,0.20094100000000004
2022-04-14,Energy,0.23209
2022-04-18,Energy,0.22792777777777778
2022-04-19,Energy,0.24727999999999994
2022-04-20,Energy,0.293675
2022-04-21,Energy,0.18664166666666665
2022-04-22,Energy,0.22879133333333335
2022-04-25,Energy,0.14164773737373737
2022-04-26,Energy,0.1352757142857143
2022-04-27,Energy,0.28945177777777775
2022-04-28,Energy,0.25190904761904764
2022-04-29,Energy,0.0005182962962962908
2022-05-02,Energy,0.15282261538461536
2022-05-03,Energy,0.22929333333333335
2022-05-04,Energy,0.11431333333333331
2022-05-05,Energy,0.3922933809523809
2022-05-06,Energy,0.16512907142857142
2022-05-09,Energy,0.13523232034632032
2022-05-10,Energy,0.16851523809523808
2022-05-11,Energy,0.24223500000000003
2022-05-12,Energy,0.12263464285714284
2022-05-13,Energy,0.09309066666666667
2022-05-16,Energy,0.08997337484737485
2022-05-17,Energy,0.0983619393939394
2022-05-18,Energy,0.11387297435897437
2022-05-19,Energy,0.20135514285714287
2022-05-20,Energy,0.16935799999999998
2022-05-23,Energy,0.1372813333333333
2022-05-24,Energy,0.2719446666666666
2022-05-25,Energy,0.19436309523809522
2022-05-26,Energy,0.24539300000000003
2022-05-27,Energy,0.2549390476190476
2022-05-31,Energy,0.24734866300366298
2022-06-01,Energy,0.2214547619047619
2022-06-02,Energy,0.3460806666666667
2022-06-03,Energy,0.29433633333333337
2022-06-06,Energy,0.21226630036630034
2022-06-07,Energy,0.1994507857142857
2022-06-08,Energy,0.22889571428571429
2022-06-09,Energy,0.13031600000000002
2022-06-10,Energy,0.176406
2022-06-13,Energy,0.15578176767676769
2022-06-14,Energy,0.18208333333333332
2022-06-15,Energy,0.23829000000000003
2022-06-16,Energy,0.06165
2022-06-17,Energy,0.20025266666666663
2022-06-21,Energy,0.09430572398190044
2022-06-22,Energy,0.062356111111111126
2022-06-23,Energy,0.15936861111111114
2022-06-24,Energy,-0.07659916666666668
2022-06-27,Energy,0.10698866666666666
2022-06-28,Energy,0.3297922689075631
2022-06-29,Energy,0.18123254945054945
2022-06-30,Energy,-0.028142499999999994
2022-07-01,Energy,0.24145807692307691
2022-07-05,Energy,0.06447617424242424
2022-07-06,Energy,0.3303662142857143
2022-07-07,Energy,0.2785444444444445
2022-07-08,Energy,0.150518
2022-07-11,Energy,0.08065548717948719
2022-07-12,Energy,0.2580161904761905
2022-07-13,Energy,0.25527500000000003
2022-07-14,Energy,0.21600917748917747
2022-07-15,Energy,0.2746783333333333
2022-07-18,Energy,0.31977523809523806
2022-07-19,Energy,0.367924
2022-07-20,Energy,0.2618214285714286
2022-07-21,Energy,0.21977933333333333
2022-07-22,Energy,0.308425
2022-07-25,Energy,0.43317804906204904
2022-07-26,Energy,0.09936999999999999
2022-07-27,Energy,0.15569495238095238
2022-07-28,Energy,0.261572393939394
2022-07-29,Energy,0.38085884615384613
2022-08-01,Energy,0.2153644696969697
2022-08-02,Energy,0.1739225
2022-08-03,Energy,0.3035735614973262
2022-08-04,Energy,0.22090380952380953
2022-08-05,Energy,0.261764
2022-08-08,Energy,0.1427767619047619
2022-08-09,Energy,0.06155720634920634
2022-08-10,Energy,0.1776175238095238
2022-08-11,Energy,0.19750666666666666
2022-08-12,Energy,0.211706
2022-08-15,Energy,0.15425034343434346
2022-08-16,Energy,0.20017333333333331
2022-08-17,Energy,0.3339133333333333
2022-08-18,Energy,-0.016281666666666656
2022-08-19,Energy,0.12822866666666669
2022-08-22,Energy,0.19542711111111113
2022-08-23,Energy,0.16896444444444444
2022-08-24,Energy,0.011546
2022-08-25,Energy,0.118115
2022-08-26,Energy,0.11083133333333332
2022-08-29,Energy,0.24241666666666667
2022-08-30,Energy,0.08979285714285715
2022-08-31,Energy,0.2681758181818182
2022-09-01,Energy,0.12600899999999998
2022-09-02,Energy,0.19604976190476192
2022-09-06,Energy,0.10204566666666667
2022-09-07,Energy,0.22184833333333334
2022-09-08,Energy,0.32087666666666664
2022-09-09,Energy,0.046008000000000014
2022-09-12,Energy,0.17194666666666666
2022-09-13,Energy,0.29585619047619044
2022-09-14,Energy,0.10398
2022-09-15,Energy,0.26515968253968253
2022-09-16,Energy,0.5234825
2022-09-19,Energy,0.067237
2022-09-20,Energy,0.22143666666666664
2022-09-21,Energy,0.24372500000000002
2022-09-22,Energy,0.11057333333333333
2022-09-23,Energy,-0.07429949999999999
2022-09-26,Energy,0.032483333333333336
2022-09-27,Energy,-0.04096857142857143
2022-09-28,Energy,0.20386666666666664
2022-09-29,Energy,0.19747133333333333
2022-09-30,Energy,0.1819309523809524
2022-10-03,Energy,0.1501691025641026
2022-10-04,Energy,0.19415333333333334
2022-10-05,Energy,0.2519033333333333
2022-10-06,Energy,0.174282
2022-10-07,Energy,0.30677771428571426
2022-10-10,Energy,0.17453261904761905
2022-10-11,Energy,0.11715800000000001
2022-10-12,Energy,0.30329723076923076
2022-10-13,Energy,0.105436
2022-10-14,Energy,0.18536009523809524
2022-10-17,Energy,0.08441016666666668
2022-10-18,Energy,0.03417000000000001
2022-10-19,Energy,0.177798
2022-10-20,Energy,0.12738033333333335
2022-10-21,Energy,0.14422692063492062
2022-10-24,Energy,0.1613127222222222
2022-10-25,Energy,0.11968800000000002
2022-10-26,Energy,0.09166133333333333
2022-10-27,Energy,0.10316872727272727
2022-10-28,Energy,0.2768212222222222
2022-10-31,Energy,0.17179775
2022-11-01,Energy,0.09582818181818181
2022-11-02,Energy,0.2955577619047619
2022-11-03,Energy,0.33310833333333334
2022-11-04,Energy,0.058093333333333344
2022-11-07,Energy,0.11255493506493508
2022-11-08,Energy,0.128145
2022-11-09,Energy,-0.047135
2022-11-10,Energy,0.12490666666666668
2022-11-11,Energy,0.184182
2022-11-14,Energy,0.3127491375291375
2022-11-15,Energy,0.3655842857142857
2022-11-16,Energy,0.321718
2022-11-17,Energy,0.07034033333333334
2022-11-18,Energy,0.03239433333333334
2022-11-21,Energy,0.14882050000000002
2022-11-22,Energy,-0.03254800000000001
2022-11-23,Energy,0.23557861904761906
2022-11-25,Energy,0.30254200000000003
2022-11-28,Energy,0.028048250000000007
2022-11-29,Energy,0.0485125
2022-11-30,Energy,0.18712361904761904
2022-12-01,Energy,0.04599666666666663
2022-12-02,Energy,0.36646
2022-12-05,Energy,0.15690055555555554
2022-12-06,Energy,0.2554343333333334
2022-12-07,Energy,0.08797690476190476
2022-12-08,Energy,0.23874189743589747
2022-12-09,Energy,0.08606507936507937
2022-12-12,Energy,0.26253452380952386
2022-12-13,Energy,0.17322166666666666
2022-12-14,Energy,-0.048950666666666656
2022-12-15,Energy,0.0367575
2022-12-16,Energy,0.11407199999999999
2022-12-19,Energy,0.11085266666666667
2022-12-20,Energy,0.2636658333333334
2022-12-21,Energy,0.08419666666666667
2022-12-22,Energy,0.278825
2022-12-23,Energy,0.099052
2022-12-27,Energy,0.2723753186813187
2022-12-28,Energy,0.06437904761904763
2022-12-29,Energy,0.057069999999999996
2022-12-30,Energy,0.19043500000000002
2023-01-03,Energy,0.3251784285714286
2023-01-04,Energy,0.28200000000000003
2023-01-05,Energy,0.2573978571428571
2023-01-06,Energy,0.22887314285714283
2023-01-09,Energy,0.3181123809523809
2023-01-10,Energy,0.05216857142857143
2023-01-11,Energy,0.15483
2023-01-12,Energy,0.014919642857142859
2023-01-13,Energy,0.16456357142857145
2023-01-17,Energy,0.09697011764705883
2023-01-18,Energy,0.254015
2023-01-19,Energy,0.10337333333333334
2023-01-20,Energy,0.18298861538461536
2023-01-23,Energy,0.28007443181818176
2023-01-24,Energy,0.2621747619047619
2023-01-25,Energy,0.1734116666666667
2023-01-26,Energy,0.15806846153846155
2023-01-27,Energy,0.16970642857142856
2023-01-30,Energy,0.14122138528138528
2023-01-31,Energy,0.18721907692307696
2023-02-01,Energy,-0.06574577777777776
2023-02-02,Energy,0.2686290476190476
2023-02-03,Energy,-0.058344999999999994
2023-02-06,Energy,0.1215688888888889
2023-02-07,Energy,0.05344190476190477
2023-02-08,Energy,0.11562888888888889
2023-02-09,Energy,0.09987447619047618
2023-02-10,Energy,0.19685666666666668
2023-02-13,Energy,0.27560555555555555
2023-02-14,Energy,-0.0626
2023-02-15,Energy,0.07179333333333332
2023-02-16,Energy,0.17788177777777778
2023-02-17,Energy,0.14203642857142856
2023-02-21,Energy,0.1682840404040404
2023-02-22,Energy,0.10639866666666667
2023-02-23,Energy,0.14421714285714288
2023-02-24,Energy,0.06867000000000001
2023-02-27,Energy,-0.026012476190476187
2023-02-28,Energy,0.1521077777777778
2023-03-01,Energy,0.08658166666666667
2023-03-02,Energy,0.2898641666666667
2023-03-03,Energy,0.11081833333333335
2023-03-06,Energy,0.06807433333333332
2023-03-07,Energy,0.14119533333333334
2023-03-08,Energy,0.1370966666666667
2023-03-09,Energy,0.29300483333333327
2023-03-10,Energy,0.150556
2023-03-13,Energy,0.18180194444444445
2023-03-14,Energy,0.2182175238095238
2023-03-15,Energy,0.12476357142857145
2023-03-16,Energy,-0.022087000000000002
2023-03-17,Energy,0.05039333333333333
2023-03-20,Energy,0.29439366666666666
2023-03-21,Energy,-0.005340666666666668
2023-03-22,Energy,0.17084
2023-03-23,Energy,0.14011
2023-03-24,Energy,0.14876799999999996
2023-03-27,Energy,0.09658916666666666
2023-03-28,Energy,0.18322333333333332
2023-03-29,Energy,0.046467888888888885
2023-03-30,Energy,0.08166466666666668
2023-03-31,Energy,0.185113
2023-04-03,Energy,0.08040888157894736
2023-04-04,Energy,0.36389187301587306
2023-04-05,Energy,0.10206341991341991
2023-04-06,Energy,0.14171999999999998
2023-04-10,Energy,0.12797485883681536
2023-04-11,Energy,0.10223555555555555
2023-04-12,Energy,0.08137166666666668
2023-04-13,Energy,0.136205
2023-04-14,Energy,0.24657
2023-04-17,Energy,0.08017500000000001
2023-04-18,Energy,0.07578186868686869
2023-04-19,Energy,0.26410066666666665
2023-04-20,Energy,0.1629066666666667
2023-04-21,Energy,0.15349503296703298
2023-04-24,Energy,0.15208166666666667
2023-04-25,Energy,0.15306357142857144
2023-04-26,Energy,0.14325000000000002
2023-04-27,Energy,0.11976316666666667
2023-04-28,Energy,0.2578832062561095
2023-05-01,Energy,0.1051889298245614
2023-05-02,Energy,0.056299317460317466
2023-05-03,Energy,0.05312323809523809
2023-05-04,Energy,0.16617638095238094
2023-05-05,Energy,0.13350800000000002
2023-05-08,Energy,0.1449612380952381
2023-05-09,Energy,0.28330285714285713
2023-05-10,Energy,0.09902300000000001
2023-05-11,Energy,0.311815
2023-05-12,Energy,0.034818666666666664
2023-05-15,Energy,0.14068736868686868
2023-05-16,Energy,0.05464
2023-05-17,Energy,-0.054018888888888894
2023-05-18,Energy,0.12055900000000001
2023-05-19,Energy,0.05808500000000001
2023-05-22,Energy,0.1731631111111111
2023-05-23,Energy,0.028745285714285706
2023-05-24,Energy,-0.00886142857142857
2023-05-25,Energy,0.07084288888888887
2023-05-26,Energy,0.23989777777777777
2023-05-30,Energy,0.1907063492063492
2023-05-31,Energy,0.191812
2023-06-01,Energy,0.21195583333333334
2023-06-02,Energy,-0.008746060606060601
2023-06-05,Energy,0.13418966666666668
2023-06-06,Energy,0.02601866666666667
2023-06-07,Energy,0.09179
2023-06-08,Energy,0.0346895238095238
2023-06-09,Energy,0.07747790476190476
2023-06-12,Energy,0.080145
2023-06-13,Energy,0.1650333333333333
2023-06-14,Energy,0.1340866666666667
2023-06-15,Energy,0.07097733333333334
2023-06-16,Energy,0.17165333333333332
2023-06-20,Energy,0.096502
2023-06-21,Energy,0.06106
2023-06-22,Energy,0.01175671717171718
2023-06-23,Energy,0.11047
2023-06-26,Energy,0.06146533333333334
2023-06-27,Energy,0.10788
2023-06-28,Energy,0.131444
2023-06-29,Energy,0.1282768181818182
2023-06-30,Energy,-0.00838366666666665
2023-07-03,Energy,0.29002133333333335
2023-07-05,Energy,0.05113912087912089
2023-07-06,Energy,0.18287809523809526
2023-07-07,Energy,0.014174285714285719
2023-07-10,Energy,0.16871457142857144
2023-07-11,Energy,-0.028603095238095233
2023-07-12,Energy,0.08751042857142857
2023-07-13,Energy,0.2064359523809524
2023-07-14,Energy,0.1315706153846154
2023-07-17,Energy,0.22196183333333336
2023-07-18,Energy,0.032260666666666674
2023-07-19,Energy,0.0264
2023-07-20,Energy,0.18254016666666667
2023-07-21,Energy,0.013873492753623184
2023-07-24,Energy,0.21356000000000003
2023-07-25,Energy,0.16043333333333332
2023-07-26,Energy,0.11194199999999999
2023-07-27,Energy,0.06493600000000001
2023-07-28,Energy,0.27942
2023-07-31,Energy,0.30365938095238093
2023-08-01,Energy,0.196396
2023-08-02,Energy,0.11179999999999998
2023-08-03,Energy,0.05123399999999999
2023-08-04,Energy,0.08171
2023-08-07,Energy,0.17754866666666666
2023-08-08,Energy,0.2855783333333333
2023-08-09,Energy,-0.027327500000000005
2023-08-10,Energy,0.216154
2023-08-11,Energy,0.14479712087912086
2023-08-14,Energy,0.2467588888888889
2023-08-15,Energy,0.02710309523809522
2023-08-16,Energy,0.15821333333333334
2023-08-17,Energy,0.09921375824175824
2023-08-18,Energy,0.15395314285714287
2023-08-21,Energy,0.22412225000000002
2023-08-22,Energy,0.02253304761904762
2023-08-23,Energy,0.18786301587301588
2023-08-24,Energy,0.05484
2023-08-25,Energy,0.06402250000000001
2023-08-28,Energy,0.22654901515151513
2023-08-29,Energy,-0.029006818181818182
2023-08-30,Energy,0.15372603174603175
2023-08-31,Energy,0.10197700000000001
2023-09-01,Energy,0.20493333333333333
2023-09-05,Energy,-0.011386130952380957
2023-09-06,Energy,0.25850523809523807
2023-09-07,Energy,0.16980350000000002
2023-09-08,Energy,0.13909214285714291
2023-09-11,Energy,0.22706222222222222
2023-09-12,Energy,-0.008250000000000013
2023-09-13,Energy,0.13015444444444443
2023-09-14,Energy,0.1542033333333333
2023-09-15,Energy,-0.01634133333333333
2023-09-18,Energy,0.0345068888888889
2023-09-19,Energy,0.11820538461538461
2023-09-20,Energy,0.0025932467532467475
2023-09-21,Energy,0.15800333333333333
2023-09-22,Energy,0.23358149999999997
2023-09-25,Energy,0.1857675
2023-09-26,Energy,0.18070809523809525
2023-09-27,Energy,0.19824266666666665
2023-09-28,Energy,0.17428
2023-09-29,Energy,0.24948066666666668
2023-10-02,Energy,0.2974864285714286
2023-10-03,Energy,0.338522
2023-10-04,Energy,0.2713641212121212
2023-10-05,Energy,0.2555276923076923
2023-10-06,Energy,0.08474943589743592
2023-10-09,Energy,-0.1444853116883117
2023-10-10,Energy,0.12514444444444445
2023-10-11,Energy,0.05001579710144928
2023-10-12,Energy,0.254128
2023-10-13,Energy,-0.014841999999999998
2023-10-16,Energy,0.11338555555555556
2023-10-17,Energy,0.1024622857142857
2023-10-18,Energy,-0.041125598290598295
2023-10-19,Energy,0.2070929545454545
2023-10-20,Energy,0.09282517961570594
2023-10-23,Energy,0.020520303030303028
2023-10-24,Energy,0.2658635714285714
2023-10-25,Energy,0.1494660606060606
2023-10-26,Energy,0.138566673992674
2023-10-27,Energy,0.11622229885057471
2023-10-30,Energy,0.07132728715728717
2023-10-31,Energy,0.2600715
2023-11-01,Energy,0.17188444444444445
2023-11-02,Energy,0.0948804705882353
2023-11-03,Energy,0.137735
2023-11-06,Energy,0.14448642857142854
2023-11-07,Energy,0.1983861111111111
2023-11-08,Energy,0.08727816666666667
2023-11-09,Energy,0.10544921212121212
2023-11-10,Energy,0.16946761904761903
2023-11-13,Energy,0.19833274747474747
2023-11-14,Energy,0.2962706666666667
2023-11-15,Energy,0.08161
2023-11-16,Energy,-0.070295
2023-11-17,Energy,0.12271857142857143
2023-11-20,Energy,0.033035
2023-11-21,Energy,0.1489035714285714
2023-11-22,Energy,0.14795142857142857
2023-11-24,Energy,0.1271342857142857
2023-11-27,Energy,0.13624399999999998
2023-11-28,Energy,-0.018302999999999993
2023-11-29,Energy,0.06211361111111111
2023-11-30,Energy,0.13236533333333333
2023-12-01,Energy,0.0
2023-12-04,Energy,0.04589
2023-12-05,Energy,-0.0012753333333333366
2023-12-06,Energy,0.22542714285714288
2023-12-07,Energy,-0.04833199999999999
2023-12-08,Energy,0.12697642857142857
2023-12-11,Energy,0.18627567933634992
2023-12-12,Energy,0.05845846153846155
2023-12-13,Energy,0.22823555555555552
2023-12-14,Energy,0.11440333333333334
2023-12-15,Energy,0.08191999999999999
2023-12-18,Energy,0.14309214285714286
2023-12-19,Energy,0.0
2023-12-20,Energy,0.0
2023-12-21,Energy,0.0
2023-12-22,Energy,0.0
2023-12-26,Energy,0.0
2023-12-27,Energy,0.0
2023-12-28,Energy,0.0
2023-12-29,Energy,0.0
2020-01-02,Financials,0.076456
2020-01-03,Financials,0.05045500000000001
2020-01-06,Financials,0.022386
2020-01-07,Financials,0.15035500000000002
2020-01-08,Financials,0.28060999999999997
2020-01-09,Financials,0.2852693333333334
2020-01-10,Financials,0.12686
2020-01-13,Financials,0.15150000000000002
2020-01-14,Financials,0.034786190476190484
2020-01-15,Financials,0.06419279365079365
2020-01-16,Financials,0.10356280341880342
2020-01-17,Financials,0.20698
2020-01-21,Financials,0.13621222222222223
2020-01-22,Financials,0.01531
2020-01-23,Financials,0.01361
2020-01-24,Financials,-0.06443
2020-01-27,Financials,0.08393333333333333
2020-01-28,Financials,0.14134285714285716
2020-01-29,Financials,0.16484500000000002
2020-01-30,Financials,0.020736666666666667
2020-01-31,Financials,0.03467142857142856
2020-02-03,Financials,0.08093999999999998
2020-02-04,Financials,0.29138000000000003
2020-02-05,Financials,-0.1222
2020-02-06,Financials,0.23946266666666666
2020-02-07,Financials,0.04199
2020-02-10,Financials,0.13638333333333336
2020-02-11,Financials,0.2649071428571429
2020-02-12,Financials,0.15255333333333332
2020-02-13,Financials,0.08528
2020-02-14,Financials,0.06057333333333333
2020-02-18,Financials,-0.012308095238095233
2020-02-19,Financials,0.03906
2020-02-20,Financials,0.26420055555555555
2020-02-21,Financials,0.20861200000000002
2020-02-24,Financials,-0.003994666666666665
2020-02-25,Financials,0.2680133333333333
2020-02-26,Financials,0.19781066666666666
2020-02-27,Financials,0.09236000000000003
2020-02-28,Financials,-0.010816666666666676
2020-03-02,Financials,0.13390666666666667
2020-03-03,Financials,-0.06856999999999999
2020-03-04,Financials,0.157775
2020-03-05,Financials,0.08054666666666666
2020-03-06,Financials,-0.0338315
2020-03-09,Financials,0.15535333333333332
2020-03-10,Financials,0.12126222222222223
2020-03-11,Financials,0.06852
2020-03-12,Financials,-0.059816666666666664
2020-03-13,Financials,0.03649666666666666
2020-03-16,Financials,0.08476142857142857
2020-03-17,Financials,-0.0027349999999999987
2020-03-18,Financials,-0.13399999999999998
2020-03-19,Financials,-0.2724666666666667
2020-03-20,Financials,-0.022520000000000005
2020-03-23,Financials,0.03685999999999999
2020-03-24,Financials,0.54681
2020-03-25,Financials,0.03408000000000001
2020-03-26,Financials,0.219712
2020-03-27,Financials,0.1252636666666667
2020-03-30,Financials,-0.26531000000000005
2020-03-31,Financials,-0.018083333333333337
2020-04-01,Financials,0.1387889523809524
2020-04-02,Financials,0.054067333333333335
2020-04-03,Financials,0.008807857142857155
2020-04-06,Financials,0.18961117845117842
2020-04-07,Financials,0.12760833333333332
2020-04-08,Financials,0.06647675324675323
2020-04-09,Financials,0.18406799999999998
2020-04-13,Financials,0.06532363636363636
2020-04-14,Financials,0.07701931351981353
2020-04-15,Financials,0.08366612179487179
2020-04-16,Financials,0.046893444444444446
2020-04-17,Financials,0.09164422727272728
2020-04-20,Financials,0.15131761904761903
2020-04-21,Financials,-0.0837133333333333
2020-04-22,Financials,0.14547733333333332
2020-04-23,Financials,0.164665
2020-04-24,Financials,-0.17162833333333333
2020-04-27,Financials,0.1055005
2020-04-28,Financials,0.188955
2020-04-29,Financials,0.13286166666666666
2020-04-30,Financials,0.0638540476190476
2020-05-01,Financials,-0.03620166666666666
2020-05-04,Financials,0.0886
2020-05-05,Financials,-0.018242666666666667
2020-05-06,Financials,0.05749166666666668
2020-05-07,Financials,-0.09563666666666668
2020-05-08,Financials,0.057905666666666654
2020-05-11,Financials,0.134199
2020-05-12,Financials,-0.1758984761904762
2020-05-13,Financials,0.1009052077922078
2020-05-14,Financials,0.10631888888888888
2020-05-15,Financials,0.187885
2020-05-18,Financials,0.06924287301587301
2020-05-19,Financials,0.1224452857142857
2020-05-20,Financials,0.40675777777777783
2020-05-21,Financials,0.09022100000000001
2020-05-22,Financials,-0.022813333333333352
2020-05-26,Financials,0.19625738095238096
2020-05-27,Financials,0.30920257142857144
2020-05-28,Financials,0.013463999999999999
2020-05-29,Financials,0.002610000000000005
2020-06-01,Financials,0.181625
2020-06-02,Financials,0.1036388888888889
2020-06-03,Financials,0.16717457142857142
2020-06-04,Financials,0.28560833333333335
2020-06-05,Financials,0.3722336666666667
2020-06-08,Financials,0.2572957142857143
2020-06-09,Financials,0.2632161904761905
2020-06-10,Financials,0.15794190476190476
2020-06-11,Financials,0.03040844444444446
2020-06-12,Financials,0.018
2020-06-15,Financials,0.13254000000000002
2020-06-16,Financials,0.011966666666666658
2020-06-17,Financials,0.033611999999999996
2020-06-18,Financials,-0.06404499999999999
2020-06-19,Financials,-0.04151
2020-06-22,Financials,-0.022099999999999998
2020-06-23,Financials,0.17885333333333334
2020-06-24,Financials,0.05419800000000001
2020-06-25,Financials,0.09091599999999998
2020-06-26,Financials,-0.00033190476190474437
2020-06-29,Financials,0.19323600000000002
2020-06-30,Financials,0.16352571428571427
2020-07-01,Financials,-0.18406
2020-07-02,Financials,0.11259666666666665
2020-07-06,Financials,0.093798
2020-07-07,Financials,0.04044000000000001
2020-07-08,Financials,0.20341333333333336
2020-07-09,Financials,0.03966388888888889
2020-07-10,Financials,0.2126488888888889
2020-07-13,Financials,-0.028806
2020-07-14,Financials,0.04541851388888889
2020-07-15,Financials,0.36340852173913046
2020-07-16,Financials,-0.019339696969696986
2020-07-17,Financials,-0.013215047619047612
2020-07-20,Financials,0.05977714285714286
2020-07-21,Financials,0.18474666666666667
2020-07-22,Financials,0.03539833333333332
2020-07-23,Financials,0.07820833333333334
2020-07-24,Financials,-0.09399
2020-07-27,Financials,0.11149833333333334
2020-07-28,Financials,0.041422857142857136
2020-07-29,Financials,0.10558190476190477
2020-07-30,Financials,0.18336400000000003
2020-07-31,Financials,0.09220999999999999
2020-08-03,Financials,0.12434333333333333
2020-08-04,Financials,0.042031666666666676
2020-08-05,Financials,0.07301500000000001
2020-08-06,Financials,0.002500000000000005
2020-08-07,Financials,0.023795
2020-08-10,Financials,0.26968333333333333
2020-08-11,Financials,0.13440000000000002
2020-08-12,Financials,0.02815111111111111
2020-08-13,Financials,-0.09380333333333335
2020-08-14,Financials,0.07930666666666666
2020-08-17,Financials,0.11480666666666668
2020-08-18,Financials,0.17562166666666665
2020-08-19,Financials,0.070078
2020-08-20,Financials,0.1856092857142857
2020-08-21,Financials,0.12545333333333336
2020-08-24,Financials,0.35712666666666665
2020-08-25,Financials,0.02632
2020-08-26,Financials,0.14192
2020-08-27,Financials,-0.07644999999999999
2020-08-28,Financials,-0.17319833333333332
2020-08-31,Financials,0.12786
2020-09-01,Financials,0.13754666666666665
2020-09-02,Financials,0.07634666666666666
2020-09-03,Financials,0.13491666666666666
2020-09-04,Financials,-0.10118466666666666
2020-09-08,Financials,0.036485
2020-09-09,Financials,-0.12675333333333333
2020-09-10,Financials,-0.0031266666666666665
2020-09-11,Financials,-0.07350999999999999
2020-09-14,Financials,0.0060033333333333275
2020-09-15,Financials,0.12745
2020-09-16,Financials,0.05115000000000001
2020-09-17,Financials,0.16122999999999998
2020-09-18,Financials,0.23232999999999998
2020-09-21,Financials,-0.050882000000000004
2020-09-22,Financials,0.22182999999999997
2020-09-23,Financials,0.14656799999999998
2020-09-24,Financials,0.2623275
2020-09-25,Financials,0.08038
2020-09-28,Financials,0.26048
2020-09-29,Financials,-0.051423333333333335
2020-09-30,Financials,0.04657871428571429
2020-10-01,Financials,0.08009066666666664
2020-10-02,Financials,0.14829555555555554
2020-10-05,Financials,0.21021466666666666
2020-10-06,Financials,0.2761166666666667
2020-10-07,Financials,0.10182399999999998
2020-10-08,Financials,0.14359249999999998
2020-10-09,Financials,0.16794166666666666
2020-10-12,Financials,0.206072673992674
2020-10-13,Financials,0.04080000000000001
2020-10-14,Financials,0.20539347826086957
2020-10-15,Financials,0.17836766666666667
2020-10-16,Financials,0.5440600000000001
2020-10-19,Financials,0.29946666666666666
2020-10-20,Financials,0.12677
2020-10-21,Financials,0.028311333333333334
2020-10-22,Financials,0.05850761904761905
2020-10-23,Financials,0.18292000000000003
2020-10-26,Financials,-0.008164000000000005
2020-10-27,Financials,0.019235
2020-10-28,Financials,0.017066190476190478
2020-10-29,Financials,0.13687
2020-10-30,Financials,0.10526533333333332
2020-11-02,Financials,0.12461666666666667
2020-11-03,Financials,-0.05631273809523809
2020-11-04,Financials,0.2205
2020-11-05,Financials,0.095108
2020-11-06,Financials,0.13046000000000002
2020-11-09,Financials,0.11014571428571429
2020-11-10,Financials,0.1362
2020-11-11,Financials,0.16673885714285713
2020-11-12,Financials,0.16508271794871796
2020-11-13,Financials,0.11298333333333332
2020-11-16,Financials,0.15984533333333334
2020-11-17,Financials,-0.04735466666666667
2020-11-18,Financials,0.15368166666666666
2020-11-19,Financials,0.26860266666666666
2020-11-20,Financials,0.14558
2020-11-23,Financials,0.037004
2020-11-24,Financials,0.20342000000000002
2020-11-25,Financials,-0.011058666666666675
2020-11-27,Financials,0.24755333333333335
2020-11-30,Financials,-0.049415
2020-12-01,Financials,0.36537
2020-12-02,Financials,0.11765
2020-12-03,Financials,0.10824666666666667
2020-12-04,Financials,-0.02116
2020-12-07,Financials,0.07916066666666666
2020-12-08,Financials,0.07563866666666666
2020-12-09,Financials,0.15089666666666668
2020-12-10,Financials,0.166943
2020-12-11,Financials,0.05635333333333333
2020-12-14,Financials,-0.026039999999999987
2020-12-15,Financials,0.229225
2020-12-16,Financials,0.32424333333333333
2020-12-17,Financials,0.27765933333333337
2020-12-18,Financials,0.12888
2020-12-21,Financials,-0.013007842105263174
2020-12-22,Financials,0.17498
2020-12-23,Financials,0.19794
2020-12-24,Financials,-0.13813333333333333
2020-12-28,Financials,0.14419688888888887
2020-12-29,Financials,-0.33083999999999997
2020-12-30,Financials,0.03512
2020-12-31,Financials,0.3139706666666667
2021-01-04,Financials,0.25509499999999996
2021-01-05,Financials,0.15123999999999999
2021-01-06,Financials,0.17285166666666668
2021-01-07,Financials,0.06808514285714284
2021-01-08,Financials,0.10129999999999999
2021-01-11,Financials,0.0010363768115942058
2021-01-12,Financials,0.018872611111111107
2021-01-13,Financials,0.15203666666666665
2021-01-14,Financials,-0.00020571428571427574
2021-01-15,Financials,0.17959025974025972
2021-01-19,Financials,0.14212688888888889
2021-01-20,Financials,0.16730418767507002
2021-01-21,Financials,0.11186500000000002
2021-01-22,Financials,0.021419999999999998
2021-01-25,Financials,0.19685833333333333
2021-01-26,Financials,0.21134166666666668
2021-01-27,Financials,0.04962333333333333
2021-01-28,Financials,0.050987222222222225
2021-01-29,Financials,0.045994999999999994
2021-02-01,Financials,0.020364
2021-02-02,Financials,0.25678333333333336
2021-02-03,Financials,0.27993199999999996
2021-02-04,Financials,0.07456
2021-02-05,Financials,-0.02756
2021-02-08,Financials,-0.0282167619047619
2021-02-09,Financials,0.06927999999999998
2021-02-10,Financials,0.013885000000000003
2021-02-11,Financials,0.181065
2021-02-12,Financials,0.0
2021-02-16,Financials,-0.015865999999999998
2021-02-17,Financials,0.1885389523809524
2021-02-18,Financials,0.07824
2021-02-19,Financials,0.12478
2021-02-22,Financials,-0.04404
2021-02-23,Financials,-0.025221111111111118
2021-02-24,Financials,0.038974999999999996
2021-02-25,Financials,0.096758
2021-02-26,Financials,0.11728999999999998
2021-03-01,Financials,0.03610171428571428
2021-03-02,Financials,0.26721333333333336
2021-03-03,Financials,0.07392476190476191
2021-03-04,Financials,0.008348
2021-03-05,Financials,0.20729199999999998
2021-03-08,Financials,0.17250333333333334
2021-03-09,Financials,0.02999466666666666
2021-03-10,Financials,0.2588033333333334
2021-03-11,Financials,0.08735333333333334
2021-03-12,Financials,0.07102333333333333
2021-03-15,Financials,0.20029500000000003
2021-03-16,Financials,0.06638999999999999
2021-03-17,Financials,0.17760999999999996
2021-03-18,Financials,0.0283425
2021-03-19,Financials,-0.0027339999999999977
2021-03-22,Financials,0.26345499999999994
2021-03-23,Financials,0.23181833333333332
2021-03-24,Financials,0.08981333333333333
2021-03-25,Financials,0.05159314285714285
2021-03-26,Financials,0.16831733333333335
2021-03-29,Financials,-0.2441113650793651
2021-03-30,Financials,0.0009532051282051285
2021-03-31,Financials,0.16539714285714285
2021-04-01,Financials,0.20756000000000002
2021-04-05,Financials,0.2153977056277056
2021-04-06,Financials,-0.0044830000000000095
2021-04-07,Financials,0.118735
2021-04-08,Financials,0.013633333333333334
2021-04-09,Financials,0.05724
2021-04-12,Financials,0.2565756507936508
2021-04-13,Financials,0.25476
2021-04-14,Financials,0.3014104692082112
2021-04-15,Financials,0.181344
2021-04-16,Financials,0.33595142857142857
2021-04-19,Financials,0.18960035714285714
2021-04-20,Financials,0.24356899999999998
2021-04-21,Financials,0.10066
2021-04-22,Financials,0.10831333333333334
2021-04-23,Financials,0.1973266666666667
2021-04-26,Financials,0.22180166666666667
2021-04-27,Financials,0.1622697142857143
2021-04-28,Financials,0.10704133333333332
2021-04-29,Financials,0.17947600000000002
2021-04-30,Financials,0.08123899999999999
2021-05-03,Financials,0.227425
2021-05-04,Financials,0.05498761904761904
2021-05-05,Financials,0.04262999999999999
2021-05-06,Financials,0.06389199999999999
2021-05-07,Financials,-0.005566666666666664
2021-05-10,Financials,0.043842000000000006
2021-05-11,Financials,0.06699
2021-05-12,Financials,0.0004983333333333312
2021-05-13,Financials,0.10149999999999999
2021-05-14,Financials,0.08267833333333333
2021-05-17,Financials,0.33476171428571433
2021-05-18,Financials,0.21800999999999998
2021-05-19,Financials,0.15349666666666667
2021-05-20,Financials,0.032130000000000006
2021-05-21,Financials,-0.01739666666666667
2021-05-24,Financials,-0.022225
2021-05-25,Financials,0.12155666666666667
2021-05-26,Financials,-0.08200333333333336
2021-05-27,Financials,0.009452499999999997
2021-05-28,Financials,0.19712999999999997
2021-06-01,Financials,0.08646622222222221
2021-06-02,Financials,0.18571200000000002
2021-06-03,Financials,0.01878
2021-06-04,Financials,0.24266333333333331
2021-06-07,Financials,0.21647904761904763
2021-06-08,Financials,0.16488666666666668
2021-06-09,Financials,0.24631100000000003
2021-06-10,Financials,0.06036333333333334
2021-06-11,Financials,0.17436
2021-06-14,Financials,0.0018666666666666664
2021-06-15,Financials,0.18109999999999998
2021-06-16,Financials,0.02448333333333333
2021-06-17,Financials,0.074566
2021-06-18,Financials,0.10663083333333334
2021-06-21,Financials,0.044726666666666665
2021-06-22,Financials,0.068865
2021-06-23,Financials,0.22124666666666665
2021-06-24,Financials,0.30991761904761905
2021-06-25,Financials,-0.05712095238095238
2021-06-28,Financials,0.05705933333333333
2021-06-29,Financials,0.17180666666666666
2021-06-30,Financials,0.15188066666666666
2021-07-01,Financials,0.16603545454545454
2021-07-02,Financials,0.19145666666666666
2021-07-06,Financials,-0.031528
2021-07-07,Financials,0.10241809523809527
2021-07-08,Financials,0.05763555555555555
2021-07-09,Financials,0.22826714285714286
2021-07-12,Financials,0.1357404761904762
2021-07-13,Financials,0.19924880341880344
2021-07-14,Financials,0.16503653846153848
2021-07-15,Financials,0.013963333333333338
2021-07-16,Financials,0.16244799999999998
2021-07-19,Financials,0.03464829437229436
2021-07-20,Financials,0.14509848484848484
2021-07-21,Financials,0.36421285714285717
2021-07-22,Financials,0.25251999999999997
2021-07-23,Financials,0.17565666666666666
2021-07-26,Financials,0.01126238095238095
2021-07-27,Financials,0.19690523809523808
2021-07-28,Financials,0.14181116666666665
2021-07-29,Financials,0.26981
2021-07-30,Financials,0.08879999999999999
2021-08-02,Financials,0.3174166666666666
2021-08-03,Financials,0.18288600000000002
2021-08-04,Financials,0.09749699999999999
2021-08-05,Financials,-0.0011666666666666603
2021-08-06,Financials,0.025580000000000002
2021-08-09,Financials,0.21649666666666664
2021-08-10,Financials,0.089955
2021-08-11,Financials,0.14188666666666666
2021-08-12,Financials,0.20119000000000004
2021-08-13,Financials,0.06266833333333333
2021-08-16,Financials,0.025406666666666668
2021-08-17,Financials,0.06007928571428571
2021-08-18,Financials,0.17785
2021-08-19,Financials,0.14182
2021-08-20,Financials,-0.048459999999999996
2021-08-23,Financials,0.16044666666666668
2021-08-24,Financials,0.10512333333333332
2021-08-25,Financials,0.16560000000000002
2021-08-26,Financials,-0.03391999999999999
2021-08-27,Financials,0.15359466666666668
2021-08-30,Financials,0.04046
2021-08-31,Financials,0.1681657142857143
2021-09-01,Financials,0.135205
2021-09-02,Financials,0.1885073333333333
2021-09-03,Financials,0.10741333333333333
2021-09-07,Financials,0.12688499999999997
2021-09-08,Financials,0.20460000000000003
2021-09-09,Financials,-0.07070500000000002
2021-09-10,Financials,-0.14193833333333333
2021-09-13,Financials,0.05822333333333333
2021-09-14,Financials,0.13352499999999998
2021-09-15,Financials,0.29585999999999996
2021-09-16,Financials,0.09759999999999999
2021-09-17,Financials,0.14576
2021-09-20,Financials,-0.10487619047619048
2021-09-21,Financials,0.048968
2021-09-22,Financials,0.1062142857142857
2021-09-23,Financials,-0.012180000000000014
2021-09-24,Financials,0.12530000000000002
2021-09-27,Financials,0.126509
2021-09-28,Financials,0.26147190476190485
2021-09-29,Financials,-0.010479999999999998
2021-09-30,Financials,0.07364266666666666
2021-10-01,Financials,0.12074200000000002
2021-10-04,Financials,0.045949
2021-10-05,Financials,0.030401
2021-10-06,Financials,0.15149333333333334
2021-10-07,Financials,0.06321600000000001
2021-10-08,Financials,0.26746
2021-10-11,Financials,0.17440465201465202
2021-10-12,Financials,0.05722499999999999
2021-10-13,Financials,0.1216945
2021-10-14,Financials,0.3629446428571429
2021-10-15,Financials,0.3428761507936508
2021-10-18,Financials,0.0048516666666666595
2021-10-19,Financials,-0.07749000000000002
2021-10-20,Financials,-0.06300333333333334
2021-10-21,Financials,0.03416500000000001
2021-10-22,Financials,-0.13865333333333335
2021-10-25,Financials,0.008093333333333319
2021-10-26,Financials,0.13141666666666665
2021-10-27,Financials,0.08763253968253967
2021-10-28,Financials,0.116645
2021-10-29,Financials,0.20869133333333334
2021-11-01,Financials,0.2183133333333333
2021-11-02,Financials,0.0737792857142857
2021-11-03,Financials,0.126885
2021-11-04,Financials,0.22740999999999997
2021-11-05,Financials,0.027086666666666658
2021-11-08,Financials,-0.03143300000000001
2021-11-09,Financials,0.08843666666666666
2021-11-10,Financials,0.009316499999999993
2021-11-11,Financials,0.118107
2021-11-12,Financials,0.04082666666666667
2021-11-15,Financials,0.22260857142857143
2021-11-16,Financials,0.137622
2021-11-17,Financials,0.02949022556390977
2021-11-18,Financials,0.31052857142857143
2021-11-19,Financials,0.19849533333333333
2021-11-22,Financials,0.31153714285714285
2021-11-23,Financials,0.067545
2021-11-24,Financials,0.10805333333333333
2021-11-26,Financials,-0.22632933333333333
2021-11-29,Financials,-0.01916366666666666
2021-11-30,Financials,0.14688266666666666
2021-12-01,Financials,-0.013604999999999997
2021-12-02,Financials,0.09460833333333334
2021-12-03,Financials,-0.04675999999999999
2021-12-06,Financials,0.04605533333333334
2021-12-07,Financials,0.14699388888888887
2021-12-08,Financials,-0.028020000000000007
2021-12-09,Financials,0.1822766666666667
2021-12-10,Financials,0.055742
2021-12-13,Financials,0.26209699999999997
2021-12-14,Financials,0.03728
2021-12-15,Financials,0.07291866666666666
2021-12-16,Financials,-0.05612400000000002
2021-12-17,Financials,0.094518
2021-12-20,Financials,-0.046235272727272736
2021-12-21,Financials,0.2699
2021-12-22,Financials,0.1324
2021-12-23,Financials,0.10543
2021-12-27,Financials,0.21714000000000003
2021-12-28,Financials,0.12972
2021-12-29,Financials,-0.07970666666666668
2021-12-30,Financials,0.23548666666666668
2021-12-31,Financials,0.213273
2022-01-03,Financials,0.11450228571428571
2022-01-04,Financials,0.1944291111111111
2022-01-05,Financials,0.07344066666666668
2022-01-06,Financials,0.17517666666666667
2022-01-07,Financials,0.022073333333333327
2022-01-10,Financials,0.21696357142857145
2022-01-11,Financials,0.13240833333333332
2022-01-12,Financials,0.19738742424242423
2022-01-13,Financials,0.12461247619047619
2022-01-14,Financials,0.18481404761904763
2022-01-18,Financials,0.11812827852998067
2022-01-19,Financials,0.22319992372333547
2022-01-20,Financials,0.10446738095238098
2022-01-21,Financials,0.29858761904761905
2022-01-24,Financials,0.198794
2022-01-25,Financials,0.2522765714285714
2022-01-26,Financials,0.08819666666666667
2022-01-27,Financials,0.252949
2022-01-28,Financials,0.1253660073260073
2022-01-31,Financials,0.21993333333333331
2022-02-01,Financials,0.05301561904761905
2022-02-02,Financials,0.30212200000000006
2022-02-03,Financials,0.21039333333333335
2022-02-04,Financials,0.07976571428571429
2022-02-07,Financials,0.01111133333333334
2022-02-08,Financials,0.22375933333333334
2022-02-09,Financials,0.15092166666666668
2022-02-10,Financials,-0.01704833333333334
2022-02-11,Financials,0.09765466666666667
2022-02-14,Financials,-0.04208404761904762
2022-02-15,Financials,0.17931933333333333
2022-02-16,Financials,0.033507777777777775
2022-02-17,Financials,-0.06563448484848487
2022-02-18,Financials,0.08694666666666666
2022-02-22,Financials,0.08463857142857142
2022-02-23,Financials,-0.13126833333333332
2022-02-24,Financials,-0.019107142857142843
2022-02-25,Financials,0.034584000000000004
2022-02-28,Financials,-0.06297446428571428
2022-03-01,Financials,-0.13478700000000002
2022-03-02,Financials,0.0828447619047619
2022-03-03,Financials,0.2196366666666667
2022-03-04,Financials,0.05477166666666668
2022-03-07,Financials,-0.014165538461538469
2022-03-08,Financials,0.11758333333333333
2022-03-09,Financials,0.16877133333333333
2022-03-10,Financials,-0.006875714285714285
2022-03-11,Financials,0.09294
2022-03-14,Financials,0.2766514285714286
2022-03-15,Financials,0.015751111111111115
2022-03-16,Financials,0.131908
2022-03-17,Financials,0.15935785714285716
2022-03-18,Financials,0.2024766666666667
2022-03-21,Financials,0.06572133333333334
2022-03-22,Financials,0.07472000000000001
2022-03-23,Financials,0.3439466666666666
2022-03-24,Financials,0.03750585714285714
2022-03-25,Financials,0.25682499999999997
2022-03-28,Financials,0.04496333333333334
2022-03-29,Financials,-0.043838333333333326
2022-03-30,Financials,-0.027959999999999995
2022-03-31,Financials,0.06401
2022-04-01,Financials,0.13366244444444447
2022-04-04,Financials,-0.0009744615384615435
2022-04-05,Financials,0.205916
2022-04-06,Financials,0.05867500000000001
2022-04-07,Financials,0.07312833333333335
2022-04-08,Financials,0.1232086274509804
2022-04-11,Financials,0.03858053571428571
2022-04-12,Financials,0.05235754545454546
2022-04-13,Financials,0.17358466666666666
2022-04-14,Financials,0.1838350142857143
2022-04-18,Financials,0.29242454545454544
2022-04-19,Financials,0.21602590476190472
2022-04-20,Financials,-0.03538999999999999
2022-04-21,Financials,-0.118825
2022-04-22,Financials,0.19724833333333333
2022-04-25,Financials,0.1675558333333333
2022-04-26,Financials,0.16989866666666667
2022-04-27,Financials,-0.05312444444444444
2022-04-28,Financials,0.050508095238095255
2022-04-29,Financials,0.15678
2022-05-02,Financials,0.11848
2022-05-03,Financials,0.018633333333333345
2022-05-04,Financials,0.0
2022-05-05,Financials,0.156862
2022-05-06,Financials,-0.12858333333333333
2022-05-09,Financials,0.01560833333333333
2022-05-10,Financials,0.18384666666666666
2022-05-11,Financials,0.06944333333333333
2022-05-12,Financials,0.09586833333333333
2022-05-13,Financials,0.083762
2022-05-16,Financials,0.03710976190476191
2022-05-17,Financials,0.027001666666666667
2022-05-18,Financials,0.08207333333333335
2022-05-19,Financials,0.123418
2022-05-20,Financials,0.15791
2022-05-23,Financials,-0.145326
2022-05-24,Financials,0.42417800000000006
2022-05-25,Financials,0.05282
2022-05-26,Financials,0.2540116666666667
2022-05-27,Financials,0.20484999999999998
2022-05-31,Financials,0.07956166666666667
2022-06-01,Financials,0.14823999999999998
2022-06-02,Financials,0.008369999999999989
2022-06-03,Financials,-0.03326
2022-06-06,Financials,0.236045
2022-06-07,Financials,0.1679
2022-06-08,Financials,0.026554285714285714
2022-06-09,Financials,-0.05635333333333333
2022-06-10,Financials,0.07261866666666666
2022-06-13,Financials,0.20943966666666664
2022-06-14,Financials,-0.06798342857142858
2022-06-15,Financials,0.16925999999999997
2022-06-16,Financials,0.03503333333333333
2022-06-17,Financials,0.11094000000000001
2022-06-21,Financials,0.029392
2022-06-22,Financials,0.10617333333333334
2022-06-23,Financials,0.02065716666666668
2022-06-24,Financials,0.31341283333333336
2022-06-27,Financials,0.10837816666666666
2022-06-28,Financials,0.10824440476190475
2022-06-29,Financials,0.067715
2022-06-30,Financials,0.20976857142857144
2022-07-01,Financials,0.05147333333333333
2022-07-05,Financials,0.14321085714285714
2022-07-06,Financials,-0.03429600000000001
2022-07-07,Financials,0.15142866666666668
2022-07-08,Financials,0.00814333333333333
2022-07-11,Financials,0.13240826007326006
2022-07-12,Financials,0.026290761904761917
2022-07-13,Financials,-0.03854961538461539
2022-07-14,Financials,-0.10096492857142855
2022-07-15,Financials,0.12606166666666666
2022-07-18,Financials,0.1605465798319328
2022-07-19,Financials,0.16443866666666668
2022-07-20,Financials,0.04145
2022-07-21,Financials,0.14610499999999998
2022-07-22,Financials,0.07728166666666667
2022-07-25,Financials,0.12790200000000002
2022-07-26,Financials,0.03587000000000001
2022-07-27,Financials,0.249635
2022-07-28,Financials,-0.036770000000000004
2022-07-29,Financials,0.041901666666666684
2022-08-01,Financials,0.200948
2022-08-02,Financials,0.11764100000000002
2022-08-03,Financials,0.07278500000000002
2022-08-04,Financials,0.03661299999999999
2022-08-05,Financials,0.16819666666666666
2022-08-08,Financials,0.19723142857142856
2022-08-09,Financials,0.19208000000000003
2022-08-10,Financials,0.373273
2022-08-11,Financials,-0.024249999999999994
2022-08-12,Financials,0.21716599999999997
2022-08-15,Financials,0.10385
2022-08-16,Financials,0.02023
2022-08-17,Financials,0.10842666666666667
2022-08-18,Financials,0.20482266666666665
2022-08-19,Financials,0.053120000000000014
2022-08-22,Financials,0.0064280000000000006
2022-08-23,Financials,0.24419200000000002
2022-08-24,Financials,-0.0006366666666666687
2022-08-25,Financials,0.075518
2022-08-26,Financials,0.17322666666666667
2022-08-29,Financials,0.079995
2022-08-30,Financials,0.032080000000000004
2022-08-31,Financials,0.06632666666666667
2022-09-01,Financials,0.289709
2022-09-02,Financials,0.109778
2022-09-06,Financials,0.04363611111111111
2022-09-07,Financials,0.05024000000000001
2022-09-08,Financials,0.333228
2022-09-09,Financials,0.184191
2022-09-12,Financials,0.015260000000000001
2022-09-13,Financials,0.056607142857142856
2022-09-14,Financials,0.05555333333333334
2022-09-15,Financials,0.2292071428571429
2022-09-16,Financials,0.09954800000000001
2022-09-19,Financials,0.11962666666666666
2022-09-20,Financials,0.01314433333333333
2022-09-21,Financials,0.03387
2022-09-22,Financials,-0.052259999999999994
2022-09-23,Financials,0.08608166666666665
2022-09-26,Financials,0.18388533333333332
2022-09-27,Financials,0.00931933333333334
2022-09-28,Financials,0.14718666666666666
2022-09-29,Financials,0.11664111111111111
2022-09-30,Financials,0.18286
2022-10-03,Financials,0.243175
2022-10-04,Financials,0.30129
2022-10-05,Financials,0.09355666666666666
2022-10-06,Financials,0.16180685714285717
2022-10-07,Financials,-0.08674000000000001
2022-10-10,Financials,0.045002666666666656
2022-10-11,Financials,-0.1965841666666667
2022-10-12,Financials,0.057496000000000005
2022-10-13,Financials,0.06929866666666668
2022-10-14,Financials,0.09731519540229885
2022-10-17,Financials,0.21130966666666665
2022-10-18,Financials,0.05245839080459771
2022-10-19,Financials,0.12329083333333332
2022-10-20,Financials,0.09293
2022-10-21,Financials,0.049246666666666675
2022-10-24,Financials,-0.06985111111111113
2022-10-25,Financials,0.07814516666666667
2022-10-26,Financials,0.11816909090909092
2022-10-27,Financials,0.18213266666666666
2022-10-28,Financials,0.17111000000000004
2022-10-31,Financials,0.2190383333333333
2022-11-01,Financials,0.07441
2022-11-02,Financials,0.13390666666666667
2022-11-03,Financials,-0.13450666666666666
2022-11-04,Financials,-0.03798666666666668
2022-11-07,Financials,0.08882666666666666
2022-11-08,Financials,0.09925999999999999
2022-11-09,Financials,0.053046666666666645
2022-11-10,Financials,0.0256
2022-11-11,Financials,0.018830000000000003
2022-11-14,Financials,0.13352833333333333
2022-11-15,Financials,0.11344999999999998
2022-11-16,Financials,0.10592666666666668
2022-11-17,Financials,0.24855833333333335
2022-11-18,Financials,0.120615
2022-11-21,Financials,0.12109171428571427
2022-11-22,Financials,0.201226
2022-11-23,Financials,0.04121333333333334
2022-11-25,Financials,0.19812333333333335
2022-11-28,Financials,0.08181999999999999
2022-11-29,Financials,0.28545999999999994
2022-11-30,Financials,-0.0026200000000000056
2022-12-01,Financials,-0.023898999999999997
2022-12-02,Financials,0.13092666666666666
2022-12-05,Financials,0.16408
2022-12-06,Financials,-0.08664327272727275
2022-12-07,Financials,-0.11885555555555553
2022-12-08,Financials,0.09026799999999999
2022-12-09,Financials,-0.06622
2022-12-12,Financials,0.1623277777777778
2022-12-13,Financials,0.13737333333333335
2022-12-14,Financials,-0.032104
2022-12-15,Financials,0.21231666666666665
2022-12-16,Financials,-0.12965
2022-12-19,Financials,0.012270666666666666
2022-12-20,Financials,0.2892818181818182
2022-12-21,Financials,0.01977071428571429
2022-12-22,Financials,0.32977666666666666
2022-12-23,Financials,0.24632800000000002
2022-12-27,Financials,0.17678
2022-12-28,Financials,0.05403
2022-12-29,Financials,0.055799999999999995
2022-12-30,Financials,0.05106000000000001
2023-01-03,Financials,0.12333500000000001
2023-01-04,Financials,0.21346266666666666
2023-01-05,Financials,0.11977
2023-01-06,Financials,0.026454166666666667
2023-01-09,Financials,0.10026119047619049
2023-01-10,Financials,0.09307738095238094
2023-01-11,Financials,0.1630052380952381
2023-01-12,Financials,0.1216677142857143
2023-01-13,Financials,0.07351937062937064
2023-01-17,Financials,0.15017803019903914
2023-01-18,Financials,0.22463841269841273
2023-01-19,Financials,0.04905216666666666
2023-01-20,Financials,0.16091255555555556
2023-01-23,Financials,-0.008624999999999983
2023-01-24,Financials,0.164475
2023-01-25,Financials,0.12624
2023-01-26,Financials,0.18770933333333334
2023-01-27,Financials,0.153823
2023-01-30,Financials,0.25584666666666667
2023-01-31,Financials,0.12952666666666665
2023-02-01,Financials,-0.016666666666666666
2023-02-02,Financials,0.2150354444444445
2023-02-03,Financials,0.03487666666666665
2023-02-06,Financials,0.030953333333333333
2023-02-07,Financials,0.24654083333333335
2023-02-08,Financials,-0.011199999999999996
2023-02-09,Financials,-0.041800000000000004
2023-02-10,Financials,0.04919
2023-02-13,Financials,0.15643333333333334
2023-02-14,Financials,-0.011025000000000004
2023-02-15,Financials,-0.15296
2023-02-16,Financials,0.03240333333333333
2023-02-17,Financials,0.21593400000000001
2023-02-21,Financials,0.019444999999999997
2023-02-22,Financials,0.04797900000000001
2023-02-23,Financials,0.12272833333333333
2023-02-24,Financials,0.08164799999999997
2023-02-27,Financials,-0.06849726190476191
2023-02-28,Financials,0.13011848484848482
2023-03-01,Financials,0.13136333333333333
2023-03-02,Financials,0.131886
2023-03-03,Financials,0.020449999999999996
2023-03-06,Financials,0.08672035714285715
2023-03-07,Financials,0.21205
2023-03-08,Financials,0.08894634920634922
2023-03-09,Financials,0.07720866666666666
2023-03-10,Financials,0.021433666666666667
2023-03-13,Financials,-0.11005345454545457
2023-03-14,Financials,0.22876857142857143
2023-03-15,Financials,-0.03707622222222222
2023-03-16,Financials,-0.12311888888888889
2023-03-17,Financials,-0.032310857142857155
2023-03-20,Financials,0.1352837142857143
2023-03-21,Financials,0.15552714285714284
2023-03-22,Financials,0.12837071428571428
2023-03-23,Financials,-0.051671666666666685
2023-03-24,Financials,-0.09692303030303032
2023-03-27,Financials,0.0739363492063492
2023-03-28,Financials,0.20095333333333337
2023-03-29,Financials,0.010340833333333332
2023-03-30,Financials,0.20883714285714286
2023-03-31,Financials,0.13307799999999997
2023-04-03,Financials,0.16839833333333334
2023-04-04,Financials,-0.07748744444444444
2023-04-05,Financials,0.035653000000000004
2023-04-06,Financials,0.19202999999999998
2023-04-10,Financials,0.07595311688311689
2023-04-11,Financials,0.07026010989010989
2023-04-12,Financials,0.14820752380952382
2023-04-13,Financials,0.11506699749373435
2023-04-14,Financials,0.10850177777777778
2023-04-17,Financials,0.13626928421052634
2023-04-18,Financials,0.17362995238095236
2023-04-19,Financials,0.27050962464985995
2023-04-20,Financials,0.07910523809523809
2023-04-21,Financials,0.030893333333333335
2023-04-24,Financials,0.09966492207792207
2023-04-25,Financials,-0.11283409090909088
2023-04-26,Financials,0.3131098888888889
2023-04-27,Financials,0.26255533333333336
2023-04-28,Financials,-0.010124047619047626
2023-05-01,Financials,-0.10776266666666665
2023-05-02,Financials,0.040926285714285714
2023-05-03,Financials,0.10010285714285713
2023-05-04,Financials,0.10148333333333333
2023-05-05,Financials,0.3512183333333333
2023-05-08,Financials,0.055306666666666685
2023-05-09,Financials,-0.16104666666666667
2023-05-10,Financials,0.05507619047619048
2023-05-11,Financials,-0.06934666666666667
2023-05-12,Financials,0.005453333333333338
2023-05-15,Financials,-0.11066385714285713
2023-05-16,Financials,0.050483619047619055
2023-05-17,Financials,0.0702325
2023-05-18,Financials,0.088394
2023-05-19,Financials,0.06361628205128204
2023-05-22,Financials,0.07054142857142857
2023-05-23,Financials,0.20125333333333334
2023-05-24,Financials,0.01970933333333334
2023-05-25,Financials,0.12724333333333332
2023-05-26,Financials,0.07064833333333333
2023-05-30,Financials,0.015423809523809529
2023-05-31,Financials,0.06439133333333333
2023-06-01,Financials,-0.0035309090909091067
2023-06-02,Financials,-0.09876107142857145
2023-06-05,Financials,0.05021911111111112
2023-06-06,Financials,0.3328106666666667
2023-06-07,Financials,0.23426
2023-06-08,Financials,0.093175
2023-06-09,Financials,-0.011282727272727274
2023-06-12,Financials,0.10201
2023-06-13,Financials,0.21450606060606062
2023-06-14,Financials,0.07704333333333332
2023-06-15,Financials,0.23556666666666665
2023-06-16,Financials,0.11644952380952381
2023-06-20,Financials,0.11622422727272727
2023-06-21,Financials,0.13747866666666667
2023-06-22,Financials,0.16331619047619048
2023-06-23,Financials,-0.011736666666666666
2023-06-26,Financials,0.14400351515151516
2023-06-27,Financials,0.22450933333333337
2023-06-28,Financials,-0.15296563636363636
2023-06-29,Financials,0.12627944832944832
2023-06-30,Financials,0.0642525
2023-07-03,Financials,0.1731004963924964
2023-07-05,Financials,0.21002638888888886
2023-07-06,Financials,0.039345238095238086
2023-07-07,Financials,0.07659066666666667
2023-07-10,Financials,0.07181533333333334
2023-07-11,Financials,0.12604633333333334
2023-07-12,Financials,0.06791400000000002
2023-07-13,Financials,0.04864916666666666
2023-07-14,Financials,0.038494666666666656
2023-07-17,Financials,0.08695168086883877
2023-07-18,Financials,0.19300112554112556
2023-07-19,Financials,0.11707591666666665
2023-07-20,Financials,0.2350385
2023-07-21,Financials,0.15483799999999998
2023-07-24,Financials,0.18597963636363637
2023-07-25,Financials,0.1306928888888889
2023-07-26,Financials,0.12279166666666667
2023-07-27,Financials,0.024884285714285727
2023-07-28,Financials,0.17022142857142858
2023-07-31,Financials,0.040899783549783554
2023-08-01,Financials,0.09607166666666665
2023-08-02,Financials,-0.005431428571428554
2023-08-03,Financials,0.08603999999999999
2023-08-04,Financials,0.09162
2023-08-07,Financials,-0.137416
2023-08-08,Financials,-0.19376633333333335
2023-08-09,Financials,0.06364552380952382
2023-08-10,Financials,0.09987166666666666
2023-08-11,Financials,0.17438666666666663
2023-08-14,Financials,0.10354061538461538
2023-08-15,Financials,-0.12495628205128206
2023-08-16,Financials,-0.03112666666666667
2023-08-17,Financials,0.06878583333333334
2023-08-18,Financials,0.18629866666666667
2023-08-21,Financials,0.035987619047619046
2023-08-22,Financials,0.062845
2023-08-23,Financials,0.17286988095238096
2023-08-24,Financials,0.011285000000000007
2023-08-25,Financials,0.041588
2023-08-28,Financials,0.1737605151515151
2023-08-29,Financials,-0.016633333333333344
2023-08-30,Financials,0.05191700000000001
2023-08-31,Financials,0.13230952380952382
2023-09-01,Financials,0.09933166666666667
2023-09-05,Financials,0.08224194871794871
2023-09-06,Financials,0.3111533333333333
2023-09-07,Financials,0.2980253333333333
2023-09-08,Financials,0.10782166666666666
2023-09-11,Financials,0.1380720634920635
2023-09-12,Financials,0.17063161904761906
2023-09-13,Financials,0.12223733333333334
2023-09-14,Financials,0.20585636363636364
2023-09-15,Financials,0.021339285714285727
2023-09-18,Financials,0.2540911111111111
2023-09-19,Financials,-0.047525714285714296
2023-09-20,Financials,0.2212066666666667
2023-09-21,Financials,0.10627133333333334
2023-09-22,Financials,0.009218
2023-09-25,Financials,-0.023783333333333333
2023-09-26,Financials,0.1391989523809524
2023-09-27,Financials,-0.07890547619047619
2023-09-28,Financials,0.03327738095238096
2023-09-29,Financials,0.19635166666666665
2023-10-02,Financials,0.24791600000000003
2023-10-03,Financials,0.16433305555555555
2023-10-04,Financials,0.08077333333333334
2023-10-05,Financials,0.14996571428571429
2023-10-06,Financials,0.21241833333333332
2023-10-09,Financials,0.18502347985347983
2023-10-10,Financials,-0.03404380952380953
2023-10-11,Financials,-0.05793242857142857
2023-10-12,Financials,0.05599209090909091
2023-10-13,Financials,0.06372417647058823
2023-10-16,Financials,0.15454801666666668
2023-10-17,Financials,0.12803092592592594
2023-10-18,Financials,0.03928395684960202
2023-10-19,Financials,0.22050733333333333
2023-10-20,Financials,0.15955733333333333
2023-10-23,Financials,0.06740333333333333
2023-10-24,Financials,0.13639
2023-10-25,Financials,0.17439454545454547
2023-10-26,Financials,0.214643
2023-10-27,Financials,0.07037333333333333
2023-10-30,Financials,0.20267333333333334
2023-10-31,Financials,0.09867833333333333
2023-11-01,Financials,0.071091
2023-11-02,Financials,0.17105199999999998
2023-11-03,Financials,0.20951
2023-11-06,Financials,0.062292222222222214
2023-11-07,Financials,0.07558333333333334
2023-11-08,Financials,-0.002513571428571431
2023-11-09,Financials,0.035407936507936506
2023-11-10,Financials,0.12510833333333332
2023-11-13,Financials,-0.13005932467532463
2023-11-14,Financials,0.09919928571428571
2023-11-15,Financials,0.09164666666666668
2023-11-16,Financials,0.05928666666666667
2023-11-17,Financials,0.12515400000000002
2023-11-20,Financials,-0.0232895
2023-11-21,Financials,0.072948
2023-11-22,Financials,-0.07580666666666666
2023-11-24,Financials,0.05268205555555555
2023-11-27,Financials,0.08745499999999999
2023-11-28,Financials,0.10718933333333332
2023-11-29,Financials,0.07739399999999999
2023-11-30,Financials,0.151262
2023-12-01,Financials,-0.053015000000000014
2023-12-04,Financials,0.07148038888888888
2023-12-05,Financials,0.1308266666666667
2023-12-06,Financials,-0.015111666666666666
2023-12-07,Financials,0.05550666666666666
2023-12-08,Financials,0.09733
2023-12-11,Financials,0.10773259523809524
2023-12-12,Financials,0.2722884242424243
2023-12-13,Financials,0.2202238888888889
2023-12-14,Financials,0.01692266666666667
2023-12-15,Financials,0.13256342857142858
2023-12-18,Financials,0.16182595238095243
2023-12-19,Financials,0.0
2023-12-20,Financials,0.0
2023-12-21,Financials,0.0
2023-12-22,Financials,0.0
2023-12-26,Financials,0.0
2023-12-27,Financials,0.0
2023-12-28,Financials,0.0
2023-12-29,Financials,0.0
2020-01-02,Healthcare,0.24409047619047616
2020-01-03,Healthcare,0.129635
2020-01-06,Healthcare,0.39294799999999996
2020-01-07,Healthcare,0.13045333333333337
2020-01-08,Healthcare,0.16676
2020-01-09,Healthcare,0.23002000000000003
2020-01-10,Healthcare,0.26066666666666666
2020-01-13,Healthcare,0.18018750000000003
2020-01-14,Healthcare,0.23481999999999997
2020-01-15,Healthcare,0.13796
2020-01-16,Healthcare,0.11910000000000001
2020-01-17,Healthcare,0.16030333333333333
2020-01-21,Healthcare,0.14640261904761903
2020-01-22,Healthcare,0.14373833333333333
2020-01-23,Healthcare,0.06039888888888888
2020-01-24,Healthcare,0.22870533333333332
2020-01-27,Healthcare,0.277256
2020-01-28,Healthcare,0.24290499999999998
2020-01-29,Healthcare,0.16222466666666666
2020-01-30,Healthcare,0.12660272727272728
2020-01-31,Healthcare,0.22158466666666668
2020-02-03,Healthcare,0.14402115207373273
2020-02-04,Healthcare,0.2205847619047619
2020-02-05,Healthcare,0.136393
2020-02-06,Healthcare,0.27922815384615385
2020-02-07,Healthcare,0.30689393939393944
2020-02-10,Healthcare,0.05896666666666665
2020-02-11,Healthcare,0.006760000000000005
2020-02-12,Healthcare,0.22642083333333335
2020-02-13,Healthcare,0.2741866666666667
2020-02-14,Healthcare,0.26088999999999996
2020-02-18,Healthcare,0.11996313725490197
2020-02-19,Healthcare,0.24066722222222223
2020-02-20,Healthcare,0.079466
2020-02-21,Healthcare,0.12955250000000001
2020-02-24,Healthcare,0.2423828571428571
2020-02-25,Healthcare,0.19965666666666668
2020-02-26,Healthcare,0.04440676470588236
2020-02-27,Healthcare,0.08699799999999999
2020-02-28,Healthcare,0.08177500000000001
2020-03-02,Healthcare,0.21484589285714284
2020-03-03,Healthcare,0.3717994871794872
2020-03-04,Healthcare,0.43273900000000004
2020-03-05,Healthcare,0.10482910256410256
2020-03-06,Healthcare,0.06524337662337662
2020-03-09,Healthcare,0.1787622105263158
2020-03-10,Healthcare,0.1528
2020-03-11,Healthcare,0.13354583333333334
2020-03-12,Healthcare,-0.17202933333333334
2020-03-13,Healthcare,0.052505
2020-03-16,Healthcare,0.05908200000000001
2020-03-17,Healthcare,0.3268133333333333
2020-03-18,Healthcare,0.076135
2020-03-19,Healthcare,0.074609
2020-03-20,Healthcare,0.12208410256410254
2020-03-23,Healthcare,0.035955324675324675
2020-03-24,Healthcare,0.2910447619047619
2020-03-25,Healthcare,0.18888285714285713
2020-03-26,Healthcare,0.2891500000000001
2020-03-27,Healthcare,0.18519099999999997
2020-03-30,Healthcare,0.23091504761904763
2020-03-31,Healthcare,0.02607952380952382
2020-04-01,Healthcare,-0.00025333333333333875
2020-04-02,Healthcare,0.14685214285714285
2020-04-03,Healthcare,0.19607833333333333
2020-04-06,Healthcare,0.35761143678160917
2020-04-07,Healthcare,0.06275035087719298
2020-04-08,Healthcare,0.15698222222222222
2020-04-09,Healthcare,-0.0016383333333333306
2020-04-13,Healthcare,0.0007835757575757718
2020-04-14,Healthcare,0.20272476190476194
2020-04-15,Healthcare,0.07981714285714288
2020-04-16,Healthcare,0.33443845864661653
2020-04-17,Healthcare,0.30414953435804704
2020-04-20,Healthcare,-0.020586113475177303
2020-04-21,Healthcare,0.04343190476190475
2020-04-22,Healthcare,0.28782645299145304
2020-04-23,Healthcare,0.20227916666666665
2020-04-24,Healthcare,0.003171428571428575
2020-04-27,Healthcare,0.025449428571428574
2020-04-28,Healthcare,0.21709695384615385
2020-04-29,Healthcare,0.09007655172413792
2020-04-30,Healthcare,0.19859433333333337
2020-05-01,Healthcare,0.11334267725918568
2020-05-04,Healthcare,0.23392230769230768
2020-05-05,Healthcare,0.20733660130718956
2020-05-06,Healthcare,0.21133666666666667
2020-05-07,Healthcare,0.08315333333333333
2020-05-08,Healthcare,-0.008414305555555557
2020-05-11,Healthcare,0.18315425120772946
2020-05-12,Healthcare,-0.001427238095238087
2020-05-13,Healthcare,0.10779760683760686
2020-05-14,Healthcare,0.136665
2020-05-15,Healthcare,-0.012830909090909092
2020-05-18,Healthcare,0.13629266666666665
2020-05-19,Healthcare,0.23654566666666668
2020-05-20,Healthcare,0.02263641025641025
2020-05-21,Healthcare,0.13103533333333334
2020-05-22,Healthcare,0.16171666666666668
2020-05-26,Healthcare,0.06649009523809524
2020-05-27,Healthcare,0.01316755555555556
2020-05-28,Healthcare,-0.06911333333333333
2020-05-29,Healthcare,0.18103611111111112
2020-06-01,Healthcare,0.15602333333333332
2020-06-02,Healthcare,0.1015239393939394
2020-06-03,Healthcare,0.27148460317460316
2020-06-04,Healthcare,0.1748915873015873
2020-06-05,Healthcare,0.12266833333333334
2020-06-08,Healthcare,0.09326594736842105
2020-06-09,Healthcare,0.0009408333333333297
2020-06-10,Healthcare,0.09548288888888888
2020-06-11,Healthcare,0.1942
2020-06-12,Healthcare,0.10850599999999999
2020-06-15,Healthcare,0.1853097142857143
2020-06-16,Healthcare,0.086015
2020-06-17,Healthcare,-0.029270000000000008
2020-06-18,Healthcare,0.2798366666666666
2020-06-19,Healthcare,0.21272000000000002
2020-06-22,Healthcare,0.2790688888888889
2020-06-23,Healthcare,0.0122225
2020-06-24,Healthcare,0.030586666666666668
2020-06-25,Healthcare,0.063545
2020-06-26,Healthcare,0.127036
2020-06-29,Healthcare,0.1893979166666667
2020-06-30,Healthcare,0.14799
2020-07-01,Healthcare,0.2639277777777778
2020-07-02,Healthcare,0.098195
2020-07-06,Healthcare,0.1831478095238095
2020-07-07,Healthcare,0.17741166666666666
2020-07-08,Healthcare,0.15840904761904764
2020-07-09,Healthcare,0.026783333333333333
2020-07-10,Healthcare,0.18943
2020-07-13,Healthcare,0.030065
2020-07-14,Healthcare,0.25328
2020-07-15,Healthcare,0.15994999999999998
2020-07-16,Healthcare,0.183148
2020-07-17,Healthcare,-0.05712666666666666
2020-07-20,Healthcare,0.084835
2020-07-21,Healthcare,0.20242166666666667
2020-07-22,Healthcare,0.41136999999999996
2020-07-23,Healthcare,-0.04340999999999999
2020-07-24,Healthcare,0.20762500000000003
2020-07-27,Healthcare,0.07818
2020-07-28,Healthcare,0.044445
2020-07-29,Healthcare,0.19436799999999996
2020-07-30,Healthcare,-0.0165175
2020-07-31,Healthcare,0.09742683760683761
2020-08-03,Healthcare,0.05024904761904762
2020-08-04,Healthcare,0.028773333333333328
2020-08-05,Healthcare,-0.013979999999999992
2020-08-06,Healthcare,0.19811600000000001
2020-08-07,Healthcare,0.2610685714285715
2020-08-10,Healthcare,0.12619666666666668
2020-08-11,Healthcare,0.11438
2020-08-12,Healthcare,0.04046
2020-08-13,Healthcare,-0.08393999999999999
2020-08-14,Healthcare,0.0
2020-08-17,Healthcare,0.33568
2020-08-18,Healthcare,-0.09534000000000001
2020-08-19,Healthcare,0.15262166666666666
2020-08-20,Healthcare,0.05564
2020-08-21,Healthcare,0.07681000000000002
2020-08-24,Healthcare,0.14804
2020-08-25,Healthcare,0.041133333333333334
2020-08-26,Healthcare,0.11690399999999998
2020-08-27,Healthcare,0.21287133333333333
2020-08-28,Healthcare,0.079004
2020-08-31,Healthcare,0.20791555555555555
2020-09-01,Healthcare,0.13582809523809525
2020-09-02,Healthcare,-0.039035
2020-09-03,Healthcare,0.02544
2020-09-04,Healthcare,0.0011685714285714257
2020-09-08,Healthcare,0.04639916666666667
2020-09-09,Healthcare,0.133745
2020-09-10,Healthcare,0.12738
2020-09-11,Healthcare,-0.02227000000000002
2020-09-14,Healthcare,0.1223330724637681
2020-09-15,Healthcare,0.208245
2020-09-16,Healthcare,0.0
2020-09-17,Healthcare,0.18022166666666667
2020-09-18,Healthcare,-0.05126099999999999
2020-09-21,Healthcare,-0.131538
2020-09-22,Healthcare,0.37321
2020-09-23,Healthcare,0.013599999999999992
2020-09-24,Healthcare,-0.1199
2020-09-25,Healthcare,0.14388
2020-09-28,Healthcare,0.05202633333333333
2020-09-29,Healthcare,0.17570000000000002
2020-09-30,Healthcare,0.262615
2020-10-01,Healthcare,0.02253400000000001
2020-10-02,Healthcare,-0.10386999999999999
2020-10-05,Healthcare,0.04337888888888888
2020-10-06,Healthcare,0.07409333333333333
2020-10-07,Healthcare,0.1849797619047619
2020-10-08,Healthcare,0.07965611111111111
2020-10-09,Healthcare,-0.09224399999999999
2020-10-12,Healthcare,0.04243333333333334
2020-10-13,Healthcare,-0.073935
2020-10-14,Healthcare,0.186316
2020-10-15,Healthcare,0.2328933333333333
2020-10-16,Healthcare,0.06723384615384616
2020-10-19,Healthcare,0.15838333333333335
2020-10-20,Healthcare,0.25805
2020-10-21,Healthcare,0.10536399999999999
2020-10-22,Healthcare,-0.021341999999999993
2020-10-23,Healthcare,0.030765000000000004
2020-10-26,Healthcare,0.03659111111111111
2020-10-27,Healthcare,0.06221428571428571
2020-10-28,Healthcare,0.016709333333333326
2020-10-29,Healthcare,0.2537763333333333
2020-10-30,Healthcare,0.16956363636363636
2020-11-02,Healthcare,0.16889626984126985
2020-11-03,Healthcare,0.16307733333333335
2020-11-04,Healthcare,0.21586666666666665
2020-11-05,Healthcare,0.0284
2020-11-06,Healthcare,0.06124
2020-11-09,Healthcare,0.20831333333333335
2020-11-10,Healthcare,0.277148
2020-11-11,Healthcare,0.0
2020-11-12,Healthcare,0.014289999999999997
2020-11-13,Healthcare,0.20270000000000002
2020-11-16,Healthcare,0.092911
2020-11-17,Healthcare,0.04556500000000001
2020-11-18,Healthcare,0.14385666666666666
2020-11-19,Healthcare,0.052726666666666665
2020-11-20,Healthcare,0.024837500000000002
2020-11-23,Healthcare,0.28852271428571424
2020-11-24,Healthcare,0.14645000000000002
2020-11-25,Healthcare,0.04019
2020-11-27,Healthcare,0.021726666666666665
2020-11-30,Healthcare,0.20046666666666665
2020-12-01,Healthcare,0.10507999999999999
2020-12-02,Healthcare,0.14154
2020-12-03,Healthcare,0.17980000000000002
2020-12-04,Healthcare,-0.014761666666666663
2020-12-07,Healthcare,-0.06024
2020-12-08,Healthcare,0.03005333333333333
2020-12-09,Healthcare,0.003279999999999994
2020-12-10,Healthcare,0.137135
2020-12-11,Healthcare,0.34861299999999995
2020-12-14,Healthcare,0.163655
2020-12-15,Healthcare,0.22865333333333332
2020-12-16,Healthcare,0.12947
2020-12-17,Healthcare,0.169488
2020-12-18,Healthcare,0.19938
2020-12-21,Healthcare,0.29208
2020-12-22,Healthcare,0.037025999999999996
2020-12-23,Healthcare,0.09993722222222223
2020-12-24,Healthcare,0.21546000000000004
2020-12-28,Healthcare,0.15131333333333333
2020-12-29,Healthcare,0.013486666666666666
2020-12-30,Healthcare,0.12083999999999999
2020-12-31,Healthcare,0.1766033333333333
2021-01-04,Healthcare,0.19430000000000003
2021-01-05,Healthcare,0.18424999999999997
2021-01-06,Healthcare,0.21093
2021-01-07,Healthcare,-0.001820000000000005
2021-01-08,Healthcare,0.0
2021-01-11,Healthcare,-0.08698714285714285
2021-01-12,Healthcare,0.176945
2021-01-13,Healthcare,0.18865333333333334
2021-01-14,Healthcare,0.14676499999999998
2021-01-15,Healthcare,0.10324
2021-01-19,Healthcare,0.10955
2021-01-20,Healthcare,0.35245000000000004
2021-01-21,Healthcare,0.02023
2021-01-22,Healthcare,0.059199999999999996
2021-01-25,Healthcare,0.20226675
2021-01-26,Healthcare,0.05963666666666667
2021-01-27,Healthcare,0.11713333333333334
2021-01-28,Healthcare,0.210192
2021-01-29,Healthcare,0.042646666666666666
2021-02-01,Healthcare,0.338115
2021-02-02,Healthcare,0.067155
2021-02-03,Healthcare,0.1858546666666667
2021-02-04,Healthcare,0.15162318181818182
2021-02-05,Healthcare,0.36374266666666666
2021-02-08,Healthcare,0.011380000000000001
2021-02-09,Healthcare,0.13061333333333333
2021-02-10,Healthcare,0.19983599999999999
2021-02-11,Healthcare,0.12073
2021-02-12,Healthcare,0.14707000000000003
2021-02-16,Healthcare,0.047850000000000004
2021-02-17,Healthcare,0.14120111111111114
2021-02-18,Healthcare,0.15467999999999998
2021-02-19,Healthcare,0.10251333333333335
2021-02-22,Healthcare,0.236278
2021-02-23,Healthcare,0.07709333333333333
2021-02-24,Healthcare,0.11812
2021-02-25,Healthcare,0.1694225
2021-02-26,Healthcare,-0.06328500000000001
2021-03-01,Healthcare,0.10998999999999999
2021-03-02,Healthcare,0.07043999999999999
2021-03-03,Healthcare,0.22373500000000002
2021-03-04,Healthcare,-0.012027499999999998
2021-03-05,Healthcare,-0.031439999999999996
2021-03-08,Healthcare,0.124644
2021-03-09,Healthcare,0.019733333333333332
2021-03-10,Healthcare,0.08512
2021-03-11,Healthcare,0.029076
2021-03-12,Healthcare,0.007413333333333334
2021-03-15,Healthcare,0.19774114285714287
2021-03-16,Healthcare,0.13626
2021-03-17,Healthcare,0.08449500000000001
2021-03-18,Healthcare,0.13476666666666665
2021-03-19,Healthcare,0.17922000000000002
2021-03-22,Healthcare,0.021724000000000004
2021-03-23,Healthcare,0.19456
2021-03-24,Healthcare,0.18417999999999998
2021-03-25,Healthcare,0.2049
2021-03-26,Healthcare,0.012458333333333332
2021-03-29,Healthcare,0.29323333333333335
2021-03-30,Healthcare,-0.03380999999999999
2021-03-31,Healthcare,0.050409999999999996
2021-04-01,Healthcare,0.02037000000000001
2021-04-05,Healthcare,0.14149533333333336
2021-04-06,Healthcare,0.07364
2021-04-07,Healthcare,0.20734
2021-04-08,Healthcare,0.182098
2021-04-09,Healthcare,0.16857
2021-04-12,Healthcare,0.16572666666666666
2021-04-13,Healthcare,-0.0044833333333333504
2021-04-14,Healthcare,-0.01144666666666666
2021-04-15,Healthcare,0.13621
2021-04-16,Healthcare,-0.05
2021-04-19,Healthcare,0.15247285714285716
2021-04-20,Healthcare,0.16788444444444445
2021-04-21,Healthcare,0.35669666666666666
2021-04-22,Healthcare,0.058875
2021-04-23,Healthcare,0.11148
2021-04-26,Healthcare,0.29017
2021-04-27,Healthcare,0.20457833333333336
2021-04-28,Healthcare,0.21297761904761905
2021-04-29,Healthcare,0.25645285714285715
2021-04-30,Healthcare,0.16713938461538463
2021-05-03,Healthcare,0.22980400000000004
2021-05-04,Healthcare,0.251005
2021-05-05,Healthcare,0.24477333333333334
2021-05-06,Healthcare,0.0
2021-05-07,Healthcare,0.068
2021-05-10,Healthcare,0.11653866666666665
2021-05-11,Healthcare,0.08038
2021-05-12,Healthcare,0.40742
2021-05-13,Healthcare,-0.017186666666666663
2021-05-14,Healthcare,0.19296666666666668
2021-05-17,Healthcare,0.19423399999999996
2021-05-18,Healthcare,0.03768000000000001
2021-05-19,Healthcare,-0.068
2021-05-20,Healthcare,0.13396
2021-05-21,Healthcare,0.20844999999999997
2021-05-24,Healthcare,0.3090256666666667
2021-05-25,Healthcare,0.19013999999999998
2021-05-26,Healthcare,-0.014033333333333339
2021-05-27,Healthcare,0.13650333333333334
2021-05-28,Healthcare,0.06885333333333334
2021-06-01,Healthcare,0.210123
2021-06-02,Healthcare,0.07045
2021-06-03,Healthcare,0.14522666666666667
2021-06-04,Healthcare,-0.01202
2021-06-07,Healthcare,0.0886
2021-06-08,Healthcare,0.17102
2021-06-09,Healthcare,0.09151090909090909
2021-06-10,Healthcare,0.16373999999999997
2021-06-11,Healthcare,0.09740833333333332
2021-06-14,Healthcare,0.18054833333333334
2021-06-15,Healthcare,0.20285000000000003
2021-06-16,Healthcare,0.0
2021-06-17,Healthcare,0.17465333333333333
2021-06-18,Healthcare,0.13184666666666667
2021-06-21,Healthcare,0.28073066666666663
2021-06-22,Healthcare,0.11839999999999999
2021-06-23,Healthcare,0.12958
2021-06-24,Healthcare,0.08607000000000001
2021-06-25,Healthcare,0.10312200000000002
2021-06-28,Healthcare,0.17399
2021-06-29,Healthcare,0.03919999999999999
2021-06-30,Healthcare,0.10571
2021-07-01,Healthcare,0.029599999999999998
2021-07-02,Healthcare,0.5081100000000001
2021-07-06,Healthcare,0.024444000000000004
2021-07-07,Healthcare,0.26328666666666667
2021-07-08,Healthcare,0.081165
2021-07-09,Healthcare,0.04308666666666666
2021-07-12,Healthcare,0.14752666666666667
2021-07-13,Healthcare,0.059199999999999996
2021-07-14,Healthcare,0.34624
2021-07-15,Healthcare,-0.04491
2021-07-16,Healthcare,0.15158
2021-07-19,Healthcare,0.023953333333333323
2021-07-20,Healthcare,-0.01027
2021-07-21,Healthcare,0.0
2021-07-22,Healthcare,-0.023911428571428573
2021-07-23,Healthcare,0.06908
2021-07-26,Healthcare,0.15203
2021-07-27,Healthcare,-0.023415000000000012
2021-07-28,Healthcare,0.11301000000000001
2021-07-29,Healthcare,0.14563666666666666
2021-07-30,Healthcare,0.12284133333333333
2021-08-02,Healthcare,0.31330633333333335
2021-08-03,Healthcare,0.16766999999999999
2021-08-04,Healthcare,0.15008
2021-08-05,Healthcare,0.08186
2021-08-06,Healthcare,0.16454
2021-08-09,Healthcare,0.183095
2021-08-10,Healthcare,0.046906666666666666
2021-08-11,Healthcare,0.17995999999999998
2021-08-12,Healthcare,0.19107000000000002
2021-08-13,Healthcare,0.14108
2021-08-16,Healthcare,0.09712799999999999
2021-08-17,Healthcare,0.25926
2021-08-18,Healthcare,0.29429000000000005
2021-08-19,Healthcare,0.028579999999999994
2021-08-20,Healthcare,0.07224
2021-08-23,Healthcare,0.00615
2021-08-24,Healthcare,0.09923
2021-08-25,Healthcare,-0.02308
2021-08-26,Healthcare,0.12201999999999998
2021-08-27,Healthcare,0.28808333333333336
2021-08-30,Healthcare,0.20554333333333333
2021-08-31,Healthcare,0.01051
2021-09-01,Healthcare,0.10605533333333332
2021-09-02,Healthcare,0.15489999999999998
2021-09-03,Healthcare,0.0
2021-09-07,Healthcare,0.28448166666666663
2021-09-08,Healthcare,-0.08887666666666666
2021-09-09,Healthcare,0.05614595238095238
2021-09-10,Healthcare,0.02317333333333333
2021-09-13,Healthcare,0.2973405555555556
2021-09-14,Healthcare,0.12614
2021-09-15,Healthcare,0.17697666666666667
2021-09-16,Healthcare,0.21305999999999997
2021-09-17,Healthcare,0.0026749999999999994
2021-09-20,Healthcare,0.0739146666666667
2021-09-21,Healthcare,0.09152
2021-09-22,Healthcare,-0.11079999999999998
2021-09-23,Healthcare,0.209824
2021-09-24,Healthcare,0.08639333333333334
2021-09-27,Healthcare,0.27599
2021-09-28,Healthcare,0.16636733333333334
2021-09-29,Healthcare,0.27834166666666665
2021-09-30,Healthcare,0.03920666666666667
2021-10-01,Healthcare,0.059977777777777776
2021-10-04,Healthcare,0.1508776
2021-10-05,Healthcare,0.09454599999999999
2021-10-06,Healthcare,0.08934
2021-10-07,Healthcare,0.09069866666666666
2021-10-08,Healthcare,0.06709333333333332
2021-10-11,Healthcare,0.12859307692307692
2021-10-12,Healthcare,0.23090571428571433
2021-10-13,Healthcare,-0.055432
2021-10-14,Healthcare,0.0
2021-10-15,Healthcare,0.08218499999999998
2021-10-18,Healthcare,0.2554861904761905
2021-10-19,Healthcare,-0.022354285714285715
2021-10-20,Healthcare,0.08619999999999998
2021-10-21,Healthcare,0.2305833333333333
2021-10-22,Healthcare,0.097564
2021-10-25,Healthcare,0.007395555555555555
2021-10-26,Healthcare,-0.044615
2021-10-27,Healthcare,0.12483285714285715
2021-10-28,Healthcare,0.14944015384615386
2021-10-29,Healthcare,0.03936499999999999
2021-11-01,Healthcare,0.22587600000000002
2021-11-02,Healthcare,0.2087058333333333
2021-11-03,Healthcare,0.1553333333333333
2021-11-04,Healthcare,0.12008606060606061
2021-11-05,Healthcare,0.2597
2021-11-08,Healthcare,0.21279246153846154
2021-11-09,Healthcare,0.0844675
2021-11-10,Healthcare,-0.019320000000000004
2021-11-11,Healthcare,0.22796666666666665
2021-11-12,Healthcare,0.117395
2021-11-15,Healthcare,0.11981733333333336
2021-11-16,Healthcare,0.10634600000000001
2021-11-17,Healthcare,0.21452833333333335
2021-11-18,Healthcare,-0.05072000000000001
2021-11-19,Healthcare,0.21254
2021-11-22,Healthcare,-0.05260785714285713
2021-11-23,Healthcare,0.17575999999999997
2021-11-24,Healthcare,-0.11587999999999998
2021-11-26,Healthcare,-0.013273333333333335
2021-11-29,Healthcare,0.17103871794871797
2021-11-30,Healthcare,0.05767428571428572
2021-12-01,Healthcare,0.020101666666666677
2021-12-02,Healthcare,-0.12022666666666666
2021-12-03,Healthcare,0.178475
2021-12-06,Healthcare,0.2432244444444444
2021-12-07,Healthcare,0.06266222222222222
2021-12-08,Healthcare,0.08784666666666667
2021-12-09,Healthcare,0.016549999999999992
2021-12-10,Healthcare,0.03954166666666664
2021-12-13,Healthcare,0.27484
2021-12-14,Healthcare,0.057515000000000004
2021-12-15,Healthcare,0.06795999999999999
2021-12-16,Healthcare,0.08905700000000001
2021-12-17,Healthcare,0.20865
2021-12-20,Healthcare,0.1258453333333333
2021-12-21,Healthcare,0.18572952380952382
2021-12-22,Healthcare,0.0562025
2021-12-23,Healthcare,0.2206419607843137
2021-12-27,Healthcare,0.1705485
2021-12-28,Healthcare,0.09612000000000001
2021-12-29,Healthcare,0.07364
2021-12-30,Healthcare,0.23436428571428572
2021-12-31,Healthcare,0.12043999999999999
2022-01-03,Healthcare,0.26700219047619045
2022-01-04,Healthcare,0.14794933333333335
2022-01-05,Healthcare,0.1081
2022-01-06,Healthcare,0.30322
2022-01-07,Healthcare,0.08308666666666667
2022-01-10,Healthcare,0.24556
2022-01-11,Healthcare,0.060673333333333336
2022-01-12,Healthcare,0.10136333333333333
2022-01-13,Healthcare,0.24884599999999998
2022-01-14,Healthcare,0.26198333333333335
2022-01-18,Healthcare,0.25612966666666664
2022-01-19,Healthcare,0.09826599999999999
2022-01-20,Healthcare,0.09729200000000002
2022-01-21,Healthcare,-0.036802
2022-01-24,Healthcare,0.021395277777777773
2022-01-25,Healthcare,-0.03132666666666667
2022-01-26,Healthcare,0.09550535714285716
2022-01-27,Healthcare,0.21283
2022-01-28,Healthcare,0.24858380952380954
2022-01-31,Healthcare,0.2137083333333333
2022-02-01,Healthcare,0.2952998290598291
2022-02-02,Healthcare,0.05167504761904761
2022-02-03,Healthcare,0.12890833333333332
2022-02-04,Healthcare,-0.09399333333333333
2022-02-07,Healthcare,0.26733015873015875
2022-02-08,Healthcare,0.14378714285714286
2022-02-09,Healthcare,0.28252333333333335
2022-02-10,Healthcare,0.08025666666666667
2022-02-11,Healthcare,0.39747666666666664
2022-02-14,Healthcare,0.00833238095238095
2022-02-15,Healthcare,-0.007256666666666661
2022-02-16,Healthcare,0.17655133333333334
2022-02-17,Healthcare,0.11820214285714285
2022-02-18,Healthcare,0.26959833333333333
2022-02-22,Healthcare,0.12092047619047622
2022-02-23,Healthcare,0.07964
2022-02-24,Healthcare,0.21053499999999997
2022-02-25,Healthcare,0.01809333333333334
2022-02-28,Healthcare,0.06352500000000001
2022-03-01,Healthcare,-0.01825999999999999
2022-03-02,Healthcare,0.09155500000000001
2022-03-03,Healthcare,0.05530500000000001
2022-03-04,Healthcare,0.12219
2022-03-07,Healthcare,0.17255166666666666
2022-03-08,Healthcare,-0.100095
2022-03-09,Healthcare,0.25789399999999996
2022-03-10,Healthcare,-0.022211666666666675
2022-03-11,Healthcare,0.2008375
2022-03-14,Healthcare,0.12868000000000002
2022-03-15,Healthcare,-0.070062
2022-03-16,Healthcare,0.09632357142857143
2022-03-17,Healthcare,0.024418000000000002
2022-03-18,Healthcare,0.00709333333333334
2022-03-21,Healthcare,0.28282666666666667
2022-03-22,Healthcare,-0.04573166666666666
2022-03-23,Healthcare,-0.010135000000000005
2022-03-24,Healthcare,0.15383
2022-03-25,Healthcare,0.06595
2022-03-28,Healthcare,-0.027826666666666673
2022-03-29,Healthcare,0.036682
2022-03-30,Healthcare,0.040953333333333335
2022-03-31,Healthcare,0.13712
2022-04-01,Healthcare,0.28015999999999996
2022-04-04,Healthcare,0.09941099999999999
2022-04-05,Healthcare,0.174846
2022-04-06,Healthcare,0.030345
2022-04-07,Healthcare,0.08402
2022-04-08,Healthcare,0.363748
2022-04-11,Healthcare,0.09850466666666666
2022-04-12,Healthcare,0.09319999999999999
2022-04-13,Healthcare,0.05182
2022-04-14,Healthcare,0.14809914285714287
2022-04-18,Healthcare,0.14170833333333333
2022-04-19,Healthcare,0.03440485714285715
2022-04-20,Healthcare,0.24471583333333333
2022-04-21,Healthcare,0.1986316666666667
2022-04-22,Healthcare,0.23957
2022-04-25,Healthcare,0.3635166666666666
2022-04-26,Healthcare,-0.026264642857142854
2022-04-27,Healthcare,0.16282000000000002
2022-04-28,Healthcare,0.17662819047619047
2022-04-29,Healthcare,0.12652266666666667
2022-05-02,Healthcare,0.311764
2022-05-03,Healthcare,0.05907
2022-05-04,Healthcare,0.19054
2022-05-05,Healthcare,0.23471666666666668
2022-05-06,Healthcare,0.006706666666666666
2022-05-09,Healthcare,0.06804
2022-05-10,Healthcare,0.13152
2022-05-11,Healthcare,0.04705666666666668
2022-05-12,Healthcare,0.01871333333333335
2022-05-13,Healthcare,0.019463333333333332
2022-05-16,Healthcare,0.107185
2022-05-17,Healthcare,-0.028817499999999996
2022-05-18,Healthcare,0.17671
2022-05-19,Healthcare,0.12443
2022-05-20,Healthcare,-0.03602333333333334
2022-05-23,Healthcare,0.22059333333333334
2022-05-24,Healthcare,0.11621866666666665
2022-05-25,Healthcare,-0.014971666666666678
2022-05-26,Healthcare,0.25205085714285713
2022-05-27,Healthcare,0.005848333333333339
2022-05-31,Healthcare,0.393415
2022-06-01,Healthcare,0.03571500000000002
2022-06-02,Healthcare,-0.127128
2022-06-03,Healthcare,0.07238666666666667
2022-06-06,Healthcare,0.12402576190476193
2022-06-07,Healthcare,0.14652333333333334
2022-06-08,Healthcare,0.2734
2022-06-09,Healthcare,0.013486666666666666
2022-06-10,Healthcare,0.03868533333333332
2022-06-13,Healthcare,0.2594035714285714
2022-06-14,Healthcare,-0.030830000000000003
2022-06-15,Healthcare,0.120829
2022-06-16,Healthcare,0.24796
2022-06-17,Healthcare,0.2746
2022-06-21,Healthcare,0.28453261904761906
2022-06-22,Healthcare,0.022253333333333337
2022-06-23,Healthcare,-0.005748999999999999
2022-06-24,Healthcare,0.36954
2022-06-27,Healthcare,0.26367700000000005
2022-06-28,Healthcare,0.045479999999999986
2022-06-29,Healthcare,0.3396895238095238
2022-06-30,Healthcare,0.04474
2022-07-01,Healthcare,0.14953699999999998
2022-07-05,Healthcare,0.149806
2022-07-06,Healthcare,0.1600875
2022-07-07,Healthcare,-0.004133571428571431
2022-07-08,Healthcare,0.42422000000000004
2022-07-11,Healthcare,0.08191000000000001
2022-07-12,Healthcare,0.018435952380952386
2022-07-13,Healthcare,0.1874704761904762
2022-07-14,Healthcare,-0.134822
2022-07-15,Healthcare,0.0947425
2022-07-18,Healthcare,0.14265142857142857
2022-07-19,Healthcare,0.0827642857142857
2022-07-20,Healthcare,0.3245122424242424
2022-07-21,Healthcare,-0.0029149999999999953
2022-07-22,Healthcare,0.27885
2022-07-25,Healthcare,0.16932199999999997
2022-07-26,Healthcare,0.1398
2022-07-27,Healthcare,0.11214016666666668
2022-07-28,Healthcare,0.229054
2022-07-29,Healthcare,0.16191066666666667
2022-08-01,Healthcare,0.19758799999999996
2022-08-02,Healthcare,0.180155
2022-08-03,Healthcare,0.27149833333333334
2022-08-04,Healthcare,-0.0020595555555555562
2022-08-05,Healthcare,0.19067833333333334
2022-08-08,Healthcare,0.13869333333333334
2022-08-09,Healthcare,0.008706666666666665
2022-08-10,Healthcare,0.14478
2022-08-11,Healthcare,0.054055
2022-08-12,Healthcare,-0.0009959999999999965
2022-08-15,Healthcare,0.07003066666666666
2022-08-16,Healthcare,0.06776
2022-08-17,Healthcare,0.03158999999999999
2022-08-18,Healthcare,0.11231
2022-08-19,Healthcare,0.01763999999999999
2022-08-22,Healthcare,0.22210666666666667
2022-08-23,Healthcare,0.2545133333333333
2022-08-24,Healthcare,0.12943
2022-08-25,Healthcare,0.10327523809523809
2022-08-26,Healthcare,0.16651666666666667
2022-08-29,Healthcare,0.26474333333333333
2022-08-30,Healthcare,0.03273
2022-08-31,Healthcare,-0.13023833333333332
2022-09-01,Healthcare,0.17601666666666665
2022-09-02,Healthcare,0.05230666666666667
2022-09-06,Healthcare,0.23026
2022-09-07,Healthcare,0.08186099999999999
2022-09-08,Healthcare,0.20002399999999998
2022-09-09,Healthcare,0.03262666666666666
2022-09-12,Healthcare,0.28407933333333335
2022-09-13,Healthcare,0.11317833333333334
2022-09-14,Healthcare,0.06430499999999999
2022-09-15,Healthcare,0.004651666666666661
2022-09-16,Healthcare,0.13485799999999998
2022-09-19,Healthcare,0.03233219047619048
2022-09-20,Healthcare,0.05073904761904764
2022-09-21,Healthcare,-0.07852999999999999
2022-09-22,Healthcare,0.19090999999999997
2022-09-23,Healthcare,0.08183499999999999
2022-09-26,Healthcare,0.011189999999999997
2022-09-27,Healthcare,0.19632666666666668
2022-09-28,Healthcare,0.17952
2022-09-29,Healthcare,0.22782
2022-09-30,Healthcare,0.14761333333333332
2022-10-03,Healthcare,0.09589
2022-10-04,Healthcare,0.025949999999999994
2022-10-05,Healthcare,0.11505333333333334
2022-10-06,Healthcare,-0.12187333333333335
2022-10-07,Healthcare,0.07916
2022-10-10,Healthcare,0.382814
2022-10-11,Healthcare,0.22570557142857145
2022-10-12,Healthcare,0.08792333333333333
2022-10-13,Healthcare,-0.11429999999999998
2022-10-14,Healthcare,0.26328666666666667
2022-10-17,Healthcare,0.174575
2022-10-18,Healthcare,0.015195000000000004
2022-10-19,Healthcare,0.02793285714285714
2022-10-20,Healthcare,-0.04097933333333333
2022-10-21,Healthcare,0.155476
2022-10-24,Healthcare,0.11539000000000002
2022-10-25,Healthcare,0.024236666666666656
2022-10-26,Healthcare,0.09222
2022-10-27,Healthcare,0.12116805194805194
2022-10-28,Healthcare,0.17307
2022-10-31,Healthcare,0.27924
2022-11-01,Healthcare,0.3783166666666667
2022-11-02,Healthcare,-0.022659999999999996
2022-11-03,Healthcare,-0.15818400000000002
2022-11-04,Healthcare,0.26384
2022-11-07,Healthcare,0.03761
2022-11-08,Healthcare,0.006188222222222245
2022-11-09,Healthcare,0.129822
2022-11-10,Healthcare,0.27870999999999996
2022-11-11,Healthcare,0.2175133333333333
2022-11-14,Healthcare,0.157225
2022-11-15,Healthcare,0.17807999999999996
2022-11-16,Healthcare,0.16309999999999997
2022-11-17,Healthcare,0.26793666666666666
2022-11-18,Healthcare,0.2367066666666667
2022-11-21,Healthcare,0.2280533333333333
2022-11-22,Healthcare,0.18057042857142858
2022-11-23,Healthcare,0.1903588095238095
2022-11-25,Healthcare,0.22882600000000003
2022-11-28,Healthcare,0.31221428571428567
2022-11-29,Healthcare,0.23198
2022-11-30,Healthcare,0.274335
2022-12-01,Healthcare,0.1454933333333333
2022-12-02,Healthcare,-0.05205
2022-12-05,Healthcare,0.08918999999999999
2022-12-06,Healthcare,0.04576699999999999
2022-12-07,Healthcare,-0.06186285714285713
2022-12-08,Healthcare,0.07976333333333334
2022-12-09,Healthcare,0.1888433333333333
2022-12-12,Healthcare,0.13068832080200501
2022-12-13,Healthcare,0.20862895238095236
2022-12-14,Healthcare,0.30200666666666665
2022-12-15,Healthcare,0.1764386666666667
2022-12-16,Healthcare,0.21295666666666668
2022-12-19,Healthcare,0.05662933333333335
2022-12-20,Healthcare,0.24000166666666667
2022-12-21,Healthcare,0.21155
2022-12-22,Healthcare,0.15607666666666667
2022-12-23,Healthcare,-0.07902999999999999
2022-12-27,Healthcare,0.174335
2022-12-28,Healthcare,0.196158
2022-12-29,Healthcare,0.22972099999999998
2022-12-30,Healthcare,0.055932
2023-01-03,Healthcare,0.38419333333333333
2023-01-04,Healthcare,0.19527999999999998
2023-01-05,Healthcare,0.139045
2023-01-06,Healthcare,0.11531666666666665
2023-01-09,Healthcare,0.22786499999999998
2023-01-10,Healthcare,0.04355928571428571
2023-01-11,Healthcare,0.12839333333333333
2023-01-12,Healthcare,0.13551
2023-01-13,Healthcare,0.17873333333333333
2023-01-17,Healthcare,0.27146277777777783
2023-01-18,Healthcare,0.05167999999999999
2023-01-19,Healthcare,-0.046128333333333334
2023-01-20,Healthcare,0.087272
2023-01-23,Healthcare,0.280005
2023-01-24,Healthcare,0.07535000000000001
2023-01-25,Healthcare,-0.02908039215686275
2023-01-26,Healthcare,0.22987833333333332
2023-01-27,Healthcare,0.14860666666666664
2023-01-30,Healthcare,0.26921433333333333
2023-01-31,Healthcare,0.029198833333333334
2023-02-01,Healthcare,0.255222619047619
2023-02-02,Healthcare,0.25749625
2023-02-03,Healthcare,-0.0394935
2023-02-06,Healthcare,0.10819466666666669
2023-02-07,Healthcare,0.25925333333333334
2023-02-08,Healthcare,0.215308
2023-02-09,Healthcare,0.10333890476190477
2023-02-10,Healthcare,0.14763333333333334
2023-02-13,Healthcare,0.21952166666666667
2023-02-14,Healthcare,0.225983
2023-02-15,Healthcare,0.028113333333333334
2023-02-16,Healthcare,0.1765771111111111
2023-02-17,Healthcare,0.17045866666666665
2023-02-21,Healthcare,0.093937
2023-02-22,Healthcare,0.22916133333333333
2023-02-23,Healthcare,0.04458000000000001
2023-02-24,Healthcare,0.08494333333333334
2023-02-27,Healthcare,0.15271190476190474
2023-02-28,Healthcare,0.014009333333333335
2023-03-01,Healthcare,0.03992733333333333
2023-03-02,Healthcare,0.06795499999999999
2023-03-03,Healthcare,0.19656
2023-03-06,Healthcare,0.145227
2023-03-07,Healthcare,0.17575
2023-03-08,Healthcare,0.102481
2023-03-09,Healthcare,0.2589653333333334
2023-03-10,Healthcare,0.15282666666666667
2023-03-13,Healthcare,0.17798714285714284
2023-03-14,Healthcare,0.07879466666666665
2023-03-15,Healthcare,0.04655200000000001
2023-03-16,Healthcare,0.015200000000000002
2023-03-17,Healthcare,0.06189
2023-03-20,Healthcare,0.10184333333333333
2023-03-21,Healthcare,0.213055
2023-03-22,Healthcare,0.05435333333333333
2023-03-23,Healthcare,0.14434333333333332
2023-03-24,Healthcare,0.031921333333333336
2023-03-27,Healthcare,0.16967600000000002
2023-03-28,Healthcare,0.2672333333333333
2023-03-29,Healthcare,0.05554333333333333
2023-03-30,Healthcare,0.07791333333333335
2023-03-31,Healthcare,0.09502000000000001
2023-04-03,Healthcare,0.04555333333333332
2023-04-04,Healthcare,0.22019666666666665
2023-04-05,Healthcare,0.09987666666666666
2023-04-06,Healthcare,0.137388
2023-04-10,Healthcare,0.15080421212121214
2023-04-11,Healthcare,0.03488
2023-04-12,Healthcare,0.012727666666666661
2023-04-13,Healthcare,-0.10092857142857145
2023-04-14,Healthcare,0.15023233333333336
2023-04-17,Healthcare,0.2505464285714286
2023-04-18,Healthcare,0.15251333333333333
2023-04-19,Healthcare,0.14373019607843135
2023-04-20,Healthcare,0.17841200000000002
2023-04-21,Healthcare,0.21989399999999998
2023-04-24,Healthcare,0.23112222222222217
2023-04-25,Healthcare,0.2864721428571429
2023-04-26,Healthcare,0.12411166666666666
2023-04-27,Healthcare,0.0831914880952381
2023-04-28,Healthcare,0.14870571428571427
2023-05-01,Healthcare,0.16489614285714288
2023-05-02,Healthcare,0.010514666666666672
2023-05-03,Healthcare,-0.025564999999999997
2023-05-04,Healthcare,0.13131666666666666
2023-05-05,Healthcare,0.23384
2023-05-08,Healthcare,0.09988766666666668
2023-05-09,Healthcare,0.10294333333333335
2023-05-10,Healthcare,0.08908833333333334
2023-05-11,Healthcare,0.14065333333333335
2023-05-12,Healthcare,0.060616
2023-05-15,Healthcare,0.07755238095238096
2023-05-16,Healthcare,0.004621249999999999
2023-05-17,Healthcare,-0.07704722222222223
2023-05-18,Healthcare,0.18172166666666664
2023-05-19,Healthcare,0.10197666666666665
2023-05-22,Healthcare,0.09182214285714285
2023-05-23,Healthcare,0.09535333333333333
2023-05-24,Healthcare,0.008379999999999999
2023-05-25,Healthcare,0.145685
2023-05-26,Healthcare,0.121165
2023-05-30,Healthcare,0.34116
2023-05-31,Healthcare,0.12054000000000001
2023-06-01,Healthcare,-0.03362285714285715
2023-06-02,Healthcare,0.18696571428571432
2023-06-05,Healthcare,0.095616
2023-06-06,Healthcare,0.24669238095238094
2023-06-07,Healthcare,0.21175166666666662
2023-06-08,Healthcare,0.286615
2023-06-09,Healthcare,0.06314333333333333
2023-06-12,Healthcare,0.22687133333333334
2023-06-13,Healthcare,0.10147333333333333
2023-06-14,Healthcare,0.18167333333333335
2023-06-15,Healthcare,-0.040966666666666665
2023-06-16,Healthcare,0.005426000000000003
2023-06-20,Healthcare,0.11292285714285714
2023-06-21,Healthcare,0.16896133333333335
2023-06-22,Healthcare,0.1659
2023-06-23,Healthcare,0.20172333333333334
2023-06-26,Healthcare,0.11757966666666667
2023-06-27,Healthcare,0.11964833333333333
2023-06-28,Healthcare,0.12248
2023-06-29,Healthcare,0.2371085714285714
2023-06-30,Healthcare,-0.0033200000000000035
2023-07-03,Healthcare,0.2188206666666667
2023-07-05,Healthcare,0.2960933333333334
2023-07-06,Healthcare,0.20507
2023-07-07,Healthcare,0.10865333333333335
2023-07-10,Healthcare,0.0940857142857143
2023-07-11,Healthcare,-0.028426666666666663
2023-07-12,Healthcare,0.2750633333333333
2023-07-13,Healthcare,0.1461883333333333
2023-07-14,Healthcare,0.125635
2023-07-17,Healthcare,0.13709466666666667
2023-07-18,Healthcare,0.06547500000000002
2023-07-19,Healthcare,0.03876166666666667
2023-07-20,Healthcare,0.03738000000000001
2023-07-21,Healthcare,0.060983030303030296
2023-07-24,Healthcare,0.16040833333333335
2023-07-25,Healthcare,0.12328633333333332
2023-07-26,Healthcare,-0.021551999999999998
2023-07-27,Healthcare,0.27854875
2023-07-28,Healthcare,0.09611233333333333
2023-07-31,Healthcare,0.18785222222222223
2023-08-01,Healthcare,0.33085027777777776
2023-08-02,Healthcare,0.17406214285714286
2023-08-03,Healthcare,0.19539627777777777
2023-08-04,Healthcare,0.12016200000000002
2023-08-07,Healthcare,0.15664733333333333
2023-08-08,Healthcare,0.26930200000000004
2023-08-09,Healthcare,0.3620896666666667
2023-08-10,Healthcare,0.202176
2023-08-11,Healthcare,0.06369
2023-08-14,Healthcare,0.23344966666666664
2023-08-15,Healthcare,0.04014333333333335
2023-08-16,Healthcare,-0.024089999999999993
2023-08-17,Healthcare,-0.06681
2023-08-18,Healthcare,0.073505
2023-08-21,Healthcare,0.12481438095238093
2023-08-22,Healthcare,0.06322333333333333
2023-08-23,Healthcare,0.1952264761904762
2023-08-24,Healthcare,0.17835333333333336
2023-08-25,Healthcare,0.171377
2023-08-28,Healthcare,0.11796397435897436
2023-08-29,Healthcare,0.11812388888888888
2023-08-30,Healthcare,0.07816500000000001
2023-08-31,Healthcare,0.11221833333333335
2023-09-01,Healthcare,0.07956933333333334
2023-09-05,Healthcare,0.01163235714285713
2023-09-06,Healthcare,0.17907333333333333
2023-09-07,Healthcare,-0.15995333333333334
2023-09-08,Healthcare,0.261308
2023-09-11,Healthcare,0.18920599999999999
2023-09-12,Healthcare,0.016071666666666685
2023-09-13,Healthcare,0.140565
2023-09-14,Healthcare,0.20686333333333332
2023-09-15,Healthcare,0.045924
2023-09-18,Healthcare,0.16121933333333333
2023-09-19,Healthcare,0.09691999999999999
2023-09-20,Healthcare,-0.08283
2023-09-21,Healthcare,0.11814
2023-09-22,Healthcare,-0.05393250000000001
2023-09-25,Healthcare,0.12401999999999999
2023-09-26,Healthcare,0.15439809523809528
2023-09-27,Healthcare,0.14977000000000001
2023-09-28,Healthcare,0.20697000000000002
2023-09-29,Healthcare,0.21722583333333337
2023-10-02,Healthcare,0.1676406666666667
2023-10-03,Healthcare,0.22195
2023-10-04,Healthcare,0.24893
2023-10-05,Healthcare,-0.004240000000000005
2023-10-06,Healthcare,0.14411599999999997
2023-10-09,Healthcare,0.39801
2023-10-10,Healthcare,0.015582666666666667
2023-10-11,Healthcare,0.06467785714285715
2023-10-12,Healthcare,0.2145038095238095
2023-10-13,Healthcare,0.09252500000000001
2023-10-16,Healthcare,0.20962333333333336
2023-10-17,Healthcare,0.16993833333333333
2023-10-18,Healthcare,0.12527500000000003
2023-10-19,Healthcare,0.23580114285714288
2023-10-20,Healthcare,0.127375
2023-10-23,Healthcare,0.09543099999999999
2023-10-24,Healthcare,0.19015100000000001
2023-10-25,Healthcare,0.11110571428571428
2023-10-26,Healthcare,0.23336533333333337
2023-10-27,Healthcare,0.2120936363636364
2023-10-30,Healthcare,0.11811066666666666
2023-10-31,Healthcare,0.15621094736842106
2023-11-01,Healthcare,-0.008235333333333336
2023-11-02,Healthcare,0.27180371794871794
2023-11-03,Healthcare,0.10013857142857141
2023-11-06,Healthcare,0.15884266666666663
2023-11-07,Healthcare,0.10414388888888888
2023-11-08,Healthcare,0.0595465
2023-11-09,Healthcare,0.1753659393939394
2023-11-10,Healthcare,0.08698533333333333
2023-11-13,Healthcare,0.1771111111111111
2023-11-14,Healthcare,0.117424
2023-11-15,Healthcare,0.12574000000000002
2023-11-16,Healthcare,0.16448333333333331
2023-11-17,Healthcare,0.07221
2023-11-20,Healthcare,0.17571
2023-11-21,Healthcare,0.12007000000000001
2023-11-22,Healthcare,0.17206
2023-11-24,Healthcare,0.08498399999999999
2023-11-27,Healthcare,0.2936
2023-11-28,Healthcare,0.19602666666666668
2023-11-29,Healthcare,0.17927833333333335
2023-11-30,Healthcare,0.09690499999999999
2023-12-01,Healthcare,0.0
2023-12-04,Healthcare,0.10731299999999999
2023-12-05,Healthcare,0.16775999999999996
2023-12-06,Healthcare,0.13157833333333332
2023-12-07,Healthcare,0.1730994545454545
2023-12-08,Healthcare,0.05879399999999999
2023-12-11,Healthcare,0.2096925252525253
2023-12-12,Healthcare,0.13696433333333333
2023-12-13,Healthcare,0.038311666666666674
2023-12-14,Healthcare,0.12891
2023-12-15,Healthcare,0.0
2023-12-18,Healthcare,0.20240402564102564
2023-12-19,Healthcare,0.0
2023-12-20,Healthcare,0.0
2023-12-21,Healthcare,0.0
2023-12-22,Healthcare,0.0
2023-12-26,Healthcare,0.0
2023-12-27,Healthcare,0.0
2023-12-28,Healthcare,0.0
2023-12-29,Healthcare,0.0
2020-01-02,Industrials,0.111195
2020-01-03,Industrials,-0.11957
2020-01-06,Industrials,0.06949166666666666
2020-01-07,Industrials,0.025519999999999998
2020-01-08,Industrials,0.029261428571428567
2020-01-09,Industrials,0.09487000000000001
2020-01-10,Industrials,0.11006
2020-01-13,Industrials,0.059236666666666674
2020-01-14,Industrials,0.156231
2020-01-15,Industrials,-0.07338499999999998
2020-01-16,Industrials,0.10313333333333334
2020-01-17,Industrials,0.24692666666666668
2020-01-21,Industrials,0.13777028571428568
2020-01-22,Industrials,-0.01411142857142857
2020-01-23,Industrials,-0.02514761904761905
2020-01-24,Industrials,0.07103733333333333
2020-01-27,Industrials,0.09697333333333333
2020-01-28,Industrials,-0.027051666666666658
2020-01-29,Industrials,0.0004159999999999942
2020-01-30,Industrials,0.13609333333333334
2020-01-31,Industrials,0.04889399999999999
2020-02-03,Industrials,0.08893666666666666
2020-02-04,Industrials,0.20762833333333336
2020-02-05,Industrials,0.027336666666666655
2020-02-06,Industrials,0.014586666666666668
2020-02-07,Industrials,0.03194400000000001
2020-02-10,Industrials,0.07626833333333334
2020-02-11,Industrials,0.07377666666666667
2020-02-12,Industrials,0.007693333333333334
2020-02-13,Industrials,0.05985
2020-02-14,Industrials,0.220965
2020-02-18,Industrials,0.00572
2020-02-19,Industrials,0.13732666666666668
2020-02-20,Industrials,0.039093333333333334
2020-02-21,Industrials,0.07836
2020-02-24,Industrials,0.09936433333333332
2020-02-25,Industrials,-0.023616666666666668
2020-02-26,Industrials,0.06043333333333334
2020-02-27,Industrials,0.12987833333333332
2020-02-28,Industrials,0.135815
2020-03-02,Industrials,0.08603999999999999
2020-03-03,Industrials,0.04853333333333333
2020-03-04,Industrials,0.14431266666666667
2020-03-05,Industrials,0.03489066666666667
2020-03-06,Industrials,0.016293333333333326
2020-03-09,Industrials,-0.174473
2020-03-10,Industrials,-0.079792
2020-03-11,Industrials,0.08202190476190477
2020-03-12,Industrials,-0.23715333333333333
2020-03-13,Industrials,0.12536666666666668
2020-03-16,Industrials,0.07551857142857145
2020-03-17,Industrials,-0.07602666666666666
2020-03-18,Industrials,0.04742071428571428
2020-03-19,Industrials,0.004123333333333331
2020-03-20,Industrials,0.078832
2020-03-23,Industrials,0.014488333333333336
2020-03-24,Industrials,0.250232
2020-03-25,Industrials,0.16388833333333336
2020-03-26,Industrials,0.15596190476190475
2020-03-27,Industrials,0.009342727272727253
2020-03-30,Industrials,0.020933904761904758
2020-03-31,Industrials,0.03500166666666667
2020-04-01,Industrials,0.0007500000000000007
2020-04-02,Industrials,-0.03655966666666667
2020-04-03,Industrials,-0.21634448412698415
2020-04-06,Industrials,0.07547433333333334
2020-04-07,Industrials,0.31751450000000003
2020-04-08,Industrials,0.18336285714285713
2020-04-09,Industrials,0.022437976190476182
2020-04-13,Industrials,-0.03878989898989899
2020-04-14,Industrials,0.23656983333333334
2020-04-15,Industrials,0.04779000000000001
2020-04-16,Industrials,0.23307866666666666
2020-04-17,Industrials,0.019592121212121217
2020-04-20,Industrials,0.02356
2020-04-21,Industrials,-0.022445333333333328
2020-04-22,Industrials,0.02078333333333333
2020-04-23,Industrials,0.305172
2020-04-24,Industrials,0.03235176470588235
2020-04-27,Industrials,0.1274971515151515
2020-04-28,Industrials,0.09557063157894738
2020-04-29,Industrials,0.08863806349206349
2020-04-30,Industrials,-0.02923205128205128
2020-05-01,Industrials,-0.08200921428571427
2020-05-04,Industrials,0.06763428571428573
2020-05-05,Industrials,0.2772777777777778
2020-05-06,Industrials,0.051532
2020-05-07,Industrials,0.036403000000000005
2020-05-08,Industrials,0.04947500000000001
2020-05-11,Industrials,0.27854333333333336
2020-05-12,Industrials,0.024392727272727274
2020-05-13,Industrials,-0.014948000000000006
2020-05-14,Industrials,0.05345277777777778
2020-05-15,Industrials,-0.018955333333333334
2020-05-18,Industrials,0.3849939090909091
2020-05-19,Industrials,-0.0882025
2020-05-20,Industrials,0.13646333333333333
2020-05-21,Industrials,-0.053000000000000005
2020-05-22,Industrials,0.00685
2020-05-26,Industrials,0.32302
2020-05-27,Industrials,0.37695
2020-05-28,Industrials,0.1339018253968254
2020-05-29,Industrials,0.11420222222222223
2020-06-01,Industrials,0.20918333333333336
2020-06-02,Industrials,0.4766516666666667
2020-06-03,Industrials,0.33065739130434785
2020-06-04,Industrials,0.07847190476190477
2020-06-05,Industrials,0.37669142857142857
2020-06-08,Industrials,0.15352313725490194
2020-06-09,Industrials,0.08338915384615386
2020-06-10,Industrials,-0.06204533333333334
2020-06-11,Industrials,0.028602380952380956
2020-06-12,Industrials,0.0010120000000000073
2020-06-15,Industrials,0.023141238095238093
2020-06-16,Industrials,0.23661300000000002
2020-06-17,Industrials,-0.03062
2020-06-18,Industrials,-0.043201
2020-06-19,Industrials,0.08808
2020-06-22,Industrials,0.09724666666666666
2020-06-23,Industrials,0.24691000000000002
2020-06-24,Industrials,-0.015993333333333335
2020-06-25,Industrials,-0.06758588235294118
2020-06-26,Industrials,0.0842988888888889
2020-06-29,Industrials,0.10496214285714286
2020-06-30,Industrials,0.17601333333333335
2020-07-01,Industrials,0.1618041666666667
2020-07-02,Industrials,0.028462499999999995
2020-07-06,Industrials,0.09118545454545454
2020-07-07,Industrials,-0.018974285714285714
2020-07-08,Industrials,0.11293499999999998
2020-07-09,Industrials,-0.03832
2020-07-10,Industrials,-0.05915714285714285
2020-07-13,Industrials,0.19571333333333332
2020-07-14,Industrials,0.23569699999999996
2020-07-15,Industrials,0.22748999999999997
2020-07-16,Industrials,0.021800000000000003
2020-07-17,Industrials,0.044985000000000004
2020-07-20,Industrials,0.18751454545454543
2020-07-21,Industrials,-0.02594
2020-07-22,Industrials,-0.03188333333333333
2020-07-23,Industrials,0.2998475
2020-07-24,Industrials,0.15993000000000002
2020-07-27,Industrials,0.18558999999999998
2020-07-28,Industrials,0.12243857894736843
2020-07-29,Industrials,0.05924814102564102
2020-07-30,Industrials,0.06401101343101342
2020-07-31,Industrials,-0.007997333333333334
2020-08-03,Industrials,-0.0882980606060606
2020-08-04,Industrials,0.029853333333333332
2020-08-05,Industrials,0.1140925
2020-08-06,Industrials,0.27086
2020-08-07,Industrials,0.04742999999999999
2020-08-10,Industrials,0.09026
2020-08-11,Industrials,0.04970666666666666
2020-08-12,Industrials,0.0127
2020-08-13,Industrials,-0.04074000000000001
2020-08-14,Industrials,-0.02432500000000003
2020-08-17,Industrials,0.06361599999999999
2020-08-18,Industrials,0.1427
2020-08-19,Industrials,0.12709600000000001
2020-08-20,Industrials,0.11276666666666665
2020-08-21,Industrials,-0.033252000000000004
2020-08-24,Industrials,0.29782600000000004
2020-08-25,Industrials,0.15045999999999998
2020-08-26,Industrials,-0.044524999999999995
2020-08-27,Industrials,0.07593666666666667
2020-08-28,Industrials,0.054452
2020-08-31,Industrials,0.333036
2020-09-01,Industrials,0.06810999999999999
2020-09-02,Industrials,0.16235333333333335
2020-09-03,Industrials,0.06782333333333332
2020-09-04,Industrials,0.059199999999999996
2020-09-08,Industrials,-0.026558
2020-09-09,Industrials,0.09780533333333333
2020-09-10,Industrials,0.019032
2020-09-11,Industrials,-0.024157999999999992
2020-09-14,Industrials,0.03974
2020-09-15,Industrials,0.10537666666666667
2020-09-16,Industrials,0.2520681818181818
2020-09-17,Industrials,0.1118443181818182
2020-09-18,Industrials,0.20768666666666666
2020-09-21,Industrials,-0.02693533333333334
2020-09-22,Industrials,0.07531666666666663
2020-09-23,Industrials,0.1607
2020-09-24,Industrials,0.04422333333333332
2020-09-25,Industrials,0.21506444444444442
2020-09-28,Industrials,0.09886745098039215
2020-09-29,Industrials,0.23141000000000003
2020-09-30,Industrials,0.2078856666666667
2020-10-01,Industrials,0.33369875000000004
2020-10-02,Industrials,0.02313
2020-10-05,Industrials,0.17136495238095237
2020-10-06,Industrials,-0.16595333333333334
2020-10-07,Industrials,0.01722222222222222
2020-10-08,Industrials,0.09261499999999999
2020-10-09,Industrials,0.14742799999999998
2020-10-12,Industrials,0.20215285714285716
2020-10-13,Industrials,0.24509799999999995
2020-10-14,Industrials,0.14747
2020-10-15,Industrials,0.18686666666666665
2020-10-16,Industrials,0.11251230769230769
2020-10-19,Industrials,0.24001166666666665
2020-10-20,Industrials,0.12153
2020-10-21,Industrials,0.15935
2020-10-22,Industrials,0.018688571428571433
2020-10-23,Industrials,0.32852
2020-10-26,Industrials,0.2452111111111111
2020-10-27,Industrials,0.02327961538461538
2020-10-28,Industrials,0.19492177272727274
2020-10-29,Industrials,-0.073681
2020-10-30,Industrials,0.04424857142857143
2020-11-02,Industrials,0.165154
2020-11-03,Industrials,0.23815133333333333
2020-11-04,Industrials,0.23914666666666667
2020-11-05,Industrials,0.08382333333333333
2020-11-06,Industrials,-0.006898095238095236
2020-11-09,Industrials,0.2821396666666667
2020-11-10,Industrials,0.11658677777777778
2020-11-11,Industrials,0.11378499999999998
2020-11-12,Industrials,0.09621
2020-11-13,Industrials,0.08266
2020-11-16,Industrials,0.12673142857142858
2020-11-17,Industrials,0.08677
2020-11-18,Industrials,-0.015058888888888882
2020-11-19,Industrials,0.03708857142857143
2020-11-20,Industrials,0.05420933333333333
2020-11-23,Industrials,0.1829397142857143
2020-11-24,Industrials,0.08334357142857142
2020-11-25,Industrials,0.2549383333333334
2020-11-27,Industrials,0.15478285714285714
2020-11-30,Industrials,0.18386857142857144
2020-12-01,Industrials,0.07962333333333334
2020-12-02,Industrials,0.035414999999999995
2020-12-03,Industrials,0.3377867787114846
2020-12-04,Industrials,0.1201525
2020-12-07,Industrials,0.07032000000000001
2020-12-08,Industrials,-0.11111777777777779
2020-12-09,Industrials,0.11737277777777777
2020-12-10,Industrials,0.07265066666666667
2020-12-11,Industrials,-0.09209599999999998
2020-12-14,Industrials,0.13692380952380953
2020-12-15,Industrials,0.20709
2020-12-16,Industrials,0.13105777777777777
2020-12-17,Industrials,0.16735166666666665
2020-12-18,Industrials,0.1677345
2020-12-21,Industrials,0.2217365
2020-12-22,Industrials,0.17010333333333333
2020-12-23,Industrials,0.2662366666666667
2020-12-24,Industrials,0.12240999999999999
2020-12-28,Industrials,0.16969714285714285
2020-12-29,Industrials,0.2196725
2020-12-30,Industrials,0.09855799999999999
2020-12-31,Industrials,0.13864
2021-01-04,Industrials,0.06339722222222223
2021-01-05,Industrials,0.10463777777777779
2021-01-06,Industrials,0.07876133333333332
2021-01-07,Industrials,0.017096666666666663
2021-01-08,Industrials,0.017220000000000006
2021-01-11,Industrials,0.17298750000000002
2021-01-12,Industrials,0.009642222222222224
2021-01-13,Industrials,0.25459818181818183
2021-01-14,Industrials,0.19075166666666668
2021-01-15,Industrials,0.06800333333333333
2021-01-19,Industrials,0.13962039215686273
2021-01-20,Industrials,0.16433
2021-01-21,Industrials,-0.015220000000000001
2021-01-22,Industrials,0.061399999999999996
2021-01-25,Industrials,0.28121
2021-01-26,Industrials,0.16163384825700616
2021-01-27,Industrials,0.025069420289855076
2021-01-28,Industrials,0.10651099999999998
2021-01-29,Industrials,0.10258833333333335
2021-02-01,Industrials,-0.16402057142857143
2021-02-02,Industrials,0.06110461538461538
2021-02-03,Industrials,0.06664999999999999
2021-02-04,Industrials,0.04513
2021-02-05,Industrials,-0.018010000000000005
2021-02-08,Industrials,0.1685847619047619
2021-02-09,Industrials,0.07297166666666668
2021-02-10,Industrials,0.0888352380952381
2021-02-11,Industrials,0.030610000000000005
2021-02-12,Industrials,0.17312333333333332
2021-02-16,Industrials,-0.13183285714285714
2021-02-17,Industrials,0.02665714285714286
2021-02-18,Industrials,0.06401857142857141
2021-02-19,Industrials,0.19833533333333336
2021-02-22,Industrials,0.07818166666666668
2021-02-23,Industrials,0.07111166666666666
2021-02-24,Industrials,-0.05508333333333335
2021-02-25,Industrials,0.13752333333333333
2021-02-26,Industrials,-0.006943333333333329
2021-03-01,Industrials,-0.007177749999999983
2021-03-02,Industrials,0.09672
2021-03-03,Industrials,0.07703714285714285
2021-03-04,Industrials,0.23724999999999996
2021-03-05,Industrials,0.05764285714285715
2021-03-08,Industrials,0.18067166666666667
2021-03-09,Industrials,0.08999083333333333
2021-03-10,Industrials,0.10191256410256411
2021-03-11,Industrials,0.24430133333333334
2021-03-12,Industrials,0.16086333333333333
2021-03-15,Industrials,0.2501333333333334
2021-03-16,Industrials,0.007480000000000003
2021-03-17,Industrials,-0.00797
2021-03-18,Industrials,-0.05682999999999999
2021-03-19,Industrials,-0.03447
2021-03-22,Industrials,0.05023999999999999
2021-03-23,Industrials,0.11825000000000001
2021-03-24,Industrials,0.08724666666666667
2021-03-25,Industrials,-0.026273333333333333
2021-03-26,Industrials,0.07932142857142857
2021-03-29,Industrials,0.22539533333333334
2021-03-30,Industrials,0.17658999999999997
2021-03-31,Industrials,0.059401666666666665
2021-04-01,Industrials,0.20747333333333334
2021-04-05,Industrials,0.31527900000000003
2021-04-06,Industrials,0.041525
2021-04-07,Industrials,0.07026666666666667
2021-04-08,Industrials,0.0364
2021-04-09,Industrials,0.22107904761904762
2021-04-12,Industrials,0.060419999999999995
2021-04-13,Industrials,0.26631499999999997
2021-04-14,Industrials,0.08622166666666664
2021-04-15,Industrials,0.10951
2021-04-16,Industrials,0.050409999999999996
2021-04-19,Industrials,0.174855
2021-04-20,Industrials,0.0010884848484848497
2021-04-21,Industrials,0.11552666666666667
2021-04-22,Industrials,0.15117
2021-04-23,Industrials,0.041927142857142864
2021-04-26,Industrials,0.0901947619047619
2021-04-27,Industrials,0.10664511904761904
2021-04-28,Industrials,-0.030192842105263164
2021-04-29,Industrials,0.020333461538461533
2021-04-30,Industrials,0.050676
2021-05-03,Industrials,0.05803238095238096
2021-05-04,Industrials,0.097498
2021-05-05,Industrials,0.23539400000000002
2021-05-06,Industrials,0.20995
2021-05-07,Industrials,0.04199428571428572
2021-05-10,Industrials,0.19173
2021-05-11,Industrials,0.05246000000000001
2021-05-12,Industrials,0.1414085714285714
2021-05-13,Industrials,0.11532
2021-05-14,Industrials,0.02859333333333332
2021-05-17,Industrials,0.24701142857142858
2021-05-18,Industrials,0.003088
2021-05-19,Industrials,0.029969999999999997
2021-05-20,Industrials,0.13894
2021-05-21,Industrials,0.14569000000000001
2021-05-24,Industrials,0.193625
2021-05-25,Industrials,0.0
2021-05-26,Industrials,0.04868
2021-05-27,Industrials,0.12304333333333335
2021-05-28,Industrials,0.07224
2021-06-01,Industrials,0.137475
2021-06-02,Industrials,0.04078
2021-06-03,Industrials,0.19455333333333333
2021-06-04,Industrials,0.13691333333333333
2021-06-07,Industrials,0.23135500000000003
2021-06-08,Industrials,0.019379999999999998
2021-06-09,Industrials,0.12012999999999999
2021-06-10,Industrials,0.17082666666666665
2021-06-11,Industrials,0.30294
2021-06-14,Industrials,0.021909999999999995
2021-06-15,Industrials,0.02757333333333334
2021-06-16,Industrials,0.222775
2021-06-17,Industrials,0.0
2021-06-18,Industrials,0.16172
2021-06-21,Industrials,0.11364666666666667
2021-06-22,Industrials,-0.14045000000000002
2021-06-23,Industrials,0.04404
2021-06-24,Industrials,0.14174666666666663
2021-06-25,Industrials,0.007756666666666667
2021-06-28,Industrials,0.10276
2021-06-29,Industrials,0.16465000000000002
2021-06-30,Industrials,0.030506666666666665
2021-07-01,Industrials,0.15716999999999998
2021-07-02,Industrials,0.06616
2021-07-06,Industrials,0.0013400000000000005
2021-07-07,Industrials,0.15643333333333334
2021-07-08,Industrials,0.08714
2021-07-09,Industrials,0.07328
2021-07-12,Industrials,0.11881
2021-07-13,Industrials,0.04588
2021-07-14,Industrials,0.04404
2021-07-15,Industrials,0.1092
2021-07-16,Industrials,0.07506
2021-07-19,Industrials,0.08550999999999999
2021-07-20,Industrials,0.0
2021-07-21,Industrials,0.02151
2021-07-22,Industrials,0.054474999999999996
2021-07-23,Industrials,0.23417333333333334
2021-07-26,Industrials,-0.005513333333333335
2021-07-27,Industrials,0.0630944126984127
2021-07-28,Industrials,0.14559333333333332
2021-07-29,Industrials,0.12017
2021-07-30,Industrials,0.05167299999999999
2021-08-02,Industrials,0.09487428571428573
2021-08-03,Industrials,0.02023
2021-08-04,Industrials,0.09478
2021-08-05,Industrials,0.155725
2021-08-06,Industrials,-0.009225
2021-08-09,Industrials,0.17715333333333333
2021-08-10,Industrials,0.09832333333333333
2021-08-11,Industrials,-0.08217
2021-08-12,Industrials,0.059199999999999996
2021-08-13,Industrials,-0.05023
2021-08-16,Industrials,0.08524333333333331
2021-08-17,Industrials,0.11438
2021-08-18,Industrials,0.06404499999999999
2021-08-19,Industrials,0.04215
2021-08-20,Industrials,-0.09147999999999998
2021-08-23,Industrials,0.1301233333333333
2021-08-24,Industrials,0.17907999999999996
2021-08-25,Industrials,0.15322
2021-08-26,Industrials,-0.09176
2021-08-27,Industrials,0.11440833333333333
2021-08-30,Industrials,0.05430666666666667
2021-08-31,Industrials,0.17313
2021-09-01,Industrials,0.0
2021-09-02,Industrials,0.0046899999999999945
2021-09-03,Industrials,-0.05985999999999999
2021-09-07,Industrials,0.159808
2021-09-08,Industrials,0.18338000000000002
2021-09-09,Industrials,0.0
2021-09-10,Industrials,-0.015380000000000005
2021-09-13,Industrials,0.11020666666666667
2021-09-14,Industrials,0.019733333333333332
2021-09-15,Industrials,-0.03479
2021-09-16,Industrials,0.06762
2021-09-17,Industrials,0.0
2021-09-20,Industrials,-0.041354999999999996
2021-09-21,Industrials,-0.02263
2021-09-22,Industrials,0.06548000000000001
2021-09-23,Industrials,0.20267333333333334
2021-09-24,Industrials,0.033030000000000004
2021-09-27,Industrials,0.10128200000000001
2021-09-28,Industrials,0.06056
2021-09-29,Industrials,0.0843
2021-09-30,Industrials,0.11989666666666668
2021-10-01,Industrials,0.0843
2021-10-04,Industrials,0.15341
2021-10-05,Industrials,-0.04407333333333334
2021-10-06,Industrials,-0.200061
2021-10-07,Industrials,0.0
2021-10-08,Industrials,0.06481
2021-10-11,Industrials,0.4246
2021-10-12,Industrials,0.0
2021-10-13,Industrials,0.1261
2021-10-14,Industrials,0.14743
2021-10-15,Industrials,0.09187000000000001
2021-10-18,Industrials,0.11789999999999998
2021-10-19,Industrials,0.06774666666666666
2021-10-20,Industrials,-0.01666
2021-10-21,Industrials,0.03408800000000001
2021-10-22,Industrials,0.062490000000000004
2021-10-25,Industrials,0.02843
2021-10-26,Industrials,0.19928733333333332
2021-10-27,Industrials,0.018446666666666663
2021-10-28,Industrials,0.11130572727272728
2021-10-29,Industrials,0.08185333333333335
2021-11-01,Industrials,0.042460000000000005
2021-11-02,Industrials,0.02149
2021-11-03,Industrials,0.05423
2021-11-04,Industrials,-0.03714000000000002
2021-11-05,Industrials,0.1648133333333333
2021-11-08,Industrials,-0.039856666666666665
2021-11-09,Industrials,0.24011624999999998
2021-11-10,Industrials,-0.014698333333333351
2021-11-11,Industrials,0.072395
2021-11-12,Industrials,0.29253999999999997
2021-11-15,Industrials,0.24630833333333335
2021-11-16,Industrials,0.141991
2021-11-17,Industrials,0.07259333333333333
2021-11-18,Industrials,0.018579999999999996
2021-11-19,Industrials,-0.08885000000000001
2021-11-22,Industrials,0.091125
2021-11-23,Industrials,0.04576
2021-11-24,Industrials,0.0
2021-11-26,Industrials,0.07286
2021-11-29,Industrials,0.08813000000000001
2021-11-30,Industrials,0.04284666666666667
2021-12-01,Industrials,-0.08699
2021-12-02,Industrials,0.06491
2021-12-03,Industrials,0.15012
2021-12-06,Industrials,0.13345333333333334
2021-12-07,Industrials,0.13554
2021-12-08,Industrials,0.03887499999999999
2021-12-09,Industrials,0.12252999999999999
2021-12-10,Industrials,0.06704666666666667
2021-12-13,Industrials,-0.0019316666666666677
2021-12-14,Industrials,0.07294333333333332
2021-12-15,Industrials,-0.0854311111111111
2021-12-16,Industrials,0.005284166666666669
2021-12-17,Industrials,0.04581371428571428
2021-12-20,Industrials,-0.07045000000000003
2021-12-21,Industrials,0.226034
2021-12-22,Industrials,0.30667999999999995
2021-12-23,Industrials,0.019932
2021-12-27,Industrials,0.255972
2021-12-28,Industrials,0.0396775
2021-12-29,Industrials,0.15779
2021-12-30,Industrials,0.20270000000000002
2021-12-31,Industrials,0.059199999999999996
2022-01-03,Industrials,0.22693
2022-01-04,Industrials,0.17092666666666667
2022-01-05,Industrials,0.07968
2022-01-06,Industrials,-0.03255285714285715
2022-01-07,Industrials,0.06274700000000001
2022-01-10,Industrials,0.19478761904761904
2022-01-11,Industrials,0.116044
2022-01-12,Industrials,0.286895
2022-01-13,Industrials,0.06736
2022-01-14,Industrials,0.2106533333333333
2022-01-18,Industrials,0.07777717948717949
2022-01-19,Industrials,0.13594342857142858
2022-01-20,Industrials,0.17103466666666667
2022-01-21,Industrials,0.05690266666666667
2022-01-24,Industrials,0.11998838095238096
2022-01-25,Industrials,0.047360643539467076
2022-01-26,Industrials,0.06770289855072463
2022-01-27,Industrials,0.168045
2022-01-28,Industrials,0.16720283333333333
2022-01-31,Industrials,0.25250416666666664
2022-02-01,Industrials,0.13396
2022-02-02,Industrials,0.07711166666666666
2022-02-03,Industrials,0.15661399999999998
2022-02-04,Industrials,0.27579000000000004
2022-02-07,Industrials,0.3807228571428571
2022-02-08,Industrials,0.03462888888888889
2022-02-09,Industrials,0.09966
2022-02-10,Industrials,0.08771
2022-02-11,Industrials,0.14434666666666668
2022-02-14,Industrials,-0.03441333333333333
2022-02-15,Industrials,0.10904333333333334
2022-02-16,Industrials,0.10432857142857144
2022-02-17,Industrials,0.12938100000000002
2022-02-18,Industrials,-0.010215000000000007
2022-02-22,Industrials,0.0752475
2022-02-23,Industrials,-0.07855
2022-02-24,Industrials,-0.04663333333333334
2022-02-25,Industrials,0.001970000000000011
2022-02-28,Industrials,0.165106
2022-03-01,Industrials,0.14078133333333334
2022-03-02,Industrials,0.13436333333333333
2022-03-03,Industrials,0.12794666666666665
2022-03-04,Industrials,0.2699066666666667
2022-03-07,Industrials,0.12061833333333334
2022-03-08,Industrials,-0.11416333333333333
2022-03-09,Industrials,0.28118380952380956
2022-03-10,Industrials,0.015863238095238097
2022-03-11,Industrials,0.11408
2022-03-14,Industrials,0.2724
2022-03-15,Industrials,0.17218
2022-03-16,Industrials,-0.011651071428571441
2022-03-17,Industrials,0.1394272727272727
2022-03-18,Industrials,-0.029938461538461546
2022-03-21,Industrials,-0.03971066666666669
2022-03-22,Industrials,-0.26888999999999996
2022-03-23,Industrials,-0.09488333333333333
2022-03-24,Industrials,-0.0754457142857143
2022-03-25,Industrials,0.19824499999999998
2022-03-28,Industrials,0.19236533333333336
2022-03-29,Industrials,0.10795266666666667
2022-03-30,Industrials,0.2729511111111111
2022-03-31,Industrials,0.2619866666666667
2022-04-01,Industrials,-0.088072
2022-04-04,Industrials,0.170225
2022-04-05,Industrials,0.0515452380952381
2022-04-06,Industrials,0.12234699999999998
2022-04-07,Industrials,0.05724571428571429
2022-04-08,Industrials,0.113465
2022-04-11,Industrials,0.1162711111111111
2022-04-12,Industrials,0.11237066666666666
2022-04-13,Industrials,0.04301999999999999
2022-04-14,Industrials,0.06794
2022-04-18,Industrials,0.12376000000000001
2022-04-19,Industrials,0.080334
2022-04-20,Industrials,0.204128
2022-04-21,Industrials,0.22602000000000003
2022-04-22,Industrials,-0.08736000000000001
2022-04-25,Industrials,0.19558785714285715
2022-04-26,Industrials,-0.0098510606060606
2022-04-27,Industrials,0.054191363636363635
2022-04-28,Industrials,0.08449
2022-04-29,Industrials,0.19517066666666666
2022-05-02,Industrials,0.053914666666666666
2022-05-03,Industrials,0.25338666666666665
2022-05-04,Industrials,0.11836666666666666
2022-05-05,Industrials,0.061373333333333335
2022-05-06,Industrials,0.09739999999999999
2022-05-09,Industrials,0.07872450000000002
2022-05-10,Industrials,0.042471666666666665
2022-05-11,Industrials,0.10542523809523811
2022-05-12,Industrials,0.11331333333333334
2022-05-13,Industrials,0.04651266666666667
2022-05-16,Industrials,0.28841
2022-05-17,Industrials,0.11004
2022-05-18,Industrials,-0.023628333333333335
2022-05-19,Industrials,0.24573
2022-05-20,Industrials,0.10716111111111111
2022-05-23,Industrials,0.19467833333333334
2022-05-24,Industrials,0.302048
2022-05-25,Industrials,0.2850053333333333
2022-05-26,Industrials,0.14345666666666665
2022-05-27,Industrials,0.15288666666666667
2022-05-31,Industrials,0.332327
2022-06-01,Industrials,0.234606
2022-06-02,Industrials,0.05947066666666667
2022-06-03,Industrials,0.12504666666666667
2022-06-06,Industrials,0.091182
2022-06-07,Industrials,0.35056000000000004
2022-06-08,Industrials,0.025939999999999984
2022-06-09,Industrials,0.22496983333333334
2022-06-10,Industrials,0.037685
2022-06-13,Industrials,-0.02503500000000001
2022-06-14,Industrials,0.2167946666666667
2022-06-15,Industrials,0.1810718181818182
2022-06-16,Industrials,0.07931600000000001
2022-06-17,Industrials,0.20181333333333332
2022-06-21,Industrials,0.26768833333333336
2022-06-22,Industrials,-0.06557611111111111
2022-06-23,Industrials,0.15189999999999998
2022-06-24,Industrials,0.0032333333333333324
2022-06-27,Industrials,0.19640071428571426
2022-06-28,Industrials,-0.045968571428571414
2022-06-29,Industrials,0.20460000000000003
2022-06-30,Industrials,0.26225333333333334
2022-07-01,Industrials,0.05158
2022-07-05,Industrials,0.17525
2022-07-06,Industrials,0.17073999999999998
2022-07-07,Industrials,0.06304999999999998
2022-07-08,Industrials,0.13332666666666668
2022-07-11,Industrials,0.14242
2022-07-12,Industrials,0.06675600000000001
2022-07-13,Industrials,0.2029166666666667
2022-07-14,Industrials,0.19418333333333332
2022-07-15,Industrials,0.012293333333333333
2022-07-18,Industrials,0.11762533333333332
2022-07-19,Industrials,0.10045
2022-07-20,Industrials,0.14518857142857142
2022-07-21,Industrials,0.020603333333333335
2022-07-22,Industrials,0.10223000000000002
2022-07-25,Industrials,0.032542857142857144
2022-07-26,Industrials,0.11273789682539684
2022-07-27,Industrials,0.0
2022-07-28,Industrials,0.04364476190476191
2022-07-29,Industrials,0.12625999999999998
2022-08-01,Industrials,0.137439
2022-08-02,Industrials,0.04924615384615385
2022-08-03,Industrials,0.04890666666666667
2022-08-04,Industrials,0.029599999999999998
2022-08-05,Industrials,0.1002
2022-08-08,Industrials,0.26527799999999996
2022-08-09,Industrials,0.04675
2022-08-10,Industrials,0.12438166666666665
2022-08-11,Industrials,0.004310000000000003
2022-08-12,Industrials,0.2052133333333334
2022-08-15,Industrials,0.29081
2022-08-16,Industrials,-0.08553999999999999
2022-08-17,Industrials,0.017570000000000002
2022-08-18,Industrials,0.03075999999999999
2022-08-19,Industrials,0.016549999999999992
2022-08-22,Industrials,0.2048395238095238
2022-08-23,Industrials,0.15453999999999998
2022-08-24,Industrials,0.09447000000000001
2022-08-25,Industrials,0.11928000000000001
2022-08-26,Industrials,-0.049236666666666665
2022-08-29,Industrials,0.03140133333333333
2022-08-30,Industrials,0.15965
2022-08-31,Industrials,0.11480666666666665
2022-09-01,Industrials,0.185445
2022-09-02,Industrials,0.08769666666666667
2022-09-06,Industrials,0.17135433333333333
2022-09-07,Industrials,0.0887
2022-09-08,Industrials,-0.010329999999999983
2022-09-09,Industrials,0.02733000000000001
2022-09-12,Industrials,0.06373100000000001
2022-09-13,Industrials,0.22052500000000003
2022-09-14,Industrials,0.10652833333333334
2022-09-15,Industrials,0.10717000000000002
2022-09-16,Industrials,0.0769576470588235
2022-09-19,Industrials,0.1637947619047619
2022-09-20,Industrials,0.15845333333333333
2022-09-21,Industrials,0.044331999999999996
2022-09-22,Industrials,-0.05064733333333332
2022-09-23,Industrials,0.064792
2022-09-26,Industrials,0.024574999999999996
2022-09-27,Industrials,0.084105
2022-09-28,Industrials,0.01789333333333333
2022-09-29,Industrials,0.13455999999999999
2022-09-30,Industrials,0.08808
2022-10-03,Industrials,0.16874
2022-10-04,Industrials,0.03653
2022-10-05,Industrials,0.17730666666666667
2022-10-06,Industrials,0.09483
2022-10-07,Industrials,0.04621499999999999
2022-10-10,Industrials,0.22774666666666668
2022-10-11,Industrials,0.1793
2022-10-12,Industrials,0.26004
2022-10-13,Industrials,0.11792
2022-10-14,Industrials,0.08044
2022-10-17,Industrials,-0.07224
2022-10-18,Industrials,0.061029999999999994
2022-10-19,Industrials,-0.010120000000000007
2022-10-20,Industrials,0.20292333333333334
2022-10-21,Industrials,0.09532666666666667
2022-10-24,Industrials,0.13180666666666668
2022-10-25,Industrials,0.037591001221001216
2022-10-26,Industrials,0.04029466666666666
2022-10-27,Industrials,0.34215888888888885
2022-10-28,Industrials,0.23371
2022-10-31,Industrials,0.17614333333333332
2022-11-01,Industrials,0.31194
2022-11-02,Industrials,0.07636
2022-11-03,Industrials,0.04743333333333333
2022-11-04,Industrials,0.2286
2022-11-07,Industrials,0.0
2022-11-08,Industrials,0.052469999999999996
2022-11-09,Industrials,0.1139
2022-11-10,Industrials,0.04711666666666667
2022-11-11,Industrials,0.14364666666666664
2022-11-14,Industrials,0.05226333333333333
2022-11-15,Industrials,0.00479
2022-11-16,Industrials,0.10855333333333332
2022-11-17,Industrials,0.08758999999999999
2022-11-18,Industrials,-0.008533333333333334
2022-11-21,Industrials,0.11285666666666667
2022-11-22,Industrials,0.17723733333333333
2022-11-23,Industrials,0.0
2022-11-25,Industrials,0.0
2022-11-28,Industrials,0.07164799999999999
2022-11-29,Industrials,0.17238
2022-11-30,Industrials,0.14106666666666667
2022-12-01,Industrials,0.2364733333333333
2022-12-02,Industrials,-0.037032
2022-12-05,Industrials,0.046040000000000005
2022-12-06,Industrials,-0.13042
2022-12-07,Industrials,0.04588
2022-12-08,Industrials,0.0034499999999999973
2022-12-09,Industrials,0.20648
2022-12-12,Industrials,-0.032773333333333335
2022-12-13,Industrials,0.23137
2022-12-14,Industrials,0.26382
2022-12-15,Industrials,0.12399999999999997
2022-12-16,Industrials,-0.016404
2022-12-19,Industrials,0.18849666666666667
2022-12-20,Industrials,0.10241999999999998
2022-12-21,Industrials,0.3612947619047619
2022-12-22,Industrials,0.13360333333333335
2022-12-23,Industrials,0.024949999999999993
2022-12-27,Industrials,0.16322166666666665
2022-12-28,Industrials,0.07416666666666667
2022-12-29,Industrials,0.08065333333333333
2022-12-30,Industrials,0.17220000000000002
2023-01-03,Industrials,0.10524133333333334
2023-01-04,Industrials,0.09629333333333334
2023-01-05,Industrials,0.08008
2023-01-06,Industrials,0.06265499999999999
2023-01-09,Industrials,0.23502666666666666
2023-01-10,Industrials,0.21768285714285715
2023-01-11,Industrials,0.05564
2023-01-12,Industrials,0.1455433333333333
2023-01-13,Industrials,0.050495999999999985
2023-01-17,Industrials,0.2502
2023-01-18,Industrials,-0.07106000000000001
2023-01-19,Industrials,0.11735
2023-01-20,Industrials,0.0
2023-01-23,Industrials,0.2258915714285714
2023-01-24,Industrials,0.027852727272727286
2023-01-25,Industrials,0.074
2023-01-26,Industrials,0.07103057142857143
2023-01-27,Industrials,0.09462666666666666
2023-01-30,Industrials,0.06835
2023-01-31,Industrials,0.15393888235294118
2023-02-01,Industrials,0.07608
2023-02-02,Industrials,0.11909
2023-02-03,Industrials,0.21535
2023-02-06,Industrials,0.07020666666666667
2023-02-07,Industrials,-0.018365
2023-02-08,Industrials,0.13917333333333332
2023-02-09,Industrials,0.15381733333333333
2023-02-10,Industrials,0.04939
2023-02-13,Industrials,0.11058333333333334
2023-02-14,Industrials,0.06371199999999999
2023-02-15,Industrials,0.07433
2023-02-16,Industrials,0.11925499999999997
2023-02-17,Industrials,-0.0002466666666666673
2023-02-21,Industrials,0.23271133333333335
2023-02-22,Industrials,0.11839999999999999
2023-02-23,Industrials,0.1947233333333333
2023-02-24,Industrials,0.013559999999999997
2023-02-27,Industrials,0.08054499999999999
2023-02-28,Industrials,0.12960666666666665
2023-03-01,Industrials,0.04261714285714287
2023-03-02,Industrials,0.32782999999999995
2023-03-03,Industrials,0.10336333333333333
2023-03-06,Industrials,0.17439500000000002
2023-03-07,Industrials,0.11127333333333334
2023-03-08,Industrials,0.14984666666666668
2023-03-09,Industrials,0.059888
2023-03-10,Industrials,0.06506
2023-03-13,Industrials,0.12345733333333335
2023-03-14,Industrials,0.17097666666666667
2023-03-15,Industrials,0.05541666666666667
2023-03-16,Industrials,0.24076
2023-03-17,Industrials,0.11180666666666665
2023-03-20,Industrials,0.08378666666666665
2023-03-21,Industrials,0.273
2023-03-22,Industrials,0.21806
2023-03-23,Industrials,0.09861
2023-03-24,Industrials,0.13876
2023-03-27,Industrials,0.16197111111111112
2023-03-28,Industrials,0.04354499999999999
2023-03-29,Industrials,0.050335
2023-03-30,Industrials,0.22674999999999995
2023-03-31,Industrials,-0.028133333333333333
2023-04-03,Industrials,0.10545
2023-04-04,Industrials,0.10258809523809524
2023-04-05,Industrials,0.05001
2023-04-06,Industrials,0.06465599999999999
2023-04-10,Industrials,0.1725735
2023-04-11,Industrials,-0.016513333333333335
2023-04-12,Industrials,0.08918733333333333
2023-04-13,Industrials,0.20684
2023-04-14,Industrials,0.15799166666666667
2023-04-17,Industrials,0.134023
2023-04-18,Industrials,0.08408666666666667
2023-04-19,Industrials,0.13098000000000004
2023-04-20,Industrials,0.052000000000000005
2023-04-21,Industrials,0.206718
2023-04-24,Industrials,0.10307583333333334
2023-04-25,Industrials,0.01693224664224665
2023-04-26,Industrials,0.10071142857142859
2023-04-27,Industrials,0.20392666666666664
2023-04-28,Industrials,0.10691666666666666
2023-05-01,Industrials,0.15376666666666666
2023-05-02,Industrials,0.10075333333333333
2023-05-03,Industrials,0.11318666666666669
2023-05-04,Industrials,0.3461583333333333
2023-05-05,Industrials,-0.14078000000000004
2023-05-08,Industrials,0.030753333333333334
2023-05-09,Industrials,0.18453666666666665
2023-05-10,Industrials,0.08321
2023-05-11,Industrials,0.19583333333333333
2023-05-12,Industrials,0.052706666666666666
2023-05-15,Industrials,0.14456666666666668
2023-05-16,Industrials,0.051513333333333335
2023-05-17,Industrials,0.09617999999999999
2023-05-18,Industrials,0.03453333333333333
2023-05-19,Industrials,0.07576000000000001
2023-05-22,Industrials,0.14881761904761906
2023-05-23,Industrials,0.0843
2023-05-24,Industrials,0.04086047619047618
2023-05-25,Industrials,0.16526666666666667
2023-05-26,Industrials,0.06251666666666666
2023-05-30,Industrials,0.06417833333333334
2023-05-31,Industrials,0.09482333333333333
2023-06-01,Industrials,0.10587866666666668
2023-06-02,Industrials,0.15048392857142856
2023-06-05,Industrials,0.06824571428571428
2023-06-06,Industrials,0.213
2023-06-07,Industrials,0.2106066666666667
2023-06-08,Industrials,0.10046666666666666
2023-06-09,Industrials,-0.02692666666666669
2023-06-12,Industrials,0.122685
2023-06-13,Industrials,0.08408000000000002
2023-06-14,Industrials,0.15786599999999998
2023-06-15,Industrials,0.16016333333333335
2023-06-16,Industrials,0.12928857142857142
2023-06-20,Industrials,0.11403846753246752
2023-06-21,Industrials,-0.06160266666666666
2023-06-22,Industrials,0.044865
2023-06-23,Industrials,0.059338000000000016
2023-06-26,Industrials,0.12441285714285714
2023-06-27,Industrials,0.025416666666666664
2023-06-28,Industrials,0.11795
2023-06-29,Industrials,0.047670000000000004
2023-06-30,Industrials,0.23626333333333333
2023-07-03,Industrials,0.15451366666666666
2023-07-05,Industrials,0.24337961538461536
2023-07-06,Industrials,0.071384
2023-07-07,Industrials,-0.04798499999999999
2023-07-10,Industrials,0.05825857142857142
2023-07-11,Industrials,0.161262
2023-07-12,Industrials,0.01308
2023-07-13,Industrials,0.08922333333333334
2023-07-14,Industrials,0.03183
2023-07-17,Industrials,0.018479999999999996
2023-07-18,Industrials,0.16094333333333333
2023-07-19,Industrials,0.23961785714285716
2023-07-20,Industrials,-0.018899999999999993
2023-07-21,Industrials,0.05410999999999999
2023-07-24,Industrials,0.211504
2023-07-25,Industrials,0.06466450090744102
2023-07-26,Industrials,-0.039335499999999995
2023-07-27,Industrials,0.27442
2023-07-28,Industrials,-0.037984285714285713
2023-07-31,Industrials,0.08792921739130435
2023-08-01,Industrials,0.14670107692307693
2023-08-02,Industrials,0.06416782352941176
2023-08-03,Industrials,0.151166
2023-08-04,Industrials,0.17356
2023-08-07,Industrials,0.04903533333333333
2023-08-08,Industrials,0.0173425
2023-08-09,Industrials,0.09999533333333334
2023-08-10,Industrials,0.08252
2023-08-11,Industrials,0.071165
2023-08-14,Industrials,0.1028
2023-08-15,Industrials,0.13938
2023-08-16,Industrials,0.224715
2023-08-17,Industrials,0.07596857142857143
2023-08-18,Industrials,-0.10519333333333333
2023-08-21,Industrials,0.147536
2023-08-22,Industrials,0.18056999999999998
2023-08-23,Industrials,0.14371733333333334
2023-08-24,Industrials,0.139965
2023-08-25,Industrials,0.05222500000000001
2023-08-28,Industrials,-0.013591315789473684
2023-08-29,Industrials,0.13414761904761902
2023-08-30,Industrials,0.058432
2023-08-31,Industrials,0.110944
2023-09-01,Industrials,0.245005
2023-09-05,Industrials,0.16429333333333332
2023-09-06,Industrials,0.08299333333333332
2023-09-07,Industrials,0.23498666666666668
2023-09-08,Industrials,0.05507666666666666
2023-09-11,Industrials,0.130053
2023-09-12,Industrials,0.149552
2023-09-13,Industrials,0.047348000000000015
2023-09-14,Industrials,0.11484000000000001
2023-09-15,Industrials,0.18399333333333331
2023-09-18,Industrials,0.15384777777777775
2023-09-19,Industrials,0.12916238095238097
2023-09-20,Industrials,0.09112888888888888
2023-09-21,Industrials,0.19755809523809523
2023-09-22,Industrials,0.21674
2023-09-25,Industrials,0.14861
2023-09-26,Industrials,0.17933666666666664
2023-09-27,Industrials,0.21977333333333332
2023-09-28,Industrials,0.032645714285714285
2023-09-29,Industrials,0.10121166666666666
2023-10-02,Industrials,0.18355190476190475
2023-10-03,Industrials,0.1718386666666667
2023-10-04,Industrials,0.07491666666666666
2023-10-05,Industrials,0.15497100000000003
2023-10-06,Industrials,0.006490000000000007
2023-10-09,Industrials,-0.022173333333333343
2023-10-10,Industrials,0.21597539682539685
2023-10-11,Industrials,0.181086
2023-10-12,Industrials,0.15885166666666667
2023-10-13,Industrials,0.06511307692307693
2023-10-16,Industrials,0.13479733333333335
2023-10-17,Industrials,-0.02390000000000001
2023-10-18,Industrials,0.06990571428571428
2023-10-19,Industrials,0.12459821428571427
2023-10-20,Industrials,0.0058003333333333405
2023-10-23,Industrials,0.16659871794871794
2023-10-24,Industrials,0.3382194782608695
2023-10-25,Industrials,0.16094666666666665
2023-10-26,Industrials,0.1803100634920635
2023-10-27,Industrials,-0.04116000000000001
2023-10-30,Industrials,0.13869641025641025
2023-10-31,Industrials,0.19106666666666666
2023-11-01,Industrials,0.10486
2023-11-02,Industrials,0.2551373333333333
2023-11-03,Industrials,-0.06872666666666666
2023-11-06,Industrials,0.17426766666666665
2023-11-07,Industrials,0.06663733333333334
2023-11-08,Industrials,0.13843333333333332
2023-11-09,Industrials,0.2992366666666667
2023-11-10,Industrials,0.0851
2023-11-13,Industrials,0.024074166666666667
2023-11-14,Industrials,0.11999266666666668
2023-11-15,Industrials,0.10552095238095238
2023-11-16,Industrials,0.20268499999999995
2023-11-17,Industrials,0.2057655
2023-11-20,Industrials,0.07540499999999999
2023-11-21,Industrials,0.18805333333333335
2023-11-22,Industrials,0.2492490476190476
2023-11-24,Industrials,0.16455772727272727
2023-11-27,Industrials,0.03903
2023-11-28,Industrials,0.0411125
2023-11-29,Industrials,0.11774
2023-11-30,Industrials,0.17711583333333333
2023-12-01,Industrials,0.059800000000000006
2023-12-04,Industrials,0.1862104761904762
2023-12-05,Industrials,-0.05238999999999998
2023-12-06,Industrials,0.032714666666666656
2023-12-07,Industrials,0.06549083333333335
2023-12-08,Industrials,0.018323333333333337
2023-12-11,Industrials,0.09451657142857142
2023-12-12,Industrials,0.34412916666666665
2023-12-13,Industrials,0.24766238095238094
2023-12-14,Industrials,0.103945
2023-12-15,Industrials,0.08879999999999999
2023-12-18,Industrials,0.29142690476190475
2023-12-19,Industrials,0.0
2023-12-20,Industrials,0.0
2023-12-21,Industrials,0.0
2023-12-22,Industrials,0.0
2023-12-26,Industrials,0.0
2023-12-27,Industrials,0.0
2023-12-28,Industrials,0.0
2023-12-29,Industrials,0.0
2020-01-02,Materials,0.10974999999999999
2020-01-03,Materials,0.004779999999999984
2020-01-06,Materials,0.012419999999999997
2020-01-07,Materials,0.10533999999999999
2020-01-08,Materials,-0.055420000000000004
2020-01-09,Materials,-0.06889333333333333
2020-01-10,Materials,-0.05350000000000001
2020-01-13,Materials,0.26644666666666666
2020-01-14,Materials,0.04983
2020-01-15,Materials,0.06919333333333334
2020-01-16,Materials,0.14728
2020-01-17,Materials,0.18836
2020-01-21,Materials,0.021926000000000005
2020-01-22,Materials,0.0
2020-01-23,Materials,0.1352
2020-01-24,Materials,0.089688
2020-01-27,Materials,-0.012538666666666667
2020-01-28,Materials,0.1968666666666667
2020-01-29,Materials,0.0757142857142857
2020-01-30,Materials,-0.10411956410256411
2020-01-31,Materials,-0.007834666666666667
2020-02-03,Materials,0.13121333333333335
2020-02-04,Materials,0.07848
2020-02-05,Materials,0.010129999999999995
2020-02-06,Materials,0.10475444444444444
2020-02-07,Materials,0.008223333333333329
2020-02-10,Materials,0.23231333333333332
2020-02-11,Materials,0.151206
2020-02-12,Materials,0.059199999999999996
2020-02-13,Materials,0.04045047619047619
2020-02-14,Materials,-0.0026549999999999963
2020-02-18,Materials,0.11428444444444445
2020-02-19,Materials,0.06747
2020-02-20,Materials,0.06675636363636364
2020-02-21,Materials,0.09979333333333333
2020-02-24,Materials,0.15558666666666668
2020-02-25,Materials,-0.020669999999999987
2020-02-26,Materials,0.08374
2020-02-27,Materials,0.04395
2020-02-28,Materials,-0.05825166666666667
2020-03-02,Materials,0.12361833333333332
2020-03-03,Materials,0.282528
2020-03-04,Materials,0.20515
2020-03-05,Materials,0.05788
2020-03-06,Materials,-0.010399999999999998
2020-03-09,Materials,0.023329500000000003
2020-03-10,Materials,0.009193333333333336
2020-03-11,Materials,0.04104888888888889
2020-03-12,Materials,-0.095525
2020-03-13,Materials,0.0029666666666666648
2020-03-16,Materials,-0.04763199999999999
2020-03-17,Materials,0.09069166666666666
2020-03-18,Materials,-0.03754
2020-03-19,Materials,0.11569466666666668
2020-03-20,Materials,0.10466
2020-03-23,Materials,0.19228785714285718
2020-03-24,Materials,0.31854
2020-03-25,Materials,0.26644
2020-03-26,Materials,0.16794533333333334
2020-03-27,Materials,0.0922
2020-03-30,Materials,0.139407
2020-03-31,Materials,0.347045
2020-04-01,Materials,0.04078133333333334
2020-04-02,Materials,0.05146916666666666
2020-04-03,Materials,-0.04410000000000001
2020-04-06,Materials,0.034036
2020-04-07,Materials,0.39497
2020-04-08,Materials,0.17263066666666665
2020-04-09,Materials,0.12747539682539683
2020-04-13,Materials,0.15725214285714287
2020-04-14,Materials,0.05584666666666667
2020-04-15,Materials,-0.04254690476190476
2020-04-16,Materials,0.215325
2020-04-17,Materials,0.28143999999999997
2020-04-20,Materials,0.1869352380952381
2020-04-21,Materials,0.0032166666666666676
2020-04-22,Materials,0.16262000000000001
2020-04-23,Materials,0.15103142857142857
2020-04-24,Materials,-0.04680666666666667
2020-04-27,Materials,0.2864133333333333
2020-04-28,Materials,0.13901933333333333
2020-04-29,Materials,0.3713042424242424
2020-04-30,Materials,0.16844785714285715
2020-05-01,Materials,0.10911333333333335
2020-05-04,Materials,0.07225500000000001
2020-05-05,Materials,0.1921781176470588
2020-05-06,Materials,0.08491900000000001
2020-05-07,Materials,0.11304800000000001
2020-05-08,Materials,0.09220166666666667
2020-05-11,Materials,0.12296200000000002
2020-05-12,Materials,0.05597266666666667
2020-05-13,Materials,0.16820666666666667
2020-05-14,Materials,0.18205999999999997
2020-05-15,Materials,0.20107222222222224
2020-05-18,Materials,0.106115
2020-05-19,Materials,0.029753333333333333
2020-05-20,Materials,0.12783666666666665
2020-05-21,Materials,0.11005333333333334
2020-05-22,Materials,0.05464
2020-05-26,Materials,0.12341666666666669
2020-05-27,Materials,0.0
2020-05-28,Materials,0.127
2020-05-29,Materials,0.043480000000000005
2020-06-01,Materials,0.05464
2020-06-02,Materials,0.264285
2020-06-03,Materials,0.10653666666666668
2020-06-04,Materials,0.0336
2020-06-05,Materials,0.383205
2020-06-08,Materials,0.08885
2020-06-09,Materials,0.18236000000000002
2020-06-10,Materials,0.0
2020-06-11,Materials,0.11617999999999999
2020-06-12,Materials,0.0796
2020-06-15,Materials,0.05464
2020-06-16,Materials,0.0
2020-06-17,Materials,-0.12248
2020-06-18,Materials,0.0
2020-06-19,Materials,-0.04526
2020-06-22,Materials,0.04193999999999999
2020-06-23,Materials,0.04588
2020-06-24,Materials,0.0
2020-06-25,Materials,0.08038
2020-06-26,Materials,0.11438
2020-06-29,Materials,0.04526
2020-06-30,Materials,0.04046
2020-07-01,Materials,0.04046
2020-07-02,Materials,0.0
2020-07-06,Materials,-0.045770000000000005
2020-07-07,Materials,-0.07224
2020-07-08,Materials,0.11438
2020-07-09,Materials,0.0
2020-07-10,Materials,0.0
2020-07-13,Materials,0.0
2020-07-14,Materials,0.0
2020-07-15,Materials,0.0
2020-07-16,Materials,0.01032
2020-07-17,Materials,0.0
2020-07-20,Materials,0.059199999999999996
2020-07-21,Materials,0.0
2020-07-22,Materials,0.12972
2020-07-23,Materials,0.11163066666666666
2020-07-24,Materials,0.13623
2020-07-27,Materials,0.019756000000000003
2020-07-28,Materials,0.1256425
2020-07-29,Materials,0.09738
2020-07-30,Materials,0.172925
2020-07-31,Materials,0.12498000000000001
2020-08-03,Materials,0.2535
2020-08-04,Materials,0.11839999999999999
2020-08-05,Materials,0.02023
2020-08-06,Materials,0.2305
2020-08-07,Materials,0.0
2020-08-10,Materials,0.18210666666666667
2020-08-11,Materials,0.0
2020-08-12,Materials,0.0
2020-08-13,Materials,0.0
2020-08-14,Materials,0.16766
2020-08-17,Materials,0.23495500000000002
2020-08-18,Materials,0.059199999999999996
2020-08-19,Materials,0.0
2020-08-20,Materials,0.0
2020-08-21,Materials,-0.0256
2020-08-24,Materials,0.15886
2020-08-25,Materials,-0.03558
2020-08-26,Materials,0.059199999999999996
2020-08-27,Materials,0.0
2020-08-28,Materials,-0.015086666666666668
2020-08-31,Materials,0.059199999999999996
2020-09-01,Materials,0.0
2020-09-02,Materials,-0.017600000000000005
2020-09-03,Materials,0.02294
2020-09-04,Materials,0.03165
2020-09-08,Materials,0.09878
2020-09-09,Materials,0.0
2020-09-10,Materials,0.06582
2020-09-11,Materials,-0.059199999999999996
2020-09-14,Materials,-0.028655000000000003
2020-09-15,Materials,0.0
2020-09-16,Materials,0.0
2020-09-17,Materials,0.097435
2020-09-18,Materials,0.0
2020-09-21,Materials,0.08177000000000001
2020-09-22,Materials,0.0
2020-09-23,Materials,0.0
2020-09-24,Materials,0.12738
2020-09-25,Materials,0.0
2020-09-28,Materials,-0.015360000000000007
2020-09-29,Materials,0.0
2020-09-30,Materials,0.0
2020-10-01,Materials,0.0
2020-10-02,Materials,0.0
2020-10-05,Materials,0.05786
2020-10-06,Materials,0.0
2020-10-07,Materials,0.0
2020-10-08,Materials,-0.07224
2020-10-09,Materials,0.0
2020-10-12,Materials,0.04553
2020-10-13,Materials,0.0
2020-10-14,Materials,0.11717999999999999
2020-10-15,Materials,0.11988000000000001
2020-10-16,Materials,0.10464
2020-10-19,Materials,0.25528
2020-10-20,Materials,0.0
2020-10-21,Materials,0.12007333333333334
2020-10-22,Materials,0.03503666666666667
2020-10-23,Materials,0.05423
2020-10-26,Materials,0.0
2020-10-27,Materials,0.039495
2020-10-28,Materials,0.0
2020-10-29,Materials,0.061141999999999995
2020-10-30,Materials,0.0
2020-11-02,Materials,0.1041
2020-11-03,Materials,0.09152
2020-11-04,Materials,0.029599999999999998
2020-11-05,Materials,0.0
2020-11-06,Materials,0.07832
2020-11-09,Materials,0.0
2020-11-10,Materials,-0.059199999999999996
2020-11-11,Materials,0.049333333333333326
2020-11-12,Materials,0.06486
2020-11-13,Materials,0.30057999999999996
2020-11-16,Materials,0.14817
2020-11-17,Materials,0.2351
2020-11-18,Materials,0.0
2020-11-19,Materials,0.10389999999999999
2020-11-20,Materials,0.0
2020-11-23,Materials,0.15886
2020-11-24,Materials,0.08808
2020-11-25,Materials,0.10717333333333331
2020-11-27,Materials,0.10846
2020-11-30,Materials,0.04046
2020-12-01,Materials,0.12248
2020-12-02,Materials,0.09152
2020-12-03,Materials,0.0
2020-12-04,Materials,0.0
2020-12-07,Materials,0.0
2020-12-08,Materials,0.03615333333333333
2020-12-09,Materials,0.10957333333333334
2020-12-10,Materials,0.059199999999999996
2020-12-11,Materials,0.0
2020-12-14,Materials,0.0
2020-12-15,Materials,0.029599999999999998
2020-12-16,Materials,0.10846
2020-12-17,Materials,0.17606
2020-12-18,Materials,0.10207999999999999
2020-12-21,Materials,0.21805
2020-12-22,Materials,0.0
2020-12-23,Materials,0.0
2020-12-24,Materials,0.0
2020-12-28,Materials,0.059199999999999996
2020-12-29,Materials,0.12972
2020-12-30,Materials,0.06364
2020-12-31,Materials,0.08038
2021-01-04,Materials,0.11185
2021-01-05,Materials,0.12688000000000002
2021-01-06,Materials,0.0843
2021-01-07,Materials,-0.06824
2021-01-08,Materials,0.070128
2021-01-11,Materials,0.17864666666666668
2021-01-12,Materials,0.0
2021-01-13,Materials,0.0
2021-01-14,Materials,0.0
2021-01-15,Materials,0.06124
2021-01-19,Materials,-0.17012
2021-01-20,Materials,0.10846
2021-01-21,Materials,0.050780000000000006
2021-01-22,Materials,0.0256
2021-01-25,Materials,-0.0448
2021-01-26,Materials,0.011859999999999999
2021-01-27,Materials,0.0
2021-01-28,Materials,0.14298166666666667
2021-01-29,Materials,0.04046
2021-02-01,Materials,0.272404
2021-02-02,Materials,0.0
2021-02-03,Materials,0.02064
2021-02-04,Materials,0.0
2021-02-05,Materials,0.0
2021-02-08,Materials,0.08928
2021-02-09,Materials,0.17531666666666665
2021-02-10,Materials,0.0128
2021-02-11,Materials,0.0
2021-02-12,Materials,0.0
2021-02-16,Materials,0.24832
2021-02-17,Materials,0.04315
2021-02-18,Materials,0.15608333333333335
2021-02-19,Materials,0.11503000000000001
2021-02-22,Materials,0.14621333333333333
2021-02-23,Materials,0.08355000000000001
2021-02-24,Materials,0.0
2021-02-25,Materials,-0.03612
2021-02-26,Materials,0.029599999999999998
2021-03-01,Materials,0.0026699999999999944
2021-03-02,Materials,0.10846
2021-03-03,Materials,0.0
2021-03-04,Materials,0.059199999999999996
2021-03-05,Materials,-0.00516
2021-03-08,Materials,0.07244
2021-03-09,Materials,0.0
2021-03-10,Materials,0.04278
2021-03-11,Materials,0.12827
2021-03-12,Materials,0.059199999999999996
2021-03-15,Materials,0.0
2021-03-16,Materials,0.0
2021-03-17,Materials,0.02732
2021-03-18,Materials,0.0
2021-03-19,Materials,0.11438
2021-03-22,Materials,0.04046
2021-03-23,Materials,-0.05
2021-03-24,Materials,0.05464
2021-03-25,Materials,0.10568999999999999
2021-03-26,Materials,-0.11839999999999999
2021-03-29,Materials,0.0
2021-03-30,Materials,0.0
2021-03-31,Materials,0.059199999999999996
2021-04-01,Materials,0.0
2021-04-05,Materials,0.21554
2021-04-06,Materials,-0.03062
2021-04-07,Materials,-0.06364
2021-04-08,Materials,0.32652000000000003
2021-04-09,Materials,0.0
2021-04-12,Materials,0.08634
2021-04-13,Materials,0.0
2021-04-14,Materials,0.17088000000000003
2021-04-15,Materials,0.0
2021-04-16,Materials,0.0
2021-04-19,Materials,0.1996
2021-04-20,Materials,-0.00516
2021-04-21,Materials,0.19962
2021-04-22,Materials,0.048452857142857145
2021-04-23,Materials,0.09209
2021-04-26,Materials,0.0
2021-04-27,Materials,0.0684
2021-04-28,Materials,0.11148
2021-04-29,Materials,0.019733333333333332
2021-04-30,Materials,-0.04526
2021-05-03,Materials,0.02732
2021-05-04,Materials,0.052627499999999994
2021-05-05,Materials,0.17182
2021-05-06,Materials,0.14282
2021-05-07,Materials,0.0
2021-05-10,Materials,0.15298
2021-05-11,Materials,0.06808
2021-05-12,Materials,0.09878
2021-05-13,Materials,0.06572
2021-05-14,Materials,0.059199999999999996
2021-05-17,Materials,0.112676
2021-05-18,Materials,0.07271999999999999
2021-05-19,Materials,-0.12248
2021-05-20,Materials,0.0
2021-05-21,Materials,0.03182
2021-05-24,Materials,0.08449999999999999
2021-05-25,Materials,0.08038
2021-05-26,Materials,0.0
2021-05-27,Materials,0.19962
2021-05-28,Materials,0.08954
2021-06-01,Materials,0.09276666666666666
2021-06-02,Materials,0.0
2021-06-03,Materials,0.16076
2021-06-04,Materials,-0.06124
2021-06-07,Materials,0.154695
2021-06-08,Materials,0.12812666666666667
2021-06-09,Materials,0.0
2021-06-10,Materials,0.0
2021-06-11,Materials,0.059199999999999996
2021-06-14,Materials,0.23271999999999998
2021-06-15,Materials,0.0
2021-06-16,Materials,0.0
2021-06-17,Materials,0.094612
2021-06-18,Materials,0.08879999999999999
2021-06-21,Materials,-0.04526666666666667
2021-06-22,Materials,0.01255
2021-06-23,Materials,0.0
2021-06-24,Materials,0.07894
2021-06-25,Materials,0.030153333333333338
2021-06-28,Materials,0.0
2021-06-29,Materials,-0.00516
2021-06-30,Materials,0.0
2021-07-01,Materials,0.04046
2021-07-02,Materials,0.059199999999999996
2021-07-06,Materials,0.06616999999999999
2021-07-07,Materials,0.0
2021-07-08,Materials,-0.085
2021-07-09,Materials,0.0
2021-07-12,Materials,0.10533999999999999
2021-07-13,Materials,-0.12248
2021-07-14,Materials,0.0
2021-07-15,Materials,0.08038
2021-07-16,Materials,0.11438
2021-07-19,Materials,-0.002510000000000001
2021-07-20,Materials,0.07588
2021-07-21,Materials,-0.013193333333333335
2021-07-22,Materials,0.10482799999999999
2021-07-23,Materials,0.10846
2021-07-26,Materials,0.09303999999999998
2021-07-27,Materials,0.0943
2021-07-28,Materials,0.0
2021-07-29,Materials,0.23035
2021-07-30,Materials,0.059199999999999996
2021-08-02,Materials,0.0
2021-08-03,Materials,0.11220999999999999
2021-08-04,Materials,0.0
2021-08-05,Materials,0.0
2021-08-06,Materials,0.07224
2021-08-09,Materials,0.02674666666666667
2021-08-10,Materials,0.01366
2021-08-11,Materials,-0.09302444444444444
2021-08-12,Materials,0.13957999999999998
2021-08-13,Materials,0.10846
2021-08-16,Materials,0.09176
2021-08-17,Materials,0.14350000000000002
2021-08-18,Materials,0.12294000000000001
2021-08-19,Materials,-0.047670000000000004
2021-08-20,Materials,0.030379999999999997
2021-08-23,Materials,0.09913333333333332
2021-08-24,Materials,0.0
2021-08-25,Materials,0.0
2021-08-26,Materials,0.059199999999999996
2021-08-27,Materials,0.09878
2021-08-30,Materials,0.11148
2021-08-31,Materials,0.03812666666666666
2021-09-01,Materials,0.0
2021-09-02,Materials,0.0
2021-09-03,Materials,0.0
2021-09-07,Materials,0.03996
2021-09-08,Materials,-0.10744000000000001
2021-09-09,Materials,0.015599999999999992
2021-09-10,Materials,0.0
2021-09-13,Materials,0.09970333333333332
2021-09-14,Materials,0.059199999999999996
2021-09-15,Materials,0.0
2021-09-16,Materials,0.11839999999999999
2021-09-17,Materials,0.14771333333333334
2021-09-20,Materials,0.10359
2021-09-21,Materials,-0.09176
2021-09-22,Materials,0.06641999999999999
2021-09-23,Materials,0.0
2021-09-24,Materials,0.0
2021-09-27,Materials,0.05994000000000001
2021-09-28,Materials,0.0
2021-09-29,Materials,0.0
2021-09-30,Materials,0.1486
2021-10-01,Materials,0.0
2021-10-04,Materials,0.0
2021-10-05,Materials,0.041620000000000004
2021-10-06,Materials,0.07550095238095239
2021-10-07,Materials,0.12738
2021-10-08,Materials,0.148
2021-10-11,Materials,0.20339000000000002
2021-10-12,Materials,-0.08155
2021-10-13,Materials,-0.014060000000000007
2021-10-14,Materials,-0.03526
2021-10-15,Materials,0.059199999999999996
2021-10-18,Materials,0.12498000000000001
2021-10-19,Materials,0.0
2021-10-20,Materials,0.00772
2021-10-21,Materials,0.19343333333333335
2021-10-22,Materials,0.08038
2021-10-25,Materials,0.07487
2021-10-26,Materials,0.009809999999999996
2021-10-27,Materials,0.10533999999999999
2021-10-28,Materials,-0.005220000000000002
2021-10-29,Materials,0.09176
2021-11-01,Materials,0.059199999999999996
2021-11-02,Materials,-0.047690000000000024
2021-11-03,Materials,0.0
2021-11-04,Materials,0.0
2021-11-05,Materials,0.04215
2021-11-08,Materials,0.048560000000000006
2021-11-09,Materials,0.059199999999999996
2021-11-10,Materials,0.09029333333333334
2021-11-11,Materials,-0.02023
2021-11-12,Materials,0.11774000000000003
2021-11-15,Materials,0.12738
2021-11-16,Materials,0.12969999999999998
2021-11-17,Materials,-0.02044
2021-11-18,Materials,0.0
2021-11-19,Materials,0.029599999999999998
2021-11-22,Materials,0.261335
2021-11-23,Materials,0.050780000000000006
2021-11-24,Materials,0.0
2021-11-26,Materials,0.0
2021-11-29,Materials,0.0
2021-11-30,Materials,0.08065
2021-12-01,Materials,-0.05188666666666667
2021-12-02,Materials,-0.14220666666666668
2021-12-03,Materials,-0.017143333333333333
2021-12-06,Materials,0.12405999999999999
2021-12-07,Materials,0.0
2021-12-08,Materials,0.0843
2021-12-09,Materials,0.19946999999999998
2021-12-10,Materials,0.07224
2021-12-13,Materials,0.0
2021-12-14,Materials,0.14552
2021-12-15,Materials,0.182505
2021-12-16,Materials,0.05700000000000001
2021-12-17,Materials,0.0
2021-12-20,Materials,0.03256
2021-12-21,Materials,0.0
2021-12-22,Materials,0.0
2021-12-23,Materials,0.16499999999999998
2021-12-27,Materials,0.04046
2021-12-28,Materials,0.19552
2021-12-29,Materials,0.12738
2021-12-30,Materials,0.04019
2021-12-31,Materials,0.0
2022-01-03,Materials,0.09176
2022-01-04,Materials,0.0
2022-01-05,Materials,0.018213333333333335
2022-01-06,Materials,0.10003999999999999
2022-01-07,Materials,0.04019
2022-01-10,Materials,0.14701999999999998
2022-01-11,Materials,0.0
2022-01-12,Materials,0.0
2022-01-13,Materials,0.12124666666666668
2022-01-14,Materials,0.09732666666666666
2022-01-18,Materials,0.012438666666666678
2022-01-19,Materials,0.10037999999999998
2022-01-20,Materials,0.03025999999999999
2022-01-21,Materials,0.14069333333333334
2022-01-24,Materials,0.15114190476190476
2022-01-25,Materials,0.13896999999999998
2022-01-26,Materials,0.04588
2022-01-27,Materials,0.14468750000000002
2022-01-28,Materials,0.0
2022-01-31,Materials,-0.03178
2022-02-01,Materials,0.14642666666666665
2022-02-02,Materials,0.07053
2022-02-03,Materials,-0.08808
2022-02-04,Materials,0.07269
2022-02-07,Materials,0.06364
2022-02-08,Materials,0.1248381818181818
2022-02-09,Materials,0.08038
2022-02-10,Materials,0.07378
2022-02-11,Materials,0.16572
2022-02-14,Materials,0.07224
2022-02-15,Materials,0.0
2022-02-16,Materials,-0.003920000000000002
2022-02-17,Materials,0.04939
2022-02-18,Materials,-0.15641600000000003
2022-02-22,Materials,0.25012333333333336
2022-02-23,Materials,0.13616
2022-02-24,Materials,0.009895000000000001
2022-02-25,Materials,0.09176
2022-02-28,Materials,0.0
2022-03-01,Materials,0.1807
2022-03-02,Materials,0.11857
2022-03-03,Materials,0.0
2022-03-04,Materials,-0.002059999999999995
2022-03-07,Materials,0.15964
2022-03-08,Materials,0.10256499999999999
2022-03-09,Materials,0.055900000000000005
2022-03-10,Materials,0.21105000000000002
2022-03-11,Materials,0.12690666666666667
2022-03-14,Materials,0.05
2022-03-15,Materials,0.11628000000000001
2022-03-16,Materials,0.10718999999999998
2022-03-17,Materials,0.055799999999999995
2022-03-18,Materials,0.06019000000000001
2022-03-21,Materials,0.14264000000000002
2022-03-22,Materials,0.09878
2022-03-23,Materials,-0.07224
2022-03-24,Materials,0.07224
2022-03-25,Materials,0.13633333333333333
2022-03-28,Materials,0.037566666666666665
2022-03-29,Materials,0.04789999999999999
2022-03-30,Materials,0.07224
2022-03-31,Materials,0.24992
2022-04-01,Materials,0.19064
2022-04-04,Materials,0.05666
2022-04-05,Materials,0.19885000000000003
2022-04-06,Materials,0.27162
2022-04-07,Materials,0.059199999999999996
2022-04-08,Materials,0.01779
2022-04-11,Materials,0.17967333333333332
2022-04-12,Materials,0.163408
2022-04-13,Materials,0.29192666666666667
2022-04-14,Materials,0.20447499999999996
2022-04-18,Materials,0.166395
2022-04-19,Materials,-0.026550000000000008
2022-04-20,Materials,0.06941133333333334
2022-04-21,Materials,0.11086933333333333
2022-04-22,Materials,0.11377333333333332
2022-04-25,Materials,0.19313916666666667
2022-04-26,Materials,0.08281000000000001
2022-04-27,Materials,0.12248
2022-04-28,Materials,0.08485666666666666
2022-04-29,Materials,0.0
2022-05-02,Materials,0.0
2022-05-03,Materials,-0.019295555555555552
2022-05-04,Materials,-0.009139999999999999
2022-05-05,Materials,0.15932
2022-05-06,Materials,0.05545000000000001
2022-05-09,Materials,0.0
2022-05-10,Materials,0.26217999999999997
2022-05-11,Materials,0.0
2022-05-12,Materials,0.26960666666666666
2022-05-13,Materials,0.07350999999999999
2022-05-16,Materials,0.01806
2022-05-17,Materials,0.08242333333333333
2022-05-18,Materials,0.059199999999999996
2022-05-19,Materials,0.11556666666666666
2022-05-20,Materials,0.14553
2022-05-23,Materials,0.192035
2022-05-24,Materials,-0.0568
2022-05-25,Materials,0.09712666666666667
2022-05-26,Materials,0.13047
2022-05-27,Materials,-0.07224
2022-05-31,Materials,0.10967
2022-06-01,Materials,0.07478666666666665
2022-06-02,Materials,0.0866
2022-06-03,Materials,0.0843
2022-06-06,Materials,0.06293
2022-06-07,Materials,0.033099999999999984
2022-06-08,Materials,0.04939
2022-06-09,Materials,0.04423999999999999
2022-06-10,Materials,-0.09534000000000001
2022-06-13,Materials,0.066405
2022-06-14,Materials,0.15752666666666665
2022-06-15,Materials,0.21978
2022-06-16,Materials,0.089
2022-06-17,Materials,0.013110000000000005
2022-06-21,Materials,0.09152
2022-06-22,Materials,0.07422333333333334
2022-06-23,Materials,0.15593666666666667
2022-06-24,Materials,0.059199999999999996
2022-06-27,Materials,0.4031346666666666
2022-06-28,Materials,0.25868
2022-06-29,Materials,0.03612
2022-06-30,Materials,0.05808
2022-07-01,Materials,0.13957999999999998
2022-07-05,Materials,0.26155999999999996
2022-07-06,Materials,0.20932
2022-07-07,Materials,-0.03612
2022-07-08,Materials,0.06597
2022-07-11,Materials,-0.022409999999999996
2022-07-12,Materials,0.0
2022-07-13,Materials,0.0387
2022-07-14,Materials,0.01447666666666666
2022-07-15,Materials,-0.0843
2022-07-18,Materials,0.042460000000000005
2022-07-19,Materials,0.052680000000000005
2022-07-20,Materials,0.06072333333333334
2022-07-21,Materials,0.11789190476190474
2022-07-22,Materials,-0.010069999999999999
2022-07-25,Materials,0.15296862745098042
2022-07-26,Materials,-0.03834
2022-07-27,Materials,0.05564857142857142
2022-07-28,Materials,0.18792999999999999
2022-07-29,Materials,0.0
2022-08-01,Materials,0.0
2022-08-02,Materials,0.058587999999999994
2022-08-03,Materials,0.10557999999999998
2022-08-04,Materials,0.15277000000000002
2022-08-05,Materials,0.09534000000000001
2022-08-08,Materials,0.13588
2022-08-09,Materials,0.0
2022-08-10,Materials,0.08038
2022-08-11,Materials,0.0
2022-08-12,Materials,0.0
2022-08-15,Materials,0.037566666666666665
2022-08-16,Materials,0.09532
2022-08-17,Materials,0.10324
2022-08-18,Materials,0.02263
2022-08-19,Materials,0.0
2022-08-22,Materials,0.10302
2022-08-23,Materials,0.04670666666666666
2022-08-24,Materials,0.0
2022-08-25,Materials,0.00258
2022-08-26,Materials,0.08823
2022-08-29,Materials,-0.028715
2022-08-30,Materials,0.058899999999999994
2022-08-31,Materials,-0.05464
2022-09-01,Materials,0.08595
2022-09-02,Materials,0.09152
2022-09-06,Materials,0.0
2022-09-07,Materials,0.02757
2022-09-08,Materials,0.12949
2022-09-09,Materials,0.09176
2022-09-12,Materials,-0.026360000000000005
2022-09-13,Materials,0.0
2022-09-14,Materials,0.09568916666666667
2022-09-15,Materials,0.026026666666666663
2022-09-16,Materials,0.0
2022-09-19,Materials,-0.11366999999999998
2022-09-20,Materials,0.0
2022-09-21,Materials,0.007189999999999997
2022-09-22,Materials,0.18309
2022-09-23,Materials,0.13931666666666667
2022-09-26,Materials,0.18558000000000002
2022-09-27,Materials,0.029599999999999998
2022-09-28,Materials,-0.011346666666666668
2022-09-29,Materials,0.0
2022-09-30,Materials,0.07224
2022-10-03,Materials,0.08560000000000001
2022-10-04,Materials,0.14006000000000002
2022-10-05,Materials,0.1072
2022-10-06,Materials,-0.13477
2022-10-07,Materials,0.05832
2022-10-10,Materials,0.26552
2022-10-11,Materials,0.029599999999999998
2022-10-12,Materials,0.07224
2022-10-13,Materials,-0.10429000000000002
2022-10-14,Materials,0.0
2022-10-17,Materials,-0.05348000000000001
2022-10-18,Materials,0.04652666666666666
2022-10-19,Materials,0.0
2022-10-20,Materials,0.16232
2022-10-21,Materials,0.17205
2022-10-24,Materials,0.15144666666666667
2022-10-25,Materials,0.04336666666666668
2022-10-26,Materials,0.026539999999999998
2022-10-27,Materials,0.08038
2022-10-28,Materials,0.0
2022-10-31,Materials,0.059199999999999996
2022-11-01,Materials,-0.08295000000000001
2022-11-02,Materials,-0.11290666666666667
2022-11-03,Materials,-0.10867
2022-11-04,Materials,0.0
2022-11-07,Materials,0.03062
2022-11-08,Materials,0.09088857142857143
2022-11-09,Materials,0.08879999999999999
2022-11-10,Materials,-0.05423
2022-11-11,Materials,0.07003000000000001
2022-11-14,Materials,0.09440000000000001
2022-11-15,Materials,0.21881
2022-11-16,Materials,0.0
2022-11-17,Materials,0.1341
2022-11-18,Materials,0.20018666666666665
2022-11-21,Materials,0.07661333333333334
2022-11-22,Materials,0.0
2022-11-23,Materials,0.029599999999999998
2022-11-25,Materials,0.0
2022-11-28,Materials,0.04046
2022-11-29,Materials,0.014799999999999999
2022-11-30,Materials,0.27480000000000004
2022-12-01,Materials,0.09023333333333333
2022-12-02,Materials,-0.068
2022-12-05,Materials,0.059199999999999996
2022-12-06,Materials,0.07076666666666667
2022-12-07,Materials,0.0
2022-12-08,Materials,0.07224
2022-12-09,Materials,0.06369
2022-12-12,Materials,-0.07224
2022-12-13,Materials,0.11816
2022-12-14,Materials,0.08879999999999999
2022-12-15,Materials,0.029599999999999998
2022-12-16,Materials,-0.12248
2022-12-19,Materials,0.042460000000000005
2022-12-20,Materials,0.20699
2022-12-21,Materials,0.10184
2022-12-22,Materials,0.0
2022-12-23,Materials,0.0
2022-12-27,Materials,0.17436000000000001
2022-12-28,Materials,0.02732
2022-12-29,Materials,0.12535000000000002
2022-12-30,Materials,-0.00258
2023-01-03,Materials,0.07224
2023-01-04,Materials,0.04404
2023-01-05,Materials,0.17276
2023-01-06,Materials,0.0
2023-01-09,Materials,0.14941
2023-01-10,Materials,0.08038
2023-01-11,Materials,0.22502833333333333
2023-01-12,Materials,0.16629999999999998
2023-01-13,Materials,0.27275666666666665
2023-01-17,Materials,0.12521333333333334
2023-01-18,Materials,0.1121
2023-01-19,Materials,0.08471500000000001
2023-01-20,Materials,0.09949999999999999
2023-01-23,Materials,0.14582333333333333
2023-01-24,Materials,0.05319
2023-01-25,Materials,-0.068992
2023-01-26,Materials,0.10864107142857145
2023-01-27,Materials,0.10533999999999999
2023-01-30,Materials,0.124775
2023-01-31,Materials,-0.009840000000000005
2023-02-01,Materials,0.0
2023-02-02,Materials,0.03889499999999999
2023-02-03,Materials,0.007908000000000004
2023-02-06,Materials,0.06977714285714284
2023-02-07,Materials,-0.08082333333333333
2023-02-08,Materials,-0.028080000000000004
2023-02-09,Materials,-0.051505
2023-02-10,Materials,0.04404
2023-02-13,Materials,0.10135333333333332
2023-02-14,Materials,0.04526
2023-02-15,Materials,0.08631238095238095
2023-02-16,Materials,0.19444999999999998
2023-02-17,Materials,-0.0044649999999999985
2023-02-21,Materials,-0.017550000000000003
2023-02-22,Materials,0.07460499999999999
2023-02-23,Materials,0.02693333333333333
2023-02-24,Materials,0.15002333333333334
2023-02-27,Materials,0.2454
2023-02-28,Materials,0.10212000000000002
2023-03-01,Materials,0.0817
2023-03-02,Materials,-0.058366666666666664
2023-03-03,Materials,0.022355999999999997
2023-03-06,Materials,0.06572
2023-03-07,Materials,0.047670000000000004
2023-03-08,Materials,0.13913999999999999
2023-03-09,Materials,-0.04939
2023-03-10,Materials,0.084
2023-03-13,Materials,0.14092
2023-03-14,Materials,0.114215
2023-03-15,Materials,0.15205636363636363
2023-03-16,Materials,0.10516666666666667
2023-03-17,Materials,0.02948857142857143
2023-03-20,Materials,0.13313666666666668
2023-03-21,Materials,0.20434200000000002
2023-03-22,Materials,0.09632
2023-03-23,Materials,0.044840000000000005
2023-03-24,Materials,0.0
2023-03-27,Materials,0.0312
2023-03-28,Materials,0.14478
2023-03-29,Materials,0.11706999999999998
2023-03-30,Materials,0.12614333333333333
2023-03-31,Materials,0.01452
2023-04-03,Materials,-0.06705
2023-04-04,Materials,0.06972666666666667
2023-04-05,Materials,0.17040000000000002
2023-04-06,Materials,0.14047
2023-04-10,Materials,0.17181571428571427
2023-04-11,Materials,0.04018476190476191
2023-04-12,Materials,0.05423
2023-04-13,Materials,0.0636
2023-04-14,Materials,0.045509999999999995
2023-04-17,Materials,0.11717999999999999
2023-04-18,Materials,0.09767999999999999
2023-04-19,Materials,0.015786666666666668
2023-04-20,Materials,0.13576557142857143
2023-04-21,Materials,0.11612
2023-04-24,Materials,0.06069
2023-04-25,Materials,0.10979095238095238
2023-04-26,Materials,0.02571600000000001
2023-04-27,Materials,0.07048666666666667
2023-04-28,Materials,0.16951333333333332
2023-05-01,Materials,0.09934
2023-05-02,Materials,0.067116
2023-05-03,Materials,-0.083176
2023-05-04,Materials,-0.01529333333333333
2023-05-05,Materials,0.0999
2023-05-08,Materials,0.120255
2023-05-09,Materials,0.059199999999999996
2023-05-10,Materials,0.04046
2023-05-11,Materials,0.19839333333333334
2023-05-12,Materials,0.08879999999999999
2023-05-15,Materials,0.09540571428571429
2023-05-16,Materials,0.09106666666666667
2023-05-17,Materials,0.10626
2023-05-18,Materials,0.052495
2023-05-19,Materials,0.049593333333333336
2023-05-22,Materials,0.108544
2023-05-23,Materials,0.10437199999999999
2023-05-24,Materials,0.049260000000000005
2023-05-25,Materials,0.08528666666666665
2023-05-26,Materials,0.04228666666666667
2023-05-30,Materials,0.11560266666666666
2023-05-31,Materials,0.12494000000000001
2023-06-01,Materials,0.006629666666666656
2023-06-02,Materials,0.09126285714285715
2023-06-05,Materials,0.10788
2023-06-06,Materials,0.08886000000000001
2023-06-07,Materials,0.06911999999999999
2023-06-08,Materials,0.03286
2023-06-09,Materials,0.07224
2023-06-12,Materials,0.038400000000000004
2023-06-13,Materials,0.21737
2023-06-14,Materials,0.2325
2023-06-15,Materials,0.097385
2023-06-16,Materials,0.12997
2023-06-20,Materials,0.035715
2023-06-21,Materials,0.24781000000000003
2023-06-22,Materials,0.045349999999999994
2023-06-23,Materials,0.014799999999999999
2023-06-26,Materials,0.06705
2023-06-27,Materials,0.18608
2023-06-28,Materials,0.19247
2023-06-29,Materials,0.03931333333333334
2023-06-30,Materials,-0.07224
2023-07-03,Materials,0.02408
2023-07-05,Materials,0.2094666666666667
2023-07-06,Materials,0.086315
2023-07-07,Materials,0.08571999999999999
2023-07-10,Materials,0.19685999999999998
2023-07-11,Materials,0.08734
2023-07-12,Materials,0.11287
2023-07-13,Materials,0.0
2023-07-14,Materials,0.0
2023-07-17,Materials,0.08612
2023-07-18,Materials,0.019519999999999992
2023-07-19,Materials,-0.03612
2023-07-20,Materials,0.031001666666666667
2023-07-21,Materials,-0.03164000000000001
2023-07-24,Materials,0.09301571428571428
2023-07-25,Materials,0.12035670995670995
2023-07-26,Materials,0.06827799999999999
2023-07-27,Materials,0.020095
2023-07-28,Materials,0.05464
2023-07-31,Materials,0.0
2023-08-01,Materials,0.22767999999999997
2023-08-02,Materials,0.02533
2023-08-03,Materials,-0.02232
2023-08-04,Materials,0.0
2023-08-07,Materials,0.09878
2023-08-08,Materials,0.01032
2023-08-09,Materials,0.12886
2023-08-10,Materials,0.06692000000000001
2023-08-11,Materials,0.07018666666666666
2023-08-14,Materials,0.17075666666666667
2023-08-15,Materials,0.024954999999999998
2023-08-16,Materials,0.0
2023-08-17,Materials,0.132825
2023-08-18,Materials,0.05573999999999999
2023-08-21,Materials,0.024231428571428574
2023-08-22,Materials,0.015086666666666668
2023-08-23,Materials,0.08402
2023-08-24,Materials,0.10507999999999999
2023-08-25,Materials,0.18200666666666668
2023-08-28,Materials,0.18009999999999998
2023-08-29,Materials,0.0
2023-08-30,Materials,0.17618666666666666
2023-08-31,Materials,0.19945333333333332
2023-09-01,Materials,0.39947
2023-09-05,Materials,0.09123
2023-09-06,Materials,0.12908
2023-09-07,Materials,0.10666666666666666
2023-09-08,Materials,0.17058
2023-09-11,Materials,0.18575999999999998
2023-09-12,Materials,0.04019
2023-09-13,Materials,0.020810000000000002
2023-09-14,Materials,0.0
2023-09-15,Materials,-0.021025
2023-09-18,Materials,0.086394
2023-09-19,Materials,0.0
2023-09-20,Materials,-0.01779
2023-09-21,Materials,0.07694
2023-09-22,Materials,0.03612
2023-09-25,Materials,0.022885
2023-09-26,Materials,0.02732
2023-09-27,Materials,0.10899333333333334
2023-09-28,Materials,0.12362999999999999
2023-09-29,Materials,0.0
2023-10-02,Materials,0.23959000000000003
2023-10-03,Materials,0.2004857142857143
2023-10-04,Materials,-0.0065400000000000015
2023-10-05,Materials,0.16053666666666666
2023-10-06,Materials,0.09156
2023-10-09,Materials,0.010519999999999996
2023-10-10,Materials,0.04939
2023-10-11,Materials,0.18278666666666665
2023-10-12,Materials,0.11925
2023-10-13,Materials,0.18301666666666666
2023-10-16,Materials,0.11412499999999999
2023-10-17,Materials,0.2568766666666667
2023-10-18,Materials,-0.001905000000000001
2023-10-19,Materials,0.06741499999999999
2023-10-20,Materials,-0.10446
2023-10-23,Materials,0.1313488888888889
2023-10-24,Materials,0.12102428571428572
2023-10-25,Materials,0.1139
2023-10-26,Materials,0.128265
2023-10-27,Materials,0.0
2023-10-30,Materials,0.26742
2023-10-31,Materials,0.0
2023-11-01,Materials,0.390512
2023-11-02,Materials,0.06978999999999999
2023-11-03,Materials,0.10985999999999999
2023-11-06,Materials,0.17537
2023-11-07,Materials,0.036733333333333326
2023-11-08,Materials,-0.05464
2023-11-09,Materials,0.00129
2023-11-10,Materials,0.01899999999999999
2023-11-13,Materials,0.19020666666666666
2023-11-14,Materials,0.12562666666666666
2023-11-15,Materials,0.1929
2023-11-16,Materials,0.04019
2023-11-17,Materials,0.25576
2023-11-20,Materials,0.2299
2023-11-21,Materials,0.04588
2023-11-22,Materials,0.11096666666666666
2023-11-24,Materials,0.02294
2023-11-27,Materials,0.026560000000000007
2023-11-28,Materials,0.18225333333333332
2023-11-29,Materials,0.10702666666666667
2023-11-30,Materials,0.08038
2023-12-01,Materials,0.05138999999999999
2023-12-04,Materials,0.0
2023-12-05,Materials,0.0
2023-12-06,Materials,0.08038
2023-12-07,Materials,-0.04711833333333335
2023-12-08,Materials,0.20026000000000002
2023-12-11,Materials,0.14974333333333334
2023-12-12,Materials,0.14462
2023-12-13,Materials,0.36520833333333336
2023-12-14,Materials,-0.013040000000000006
2023-12-15,Materials,-0.05464
2023-12-18,Materials,-0.09985000000000002
2023-12-19,Materials,0.0
2023-12-20,Materials,0.0
2023-12-21,Materials,0.0
2023-12-22,Materials,0.0
2023-12-26,Materials,0.0
2023-12-27,Materials,0.0
2023-12-28,Materials,0.0
2023-12-29,Materials,0.0
2020-01-02,RealEstate,0.06644
2020-01-03,RealEstate,-0.025533333333333342
2020-01-06,RealEstate,0.08879999999999999
2020-01-07,RealEstate,0.15158
2020-01-08,RealEstate,-0.03612
2020-01-09,RealEstate,0.0
2020-01-10,RealEstate,0.0869
2020-01-13,RealEstate,0.10561333333333334
2020-01-14,RealEstate,0.029599999999999998
2020-01-15,RealEstate,0.06683
2020-01-16,RealEstate,0.1486
2020-01-17,RealEstate,0.13586
2020-01-21,RealEstate,0.12496666666666667
2020-01-22,RealEstate,0.034995
2020-01-23,RealEstate,0.2024
2020-01-24,RealEstate,0.03612
2020-01-27,RealEstate,0.07079333333333335
2020-01-28,RealEstate,0.13499
2020-01-29,RealEstate,0.12378
2020-01-30,RealEstate,0.12286000000000001
2020-01-31,RealEstate,0.1909
2020-02-03,RealEstate,0.03612
2020-02-04,RealEstate,0.058673333333333334
2020-02-05,RealEstate,0.0
2020-02-06,RealEstate,0.24894
2020-02-07,RealEstate,0.0
2020-02-10,RealEstate,0.11971333333333334
2020-02-11,RealEstate,0.11300714285714286
2020-02-12,RealEstate,0.22730333333333336
2020-02-13,RealEstate,0.140412
2020-02-14,RealEstate,0.191332
2020-02-18,RealEstate,0.20810333333333336
2020-02-19,RealEstate,0.18169
2020-02-20,RealEstate,0.09917633333333334
2020-02-21,RealEstate,0.10859
2020-02-24,RealEstate,0.048205
2020-02-25,RealEstate,0.03400285714285715
2020-02-26,RealEstate,0.03980566666666666
2020-02-27,RealEstate,0.095588
2020-02-28,RealEstate,-0.022423888888888893
2020-03-02,RealEstate,0.10263200000000001
2020-03-03,RealEstate,0.12059000000000002
2020-03-04,RealEstate,0.29084499999999996
2020-03-05,RealEstate,0.22342
2020-03-06,RealEstate,0.13366
2020-03-09,RealEstate,0.12044333333333332
2020-03-10,RealEstate,0.059199999999999996
2020-03-11,RealEstate,0.2885
2020-03-12,RealEstate,-0.035019999999999996
2020-03-13,RealEstate,0.148
2020-03-16,RealEstate,-0.01252416666666667
2020-03-17,RealEstate,0.11997
2020-03-18,RealEstate,0.0336
2020-03-19,RealEstate,0.15061333333333332
2020-03-20,RealEstate,0.06682499999999998
2020-03-23,RealEstate,0.04303
2020-03-24,RealEstate,0.17539999999999997
2020-03-25,RealEstate,0.23872
2020-03-26,RealEstate,0.32100000000000006
2020-03-27,RealEstate,0.39871
2020-03-30,RealEstate,0.27229166666666665
2020-03-31,RealEstate,-0.10767499999999999
2020-04-01,RealEstate,-0.04076666666666669
2020-04-02,RealEstate,0.008419999999999993
2020-04-03,RealEstate,0.11329
2020-04-06,RealEstate,0.08206666666666666
2020-04-07,RealEstate,0.10199333333333334
2020-04-08,RealEstate,0.46736000000000005
2020-04-09,RealEstate,0.2933985714285715
2020-04-13,RealEstate,-0.054669999999999996
2020-04-14,RealEstate,0.3767133333333333
2020-04-15,RealEstate,-0.13001500000000002
2020-04-16,RealEstate,-0.02732
2020-04-17,RealEstate,0.34686000000000006
2020-04-20,RealEstate,0.01779
2020-04-21,RealEstate,0.07758500000000002
2020-04-22,RealEstate,0.16865999999999998
2020-04-23,RealEstate,0.12498000000000001
2020-04-24,RealEstate,0.06554499999999999
2020-04-27,RealEstate,0.20764
2020-04-28,RealEstate,-0.036885
2020-04-29,RealEstate,0.06106121212121213
2020-04-30,RealEstate,0.08196333333333333
2020-05-01,RealEstate,0.10591600000000001
2020-05-04,RealEstate,0.06347500000000002
2020-05-05,RealEstate,0.07893333333333333
2020-05-06,RealEstate,-0.005719999999999999
2020-05-07,RealEstate,0.24499200000000002
2020-05-08,RealEstate,0.09984666666666667
2020-05-11,RealEstate,-0.034284999999999996
2020-05-12,RealEstate,-0.24095
2020-05-13,RealEstate,0.21844000000000002
2020-05-14,RealEstate,0.17503333333333332
2020-05-15,RealEstate,-0.041010000000000005
2020-05-18,RealEstate,0.49424333333333337
2020-05-19,RealEstate,0.10027
2020-05-20,RealEstate,0.09329000000000001
2020-05-21,RealEstate,0.0
2020-05-22,RealEstate,0.1974625
2020-05-26,RealEstate,0.07614
2020-05-27,RealEstate,0.0
2020-05-28,RealEstate,0.16668
2020-05-29,RealEstate,0.01204
2020-06-01,RealEstate,0.17254
2020-06-02,RealEstate,0.22144000000000003
2020-06-03,RealEstate,0.08316
2020-06-04,RealEstate,0.059199999999999996
2020-06-05,RealEstate,0.0
2020-06-08,RealEstate,0.13494
2020-06-09,RealEstate,0.00516
2020-06-10,RealEstate,0.08528
2020-06-11,RealEstate,0.05111
2020-06-12,RealEstate,0.059199999999999996
2020-06-15,RealEstate,0.04019
2020-06-16,RealEstate,0.10523
2020-06-17,RealEstate,-0.008280000000000004
2020-06-18,RealEstate,0.2305
2020-06-19,RealEstate,0.0
2020-06-22,RealEstate,0.0
2020-06-23,RealEstate,0.0
2020-06-24,RealEstate,-0.06364
2020-06-25,RealEstate,0.0
2020-06-26,RealEstate,0.0038199999999999996
2020-06-29,RealEstate,0.0
2020-06-30,RealEstate,0.13144
2020-07-01,RealEstate,0.0
2020-07-02,RealEstate,0.01032
2020-07-06,RealEstate,-0.07224
2020-07-07,RealEstate,0.10985999999999999
2020-07-08,RealEstate,-0.14701999999999998
2020-07-09,RealEstate,0.0
2020-07-10,RealEstate,0.01544
2020-07-13,RealEstate,0.0
2020-07-14,RealEstate,0.059199999999999996
2020-07-15,RealEstate,0.038169999999999996
2020-07-16,RealEstate,0.0
2020-07-17,RealEstate,0.0
2020-07-20,RealEstate,0.0
2020-07-21,RealEstate,0.044252
2020-07-22,RealEstate,0.04364
2020-07-23,RealEstate,0.059199999999999996
2020-07-24,RealEstate,0.0
2020-07-27,RealEstate,0.12474
2020-07-28,RealEstate,0.0
2020-07-29,RealEstate,0.13018000000000002
2020-07-30,RealEstate,-0.00983
2020-07-31,RealEstate,0.11717999999999999
2020-08-03,RealEstate,0.048780000000000004
2020-08-04,RealEstate,-0.07350999999999999
2020-08-05,RealEstate,0.07899
2020-08-06,RealEstate,0.0
2020-08-07,RealEstate,0.31954999999999995
2020-08-10,RealEstate,0.0
2020-08-11,RealEstate,0.11988000000000001
2020-08-12,RealEstate,0.0
2020-08-13,RealEstate,0.0
2020-08-14,RealEstate,0.059199999999999996
2020-08-17,RealEstate,0.12738
2020-08-18,RealEstate,0.11188000000000001
2020-08-19,RealEstate,0.059199999999999996
2020-08-20,RealEstate,0.0
2020-08-21,RealEstate,0.03374666666666666
2020-08-24,RealEstate,0.09966
2020-08-25,RealEstate,0.09878
2020-08-26,RealEstate,0.18056
2020-08-27,RealEstate,0.21774
2020-08-28,RealEstate,0.0
2020-08-31,RealEstate,0.2693
2020-09-01,RealEstate,0.08229
2020-09-02,RealEstate,0.0
2020-09-03,RealEstate,0.09176
2020-09-04,RealEstate,0.09341333333333332
2020-09-08,RealEstate,0.0536
2020-09-09,RealEstate,-0.12498000000000001
2020-09-10,RealEstate,0.0
2020-09-11,RealEstate,0.0
2020-09-14,RealEstate,0.10466
2020-09-15,RealEstate,0.03292666666666667
2020-09-16,RealEstate,0.0
2020-09-17,RealEstate,-0.09238
2020-09-18,RealEstate,0.12498000000000001
2020-09-21,RealEstate,0.0
2020-09-22,RealEstate,0.059199999999999996
2020-09-23,RealEstate,0.0
2020-09-24,RealEstate,0.0
2020-09-25,RealEstate,0.0
2020-09-28,RealEstate,0.09176
2020-09-29,RealEstate,0.0
2020-09-30,RealEstate,0.07636
2020-10-01,RealEstate,0.0
2020-10-02,RealEstate,0.0
2020-10-05,RealEstate,0.17357999999999998
2020-10-06,RealEstate,0.08808
2020-10-07,RealEstate,0.0
2020-10-08,RealEstate,0.0
2020-10-09,RealEstate,0.0
2020-10-12,RealEstate,0.0
2020-10-13,RealEstate,0.0
2020-10-14,RealEstate,0.06808
2020-10-15,RealEstate,0.0
2020-10-16,RealEstate,0.0
2020-10-19,RealEstate,0.0
2020-10-20,RealEstate,0.19804
2020-10-21,RealEstate,0.029599999999999998
2020-10-22,RealEstate,-0.14701999999999998
2020-10-23,RealEstate,0.059199999999999996
2020-10-26,RealEstate,0.21674
2020-10-27,RealEstate,0.0
2020-10-28,RealEstate,0.09152
2020-10-29,RealEstate,0.0
2020-10-30,RealEstate,0.0
2020-11-02,RealEstate,0.07899
2020-11-03,RealEstate,0.0
2020-11-04,RealEstate,0.0
2020-11-05,RealEstate,0.02679333333333333
2020-11-06,RealEstate,0.09966
2020-11-09,RealEstate,0.14476
2020-11-10,RealEstate,0.0
2020-11-11,RealEstate,0.09209
2020-11-12,RealEstate,0.0
2020-11-13,RealEstate,0.10533999999999999
2020-11-16,RealEstate,0.0
2020-11-17,RealEstate,0.0
2020-11-18,RealEstate,0.08808
2020-11-19,RealEstate,0.0
2020-11-20,RealEstate,0.0
2020-11-23,RealEstate,0.059199999999999996
2020-11-24,RealEstate,0.08992
2020-11-25,RealEstate,0.0
2020-11-27,RealEstate,0.06606000000000001
2020-11-30,RealEstate,0.18238000000000001
2020-12-01,RealEstate,0.07224
2020-12-02,RealEstate,0.029599999999999998
2020-12-03,RealEstate,0.18639999999999998
2020-12-04,RealEstate,0.059199999999999996
2020-12-07,RealEstate,0.12972
2020-12-08,RealEstate,0.0
2020-12-09,RealEstate,0.061419999999999995
2020-12-10,RealEstate,0.0
2020-12-11,RealEstate,0.0
2020-12-14,RealEstate,0.01184
2020-12-15,RealEstate,0.14343999999999998
2020-12-16,RealEstate,0.21391999999999997
2020-12-17,RealEstate,0.0
2020-12-18,RealEstate,0.047740000000000005
2020-12-21,RealEstate,0.02732
2020-12-22,RealEstate,0.0
2020-12-23,RealEstate,0.0
2020-12-24,RealEstate,0.12498000000000001
2020-12-28,RealEstate,-0.02054
2020-12-29,RealEstate,0.0
2020-12-30,RealEstate,0.0
2020-12-31,RealEstate,0.06805333333333333
2021-01-04,RealEstate,0.059199999999999996
2021-01-05,RealEstate,0.148
2021-01-06,RealEstate,0.029599999999999998
2021-01-07,RealEstate,0.0
2021-01-08,RealEstate,0.05464
2021-01-11,RealEstate,0.16552
2021-01-12,RealEstate,0.015253333333333332
2021-01-13,RealEstate,0.12507333333333331
2021-01-14,RealEstate,0.0
2021-01-15,RealEstate,0.26650999999999997
2021-01-19,RealEstate,0.059199999999999996
2021-01-20,RealEstate,0.0025499999999999967
2021-01-21,RealEstate,0.0
2021-01-22,RealEstate,0.0
2021-01-25,RealEstate,0.12617333333333333
2021-01-26,RealEstate,0.019733333333333332
2021-01-27,RealEstate,0.16440666666666667
2021-01-28,RealEstate,0.05423
2021-01-29,RealEstate,0.06375
2021-02-01,RealEstate,0.12498000000000001
2021-02-02,RealEstate,0.09176
2021-02-03,RealEstate,0.10446
2021-02-04,RealEstate,0.0
2021-02-05,RealEstate,0.11684000000000001
2021-02-08,RealEstate,0.25153
2021-02-09,RealEstate,0.0
2021-02-10,RealEstate,0.0
2021-02-11,RealEstate,0.08808
2021-02-12,RealEstate,0.46652000000000005
2021-02-16,RealEstate,0.10056000000000001
2021-02-17,RealEstate,0.059199999999999996
2021-02-18,RealEstate,0.0
2021-02-19,RealEstate,0.14598999999999998
2021-02-22,RealEstate,0.09878
2021-02-23,RealEstate,0.09176
2021-02-24,RealEstate,0.12144666666666666
2021-02-25,RealEstate,0.038652000000000006
2021-02-26,RealEstate,0.07034
2021-03-01,RealEstate,0.44924
2021-03-02,RealEstate,0.0
2021-03-03,RealEstate,0.00172
2021-03-04,RealEstate,0.09878
2021-03-05,RealEstate,0.059199999999999996
2021-03-08,RealEstate,0.23887999999999998
2021-03-09,RealEstate,0.0
2021-03-10,RealEstate,0.03558
2021-03-11,RealEstate,0.0
2021-03-12,RealEstate,0.12982
2021-03-15,RealEstate,0.2764466666666667
2021-03-16,RealEstate,0.02178
2021-03-17,RealEstate,-0.01027
2021-03-18,RealEstate,0.25895999999999997
2021-03-19,RealEstate,0.0
2021-03-22,RealEstate,0.0
2021-03-23,RealEstate,0.0
2021-03-24,RealEstate,0.0
2021-03-25,RealEstate,0.14526
2021-03-26,RealEstate,0.0
2021-03-29,RealEstate,0.0794
2021-03-30,RealEstate,0.13616
2021-03-31,RealEstate,0.0
2021-04-01,RealEstate,-0.05884
2021-04-05,RealEstate,-0.04327333333333334
2021-04-06,RealEstate,0.09534000000000001
2021-04-07,RealEstate,0.08038
2021-04-08,RealEstate,0.0
2021-04-09,RealEstate,0.0
2021-04-12,RealEstate,0.23426
2021-04-13,RealEstate,0.0
2021-04-14,RealEstate,0.059199999999999996
2021-04-15,RealEstate,0.09176
2021-04-16,RealEstate,0.0
2021-04-19,RealEstate,0.040605
2021-04-20,RealEstate,0.0
2021-04-21,RealEstate,0.04939
2021-04-22,RealEstate,0.08038
2021-04-23,RealEstate,0.15012
2021-04-26,RealEstate,0.09101999999999999
2021-04-27,RealEstate,0.0
2021-04-28,RealEstate,0.17232666666666668
2021-04-29,RealEstate,0.15651199999999998
2021-04-30,RealEstate,0.24873333333333333
2021-05-03,RealEstate,0.23281000000000002
2021-05-04,RealEstate,0.0
2021-05-05,RealEstate,0.0
2021-05-06,RealEstate,-0.0121
2021-05-07,RealEstate,0.0
2021-05-10,RealEstate,0.0
2021-05-11,RealEstate,0.059199999999999996
2021-05-12,RealEstate,0.13957999999999998
2021-05-13,RealEstate,0.0
2021-05-14,RealEstate,0.0
2021-05-17,RealEstate,0.0
2021-05-18,RealEstate,0.0
2021-05-19,RealEstate,0.059199999999999996
2021-05-20,RealEstate,0.0
2021-05-21,RealEstate,0.0
2021-05-24,RealEstate,0.050570000000000004
2021-05-25,RealEstate,0.27635
2021-05-26,RealEstate,0.059199999999999996
2021-05-27,RealEstate,-0.01027
2021-05-28,RealEstate,0.20112000000000002
2021-06-01,RealEstate,0.10534999999999999
2021-06-02,RealEstate,0.14192
2021-06-03,RealEstate,0.10102
2021-06-04,RealEstate,0.13816
2021-06-07,RealEstate,0.13277
2021-06-08,RealEstate,0.0
2021-06-09,RealEstate,0.0
2021-06-10,RealEstate,0.17038
2021-06-11,RealEstate,0.0
2021-06-14,RealEstate,-0.07636
2021-06-15,RealEstate,-0.09878
2021-06-16,RealEstate,0.13813333333333333
2021-06-17,RealEstate,0.12972
2021-06-18,RealEstate,0.12088000000000002
2021-06-21,RealEstate,0.0
2021-06-22,RealEstate,0.02054
2021-06-23,RealEstate,0.0
2021-06-24,RealEstate,-0.07636
2021-06-25,RealEstate,0.07506
2021-06-28,RealEstate,0.012886666666666666
2021-06-29,RealEstate,0.0
2021-06-30,RealEstate,0.059199999999999996
2021-07-01,RealEstate,0.26713000000000003
2021-07-02,RealEstate,0.24758
2021-07-06,RealEstate,0.17759999999999998
2021-07-07,RealEstate,0.26171999999999995
2021-07-08,RealEstate,0.0
2021-07-09,RealEstate,-0.02732
2021-07-12,RealEstate,0.0
2021-07-13,RealEstate,0.0
2021-07-14,RealEstate,0.07547999999999999
2021-07-15,RealEstate,0.0
2021-07-16,RealEstate,0.0
2021-07-19,RealEstate,0.01961999999999999
2021-07-20,RealEstate,0.12248
2021-07-21,RealEstate,0.0
2021-07-22,RealEstate,0.059199999999999996
2021-07-23,RealEstate,0.0
2021-07-26,RealEstate,0.09670999999999999
2021-07-27,RealEstate,0.0
2021-07-28,RealEstate,0.10184
2021-07-29,RealEstate,-0.058833333333333335
2021-07-30,RealEstate,0.0
2021-08-02,RealEstate,0.07337
2021-08-03,RealEstate,0.058589999999999996
2021-08-04,RealEstate,0.0
2021-08-05,RealEstate,0.0
2021-08-06,RealEstate,0.11839999999999999
2021-08-09,RealEstate,-0.005135
2021-08-10,RealEstate,0.20932
2021-08-11,RealEstate,0.17572000000000002
2021-08-12,RealEstate,0.059199999999999996
2021-08-13,RealEstate,0.0
2021-08-16,RealEstate,0.14246999999999996
2021-08-17,RealEstate,0.059199999999999996
2021-08-18,RealEstate,0.32116
2021-08-19,RealEstate,0.09878
2021-08-20,RealEstate,0.059199999999999996
2021-08-23,RealEstate,-0.02054
2021-08-24,RealEstate,0.10533999999999999
2021-08-25,RealEstate,0.12136
2021-08-26,RealEstate,0.0
2021-08-27,RealEstate,0.04588
2021-08-30,RealEstate,0.014586666666666668
2021-08-31,RealEstate,0.059199999999999996
2021-09-01,RealEstate,0.10212000000000002
2021-09-02,RealEstate,0.0
2021-09-03,RealEstate,0.01032
2021-09-07,RealEstate,0.13912
2021-09-08,RealEstate,0.09437
2021-09-09,RealEstate,0.0
2021-09-10,RealEstate,0.10618666666666668
2021-09-13,RealEstate,0.029599999999999998
2021-09-14,RealEstate,0.23622
2021-09-15,RealEstate,0.059199999999999996
2021-09-16,RealEstate,0.06539999999999999
2021-09-17,RealEstate,0.08879999999999999
2021-09-20,RealEstate,0.08818999999999999
2021-09-21,RealEstate,0.0636
2021-09-22,RealEstate,0.06069
2021-09-23,RealEstate,0.0
2021-09-24,RealEstate,0.0
2021-09-27,RealEstate,0.1603
2021-09-28,RealEstate,0.10533999999999999
2021-09-29,RealEstate,0.0
2021-09-30,RealEstate,0.12083999999999999
2021-10-01,RealEstate,0.0
2021-10-04,RealEstate,-0.07224
2021-10-05,RealEstate,0.059199999999999996
2021-10-06,RealEstate,-0.008820000000000005
2021-10-07,RealEstate,0.0
2021-10-08,RealEstate,0.20932
2021-10-11,RealEstate,0.11988000000000001
2021-10-12,RealEstate,0.0
2021-10-13,RealEstate,0.22599
2021-10-14,RealEstate,0.08178333333333333
2021-10-15,RealEstate,0.14017333333333334
2021-10-18,RealEstate,0.059199999999999996
2021-10-19,RealEstate,0.10533999999999999
2021-10-20,RealEstate,0.05
2021-10-21,RealEstate,0.1353
2021-10-22,RealEstate,0.16040000000000001
2021-10-25,RealEstate,0.04588
2021-10-26,RealEstate,0.16968
2021-10-27,RealEstate,0.06069
2021-10-28,RealEstate,0.12201999999999999
2021-10-29,RealEstate,0.15265333333333336
2021-11-01,RealEstate,0.03292666666666667
2021-11-02,RealEstate,0.09778666666666666
2021-11-03,RealEstate,0.0
2021-11-04,RealEstate,-0.08680666666666667
2021-11-05,RealEstate,0.0
2021-11-08,RealEstate,0.00996
2021-11-09,RealEstate,0.11187
2021-11-10,RealEstate,0.0
2021-11-11,RealEstate,0.23934000000000002
2021-11-12,RealEstate,0.12738
2021-11-15,RealEstate,0.07823866666666666
2021-11-16,RealEstate,0.0
2021-11-17,RealEstate,0.039715
2021-11-18,RealEstate,0.31992
2021-11-19,RealEstate,0.0
2021-11-22,RealEstate,0.3069333333333334
2021-11-23,RealEstate,0.0
2021-11-24,RealEstate,0.059199999999999996
2021-11-26,RealEstate,0.06369
2021-11-29,RealEstate,0.04166
2021-11-30,RealEstate,0.11839999999999999
2021-12-01,RealEstate,0.15095999999999998
2021-12-02,RealEstate,0.20212
2021-12-03,RealEstate,-0.08423999999999998
2021-12-06,RealEstate,0.02023
2021-12-07,RealEstate,0.0
2021-12-08,RealEstate,0.06952
2021-12-09,RealEstate,0.12972
2021-12-10,RealEstate,0.14504
2021-12-13,RealEstate,0.013486666666666666
2021-12-14,RealEstate,0.30875
2021-12-15,RealEstate,0.12615
2021-12-16,RealEstate,0.10311
2021-12-17,RealEstate,0.03981999999999999
2021-12-20,RealEstate,0.05799
2021-12-21,RealEstate,0.30322
2021-12-22,RealEstate,0.0
2021-12-23,RealEstate,0.059199999999999996
2021-12-27,RealEstate,0.06369999999999999
2021-12-28,RealEstate,0.01032
2021-12-29,RealEstate,0.13801
2021-12-30,RealEstate,0.14189
2021-12-31,RealEstate,0.06487999999999998
2022-01-03,RealEstate,0.09329000000000001
2022-01-04,RealEstate,0.13426
2022-01-05,RealEstate,0.12498000000000001
2022-01-06,RealEstate,0.10654999999999999
2022-01-07,RealEstate,0.059199999999999996
2022-01-10,RealEstate,0.15012
2022-01-11,RealEstate,-0.08773000000000002
2022-01-12,RealEstate,-0.027470000000000005
2022-01-13,RealEstate,0.068
2022-01-14,RealEstate,0.07899
2022-01-18,RealEstate,0.014750000000000003
2022-01-19,RealEstate,0.20837500000000003
2022-01-20,RealEstate,0.30343333333333333
2022-01-21,RealEstate,0.21411000000000002
2022-01-24,RealEstate,0.19084333333333334
2022-01-25,RealEstate,0.21631
2022-01-26,RealEstate,0.005146666666666667
2022-01-27,RealEstate,0.33703333333333335
2022-01-28,RealEstate,-0.0036999999999999924
2022-01-31,RealEstate,0.46748
2022-02-01,RealEstate,0.05719
2022-02-02,RealEstate,0.13157000000000002
2022-02-03,RealEstate,0.059199999999999996
2022-02-04,RealEstate,0.0
2022-02-07,RealEstate,0.09209
2022-02-08,RealEstate,0.13919
2022-02-09,RealEstate,0.04085
2022-02-10,RealEstate,0.18882
2022-02-11,RealEstate,0.0
2022-02-14,RealEstate,0.37518999999999997
2022-02-15,RealEstate,0.1645
2022-02-16,RealEstate,0.25712
2022-02-17,RealEstate,0.04166
2022-02-18,RealEstate,0.028089999999999997
2022-02-22,RealEstate,0.230553
2022-02-23,RealEstate,0.16902499999999998
2022-02-24,RealEstate,0.208318
2022-02-25,RealEstate,0.22742666666666667
2022-02-28,RealEstate,0.19885000000000003
2022-03-01,RealEstate,0.04046
2022-03-02,RealEstate,0.06597
2022-03-03,RealEstate,0.22100499999999998
2022-03-04,RealEstate,0.23035999999999998
2022-03-07,RealEstate,0.20145999999999997
2022-03-08,RealEstate,0.07224
2022-03-09,RealEstate,0.027419999999999993
2022-03-10,RealEstate,0.06945333333333334
2022-03-11,RealEstate,0.14536
2022-03-14,RealEstate,0.13177999999999998
2022-03-15,RealEstate,0.26674666666666663
2022-03-16,RealEstate,0.15666
2022-03-17,RealEstate,0.0
2022-03-18,RealEstate,0.06597
2022-03-21,RealEstate,0.14332833333333334
2022-03-22,RealEstate,0.03612
2022-03-23,RealEstate,0.08808
2022-03-24,RealEstate,0.06642
2022-03-25,RealEstate,0.11574
2022-03-28,RealEstate,0.080185
2022-03-29,RealEstate,0.17370666666666665
2022-03-30,RealEstate,0.26559
2022-03-31,RealEstate,-0.03612
2022-04-01,RealEstate,0.17721
2022-04-04,RealEstate,0.11335500000000001
2022-04-05,RealEstate,0.12539333333333333
2022-04-06,RealEstate,0.10564666666666667
2022-04-07,RealEstate,0.14156000000000002
2022-04-08,RealEstate,0.059199999999999996
2022-04-11,RealEstate,0.043393333333333325
2022-04-12,RealEstate,0.30784666666666666
2022-04-13,RealEstate,0.05531666666666667
2022-04-14,RealEstate,0.19920666666666667
2022-04-18,RealEstate,0.050885
2022-04-19,RealEstate,0.09279200000000001
2022-04-20,RealEstate,-0.057275
2022-04-21,RealEstate,0.007109999999999994
2022-04-22,RealEstate,0.04046
2022-04-25,RealEstate,0.13845999999999997
2022-04-26,RealEstate,0.0
2022-04-27,RealEstate,0.11501333333333333
2022-04-28,RealEstate,0.13146
2022-04-29,RealEstate,0.16427999999999998
2022-05-02,RealEstate,0.15158
2022-05-03,RealEstate,0.07802
2022-05-04,RealEstate,0.02360666666666667
2022-05-05,RealEstate,0.024773333333333335
2022-05-06,RealEstate,0.055326666666666656
2022-05-09,RealEstate,0.07633000000000002
2022-05-10,RealEstate,0.19323
2022-05-11,RealEstate,0.04431999999999999
2022-05-12,RealEstate,0.21324666666666667
2022-05-13,RealEstate,0.19291
2022-05-16,RealEstate,0.10881666666666667
2022-05-17,RealEstate,0.30354333333333333
2022-05-18,RealEstate,0.04131
2022-05-19,RealEstate,0.14153
2022-05-20,RealEstate,0.12061599999999997
2022-05-23,RealEstate,0.23436400000000002
2022-05-24,RealEstate,0.22125
2022-05-25,RealEstate,0.22206
2022-05-26,RealEstate,0.14772
2022-05-27,RealEstate,0.19390000000000002
2022-05-31,RealEstate,0.09617500000000001
2022-06-01,RealEstate,0.12972
2022-06-02,RealEstate,0.25103
2022-06-03,RealEstate,0.18933
2022-06-06,RealEstate,0.05469333333333333
2022-06-07,RealEstate,0.004906666666666668
2022-06-08,RealEstate,0.10668799999999998
2022-06-09,RealEstate,0.14565333333333333
2022-06-10,RealEstate,0.15297999999999998
2022-06-13,RealEstate,0.179576
2022-06-14,RealEstate,0.18863000000000002
2022-06-15,RealEstate,0.007190000000000002
2022-06-16,RealEstate,0.0836
2022-06-17,RealEstate,0.24580600000000002
2022-06-21,RealEstate,0.26161666666666666
2022-06-22,RealEstate,0.15991333333333332
2022-06-23,RealEstate,0.20191999999999996
2022-06-24,RealEstate,0.02927999999999999
2022-06-27,RealEstate,0.14356
2022-06-28,RealEstate,0.0913
2022-06-29,RealEstate,0.14172999999999997
2022-06-30,RealEstate,0.03612
2022-07-01,RealEstate,0.08202000000000001
2022-07-05,RealEstate,0.15871333333333332
2022-07-06,RealEstate,0.03766666666666666
2022-07-07,RealEstate,0.08158666666666667
2022-07-08,RealEstate,0.17972000000000002
2022-07-11,RealEstate,0.35309333333333337
2022-07-12,RealEstate,-0.00516
2022-07-13,RealEstate,0.23296
2022-07-14,RealEstate,0.06642
2022-07-15,RealEstate,-0.176166
2022-07-18,RealEstate,0.21839749999999997
2022-07-19,RealEstate,-0.06087
2022-07-20,RealEstate,0.3396733333333333
2022-07-21,RealEstate,0.17795999999999998
2022-07-22,RealEstate,0.27788
2022-07-25,RealEstate,0.22592800000000005
2022-07-26,RealEstate,0.17967
2022-07-27,RealEstate,0.27843666666666667
2022-07-28,RealEstate,0.16465666666666665
2022-07-29,RealEstate,0.29228
2022-08-01,RealEstate,0.21145
2022-08-02,RealEstate,0.07259000000000002
2022-08-03,RealEstate,0.015030000000000005
2022-08-04,RealEstate,0.26093333333333335
2022-08-05,RealEstate,0.20746000000000003
2022-08-08,RealEstate,0.19548
2022-08-09,RealEstate,0.23228
2022-08-10,RealEstate,0.164
2022-08-11,RealEstate,0.2419
2022-08-12,RealEstate,0.04766
2022-08-15,RealEstate,0.12115999999999998
2022-08-16,RealEstate,0.08744
2022-08-17,RealEstate,0.25899500000000003
2022-08-18,RealEstate,0.059199999999999996
2022-08-19,RealEstate,0.29232
2022-08-22,RealEstate,0.27166999999999997
2022-08-23,RealEstate,0.16267
2022-08-24,RealEstate,0.33248500000000003
2022-08-25,RealEstate,0.29318
2022-08-26,RealEstate,0.1406
2022-08-29,RealEstate,0.10455166666666667
2022-08-30,RealEstate,0.10846
2022-08-31,RealEstate,0.28
2022-09-01,RealEstate,0.068
2022-09-02,RealEstate,0.06462666666666667
2022-09-06,RealEstate,0.33787500000000004
2022-09-07,RealEstate,0.08427333333333334
2022-09-08,RealEstate,0.23678
2022-09-09,RealEstate,0.46002
2022-09-12,RealEstate,0.21176000000000003
2022-09-13,RealEstate,0.09451000000000001
2022-09-14,RealEstate,0.15801
2022-09-15,RealEstate,0.27410999999999996
2022-09-16,RealEstate,0.26181
2022-09-19,RealEstate,0.170796
2022-09-20,RealEstate,0.13017499999999999
2022-09-21,RealEstate,0.13757666666666665
2022-09-22,RealEstate,0.08240000000000003
2022-09-23,RealEstate,0.07382666666666667
2022-09-26,RealEstate,0.11618500000000001
2022-09-27,RealEstate,0.20084
2022-09-28,RealEstate,0.01094666666666665
2022-09-29,RealEstate,0.0
2022-09-30,RealEstate,0.1635
2022-10-03,RealEstate,0.20320999999999997
2022-10-04,RealEstate,0.44839
2022-10-05,RealEstate,0.17661333333333334
2022-10-06,RealEstate,0.059199999999999996
2022-10-07,RealEstate,0.037344999999999996
2022-10-10,RealEstate,0.17604499999999998
2022-10-11,RealEstate,-0.0843
2022-10-12,RealEstate,0.09209
2022-10-13,RealEstate,0.0
2022-10-14,RealEstate,0.13104
2022-10-17,RealEstate,0.10503399999999999
2022-10-18,RealEstate,0.010115
2022-10-19,RealEstate,0.09633666666666667
2022-10-20,RealEstate,0.20473999999999998
2022-10-21,RealEstate,0.37970000000000004
2022-10-24,RealEstate,0.3602766666666667
2022-10-25,RealEstate,0.22971
2022-10-26,RealEstate,0.13199
2022-10-27,RealEstate,-0.071863
2022-10-28,RealEstate,0.0
2022-10-31,RealEstate,0.19326714285714286
2022-11-01,RealEstate,0.26420333333333335
2022-11-02,RealEstate,0.08671533333333334
2022-11-03,RealEstate,0.11592666666666666
2022-11-04,RealEstate,-0.05464
2022-11-07,RealEstate,0.11937166666666668
2022-11-08,RealEstate,0.17606
2022-11-09,RealEstate,0.07006
2022-11-10,RealEstate,0.096405
2022-11-11,RealEstate,0.33918
2022-11-14,RealEstate,0.22778666666666667
2022-11-15,RealEstate,0.13194
2022-11-16,RealEstate,0.2479666666666666
2022-11-17,RealEstate,0.0
2022-11-18,RealEstate,0.04108
2022-11-21,RealEstate,0.22932000000000002
2022-11-22,RealEstate,-0.16468
2022-11-23,RealEstate,0.13212000000000002
2022-11-25,RealEstate,0.2564
2022-11-28,RealEstate,0.19124999999999998
2022-11-29,RealEstate,0.0
2022-11-30,RealEstate,0.15031
2022-12-01,RealEstate,0.207708
2022-12-02,RealEstate,0.15095999999999998
2022-12-05,RealEstate,0.15012
2022-12-06,RealEstate,0.10178000000000001
2022-12-07,RealEstate,0.28450000000000003
2022-12-08,RealEstate,0.059199999999999996
2022-12-09,RealEstate,0.27837
2022-12-12,RealEstate,0.04046
2022-12-13,RealEstate,0.11988000000000001
2022-12-14,RealEstate,0.10518666666666668
2022-12-15,RealEstate,0.05344000000000001
2022-12-16,RealEstate,0.20776
2022-12-19,RealEstate,0.142055
2022-12-20,RealEstate,0.017635
2022-12-21,RealEstate,-0.004253333333333331
2022-12-22,RealEstate,0.0
2022-12-23,RealEstate,0.0
2022-12-27,RealEstate,0.30290500000000004
2022-12-28,RealEstate,0.2270933333333333
2022-12-29,RealEstate,0.08092
2022-12-30,RealEstate,0.09638
2023-01-03,RealEstate,0.19111
2023-01-04,RealEstate,0.11438
2023-01-05,RealEstate,0.09190666666666666
2023-01-06,RealEstate,0.042785
2023-01-09,RealEstate,-0.000770000000000004
2023-01-10,RealEstate,0.16104
2023-01-11,RealEstate,0.148
2023-01-12,RealEstate,0.04261999999999999
2023-01-13,RealEstate,0.02023
2023-01-17,RealEstate,0.121095
2023-01-18,RealEstate,0.07705
2023-01-19,RealEstate,0.10427333333333336
2023-01-20,RealEstate,0.06830166666666668
2023-01-23,RealEstate,0.11372
2023-01-24,RealEstate,0.29592999999999997
2023-01-25,RealEstate,0.16539333333333334
2023-01-26,RealEstate,0.03195333333333333
2023-01-27,RealEstate,0.12688000000000002
2023-01-30,RealEstate,0.22579500000000002
2023-01-31,RealEstate,0.13311
2023-02-01,RealEstate,0.25672
2023-02-02,RealEstate,0.17549
2023-02-03,RealEstate,0.06307666666666667
2023-02-06,RealEstate,0.22189047619047622
2023-02-07,RealEstate,0.09310666666666664
2023-02-08,RealEstate,0.0
2023-02-09,RealEstate,0.20415
2023-02-10,RealEstate,0.23273000000000002
2023-02-13,RealEstate,0.39577500000000004
2023-02-14,RealEstate,0.21015999999999999
2023-02-15,RealEstate,0.05785999999999999
2023-02-16,RealEstate,0.06488333333333333
2023-02-17,RealEstate,-0.01338
2023-02-21,RealEstate,0.10036177777777777
2023-02-22,RealEstate,0.10673666666666666
2023-02-23,RealEstate,0.04340833333333334
2023-02-24,RealEstate,0.029599999999999998
2023-02-27,RealEstate,0.24094000000000002
2023-02-28,RealEstate,0.12713999999999998
2023-03-01,RealEstate,0.1071
2023-03-02,RealEstate,0.16353333333333334
2023-03-03,RealEstate,0.0273
2023-03-06,RealEstate,0.12754
2023-03-07,RealEstate,0.062490000000000004
2023-03-08,RealEstate,0.22188
2023-03-09,RealEstate,0.13293
2023-03-10,RealEstate,0.26532
2023-03-13,RealEstate,0.06745999999999999
2023-03-14,RealEstate,0.30792
2023-03-15,RealEstate,0.23440399999999997
2023-03-16,RealEstate,0.21614000000000005
2023-03-17,RealEstate,0.17613
2023-03-20,RealEstate,0.08596333333333334
2023-03-21,RealEstate,0.36738
2023-03-22,RealEstate,0.19736
2023-03-23,RealEstate,0.15798
2023-03-24,RealEstate,0.11438
2023-03-27,RealEstate,0.13821
2023-03-28,RealEstate,0.059199999999999996
2023-03-29,RealEstate,0.19112666666666667
2023-03-30,RealEstate,0.21308333333333335
2023-03-31,RealEstate,0.20012
2023-04-03,RealEstate,0.22921
2023-04-04,RealEstate,0.14042500000000002
2023-04-05,RealEstate,0.028568571428571426
2023-04-06,RealEstate,0.20336000000000004
2023-04-10,RealEstate,0.08566738095238095
2023-04-11,RealEstate,0.35457
2023-04-12,RealEstate,0.14471333333333333
2023-04-13,RealEstate,0.04983
2023-04-14,RealEstate,0.10324
2023-04-17,RealEstate,0.010589999999999999
2023-04-18,RealEstate,0.22321833333333335
2023-04-19,RealEstate,0.06815333333333333
2023-04-20,RealEstate,0.093145
2023-04-21,RealEstate,0.10815999999999999
2023-04-24,RealEstate,0.23668666666666666
2023-04-25,RealEstate,0.11463666666666668
2023-04-26,RealEstate,0.007596666666666671
2023-04-27,RealEstate,0.09112500000000001
2023-04-28,RealEstate,0.36698
2023-05-01,RealEstate,0.23952
2023-05-02,RealEstate,0.18732933333333332
2023-05-03,RealEstate,0.04583333333333332
2023-05-04,RealEstate,0.10682233333333332
2023-05-05,RealEstate,0.09058666666666668
2023-05-08,RealEstate,0.11322666666666667
2023-05-09,RealEstate,0.09176
2023-05-10,RealEstate,0.04600666666666666
2023-05-11,RealEstate,0.07364
2023-05-12,RealEstate,0.10466
2023-05-15,RealEstate,0.26716666666666666
2023-05-16,RealEstate,0.05223
2023-05-17,RealEstate,0.2525
2023-05-18,RealEstate,0.07487833333333334
2023-05-19,RealEstate,0.0
2023-05-22,RealEstate,0.22576999999999997
2023-05-23,RealEstate,0.06376
2023-05-24,RealEstate,0.15453999999999998
2023-05-25,RealEstate,0.13003599999999998
2023-05-26,RealEstate,0.029599999999999998
2023-05-30,RealEstate,0.18646666666666664
2023-05-31,RealEstate,0.18395999999999998
2023-06-01,RealEstate,0.16983333333333334
2023-06-02,RealEstate,0.09359999999999999
2023-06-05,RealEstate,0.08313333333333334
2023-06-06,RealEstate,0.16212
2023-06-07,RealEstate,0.12248
2023-06-08,RealEstate,0.09033833333333333
2023-06-09,RealEstate,0.10924
2023-06-12,RealEstate,0.22391333333333333
2023-06-13,RealEstate,0.0
2023-06-14,RealEstate,0.08009000000000001
2023-06-15,RealEstate,0.20990999999999999
2023-06-16,RealEstate,0.13105333333333333
2023-06-20,RealEstate,0.11839999999999999
2023-06-21,RealEstate,0.0
2023-06-22,RealEstate,0.1061
2023-06-23,RealEstate,0.11505000000000001
2023-06-26,RealEstate,0.15889
2023-06-27,RealEstate,0.30978500000000003
2023-06-28,RealEstate,0.12244799999999997
2023-06-29,RealEstate,0.269215
2023-06-30,RealEstate,0.037029999999999993
2023-07-03,RealEstate,0.351155
2023-07-05,RealEstate,0.19754
2023-07-06,RealEstate,0.11114666666666666
2023-07-07,RealEstate,0.02023
2023-07-10,RealEstate,0.20766
2023-07-11,RealEstate,-0.006520000000000003
2023-07-12,RealEstate,0.1817433333333333
2023-07-13,RealEstate,0.10211666666666666
2023-07-14,RealEstate,0.033350000000000005
2023-07-17,RealEstate,0.30333466666666664
2023-07-18,RealEstate,0.15714999999999998
2023-07-19,RealEstate,0.25857399999999997
2023-07-20,RealEstate,0.10644247619047617
2023-07-21,RealEstate,0.10830999999999999
2023-07-24,RealEstate,0.31771
2023-07-25,RealEstate,0.11086999999999998
2023-07-26,RealEstate,0.054035999999999994
2023-07-27,RealEstate,0.16937333333333332
2023-07-28,RealEstate,0.4133533333333334
2023-07-31,RealEstate,0.18553999999999998
2023-08-01,RealEstate,0.2905133333333333
2023-08-02,RealEstate,0.1925746666666667
2023-08-03,RealEstate,0.03774666666666667
2023-08-04,RealEstate,-0.08426500000000002
2023-08-07,RealEstate,0.18154666666666666
2023-08-08,RealEstate,0.0
2023-08-09,RealEstate,0.06575999999999999
2023-08-10,RealEstate,0.482505
2023-08-11,RealEstate,0.1712
2023-08-14,RealEstate,0.06756666666666668
2023-08-15,RealEstate,0.3442
2023-08-16,RealEstate,0.21505999999999997
2023-08-17,RealEstate,0.31970166666666666
2023-08-18,RealEstate,0.13788
2023-08-21,RealEstate,0.23792999999999997
2023-08-22,RealEstate,0.21608999999999998
2023-08-23,RealEstate,0.029599999999999998
2023-08-24,RealEstate,0.09956000000000001
2023-08-25,RealEstate,0.11020666666666665
2023-08-28,RealEstate,0.32619999999999993
2023-08-29,RealEstate,0.184085
2023-08-30,RealEstate,0.14479999999999998
2023-08-31,RealEstate,0.268654
2023-09-01,RealEstate,0.30032000000000003
2023-09-05,RealEstate,0.12981333333333334
2023-09-06,RealEstate,0.19218000000000002
2023-09-07,RealEstate,0.02408
2023-09-08,RealEstate,0.21248
2023-09-11,RealEstate,0.335736
2023-09-12,RealEstate,-0.08478
2023-09-13,RealEstate,0.2543133333333333
2023-09-14,RealEstate,0.09634000000000001
2023-09-15,RealEstate,0.34047666666666665
2023-09-18,RealEstate,0.12840000000000001
2023-09-19,RealEstate,0.22837999999999997
2023-09-20,RealEstate,0.40777
2023-09-21,RealEstate,0.2160566666666667
2023-09-22,RealEstate,0.11747999999999999
2023-09-25,RealEstate,0.09578666666666666
2023-09-26,RealEstate,0.09265999999999999
2023-09-27,RealEstate,0.213298
2023-09-28,RealEstate,0.322785
2023-09-29,RealEstate,0.12738
2023-10-02,RealEstate,0.366205
2023-10-03,RealEstate,0.20780333333333334
2023-10-04,RealEstate,0.073685
2023-10-05,RealEstate,0.1859
2023-10-06,RealEstate,0.23481999999999997
2023-10-09,RealEstate,0.14781333333333332
2023-10-10,RealEstate,0.27535
2023-10-11,RealEstate,0.059199999999999996
2023-10-12,RealEstate,0.35438000000000003
2023-10-13,RealEstate,0.10533999999999999
2023-10-16,RealEstate,0.14277600000000001
2023-10-17,RealEstate,0.16890999999999998
2023-10-18,RealEstate,0.14491714285714286
2023-10-19,RealEstate,0.05389471428571428
2023-10-20,RealEstate,0.24764999999999998
2023-10-23,RealEstate,0.21527
2023-10-24,RealEstate,0.36053999999999997
2023-10-25,RealEstate,0.17397
2023-10-26,RealEstate,0.19576500000000002
2023-10-27,RealEstate,0.120485
2023-10-30,RealEstate,0.26124763636363635
2023-10-31,RealEstate,0.16559333333333334
2023-11-01,RealEstate,0.049006666666666664
2023-11-02,RealEstate,0.23802266666666666
2023-11-03,RealEstate,0.38588999999999996
2023-11-06,RealEstate,0.21226000000000003
2023-11-07,RealEstate,0.20404666666666665
2023-11-08,RealEstate,-0.012688
2023-11-09,RealEstate,0.25169
2023-11-10,RealEstate,-0.04786
2023-11-13,RealEstate,0.16201
2023-11-14,RealEstate,0.11605333333333334
2023-11-15,RealEstate,0.22147999999999998
2023-11-16,RealEstate,0.084624
2023-11-17,RealEstate,-0.0035449999999999995
2023-11-20,RealEstate,0.11929333333333333
2023-11-21,RealEstate,0.17408
2023-11-22,RealEstate,0.0032799999999999995
2023-11-24,RealEstate,0.063625
2023-11-27,RealEstate,7.435897435897342e-05
2023-11-28,RealEstate,0.12741
2023-11-29,RealEstate,0.14284266666666665
2023-11-30,RealEstate,0.1993
2023-12-01,RealEstate,0.160112
2023-12-04,RealEstate,0.25803000000000004
2023-12-05,RealEstate,0.18348000000000003
2023-12-06,RealEstate,0.14412333333333333
2023-12-07,RealEstate,0.094796
2023-12-08,RealEstate,0.08978666666666665
2023-12-11,RealEstate,0.14772333333333335
2023-12-12,RealEstate,0.1771033333333333
2023-12-13,RealEstate,0.3636006666666666
2023-12-14,RealEstate,0.068248
2023-12-15,RealEstate,0.08431333333333332
2023-12-18,RealEstate,0.14661833333333335
2023-12-19,RealEstate,0.0
2023-12-20,RealEstate,0.0
2023-12-21,RealEstate,0.0
2023-12-22,RealEstate,0.0
2023-12-26,RealEstate,0.0
2023-12-27,RealEstate,0.0
2023-12-28,RealEstate,0.0
2023-12-29,RealEstate,0.0
2020-01-02,Tech,0.09084338461538463
2020-01-03,Tech,0.08949142857142857
2020-01-06,Tech,0.040423333333333325
2020-01-07,Tech,0.02245964285714286
2020-01-08,Tech,0.0733715
2020-01-09,Tech,0.2036246666666667
2020-01-10,Tech,0.30846566666666664
2020-01-13,Tech,0.3465015
2020-01-14,Tech,0.135266
2020-01-15,Tech,0.17604066666666668
2020-01-16,Tech,0.25688
2020-01-17,Tech,0.16869053779553778
2020-01-21,Tech,0.08043
2020-01-22,Tech,0.173378
2020-01-23,Tech,0.1158774074074074
2020-01-24,Tech,0.10019032258064516
2020-01-27,Tech,-0.12693233333333334
2020-01-28,Tech,0.07001692307692307
2020-01-29,Tech,0.11986555555555556
2020-01-30,Tech,-0.03901166666666667
2020-01-31,Tech,-0.031069999999999987
2020-02-03,Tech,0.07228666666666668
2020-02-04,Tech,0.08254577777777779
2020-02-05,Tech,0.11087625000000001
2020-02-06,Tech,0.3103908333333333
2020-02-07,Tech,0.1811957142857143
2020-02-10,Tech,0.2316091666666667
2020-02-11,Tech,0.14574976623376623
2020-02-12,Tech,0.070044
2020-02-13,Tech,0.02052181818181819
2020-02-14,Tech,0.10944612903225806
2020-02-18,Tech,-0.011349999999999994
2020-02-19,Tech,0.08603825396825396
2020-02-20,Tech,-0.007065
2020-02-21,Tech,-0.22326457142857142
2020-02-24,Tech,0.04647348484848484
2020-02-25,Tech,0.08696333333333336
2020-02-26,Tech,0.25777
2020-02-27,Tech,-0.17394133333333334
2020-02-28,Tech,0.08820666666666666
2020-03-02,Tech,0.053844
2020-03-03,Tech,0.039426333333333334
2020-03-04,Tech,0.4771640476190476
2020-03-05,Tech,0.06746566666666665
2020-03-06,Tech,0.06626707692307691
2020-03-09,Tech,-0.14498599999999998
2020-03-10,Tech,0.29923
2020-03-11,Tech,0.09803333333333333
2020-03-12,Tech,-0.10342142857142855
2020-03-13,Tech,0.1131135119047619
2020-03-16,Tech,-0.12232753246753247
2020-03-17,Tech,0.14209299999999997
2020-03-18,Tech,-0.13713357142857144
2020-03-19,Tech,-0.15382666666666667
2020-03-20,Tech,0.22403666666666666
2020-03-23,Tech,0.18619666666666668
2020-03-24,Tech,0.3992231666666667
2020-03-25,Tech,0.27094
2020-03-26,Tech,0.2718777777777778
2020-03-27,Tech,0.335495
2020-03-30,Tech,0.22098
2020-03-31,Tech,0.02640933333333333
2020-04-01,Tech,0.42702999999999997
2020-04-02,Tech,0.14243
2020-04-03,Tech,-0.10429333333333332
2020-04-06,Tech,0.32005530303030305
2020-04-07,Tech,0.18468800000000002
2020-04-08,Tech,0.22142228571428574
2020-04-09,Tech,0.23173
2020-04-13,Tech,0.18071019607843136
2020-04-14,Tech,0.5943477142857143
2020-04-15,Tech,0.075361
2020-04-16,Tech,0.29927455555555554
2020-04-17,Tech,0.15639157142857144
2020-04-20,Tech,0.24999041666666666
2020-04-21,Tech,-0.30282333333333333
2020-04-22,Tech,0.31684238095238093
2020-04-23,Tech,0.3013961904761905
2020-04-24,Tech,0.0817636559139785
2020-04-27,Tech,0.16662341125541125
2020-04-28,Tech,0.2589465079365079
2020-04-29,Tech,0.23850371428571432
2020-04-30,Tech,0.12675399999999998
2020-05-01,Tech,0.05794266666666666
2020-05-04,Tech,0.36175205882352934
2020-05-05,Tech,0.2379375
2020-05-06,Tech,0.144292
2020-05-07,Tech,0.342126
2020-05-08,Tech,0.4366051428571428
2020-05-11,Tech,0.13950277777777778
2020-05-12,Tech,-0.030010333333333333
2020-05-13,Tech,0.17497222222222222
2020-05-14,Tech,0.2365704761904762
2020-05-15,Tech,0.07404182957393485
2020-05-18,Tech,0.08637904761904762
2020-05-19,Tech,0.05979133333333333
2020-05-20,Tech,0.2270166666666667
2020-05-21,Tech,0.040281111111111115
2020-05-22,Tech,-0.105312
2020-05-26,Tech,0.17309254761904763
2020-05-27,Tech,0.149635
2020-05-28,Tech,0.1387638095238095
2020-05-29,Tech,0.0016530000000000017
2020-06-01,Tech,0.16373333333333334
2020-06-02,Tech,0.2758733333333333
2020-06-03,Tech,0.168804
2020-06-04,Tech,0.09188500000000001
2020-06-05,Tech,0.1271288888888889
2020-06-08,Tech,0.11667333333333334
2020-06-09,Tech,0.2975480952380952
2020-06-10,Tech,0.002217380952380954
2020-06-11,Tech,0.16727666666666666
2020-06-12,Tech,0.09250166666666666
2020-06-15,Tech,0.14202666666666666
2020-06-16,Tech,0.24325999999999998
2020-06-17,Tech,0.042510000000000006
2020-06-18,Tech,0.12818000000000002
2020-06-19,Tech,-0.1341
2020-06-22,Tech,0.13809828571428573
2020-06-23,Tech,0.059653333333333336
2020-06-24,Tech,-0.3045566666666667
2020-06-25,Tech,-0.25697000000000003
2020-06-26,Tech,-0.015580000000000002
2020-06-29,Tech,0.09348000000000001
2020-06-30,Tech,0.17402800000000002
2020-07-01,Tech,0.10901999999999998
2020-07-02,Tech,0.11737500000000001
2020-07-06,Tech,0.08792493506493507
2020-07-07,Tech,0.1343
2020-07-08,Tech,-0.051834666666666675
2020-07-09,Tech,0.10473428571428571
2020-07-10,Tech,0.03292666666666667
2020-07-13,Tech,0.26386000000000004
2020-07-14,Tech,0.11585866666666667
2020-07-15,Tech,0.15742
2020-07-16,Tech,0.020198666666666663
2020-07-17,Tech,-0.010816000000000001
2020-07-20,Tech,0.12046923076923075
2020-07-21,Tech,0.20789600000000003
2020-07-22,Tech,0.16417333333333334
2020-07-23,Tech,0.15805555555555556
2020-07-24,Tech,0.11741966666666666
2020-07-27,Tech,0.1743395238095238
2020-07-28,Tech,0.06947214285714286
2020-07-29,Tech,0.19618034584980235
2020-07-30,Tech,0.017984949494949498
2020-07-31,Tech,0.0843
2020-08-03,Tech,0.09563533333333334
2020-08-04,Tech,0.1410736363636364
2020-08-05,Tech,0.07203642857142857
2020-08-06,Tech,0.157335
2020-08-07,Tech,0.12738
2020-08-10,Tech,0.12161833333333334
2020-08-11,Tech,0.164843
2020-08-12,Tech,0.06034238095238096
2020-08-13,Tech,0.04298857142857143
2020-08-14,Tech,0.22335666666666665
2020-08-17,Tech,-0.033174000000000016
2020-08-18,Tech,-0.007404999999999995
2020-08-19,Tech,0.03752333333333333
2020-08-20,Tech,-0.06812888888888889
2020-08-21,Tech,0.05089866666666666
2020-08-24,Tech,0.05611166666666666
2020-08-25,Tech,0.041188999999999996
2020-08-26,Tech,0.12326833333333334
2020-08-27,Tech,0.10028666666666668
2020-08-28,Tech,0.20016000000000003
2020-08-31,Tech,0.13631904761904762
2020-09-01,Tech,0.015585000000000005
2020-09-02,Tech,0.22864761904761904
2020-09-03,Tech,0.076105
2020-09-04,Tech,0.22193999999999997
2020-09-08,Tech,0.12278499999999999
2020-09-09,Tech,0.07852500000000001
2020-09-10,Tech,0.09523333333333334
2020-09-11,Tech,0.18775
2020-09-14,Tech,0.13637499999999997
2020-09-15,Tech,-0.08182666666666667
2020-09-16,Tech,0.24452999999999997
2020-09-17,Tech,0.22196952380952378
2020-09-18,Tech,0.0
2020-09-21,Tech,-0.011906666666666673
2020-09-22,Tech,0.06541333333333334
2020-09-23,Tech,-0.07224
2020-09-24,Tech,0.07396499999999999
2020-09-25,Tech,-0.030586666666666668
2020-09-28,Tech,0.19356833333333334
2020-09-29,Tech,0.2282866666666667
2020-09-30,Tech,0.07048666666666667
2020-10-01,Tech,-0.10846
2020-10-02,Tech,0.06639466666666667
2020-10-05,Tech,0.174776
2020-10-06,Tech,0.012563333333333338
2020-10-07,Tech,0.26232
2020-10-08,Tech,0.11058904761904761
2020-10-09,Tech,0.20280133333333333
2020-10-12,Tech,0.14646333333333333
2020-10-13,Tech,-0.042526666666666664
2020-10-14,Tech,0.0043
2020-10-15,Tech,0.22229833333333335
2020-10-16,Tech,0.11035333333333334
2020-10-19,Tech,-0.0436475
2020-10-20,Tech,0.10252000000000001
2020-10-21,Tech,0.1533
2020-10-22,Tech,0.0374675
2020-10-23,Tech,0.053858181818181826
2020-10-26,Tech,0.05223428571428572
2020-10-27,Tech,0.1658617142857143
2020-10-28,Tech,0.12017333333333335
2020-10-29,Tech,0.136436
2020-10-30,Tech,0.05574
2020-11-02,Tech,0.14138299999999998
2020-11-03,Tech,0.10434999999999998
2020-11-04,Tech,0.06574400000000001
2020-11-05,Tech,0.14233615384615383
2020-11-06,Tech,0.18778999999999998
2020-11-09,Tech,-0.03983333333333333
2020-11-10,Tech,-0.035797333333333334
2020-11-11,Tech,0.1785752380952381
2020-11-12,Tech,0.18486666666666668
2020-11-13,Tech,0.013558666666666672
2020-11-16,Tech,0.26904666666666666
2020-11-17,Tech,0.23327
2020-11-18,Tech,0.19183500000000003
2020-11-19,Tech,-0.021269999999999994
2020-11-20,Tech,0.13829333333333332
2020-11-23,Tech,0.09856000000000001
2020-11-24,Tech,0.0
2020-11-25,Tech,0.07454666666666668
2020-11-27,Tech,0.16755
2020-11-30,Tech,0.031301666666666665
2020-12-01,Tech,0.13725333333333334
2020-12-02,Tech,0.17726000000000003
2020-12-03,Tech,-0.07923666666666669
2020-12-04,Tech,0.19271333333333335
2020-12-07,Tech,0.12335777777777779
2020-12-08,Tech,0.10168999999999999
2020-12-09,Tech,0.24148733333333333
2020-12-10,Tech,0.258285
2020-12-11,Tech,0.09432566666666667
2020-12-14,Tech,0.07591600000000001
2020-12-15,Tech,0.077769
2020-12-16,Tech,0.06454
2020-12-17,Tech,0.21687428571428571
2020-12-18,Tech,0.23748
2020-12-21,Tech,0.07797542857142856
2020-12-22,Tech,0.19206666666666666
2020-12-23,Tech,0.11435999999999999
2020-12-24,Tech,0.10251333333333335
2020-12-28,Tech,0.14540416666666667
2020-12-29,Tech,-0.002281999999999995
2020-12-30,Tech,0.18214999999999998
2020-12-31,Tech,0.12261
2021-01-04,Tech,0.11599999999999999
2021-01-05,Tech,0.04923
2021-01-06,Tech,0.10249466666666666
2021-01-07,Tech,0.017913999999999996
2021-01-08,Tech,0.05842666666666667
2021-01-11,Tech,0.15553072222222225
2021-01-12,Tech,0.04371333333333333
2021-01-13,Tech,0.13655490683229815
2021-01-14,Tech,0.19523600000000002
2021-01-15,Tech,0.043086
2021-01-19,Tech,0.0627163076923077
2021-01-20,Tech,0.09122666666666666
2021-01-21,Tech,0.2232333333333333
2021-01-22,Tech,0.18184999999999998
2021-01-25,Tech,0.1275565811965812
2021-01-26,Tech,0.22776966666666665
2021-01-27,Tech,0.23184166666666667
2021-01-28,Tech,-0.07551777777777777
2021-01-29,Tech,0.101115
2021-02-01,Tech,0.22870428571428575
2021-02-02,Tech,0.34226999999999996
2021-02-03,Tech,0.12404250000000001
2021-02-04,Tech,0.08868909090909091
2021-02-05,Tech,0.17195333333333332
2021-02-08,Tech,0.07298
2021-02-09,Tech,0.03612
2021-02-10,Tech,-0.011450000000000002
2021-02-11,Tech,0.012099999999999996
2021-02-12,Tech,0.10523
2021-02-16,Tech,0.025649999999999996
2021-02-17,Tech,0.12706533333333334
2021-02-18,Tech,0.08728666666666667
2021-02-19,Tech,0.14404666666666668
2021-02-22,Tech,0.18842
2021-02-23,Tech,0.16557
2021-02-24,Tech,0.14164333333333332
2021-02-25,Tech,-0.006279999999999999
2021-02-26,Tech,0.076395
2021-03-01,Tech,0.041226666666666675
2021-03-02,Tech,-0.04197333333333332
2021-03-03,Tech,0.11717999999999999
2021-03-04,Tech,0.049165
2021-03-05,Tech,0.08742666666666668
2021-03-08,Tech,0.193414
2021-03-09,Tech,-0.010104999999999998
2021-03-10,Tech,0.12498000000000001
2021-03-11,Tech,0.08852399999999999
2021-03-12,Tech,0.14107
2021-03-15,Tech,0.06564266666666667
2021-03-16,Tech,-0.014796000000000004
2021-03-17,Tech,0.19800666666666666
2021-03-18,Tech,0.22652
2021-03-19,Tech,0.059199999999999996
2021-03-22,Tech,0.08066100000000001
2021-03-23,Tech,0.23201333333333335
2021-03-24,Tech,-0.001593529411764706
2021-03-25,Tech,0.03494666666666668
2021-03-26,Tech,0.050283333333333326
2021-03-29,Tech,0.19898999999999997
2021-03-30,Tech,0.21305333333333332
2021-03-31,Tech,0.05668666666666666
2021-04-01,Tech,-0.02358599999999999
2021-04-05,Tech,0.1225023076923077
2021-04-06,Tech,-0.04551066666666667
2021-04-07,Tech,0.00479
2021-04-08,Tech,0.035568
2021-04-09,Tech,0.12588166666666667
2021-04-12,Tech,0.02503500000000001
2021-04-13,Tech,0.07909333333333333
2021-04-14,Tech,0.16436
2021-04-15,Tech,0.20424499999999995
2021-04-16,Tech,0.012846000000000002
2021-04-19,Tech,0.044806380952380945
2021-04-20,Tech,0.047145000000000006
2021-04-21,Tech,-0.017719999999999996
2021-04-22,Tech,0.14735499999999999
2021-04-23,Tech,0.08111179487179487
2021-04-26,Tech,0.03694000000000001
2021-04-27,Tech,0.147788
2021-04-28,Tech,0.08953012987012987
2021-04-29,Tech,0.16275142857142857
2021-04-30,Tech,0.022469999999999993
2021-05-03,Tech,0.025392500000000005
2021-05-04,Tech,-0.008705000000000001
2021-05-05,Tech,0.12983666666666666
2021-05-06,Tech,0.11095
2021-05-07,Tech,0.15118666666666666
2021-05-10,Tech,0.003533333333333327
2021-05-11,Tech,0.052441333333333326
2021-05-12,Tech,0.13212000000000002
2021-05-13,Tech,-0.02023
2021-05-14,Tech,0.09068666666666667
2021-05-17,Tech,0.030506666666666665
2021-05-18,Tech,0.14354
2021-05-19,Tech,-0.12202857142857144
2021-05-20,Tech,0.165238
2021-05-21,Tech,0.22671999999999998
2021-05-24,Tech,0.20217666666666667
2021-05-25,Tech,0.002135333333333332
2021-05-26,Tech,0.29008
2021-05-27,Tech,0.18085199999999996
2021-05-28,Tech,0.111605
2021-06-01,Tech,0.068804
2021-06-02,Tech,0.06555333333333334
2021-06-03,Tech,0.06884
2021-06-04,Tech,0.100346
2021-06-07,Tech,0.23716049999999997
2021-06-08,Tech,0.15052000000000001
2021-06-09,Tech,0.17169
2021-06-10,Tech,0.1097475
2021-06-11,Tech,0.03571499999999998
2021-06-14,Tech,-0.009489000000000003
2021-06-15,Tech,0.0
2021-06-16,Tech,0.1258
2021-06-17,Tech,-0.008918444444444446
2021-06-18,Tech,0.09486
2021-06-21,Tech,0.1103875
2021-06-22,Tech,0.038900000000000004
2021-06-23,Tech,0.018545999999999993
2021-06-24,Tech,0.24957833333333337
2021-06-25,Tech,0.31194
2021-06-28,Tech,0.02786133333333334
2021-06-29,Tech,0.25673500000000005
2021-06-30,Tech,0.06274866666666667
2021-07-01,Tech,0.10181333333333334
2021-07-02,Tech,-0.05025333333333333
2021-07-06,Tech,0.15541
2021-07-07,Tech,0.18863000000000002
2021-07-08,Tech,0.13620000000000002
2021-07-09,Tech,0.16102
2021-07-12,Tech,0.09231666666666667
2021-07-13,Tech,0.09878
2021-07-14,Tech,0.025728000000000008
2021-07-15,Tech,-0.011174857142857144
2021-07-16,Tech,0.06536523076923077
2021-07-19,Tech,-0.0034183333333333344
2021-07-20,Tech,0.09518
2021-07-21,Tech,0.08120642857142857
2021-07-22,Tech,0.012503333333333344
2021-07-23,Tech,-0.03862333333333333
2021-07-26,Tech,0.09768480769230768
2021-07-27,Tech,0.03043937373737373
2021-07-28,Tech,0.12449678571428571
2021-07-29,Tech,0.16248333333333334
2021-07-30,Tech,0.13525
2021-08-02,Tech,0.09096476190476191
2021-08-03,Tech,0.08184083333333333
2021-08-04,Tech,-0.026239999999999996
2021-08-05,Tech,0.09033738095238095
2021-08-06,Tech,0.034778666666666666
2021-08-09,Tech,0.047608333333333336
2021-08-10,Tech,0.004235999999999999
2021-08-11,Tech,0.0
2021-08-12,Tech,0.1629266666666667
2021-08-13,Tech,0.029514999999999996
2021-08-16,Tech,0.042636
2021-08-17,Tech,-0.006553333333333336
2021-08-18,Tech,0.3925415
2021-08-19,Tech,0.03346095238095238
2021-08-20,Tech,-0.060712
2021-08-23,Tech,0.07296181818181818
2021-08-24,Tech,0.04804063492063492
2021-08-25,Tech,0.020237777777777778
2021-08-26,Tech,0.18797099999999997
2021-08-27,Tech,0.009515999999999991
2021-08-30,Tech,0.26983866666666667
2021-08-31,Tech,-0.012284999999999999
2021-09-01,Tech,-0.022919999999999986
2021-09-02,Tech,0.27054
2021-09-03,Tech,0.20415666666666668
2021-09-07,Tech,0.21198309523809522
2021-09-08,Tech,0.15569714285714284
2021-09-09,Tech,0.18607666666666667
2021-09-10,Tech,-0.07428083333333332
2021-09-13,Tech,0.07640966666666668
2021-09-14,Tech,0.183545
2021-09-15,Tech,0.08223357142857142
2021-09-16,Tech,0.20512333333333332
2021-09-17,Tech,0.015286666666666676
2021-09-20,Tech,0.3222725000000001
2021-09-21,Tech,0.1471267857142857
2021-09-22,Tech,0.05964266666666666
2021-09-23,Tech,0.035778333333333336
2021-09-24,Tech,0.17755000000000004
2021-09-27,Tech,0.17292816666666663
2021-09-28,Tech,0.05231799999999999
2021-09-29,Tech,0.15858533333333333
2021-09-30,Tech,0.14695666666666668
2021-10-01,Tech,-0.175696
2021-10-04,Tech,0.21309857142857144
2021-10-05,Tech,0.17464666666666667
2021-10-06,Tech,0.11159983333333334
2021-10-07,Tech,-0.010751666666666677
2021-10-08,Tech,0.04982433333333333
2021-10-11,Tech,0.14770666666666665
2021-10-12,Tech,0.23734644444444442
2021-10-13,Tech,0.10070083333333332
2021-10-14,Tech,0.06464933333333334
2021-10-15,Tech,0.12802
2021-10-18,Tech,0.09785378571428571
2021-10-19,Tech,0.29426
2021-10-20,Tech,0.1639133333333333
2021-10-21,Tech,0.08741000000000002
2021-10-22,Tech,0.14402866666666667
2021-10-25,Tech,-0.023834999999999995
2021-10-26,Tech,0.11590333333333336
2021-10-27,Tech,0.05613147619047619
2021-10-28,Tech,0.18946333333333337
2021-10-29,Tech,0.11705999999999998
2021-11-01,Tech,0.2724116666666667
2021-11-02,Tech,0.16831380952380953
2021-11-03,Tech,0.232504
2021-11-04,Tech,0.2716332139439508
2021-11-05,Tech,0.18756333333333336
2021-11-08,Tech,0.09077266666666667
2021-11-09,Tech,0.17348666666666665
2021-11-10,Tech,0.05466166666666668
2021-11-11,Tech,0.18658000000000002
2021-11-12,Tech,0.080515
2021-11-15,Tech,0.138435
2021-11-16,Tech,0.10046151515151516
2021-11-17,Tech,0.02733333333333333
2021-11-18,Tech,0.05198965517241379
2021-11-19,Tech,0.10038491228070172
2021-11-22,Tech,0.23181998484848482
2021-11-23,Tech,0.347388
2021-11-24,Tech,0.00015444444444445148
2021-11-26,Tech,-0.022366000000000007
2021-11-29,Tech,0.18495314285714287
2021-11-30,Tech,0.027702777777777778
2021-12-01,Tech,-0.05901999999999998
2021-12-02,Tech,0.20333636363636365
2021-12-03,Tech,0.19856190476190477
2021-12-06,Tech,0.1600473383838384
2021-12-07,Tech,0.32696821266968323
2021-12-08,Tech,0.03050261904761904
2021-12-09,Tech,0.16522336363636364
2021-12-10,Tech,0.08518227272727272
2021-12-13,Tech,0.11543700000000001
2021-12-14,Tech,0.05824833333333333
2021-12-15,Tech,0.19364736507936509
2021-12-16,Tech,-0.02920666666666667
2021-12-17,Tech,-0.05856142857142856
2021-12-20,Tech,-0.01737033333333334
2021-12-21,Tech,0.1093888888888889
2021-12-22,Tech,0.52873
2021-12-23,Tech,0.09976833333333332
2021-12-27,Tech,0.13521599999999998
2021-12-28,Tech,0.23573522727272725
2021-12-29,Tech,0.07783233333333332
2021-12-30,Tech,0.06608050000000001
2021-12-31,Tech,0.23881671428571433
2022-01-03,Tech,0.3057557142857143
2022-01-04,Tech,0.058800784313725485
2022-01-05,Tech,0.09602780303030305
2022-01-06,Tech,0.15982
2022-01-07,Tech,-0.0028439999999999937
2022-01-10,Tech,0.08660916666666667
2022-01-11,Tech,0.13293066666666667
2022-01-12,Tech,0.18367099999999997
2022-01-13,Tech,0.24163409523809526
2022-01-14,Tech,0.24400142857142856
2022-01-18,Tech,0.2017040238095238
2022-01-19,Tech,0.14205980952380953
2022-01-20,Tech,0.21126116666666667
2022-01-21,Tech,0.03432159090909091
2022-01-24,Tech,0.08157173271173271
2022-01-25,Tech,0.07825533333333333
2022-01-26,Tech,0.0951620255183413
2022-01-27,Tech,0.12289281818181819
2022-01-28,Tech,0.19390704761904762
2022-01-31,Tech,0.131981
2022-02-01,Tech,0.17070503703703704
2022-02-02,Tech,0.2523847757207332
2022-02-03,Tech,0.19647323809523806
2022-02-04,Tech,0.06856
2022-02-07,Tech,0.08168880952380952
2022-02-08,Tech,0.23008226190476191
2022-02-09,Tech,0.17285507692307692
2022-02-10,Tech,0.047835
2022-02-11,Tech,0.08517222222222222
2022-02-14,Tech,0.05243740384615384
2022-02-15,Tech,0.16081746405228758
2022-02-16,Tech,0.14331901960784316
2022-02-17,Tech,0.12773684444444444
2022-02-18,Tech,0.1863186666666667
2022-02-22,Tech,0.16903732142857145
2022-02-23,Tech,0.20915
2022-02-24,Tech,0.13220666666666664
2022-02-25,Tech,-0.03928285714285715
2022-02-28,Tech,0.16514893939393938
2022-03-01,Tech,0.15706
2022-03-02,Tech,0.171989
2022-03-03,Tech,0.09754242424242425
2022-03-04,Tech,0.03974504761904761
2022-03-07,Tech,0.008436023809523813
2022-03-08,Tech,0.12586166666666668
2022-03-09,Tech,0.09050028571428571
2022-03-10,Tech,0.311658
2022-03-11,Tech,0.077116
2022-03-14,Tech,0.21031666666666665
2022-03-15,Tech,0.13629367243867244
2022-03-16,Tech,0.17458344155844158
2022-03-17,Tech,0.10907616666666667
2022-03-18,Tech,0.139592
2022-03-21,Tech,0.14829399999999998
2022-03-22,Tech,0.15032252380952382
2022-03-23,Tech,0.08692315909090909
2022-03-24,Tech,0.13636971095571096
2022-03-25,Tech,0.10189166666666667
2022-03-28,Tech,0.265458
2022-03-29,Tech,0.12402733333333334
2022-03-30,Tech,0.12639033333333333
2022-03-31,Tech,0.11683198412698412
2022-04-01,Tech,0.09173765967365967
2022-04-04,Tech,0.1353476597744361
2022-04-05,Tech,0.010276871794871795
2022-04-06,Tech,0.1604772857142857
2022-04-07,Tech,0.2166512857142857
2022-04-08,Tech,0.3630026666666667
2022-04-11,Tech,0.18760926689976692
2022-04-12,Tech,0.12285428571428572
2022-04-13,Tech,0.159485
2022-04-14,Tech,0.03281333333333333
2022-04-18,Tech,0.085678
2022-04-19,Tech,0.16412088888888887
2022-04-20,Tech,0.14856399999999997
2022-04-21,Tech,0.09368238095238095
2022-04-22,Tech,0.07424333333333333
2022-04-25,Tech,0.18919838095238095
2022-04-26,Tech,0.11485266666666667
2022-04-27,Tech,0.1861591111111111
2022-04-28,Tech,0.07946795454545455
2022-04-29,Tech,0.013995238095238094
2022-05-02,Tech,0.09466034632034633
2022-05-03,Tech,0.02697158730158729
2022-05-04,Tech,-0.0311724358974359
2022-05-05,Tech,0.21654316666666668
2022-05-06,Tech,0.06498285714285715
2022-05-09,Tech,0.08239076923076923
2022-05-10,Tech,0.2668225641025641
2022-05-11,Tech,0.09972285714285714
2022-05-12,Tech,-0.01122428571428572
2022-05-13,Tech,0.12378454545454542
2022-05-16,Tech,0.005564888888888886
2022-05-17,Tech,0.21536326007326007
2022-05-18,Tech,0.16654999999999998
2022-05-19,Tech,0.14510454545454549
2022-05-20,Tech,0.34148750000000005
2022-05-23,Tech,0.20406453132832078
2022-05-24,Tech,0.30579999999999996
2022-05-25,Tech,0.04459040404040404
2022-05-26,Tech,0.25637315789473686
2022-05-27,Tech,0.023907777777777785
2022-05-31,Tech,0.3101844444444445
2022-06-01,Tech,0.13736611111111113
2022-06-02,Tech,0.21060904761904764
2022-06-03,Tech,0.09427733333333335
2022-06-06,Tech,0.10529166666666664
2022-06-07,Tech,0.11351533333333333
2022-06-08,Tech,0.053624000000000005
2022-06-09,Tech,0.004894999999999999
2022-06-10,Tech,0.13426666666666667
2022-06-13,Tech,0.11213424603174604
2022-06-14,Tech,0.16736857142857145
2022-06-15,Tech,0.286897
2022-06-16,Tech,0.07707776623376623
2022-06-17,Tech,0.12342166666666668
2022-06-21,Tech,0.15780165384615386
2022-06-22,Tech,0.2190495238095238
2022-06-23,Tech,0.18209999999999998
2022-06-24,Tech,-0.007395999999999997
2022-06-27,Tech,0.24051947619047623
2022-06-28,Tech,0.04377892857142858
2022-06-29,Tech,0.12208177777777778
2022-06-30,Tech,0.13774088888888888
2022-07-01,Tech,0.12401511904761904
2022-07-05,Tech,0.13549461111111114
2022-07-06,Tech,0.17681600000000003
2022-07-07,Tech,0.14166853968253967
2022-07-08,Tech,0.00993466666666667
2022-07-11,Tech,0.26200471428571426
2022-07-12,Tech,0.1912185714285714
2022-07-13,Tech,0.04907571428571429
2022-07-14,Tech,0.16608928571428572
2022-07-15,Tech,0.21099785714285715
2022-07-18,Tech,0.23656842857142854
2022-07-19,Tech,0.23101399999999997
2022-07-20,Tech,0.16100785714285715
2022-07-21,Tech,0.15313666666666664
2022-07-22,Tech,0.17646533333333334
2022-07-25,Tech,0.0905465
2022-07-26,Tech,0.017563333333333334
2022-07-27,Tech,0.09121116883116884
2022-07-28,Tech,0.030782121212121216
2022-07-29,Tech,0.24576248538011694
2022-08-01,Tech,0.2481516666666667
2022-08-02,Tech,-0.03183607142857145
2022-08-03,Tech,0.14003914285714286
2022-08-04,Tech,0.04576333333333335
2022-08-05,Tech,0.06471
2022-08-08,Tech,0.10865074074074073
2022-08-09,Tech,0.06874239316239315
2022-08-10,Tech,0.03555055555555556
2022-08-11,Tech,0.10286227272727273
2022-08-12,Tech,0.3185893333333333
2022-08-15,Tech,0.1286025714285714
2022-08-16,Tech,0.159864
2022-08-17,Tech,-0.001413333333333333
2022-08-18,Tech,0.126088
2022-08-19,Tech,0.16655999999999999
2022-08-22,Tech,0.2586555238095238
2022-08-23,Tech,0.23847999999999997
2022-08-24,Tech,0.15079462184873949
2022-08-25,Tech,0.16599866666666668
2022-08-26,Tech,0.15619952380952384
2022-08-29,Tech,0.049171666666666655
2022-08-30,Tech,0.15282549999999998
2022-08-31,Tech,0.07670333333333333
2022-09-01,Tech,0.005620805322128869
2022-09-02,Tech,0.2450288571428571
2022-09-06,Tech,0.11700205314009662
2022-09-07,Tech,0.13909833333333335
2022-09-08,Tech,0.05584583333333334
2022-09-09,Tech,0.152537
2022-09-12,Tech,0.019785357142857143
2022-09-13,Tech,0.026218333333333333
2022-09-14,Tech,0.05402033333333334
2022-09-15,Tech,-0.017066565217391298
2022-09-16,Tech,0.052740857142857145
2022-09-19,Tech,0.1027401111111111
2022-09-20,Tech,0.04795295238095238
2022-09-21,Tech,0.037326282051282064
2022-09-22,Tech,0.11015528571428572
2022-09-23,Tech,0.011062999999999995
2022-09-26,Tech,0.09190357142857142
2022-09-27,Tech,0.17474990476190477
2022-09-28,Tech,-0.014729837662337663
2022-09-29,Tech,0.1041266515151515
2022-09-30,Tech,-0.18413000000000002
2022-10-03,Tech,0.3400052380952381
2022-10-04,Tech,0.2801221212121212
2022-10-05,Tech,0.11079916666666664
2022-10-06,Tech,-0.11753133333333335
2022-10-07,Tech,0.046468165869218495
2022-10-10,Tech,0.030481575757575752
2022-10-11,Tech,0.00911166666666667
2022-10-12,Tech,-0.058606666666666654
2022-10-13,Tech,-0.01659178571428571
2022-10-14,Tech,0.06830666666666667
2022-10-17,Tech,0.047536
2022-10-18,Tech,0.13723266666666664
2022-10-19,Tech,-0.06347500000000002
2022-10-20,Tech,0.229245
2022-10-21,Tech,0.05730500000000001
2022-10-24,Tech,-0.00035071428571428753
2022-10-25,Tech,-0.03430733333333334
2022-10-26,Tech,0.25255666666666665
2022-10-27,Tech,0.009462666666666671
2022-10-28,Tech,0.13421606060606062
2022-10-31,Tech,0.12163349999999999
2022-11-01,Tech,0.12344
2022-11-02,Tech,0.08550311111111111
2022-11-03,Tech,0.048807142857142854
2022-11-04,Tech,0.060685
2022-11-07,Tech,0.18052266666666666
2022-11-08,Tech,0.11940309523809525
2022-11-09,Tech,-0.01908666666666666
2022-11-10,Tech,0.11337600000000003
2022-11-11,Tech,0.2357942857142857
2022-11-14,Tech,0.08626808302808303
2022-11-15,Tech,0.09203800000000001
2022-11-16,Tech,-0.009178111111111104
2022-11-17,Tech,0.03855133333333334
2022-11-18,Tech,0.228185
2022-11-21,Tech,0.17414999999999997
2022-11-22,Tech,0.004881666666666673
2022-11-23,Tech,0.144178
2022-11-25,Tech,-0.0030399999999999915
2022-11-28,Tech,0.06553576923076923
2022-11-29,Tech,-0.02973
2022-11-30,Tech,-0.01256666666666667
2022-12-01,Tech,0.23200600000000002
2022-12-02,Tech,0.1202465476190476
2022-12-05,Tech,0.15687833333333334
2022-12-06,Tech,0.026890666666666674
2022-12-07,Tech,0.2231222857142857
2022-12-08,Tech,0.073396
2022-12-09,Tech,0.14172500000000002
2022-12-12,Tech,0.16383309523809525
2022-12-13,Tech,0.16847992063492065
2022-12-14,Tech,0.021089999999999998
2022-12-15,Tech,-0.0853240476190476
2022-12-16,Tech,0.13416425000000004
2022-12-19,Tech,0.009087333333333331
2022-12-20,Tech,0.19227499999999997
2022-12-21,Tech,0.19665257142857145
2022-12-22,Tech,-0.14330257142857145
2022-12-23,Tech,0.018468499999999995
2022-12-27,Tech,-0.016656077922077916
2022-12-28,Tech,0.09398999999999999
2022-12-29,Tech,0.2581866666666667
2022-12-30,Tech,-0.003301428571428569
2023-01-03,Tech,0.11890129713423832
2023-01-04,Tech,0.05408907142857143
2023-01-05,Tech,0.2870495
2023-01-06,Tech,0.3261154761904762
2023-01-09,Tech,0.11263028571428571
2023-01-10,Tech,0.2389847619047619
2023-01-11,Tech,0.13915666666666665
2023-01-12,Tech,0.04092833333333334
2023-01-13,Tech,0.092365
2023-01-17,Tech,0.22343509523809524
2023-01-18,Tech,0.29341942857142855
2023-01-19,Tech,0.022946666666666664
2023-01-20,Tech,0.08836333333333332
2023-01-23,Tech,0.19466203007518795
2023-01-24,Tech,0.11316733333333333
2023-01-25,Tech,0.05969416666666667
2023-01-26,Tech,0.07139463492063493
2023-01-27,Tech,-0.02727424242424243
2023-01-30,Tech,0.11966589743589744
2023-01-31,Tech,0.011295090909090913
2023-02-01,Tech,-0.025462982456140353
2023-02-02,Tech,0.22849000000000003
2023-02-03,Tech,0.0710275
2023-02-06,Tech,0.29326166666666664
2023-02-07,Tech,0.11925466666666665
2023-02-08,Tech,0.10385157142857142
2023-02-09,Tech,0.266428
2023-02-10,Tech,0.030028888888888893
2023-02-13,Tech,0.22942171428571428
2023-02-14,Tech,0.2239948484848485
2023-02-15,Tech,0.013380000000000013
2023-02-16,Tech,0.2121595584415584
2023-02-17,Tech,0.15346424242424245
2023-02-21,Tech,0.1430931818181818
2023-02-22,Tech,0.1342835
2023-02-23,Tech,0.04055896951219513
2023-02-24,Tech,0.05104166666666665
2023-02-27,Tech,0.10251126984126983
2023-02-28,Tech,0.24236199999999997
2023-03-01,Tech,0.20849174603174606
2023-03-02,Tech,0.08521595238095236
2023-03-03,Tech,0.24547088888888888
2023-03-06,Tech,0.09256451282051283
2023-03-07,Tech,0.12011527777777778
2023-03-08,Tech,0.1268961111111111
2023-03-09,Tech,0.20922878787878788
2023-03-10,Tech,0.0731395
2023-03-13,Tech,0.05517
2023-03-14,Tech,0.1527366666666667
2023-03-15,Tech,0.0793832380952381
2023-03-16,Tech,0.1864455909090909
2023-03-17,Tech,0.12092208333333332
2023-03-20,Tech,0.08713633333333334
2023-03-21,Tech,0.13030833333333333
2023-03-22,Tech,0.06437714285714286
2023-03-23,Tech,0.1906661904761905
2023-03-24,Tech,0.06641785714285715
2023-03-27,Tech,0.16444310256410255
2023-03-28,Tech,0.14133777777777778
2023-03-29,Tech,0.23418583333333337
2023-03-30,Tech,0.2648641904761905
2023-03-31,Tech,0.16933316666666667
2023-04-03,Tech,0.1898023686198859
2023-04-04,Tech,0.13647562987012987
2023-04-05,Tech,0.08254052631578948
2023-04-06,Tech,0.29620846153846153
2023-04-10,Tech,0.22249157123578173
2023-04-11,Tech,0.09458399999999999
2023-04-12,Tech,0.16671966666666665
2023-04-13,Tech,0.09399544841269843
2023-04-14,Tech,0.19050790476190477
2023-04-17,Tech,0.1443394285714286
2023-04-18,Tech,0.24435047619047615
2023-04-19,Tech,0.030499999999999992
2023-04-20,Tech,0.07187277777777776
2023-04-21,Tech,0.11593957142857143
2023-04-24,Tech,0.27088555555555555
2023-04-25,Tech,0.27001571428571425
2023-04-26,Tech,0.11941550000000004
2023-04-27,Tech,0.09890333333333333
2023-04-28,Tech,0.09615499999999998
2023-05-01,Tech,0.17420055555555555
2023-05-02,Tech,0.11265874999999999
2023-05-03,Tech,0.10796708600223306
2023-05-04,Tech,0.051842833333333324
2023-05-05,Tech,0.05991666666666666
2023-05-08,Tech,0.21208542857142856
2023-05-09,Tech,-0.01859788034188034
2023-05-10,Tech,0.184524
2023-05-11,Tech,0.06287000000000001
2023-05-12,Tech,0.08672166666666667
2023-05-15,Tech,0.22351779220779217
2023-05-16,Tech,0.13737066666666667
2023-05-17,Tech,0.171459
2023-05-18,Tech,0.14961444444444444
2023-05-19,Tech,0.2919239705882353
2023-05-22,Tech,0.00880220146520146
2023-05-23,Tech,0.2219614285714286
2023-05-24,Tech,0.04599777777777778
2023-05-25,Tech,0.3572273415945756
2023-05-26,Tech,0.17488390243902438
2023-05-30,Tech,0.15725597993088786
2023-05-31,Tech,0.10008470568561871
2023-06-01,Tech,0.22715765765765766
2023-06-02,Tech,0.088992
2023-06-05,Tech,0.10237676623376624
2023-06-06,Tech,0.060568476190476186
2023-06-07,Tech,0.20251888888888891
2023-06-08,Tech,0.16391879653679653
2023-06-09,Tech,0.1771698596491228
2023-06-12,Tech,0.16904866666666668
2023-06-13,Tech,0.15138121008403366
2023-06-14,Tech,0.24245476337903585
2023-06-15,Tech,0.18034778173439464
2023-06-16,Tech,0.1574210760869565
2023-06-20,Tech,0.10686328014184399
2023-06-21,Tech,-0.016804966666666688
2023-06-22,Tech,0.1639350793650794
2023-06-23,Tech,0.1493463492063492
2023-06-26,Tech,0.1702004963924964
2023-06-27,Tech,0.20318155555555556
2023-06-28,Tech,-0.008230136147926673
2023-06-29,Tech,0.08675676785714286
2023-06-30,Tech,0.1266952688172043
2023-07-03,Tech,0.3145961428571429
2023-07-05,Tech,0.21055004761904766
2023-07-06,Tech,0.011849816849816846
2023-07-07,Tech,0.0713875
2023-07-10,Tech,0.14148135938330675
2023-07-11,Tech,0.15181025274725274
2023-07-12,Tech,0.1599219365079365
2023-07-13,Tech,0.15443361111111115
2023-07-14,Tech,0.12400588461538462
2023-07-17,Tech,0.13843413186813186
2023-07-18,Tech,0.30598301449275367
2023-07-19,Tech,0.22129
2023-07-20,Tech,0.08689126223776224
2023-07-21,Tech,0.10323028282828284
2023-07-24,Tech,0.18653421212121216
2023-07-25,Tech,0.037159809523809526
2023-07-26,Tech,0.12033010139860141
2023-07-27,Tech,0.16730975912754859
2023-07-28,Tech,0.2796331083202512
2023-07-31,Tech,0.23511955555555558
2023-08-01,Tech,0.24631474509803924
2023-08-02,Tech,-0.006431858888482922
2023-08-03,Tech,0.06383635642135642
2023-08-04,Tech,0.14418950000000003
2023-08-07,Tech,0.029003095238095244
2023-08-08,Tech,0.15127285714285713
2023-08-09,Tech,0.13865016666666669
2023-08-10,Tech,0.06379258823529411
2023-08-11,Tech,0.16630555555555557
2023-08-14,Tech,0.17415930735930737
2023-08-15,Tech,0.190201
2023-08-16,Tech,0.14806797979797978
2023-08-17,Tech,0.18912620268620267
2023-08-18,Tech,0.17756366666666668
2023-08-21,Tech,0.1254071109637489
2023-08-22,Tech,0.10866016666666667
2023-08-23,Tech,0.2420621255411255
2023-08-24,Tech,0.16523039061421668
2023-08-25,Tech,0.0671829976359338
2023-08-28,Tech,0.21176047711154097
2023-08-29,Tech,0.23895690476190476
2023-08-30,Tech,0.1507745284780579
2023-08-31,Tech,0.17286522222222225
2023-09-01,Tech,0.2427
2023-09-05,Tech,0.2393560428571428
2023-09-06,Tech,0.14868646666666666
2023-09-07,Tech,0.14049108333333335
2023-09-08,Tech,0.10105967365967368
2023-09-11,Tech,0.27822548913043477
2023-09-12,Tech,0.1065496
2023-09-13,Tech,0.365277619047619
2023-09-14,Tech,0.2382768425925926
2023-09-15,Tech,-0.025067237903225813
2023-09-18,Tech,0.19283435557545903
2023-09-19,Tech,0.11604937500000001
2023-09-20,Tech,0.002534619047619052
2023-09-21,Tech,0.16211845833333333
2023-09-22,Tech,0.06328436507936508
2023-09-25,Tech,0.0756984249084249
2023-09-26,Tech,-0.01217476190476191
2023-09-27,Tech,0.09970106666666669
2023-09-28,Tech,0.06092420512820512
2023-09-29,Tech,0.06998324675324674
2023-10-02,Tech,0.22133800166500167
2023-10-03,Tech,0.24850688034188034
2023-10-04,Tech,0.11952076923076924
2023-10-05,Tech,0.2431846153846154
2023-10-06,Tech,0.11352230769230771
2023-10-09,Tech,0.11177775757575759
2023-10-10,Tech,0.17389052747252748
2023-10-11,Tech,0.15404974891774897
2023-10-12,Tech,0.08799219999999999
2023-10-13,Tech,0.19177714285714284
2023-10-16,Tech,0.18835890476190476
2023-10-17,Tech,0.06245572867998874
2023-10-18,Tech,0.0409881633870006
2023-10-19,Tech,0.11711102564102564
2023-10-20,Tech,0.13230708937198069
2023-10-23,Tech,0.14306692129629628
2023-10-24,Tech,0.18755876123876125
2023-10-25,Tech,0.13032355555555558
2023-10-26,Tech,0.19034563025210086
2023-10-27,Tech,0.23412296984624564
2023-10-30,Tech,0.044543975357975364
2023-10-31,Tech,0.13841154838709677
2023-11-01,Tech,0.14852514837819186
2023-11-02,Tech,0.24246208888888887
2023-11-03,Tech,0.21998933333333331
2023-11-06,Tech,0.23301097402597404
2023-11-07,Tech,0.38697707070707077
2023-11-08,Tech,0.06236328571428571
2023-11-09,Tech,0.29916590476190474
2023-11-10,Tech,0.2843982826086956
2023-11-13,Tech,0.20870784126984127
2023-11-14,Tech,0.2989109623824452
2023-11-15,Tech,0.08756481962481963
2023-11-16,Tech,0.1226234126984127
2023-11-17,Tech,0.18463973333333333
2023-11-20,Tech,0.2446308510638298
2023-11-21,Tech,0.19823630116959062
2023-11-22,Tech,0.12836937908496732
2023-11-24,Tech,0.13475503367003366
2023-11-27,Tech,0.1937889052287582
2023-11-28,Tech,0.18220666666666668
2023-11-29,Tech,0.2456785714285714
2023-11-30,Tech,0.12474004761904763
2023-12-01,Tech,0.09266549019607843
2023-12-04,Tech,0.20389042016806727
2023-12-05,Tech,0.16850063725490197
2023-12-06,Tech,0.2126478888888889
2023-12-07,Tech,0.1674848
2023-12-08,Tech,0.2452100441977377
2023-12-11,Tech,0.14637587074829933
2023-12-12,Tech,0.13152723015873016
2023-12-13,Tech,0.19981740196078432
2023-12-14,Tech,0.175126
2023-12-15,Tech,0.10727262626262626
2023-12-18,Tech,0.13353224489795917
2023-12-19,Tech,0.042460000000000005
2023-12-20,Tech,-0.002587999999999999
2023-12-21,Tech,0.044662499999999994
2023-12-22,Tech,0.037912
2023-12-26,Tech,0.042546
2023-12-27,Tech,0.05445500000000001
2023-12-28,Tech,0.023710000000000002
2023-12-29,Tech,0.017925000000000003
2020-01-02,Utilities,0.15012
2020-01-03,Utilities,0.13314666666666666
2020-01-06,Utilities,0.06369
2020-01-07,Utilities,0.15012
2020-01-08,Utilities,0.16784000000000002
2020-01-09,Utilities,0.10533999999999999
2020-01-10,Utilities,0.24737666666666666
2020-01-13,Utilities,0.005279999999999999
2020-01-14,Utilities,0.20362
2020-01-15,Utilities,0.08146333333333335
2020-01-16,Utilities,0.09178833333333333
2020-01-17,Utilities,0.12024666666666665
2020-01-21,Utilities,0.26073
2020-01-22,Utilities,0.19008
2020-01-23,Utilities,0.00344
2020-01-24,Utilities,0.240125568627451
2020-01-27,Utilities,-0.007717142857142853
2020-01-28,Utilities,0.102406
2020-01-29,Utilities,0.20539000000000002
2020-01-30,Utilities,0.164468
2020-01-31,Utilities,0.12267999999999998
2020-02-03,Utilities,0.242585
2020-02-04,Utilities,0.17835
2020-02-05,Utilities,0.026563333333333335
2020-02-06,Utilities,0.18182666666666666
2020-02-07,Utilities,0.137325
2020-02-10,Utilities,0.15479166666666666
2020-02-11,Utilities,0.16124714285714287
2020-02-12,Utilities,0.29724466666666666
2020-02-13,Utilities,0.20264266666666667
2020-02-14,Utilities,0.1984495
2020-02-18,Utilities,0.2572261111111111
2020-02-19,Utilities,0.1097309090909091
2020-02-20,Utilities,0.09757158974358975
2020-02-21,Utilities,0.18161200000000002
2020-02-24,Utilities,0.06825066666666665
2020-02-25,Utilities,0.2300533333333333
2020-02-26,Utilities,0.14606333333333335
2020-02-27,Utilities,0.3354425
2020-02-28,Utilities,-0.13784666666666665
2020-03-02,Utilities,0.34369466666666665
2020-03-03,Utilities,0.0941
2020-03-04,Utilities,0.46869466666666676
2020-03-05,Utilities,0.11149333333333333
2020-03-06,Utilities,0.13833
2020-03-09,Utilities,-0.22972166666666666
2020-03-10,Utilities,0.25051
2020-03-11,Utilities,-0.02384333333333334
2020-03-12,Utilities,-0.06122226190476192
2020-03-13,Utilities,0.25538999999999995
2020-03-16,Utilities,0.1974215238095238
2020-03-17,Utilities,0.2780433333333333
2020-03-18,Utilities,0.30467000000000005
2020-03-19,Utilities,0.19074666666666668
2020-03-20,Utilities,0.10333166666666667
2020-03-23,Utilities,-0.005690000000000003
2020-03-24,Utilities,0.17538
2020-03-25,Utilities,0.3500166666666667
2020-03-26,Utilities,0.13745666666666667
2020-03-27,Utilities,0.276091
2020-03-30,Utilities,0.2757671428571428
2020-03-31,Utilities,-0.140875
2020-04-01,Utilities,-0.10577166666666667
2020-04-02,Utilities,0.08743999999999999
2020-04-03,Utilities,0.20486
2020-04-06,Utilities,0.35653166666666664
2020-04-07,Utilities,0.19143733333333332
2020-04-08,Utilities,0.06312999999999999
2020-04-09,Utilities,0.4081133333333333
2020-04-13,Utilities,0.06518285714285714
2020-04-14,Utilities,0.16247714285714285
2020-04-15,Utilities,0.0069560000000000064
2020-04-16,Utilities,0.22866333333333336
2020-04-17,Utilities,0.33688285714285715
2020-04-20,Utilities,0.06794933333333333
2020-04-21,Utilities,-0.11520999999999999
2020-04-22,Utilities,0.025926764705882354
2020-04-23,Utilities,0.14882333333333334
2020-04-24,Utilities,-0.018469999999999997
2020-04-27,Utilities,0.21788555555555558
2020-04-28,Utilities,0.21764999999999998
2020-04-29,Utilities,0.05824
2020-04-30,Utilities,0.11528000000000001
2020-05-01,Utilities,0.1125575
2020-05-04,Utilities,0.20693
2020-05-05,Utilities,0.07729109090909089
2020-05-06,Utilities,0.15351733333333334
2020-05-07,Utilities,0.18284333333333336
2020-05-08,Utilities,0.04327333333333332
2020-05-11,Utilities,0.19035833333333335
2020-05-12,Utilities,0.150917
2020-05-13,Utilities,0.21471999999999997
2020-05-14,Utilities,0.21146000000000004
2020-05-15,Utilities,0.06664190476190475
2020-05-18,Utilities,0.31097
2020-05-19,Utilities,0.05464
2020-05-20,Utilities,0.012036666666666666
2020-05-21,Utilities,0.300474
2020-05-22,Utilities,0.08719333333333333
2020-05-26,Utilities,0.21883
2020-05-27,Utilities,0.1654
2020-05-28,Utilities,0.09992000000000001
2020-05-29,Utilities,0.17097333333333334
2020-06-01,Utilities,0.07418666666666666
2020-06-02,Utilities,0.138435
2020-06-03,Utilities,0.0
2020-06-04,Utilities,-0.020128
2020-06-05,Utilities,0.12176499999999998
2020-06-08,Utilities,0.2972
2020-06-09,Utilities,0.14003666666666667
2020-06-10,Utilities,0.0
2020-06-11,Utilities,0.03088
2020-06-12,Utilities,0.05464
2020-06-15,Utilities,0.21602000000000002
2020-06-16,Utilities,0.10200000000000001
2020-06-17,Utilities,0.0
2020-06-18,Utilities,0.027390000000000005
2020-06-19,Utilities,0.24036
2020-06-22,Utilities,0.006393333333333318
2020-06-23,Utilities,0.05464
2020-06-24,Utilities,0.04046
2020-06-25,Utilities,0.04983
2020-06-26,Utilities,0.11438
2020-06-29,Utilities,0.059199999999999996
2020-06-30,Utilities,0.03612
2020-07-01,Utilities,0.20005
2020-07-02,Utilities,0.32296
2020-07-06,Utilities,0.17202101449275362
2020-07-07,Utilities,-0.006769999999999998
2020-07-08,Utilities,-0.05780166666666666
2020-07-09,Utilities,0.10533999999999999
2020-07-10,Utilities,0.21056
2020-07-13,Utilities,0.0162
2020-07-14,Utilities,0.10928
2020-07-15,Utilities,0.32062999999999997
2020-07-16,Utilities,0.28992
2020-07-17,Utilities,0.21832000000000001
2020-07-20,Utilities,0.02444999999999999
2020-07-21,Utilities,0.0598
2020-07-22,Utilities,0.0
2020-07-23,Utilities,0.06133000000000001
2020-07-24,Utilities,0.18126000000000003
2020-07-27,Utilities,-0.05918000000000001
2020-07-28,Utilities,0.04404
2020-07-29,Utilities,0.12192
2020-07-30,Utilities,0.10206
2020-07-31,Utilities,0.07941666666666666
2020-08-03,Utilities,0.15794666666666665
2020-08-04,Utilities,0.23578000000000002
2020-08-05,Utilities,0.04046
2020-08-06,Utilities,0.04137999999999999
2020-08-07,Utilities,0.0
2020-08-10,Utilities,0.04440333333333333
2020-08-11,Utilities,0.17962
2020-08-12,Utilities,0.13578
2020-08-13,Utilities,0.0
2020-08-14,Utilities,0.25476
2020-08-17,Utilities,0.22641
2020-08-18,Utilities,0.09152
2020-08-19,Utilities,0.0
2020-08-20,Utilities,0.18508
2020-08-21,Utilities,0.14562999999999998
2020-08-24,Utilities,0.04833999999999998
2020-08-25,Utilities,0.19329999999999997
2020-08-26,Utilities,0.259944
2020-08-27,Utilities,0.10846
2020-08-28,Utilities,0.0
2020-08-31,Utilities,0.050416666666666665
2020-09-01,Utilities,0.0
2020-09-02,Utilities,0.35608
2020-09-03,Utilities,0.12618000000000001
2020-09-04,Utilities,0.09176
2020-09-08,Utilities,-0.1447257142857143
2020-09-09,Utilities,0.1486
2020-09-10,Utilities,0.0
2020-09-11,Utilities,0.10846
2020-09-14,Utilities,0.10509499999999998
2020-09-15,Utilities,0.01429
2020-09-16,Utilities,0.04462000000000001
2020-09-17,Utilities,0.0
2020-09-18,Utilities,0.0
2020-09-21,Utilities,0.11148
2020-09-22,Utilities,0.12498000000000001
2020-09-23,Utilities,0.0
2020-09-24,Utilities,0.0
2020-09-25,Utilities,0.0
2020-09-28,Utilities,0.035075999999999996
2020-09-29,Utilities,0.05464
2020-09-30,Utilities,0.221216
2020-10-01,Utilities,0.17616
2020-10-02,Utilities,0.27648
2020-10-05,Utilities,0.210975
2020-10-06,Utilities,0.20806
2020-10-07,Utilities,0.22186000000000003
2020-10-08,Utilities,0.0
2020-10-09,Utilities,0.08092
2020-10-12,Utilities,0.19068000000000002
2020-10-13,Utilities,-0.008999999999999998
2020-10-14,Utilities,0.16392
2020-10-15,Utilities,0.11438
2020-10-16,Utilities,0.0
2020-10-19,Utilities,0.046755
2020-10-20,Utilities,0.0
2020-10-21,Utilities,0.14135
2020-10-22,Utilities,0.24764
2020-10-23,Utilities,0.10200333333333333
2020-10-26,Utilities,0.026265
2020-10-27,Utilities,0.11839999999999999
2020-10-28,Utilities,0.0
2020-10-29,Utilities,0.08932999999999999
2020-10-30,Utilities,0.08196
2020-11-02,Utilities,-0.029547500000000015
2020-11-03,Utilities,0.05106000000000001
2020-11-04,Utilities,0.044755
2020-11-05,Utilities,0.32974
2020-11-06,Utilities,0.17099999999999999
2020-11-09,Utilities,0.06902857142857143
2020-11-10,Utilities,0.05464
2020-11-11,Utilities,0.05913999999999999
2020-11-12,Utilities,0.18991000000000002
2020-11-13,Utilities,0.0
2020-11-16,Utilities,-0.07041
2020-11-17,Utilities,0.0
2020-11-18,Utilities,0.12498000000000001
2020-11-19,Utilities,0.022410000000000003
2020-11-20,Utilities,0.02121333333333333
2020-11-23,Utilities,0.12288666666666667
2020-11-24,Utilities,0.09176
2020-11-25,Utilities,0.15148
2020-11-27,Utilities,0.13616
2020-11-30,Utilities,0.12966666666666665
2020-12-01,Utilities,0.05464
2020-12-02,Utilities,0.23608500000000002
2020-12-03,Utilities,0.0
2020-12-04,Utilities,0.14176
2020-12-07,Utilities,0.05464
2020-12-08,Utilities,0.26243999999999995
2020-12-09,Utilities,0.22949999999999998
2020-12-10,Utilities,0.08180666666666667
2020-12-11,Utilities,0.028099999999999997
2020-12-14,Utilities,0.04239999999999999
2020-12-15,Utilities,0.0
2020-12-16,Utilities,0.0
2020-12-17,Utilities,0.16071333333333332
2020-12-18,Utilities,0.05464
2020-12-21,Utilities,0.37229
2020-12-22,Utilities,0.029599999999999998
2020-12-23,Utilities,0.11383999999999998
2020-12-24,Utilities,0.0
2020-12-28,Utilities,0.28291
2020-12-29,Utilities,0.0
2020-12-30,Utilities,0.0
2020-12-31,Utilities,0.08808
2021-01-04,Utilities,0.039224999999999996
2021-01-05,Utilities,0.18658000000000002
2021-01-06,Utilities,0.0
2021-01-07,Utilities,0.05464
2021-01-08,Utilities,0.08853333333333332
2021-01-11,Utilities,0.13816
2021-01-12,Utilities,0.23155
2021-01-13,Utilities,0.19206666666666666
2021-01-14,Utilities,-0.07636
2021-01-15,Utilities,0.08808
2021-01-19,Utilities,0.02732
2021-01-20,Utilities,0.10011
2021-01-21,Utilities,0.0
2021-01-22,Utilities,0.09966
2021-01-25,Utilities,0.14521666666666663
2021-01-26,Utilities,0.05185249999999999
2021-01-27,Utilities,0.3074
2021-01-28,Utilities,0.25178
2021-01-29,Utilities,0.19480000000000003
2021-02-01,Utilities,0.10162
2021-02-02,Utilities,0.05464
2021-02-03,Utilities,0.09574333333333333
2021-02-04,Utilities,0.06072666666666667
2021-02-05,Utilities,0.06764
2021-02-08,Utilities,0.10761000000000001
2021-02-09,Utilities,0.05464
2021-02-10,Utilities,0.07391
2021-02-11,Utilities,-0.022289999999999997
2021-02-12,Utilities,0.101024
2021-02-16,Utilities,0.373516
2021-02-17,Utilities,0.2889
2021-02-18,Utilities,0.22360666666666668
2021-02-19,Utilities,0.24300000000000002
2021-02-22,Utilities,0.16392
2021-02-23,Utilities,0.19460666666666668
2021-02-24,Utilities,-0.03188
2021-02-25,Utilities,0.019733333333333332
2021-02-26,Utilities,-0.18168
2021-03-01,Utilities,-0.026539999999999998
2021-03-02,Utilities,-0.05671999999999999
2021-03-03,Utilities,0.04046
2021-03-04,Utilities,0.11126
2021-03-05,Utilities,0.038939999999999995
2021-03-08,Utilities,-0.0020400000000000084
2021-03-09,Utilities,-0.0943
2021-03-10,Utilities,0.12688000000000002
2021-03-11,Utilities,0.0
2021-03-12,Utilities,0.20614
2021-03-15,Utilities,0.22638999999999995
2021-03-16,Utilities,0.04241999999999999
2021-03-17,Utilities,0.0
2021-03-18,Utilities,0.07224
2021-03-19,Utilities,0.0
2021-03-22,Utilities,0.0
2021-03-23,Utilities,0.02732
2021-03-24,Utilities,0.0
2021-03-25,Utilities,0.15650666666666666
2021-03-26,Utilities,0.059199999999999996
2021-03-29,Utilities,0.18748
2021-03-30,Utilities,0.059199999999999996
2021-03-31,Utilities,0.05464
2021-04-01,Utilities,0.042293333333333336
2021-04-05,Utilities,0.07334666666666667
2021-04-06,Utilities,0.0
2021-04-07,Utilities,0.05464
2021-04-08,Utilities,0.23976000000000003
2021-04-09,Utilities,0.05464
2021-04-12,Utilities,0.3252
2021-04-13,Utilities,0.06927333333333334
2021-04-14,Utilities,0.37318999999999997
2021-04-15,Utilities,0.07200999999999999
2021-04-16,Utilities,0.0
2021-04-19,Utilities,0.05994600000000001
2021-04-20,Utilities,0.19656
2021-04-21,Utilities,0.14033714285714285
2021-04-22,Utilities,0.16019500000000003
2021-04-23,Utilities,0.11383999999999998
2021-04-26,Utilities,0.11994
2021-04-27,Utilities,0.08685999999999999
2021-04-28,Utilities,0.13135
2021-04-29,Utilities,0.04939
2021-04-30,Utilities,0.21949000000000002
2021-05-03,Utilities,0.12954
2021-05-04,Utilities,0.25183
2021-05-05,Utilities,0.06298
2021-05-06,Utilities,0.0
2021-05-07,Utilities,0.14344
2021-05-10,Utilities,0.3552342857142857
2021-05-11,Utilities,0.0
2021-05-12,Utilities,0.24348
2021-05-13,Utilities,0.10533999999999999
2021-05-14,Utilities,0.10212000000000002
2021-05-17,Utilities,0.05464
2021-05-18,Utilities,0.01032
2021-05-19,Utilities,0.13816
2021-05-20,Utilities,0.20712000000000003
2021-05-21,Utilities,0.18658000000000002
2021-05-24,Utilities,0.17277333333333336
2021-05-25,Utilities,0.05464
2021-05-26,Utilities,0.08176
2021-05-27,Utilities,0.14538
2021-05-28,Utilities,0.07499
2021-06-01,Utilities,0.10569999999999999
2021-06-02,Utilities,0.28832
2021-06-03,Utilities,0.0
2021-06-04,Utilities,0.12493000000000001
2021-06-07,Utilities,0.0
2021-06-08,Utilities,0.12498000000000001
2021-06-09,Utilities,0.05464
2021-06-10,Utilities,0.0
2021-06-11,Utilities,0.0
2021-06-14,Utilities,0.161575
2021-06-15,Utilities,0.12498000000000001
2021-06-16,Utilities,0.0
2021-06-17,Utilities,0.08038
2021-06-18,Utilities,0.0
2021-06-21,Utilities,0.036991666666666666
2021-06-22,Utilities,0.0
2021-06-23,Utilities,-0.03295
2021-06-24,Utilities,0.21954
2021-06-25,Utilities,0.15928
2021-06-28,Utilities,0.30345
2021-06-29,Utilities,0.19247999999999998
2021-06-30,Utilities,0.06597
2021-07-01,Utilities,0.02732
2021-07-02,Utilities,0.05464
2021-07-06,Utilities,0.08856
2021-07-07,Utilities,0.059199999999999996
2021-07-08,Utilities,0.12696999999999997
2021-07-09,Utilities,0.02732
2021-07-12,Utilities,0.035066666666666656
2021-07-13,Utilities,0.06456
2021-07-14,Utilities,0.068
2021-07-15,Utilities,-0.07224
2021-07-16,Utilities,0.19391
2021-07-19,Utilities,-0.03196
2021-07-20,Utilities,0.11383999999999998
2021-07-21,Utilities,-0.03182
2021-07-22,Utilities,0.007945
2021-07-23,Utilities,0.13688
2021-07-26,Utilities,0.34800333333333333
2021-07-27,Utilities,0.0
2021-07-28,Utilities,0.0
2021-07-29,Utilities,0.008929999999999999
2021-07-30,Utilities,0.059199999999999996
2021-08-02,Utilities,-0.10217000000000001
2021-08-03,Utilities,0.059199999999999996
2021-08-04,Utilities,0.05106000000000001
2021-08-05,Utilities,0.26160666666666665
2021-08-06,Utilities,0.06651
2021-08-09,Utilities,0.16102
2021-08-10,Utilities,0.14616
2021-08-11,Utilities,0.02732
2021-08-12,Utilities,0.02411
2021-08-13,Utilities,0.14579999999999999
2021-08-16,Utilities,0.17188666666666666
2021-08-17,Utilities,0.059199999999999996
2021-08-18,Utilities,0.0
2021-08-19,Utilities,0.0
2021-08-20,Utilities,0.30866
2021-08-23,Utilities,-0.04626000000000001
2021-08-24,Utilities,-0.04646666666666667
2021-08-25,Utilities,0.00464
2021-08-26,Utilities,0.0
2021-08-27,Utilities,0.0
2021-08-30,Utilities,0.21960000000000002
2021-08-31,Utilities,-0.05464
2021-09-01,Utilities,0.10398
2021-09-02,Utilities,0.11827999999999998
2021-09-03,Utilities,0.0
2021-09-07,Utilities,0.07998999999999999
2021-09-08,Utilities,0.0
2021-09-09,Utilities,0.0
2021-09-10,Utilities,0.17099999999999999
2021-09-13,Utilities,0.021799999999999996
2021-09-14,Utilities,0.05423
2021-09-15,Utilities,0.43908
2021-09-16,Utilities,0.22460000000000005
2021-09-17,Utilities,-0.06364
2021-09-20,Utilities,0.09749
2021-09-21,Utilities,0.08481
2021-09-22,Utilities,0.1486
2021-09-23,Utilities,0.12162999999999999
2021-09-24,Utilities,0.0
2021-09-27,Utilities,0.24457
2021-09-28,Utilities,-0.008800000000000002
2021-09-29,Utilities,0.052669999999999995
2021-09-30,Utilities,-0.10760333333333331
2021-10-01,Utilities,0.0
2021-10-04,Utilities,-0.06014666666666667
2021-10-05,Utilities,0.01366
2021-10-06,Utilities,0.0
2021-10-07,Utilities,0.09878
2021-10-08,Utilities,0.0
2021-10-11,Utilities,0.15591666666666665
2021-10-12,Utilities,0.0
2021-10-13,Utilities,-0.07636
2021-10-14,Utilities,0.011210000000000003
2021-10-15,Utilities,0.22552
2021-10-18,Utilities,0.004260000000000009
2021-10-19,Utilities,0.09532
2021-10-20,Utilities,0.20095200000000002
2021-10-21,Utilities,0.0
2021-10-22,Utilities,0.09152
2021-10-25,Utilities,0.10384000000000002
2021-10-26,Utilities,0.05464
2021-10-27,Utilities,0.04404
2021-10-28,Utilities,-0.12023999999999999
2021-10-29,Utilities,0.05464
2021-11-01,Utilities,0.17616
2021-11-02,Utilities,0.0
2021-11-03,Utilities,0.010870000000000008
2021-11-04,Utilities,0.10202499999999999
2021-11-05,Utilities,0.10615333333333332
2021-11-08,Utilities,0.05464
2021-11-09,Utilities,-0.012599999999999995
2021-11-10,Utilities,0.0
2021-11-11,Utilities,-0.04215
2021-11-12,Utilities,0.0843
2021-11-15,Utilities,0.31565
2021-11-16,Utilities,0.06364
2021-11-17,Utilities,0.15012
2021-11-18,Utilities,0.059199999999999996
2021-11-19,Utilities,0.14368
2021-11-22,Utilities,0.14822666666666665
2021-11-23,Utilities,0.0
2021-11-24,Utilities,0.068
2021-11-26,Utilities,0.0
2021-11-29,Utilities,0.055545
2021-11-30,Utilities,0.14087
2021-12-01,Utilities,0.02732
2021-12-02,Utilities,0.0
2021-12-03,Utilities,0.16612
2021-12-06,Utilities,0.18571999999999997
2021-12-07,Utilities,0.16999
2021-12-08,Utilities,-0.059199999999999996
2021-12-09,Utilities,0.0
2021-12-10,Utilities,0.059199999999999996
2021-12-13,Utilities,0.13913999999999999
2021-12-14,Utilities,0.1089
2021-12-15,Utilities,0.05464
2021-12-16,Utilities,0.02054
2021-12-17,Utilities,0.0
2021-12-20,Utilities,0.17284000000000002
2021-12-21,Utilities,0.22258
2021-12-22,Utilities,0.0
2021-12-23,Utilities,0.09152
2021-12-27,Utilities,-0.02023
2021-12-28,Utilities,0.006780000000000008
2021-12-29,Utilities,0.12703000000000003
2021-12-30,Utilities,0.18761999999999998
2021-12-31,Utilities,0.05464
2022-01-03,Utilities,0.06651999999999998
2022-01-04,Utilities,0.20779999999999998
2022-01-05,Utilities,0.08158000000000001
2022-01-06,Utilities,0.059199999999999996
2022-01-07,Utilities,0.13541999999999998
2022-01-10,Utilities,0.45609
2022-01-11,Utilities,0.059199999999999996
2022-01-12,Utilities,0.0
2022-01-13,Utilities,0.16131
2022-01-14,Utilities,0.12777
2022-01-18,Utilities,0.3598733333333333
2022-01-19,Utilities,0.21400333333333332
2022-01-20,Utilities,0.32314
2022-01-21,Utilities,0.18672
2022-01-24,Utilities,0.051295
2022-01-25,Utilities,0.26943833333333334
2022-01-26,Utilities,0.20586
2022-01-27,Utilities,0.33357333333333333
2022-01-28,Utilities,0.2294866666666667
2022-01-31,Utilities,0.20747333333333332
2022-02-01,Utilities,0.3320000000000001
2022-02-02,Utilities,0.16009
2022-02-03,Utilities,0.22867999999999994
2022-02-04,Utilities,0.29282833333333336
2022-02-07,Utilities,0.14033333333333334
2022-02-08,Utilities,0.15626
2022-02-09,Utilities,0.21456000000000003
2022-02-10,Utilities,0.18905499999999997
2022-02-11,Utilities,0.147532
2022-02-14,Utilities,0.3044733333333333
2022-02-15,Utilities,0.2973
2022-02-16,Utilities,0.12082666666666667
2022-02-17,Utilities,0.126095
2022-02-18,Utilities,0.04326
2022-02-22,Utilities,0.07615933333333333
2022-02-23,Utilities,0.061996666666666665
2022-02-24,Utilities,0.08517999999999999
2022-02-25,Utilities,0.06364
2022-02-28,Utilities,0.19260000000000002
2022-03-01,Utilities,0.34095
2022-03-02,Utilities,0.0
2022-03-03,Utilities,0.03558
2022-03-04,Utilities,0.13294666666666669
2022-03-07,Utilities,0.154405
2022-03-08,Utilities,0.023079999999999996
2022-03-09,Utilities,0.007089999999999999
2022-03-10,Utilities,0.062360000000000006
2022-03-11,Utilities,0.13194
2022-03-14,Utilities,0.061453333333333325
2022-03-15,Utilities,0.0951
2022-03-16,Utilities,0.12118
2022-03-17,Utilities,0.03066
2022-03-18,Utilities,0.08038
2022-03-21,Utilities,0.12373666666666668
2022-03-22,Utilities,0.21328999999999998
2022-03-23,Utilities,0.05464
2022-03-24,Utilities,0.10928
2022-03-25,Utilities,0.028849999999999997
2022-03-28,Utilities,0.241248
2022-03-29,Utilities,0.025840000000000002
2022-03-30,Utilities,0.3454
2022-03-31,Utilities,0.23757
2022-04-01,Utilities,0.07793333333333333
2022-04-04,Utilities,0.11148
2022-04-05,Utilities,0.11148
2022-04-06,Utilities,0.23437000000000002
2022-04-07,Utilities,0.12236666666666667
2022-04-08,Utilities,0.0
2022-04-11,Utilities,0.1506
2022-04-12,Utilities,0.2871
2022-04-13,Utilities,0.09878
2022-04-14,Utilities,0.13502
2022-04-18,Utilities,0.113205
2022-04-19,Utilities,0.20424000000000003
2022-04-20,Utilities,-0.03558
2022-04-21,Utilities,0.14481333333333332
2022-04-22,Utilities,0.13095466666666666
2022-04-25,Utilities,0.2932766666666667
2022-04-26,Utilities,0.31673999999999997
2022-04-27,Utilities,0.016463333333333337
2022-04-28,Utilities,0.27087500000000003
2022-04-29,Utilities,0.18022666666666667
2022-05-02,Utilities,0.12993300000000002
2022-05-03,Utilities,0.40002666666666664
2022-05-04,Utilities,0.13774380952380955
2022-05-05,Utilities,0.20747333333333334
2022-05-06,Utilities,0.061031999999999996
2022-05-09,Utilities,0.10050166666666667
2022-05-10,Utilities,0.0
2022-05-11,Utilities,0.04526
2022-05-12,Utilities,0.063885
2022-05-13,Utilities,0.13271
2022-05-16,Utilities,0.10928
2022-05-17,Utilities,0.32948
2022-05-18,Utilities,0.0
2022-05-19,Utilities,0.12721
2022-05-20,Utilities,0.039828333333333334
2022-05-23,Utilities,0.16782
2022-05-24,Utilities,0.08252999999999999
2022-05-25,Utilities,0.12963
2022-05-26,Utilities,0.06777999999999999
2022-05-27,Utilities,0.10533999999999999
2022-05-31,Utilities,0.26872166666666664
2022-06-01,Utilities,0.34848
2022-06-02,Utilities,0.2118
2022-06-03,Utilities,0.11038
2022-06-06,Utilities,0.10792666666666666
2022-06-07,Utilities,0.14748
2022-06-08,Utilities,0.20766
2022-06-09,Utilities,0.12426666666666666
2022-06-10,Utilities,0.24257
2022-06-13,Utilities,0.126945
2022-06-14,Utilities,0.12183999999999999
2022-06-15,Utilities,0.08879999999999999
2022-06-16,Utilities,0.040064999999999996
2022-06-17,Utilities,0.15552000000000002
2022-06-21,Utilities,0.11584799999999999
2022-06-22,Utilities,0.43563333333333326
2022-06-23,Utilities,0.18939333333333336
2022-06-24,Utilities,0.06364
2022-06-27,Utilities,0.08827428571428572
2022-06-28,Utilities,0.20010333333333336
2022-06-29,Utilities,0.15225999999999998
2022-06-30,Utilities,0.1476
2022-07-01,Utilities,0.006889999999999996
2022-07-05,Utilities,0.16784
2022-07-06,Utilities,0.26114
2022-07-07,Utilities,0.27301
2022-07-08,Utilities,0.13102666666666668
2022-07-11,Utilities,0.13001333333333334
2022-07-12,Utilities,0.0
2022-07-13,Utilities,0.08038
2022-07-14,Utilities,0.10823
2022-07-15,Utilities,0.18021199999999998
2022-07-18,Utilities,0.235892
2022-07-19,Utilities,0.2523066666666667
2022-07-20,Utilities,0.13166
2022-07-21,Utilities,0.08896000000000001
2022-07-22,Utilities,0.299765
2022-07-25,Utilities,0.110575
2022-07-26,Utilities,0.21562800000000001
2022-07-27,Utilities,0.29637499999999994
2022-07-28,Utilities,0.30174095238095233
2022-07-29,Utilities,0.3322316666666667
2022-08-01,Utilities,0.10268666666666666
2022-08-02,Utilities,0.05558500000000001
2022-08-03,Utilities,0.30203800000000003
2022-08-04,Utilities,0.31154095238095236
2022-08-05,Utilities,0.1599066666666667
2022-08-08,Utilities,0.20318633333333333
2022-08-09,Utilities,0.10922799999999999
2022-08-10,Utilities,0.2993133333333333
2022-08-11,Utilities,0.014216666666666659
2022-08-12,Utilities,0.10837
2022-08-15,Utilities,0.20711
2022-08-16,Utilities,0.127495
2022-08-17,Utilities,0.26694000000000007
2022-08-18,Utilities,0.20391999999999996
2022-08-19,Utilities,0.056679999999999994
2022-08-22,Utilities,0.24993333333333334
2022-08-23,Utilities,0.0664
2022-08-24,Utilities,0.16128
2022-08-25,Utilities,0.09892
2022-08-26,Utilities,0.08196
2022-08-29,Utilities,0.28257000000000004
2022-08-30,Utilities,0.027044999999999996
2022-08-31,Utilities,0.13264
2022-09-01,Utilities,0.11444000000000001
2022-09-02,Utilities,0.05176666666666666
2022-09-06,Utilities,0.23159000000000002
2022-09-07,Utilities,0.14598000000000003
2022-09-08,Utilities,0.16333000000000003
2022-09-09,Utilities,0.255955
2022-09-12,Utilities,0.18919333333333335
2022-09-13,Utilities,0.00516
2022-09-14,Utilities,0.21115
2022-09-15,Utilities,0.29800166666666666
2022-09-16,Utilities,0.4491033333333333
2022-09-19,Utilities,0.156996
2022-09-20,Utilities,0.08849
2022-09-21,Utilities,0.23372
2022-09-22,Utilities,0.11233000000000001
2022-09-23,Utilities,0.11891
2022-09-26,Utilities,0.578216
2022-09-27,Utilities,0.12025333333333332
2022-09-28,Utilities,-0.052100000000000014
2022-09-29,Utilities,0.10533999999999999
2022-09-30,Utilities,0.011859999999999999
2022-10-03,Utilities,0.10855999999999999
2022-10-04,Utilities,0.09616499999999999
2022-10-05,Utilities,0.23001333333333332
2022-10-06,Utilities,0.07096
2022-10-07,Utilities,0.4069233333333333
2022-10-10,Utilities,0.2131
2022-10-11,Utilities,0.164
2022-10-12,Utilities,0.01366
2022-10-13,Utilities,0.05464
2022-10-14,Utilities,0.22474000000000002
2022-10-17,Utilities,-0.09215999999999999
2022-10-18,Utilities,0.27608
2022-10-19,Utilities,0.056966666666666665
2022-10-20,Utilities,0.12504666666666667
2022-10-21,Utilities,0.168755
2022-10-24,Utilities,0.2428533333333333
2022-10-25,Utilities,0.23234000000000005
2022-10-26,Utilities,0.16157333333333335
2022-10-27,Utilities,-0.011731333333333326
2022-10-28,Utilities,0.08113333333333331
2022-10-31,Utilities,0.4453566666666666
2022-11-01,Utilities,0.2412
2022-11-02,Utilities,0.25312999999999997
2022-11-03,Utilities,0.19197333333333333
2022-11-04,Utilities,0.264976
2022-11-07,Utilities,-0.017443333333333335
2022-11-08,Utilities,0.11383999999999998
2022-11-09,Utilities,0.12097
2022-11-10,Utilities,0.19267
2022-11-11,Utilities,0.11449000000000001
2022-11-14,Utilities,0.089155
2022-11-15,Utilities,0.0551
2022-11-16,Utilities,0.17726999999999998
2022-11-17,Utilities,0.0
2022-11-18,Utilities,0.063
2022-11-21,Utilities,0.10877500000000002
2022-11-22,Utilities,0.029599999999999998
2022-11-23,Utilities,0.26701
2022-11-25,Utilities,0.17414000000000002
2022-11-28,Utilities,0.10212000000000002
2022-11-29,Utilities,0.10366
2022-11-30,Utilities,0.12497
2022-12-01,Utilities,0.20027999999999996
2022-12-02,Utilities,0.22147999999999998
2022-12-05,Utilities,0.184995
2022-12-06,Utilities,-0.01531
2022-12-07,Utilities,0.21993999999999997
2022-12-08,Utilities,-0.04526
2022-12-09,Utilities,0.07700666666666667
2022-12-12,Utilities,0.26998
2022-12-13,Utilities,0.189545
2022-12-14,Utilities,0.0
2022-12-15,Utilities,0.31991
2022-12-16,Utilities,0.149225
2022-12-19,Utilities,0.1694
2022-12-20,Utilities,0.35536666666666666
2022-12-21,Utilities,0.20476
2022-12-22,Utilities,0.0
2022-12-23,Utilities,0.18372000000000002
2022-12-27,Utilities,0.10876533333333334
2022-12-28,Utilities,0.08196
2022-12-29,Utilities,0.008139999999999991
2022-12-30,Utilities,0.21200000000000002
2023-01-03,Utilities,0.11148
2023-01-04,Utilities,0.19595
2023-01-05,Utilities,0.14848666666666668
2023-01-06,Utilities,0.010180000000000003
2023-01-09,Utilities,0.05856666666666668
2023-01-10,Utilities,-0.02382
2023-01-11,Utilities,0.05424
2023-01-12,Utilities,0.14095333333333335
2023-01-13,Utilities,0.20404999999999998
2023-01-17,Utilities,0.16787000000000002
2023-01-18,Utilities,0.21139999999999998
2023-01-19,Utilities,0.16392
2023-01-20,Utilities,0.09290000000000001
2023-01-23,Utilities,0.22144
2023-01-24,Utilities,0.22630666666666666
2023-01-25,Utilities,0.274148
2023-01-26,Utilities,0.18915666666666667
2023-01-27,Utilities,0.24256666666666668
2023-01-30,Utilities,0.10631000000000002
2023-01-31,Utilities,0.18426666666666666
2023-02-01,Utilities,-0.022339999999999992
2023-02-02,Utilities,0.1380466666666667
2023-02-03,Utilities,0.32918333333333333
2023-02-06,Utilities,0.15500666666666668
2023-02-07,Utilities,0.20113666666666666
2023-02-08,Utilities,0.17082545454545456
2023-02-09,Utilities,0.192125
2023-02-10,Utilities,0.009059999999999999
2023-02-13,Utilities,0.18349000000000001
2023-02-14,Utilities,0.228714
2023-02-15,Utilities,0.17741999999999997
2023-02-16,Utilities,0.24668083333333338
2023-02-17,Utilities,0.21269999999999997
2023-02-21,Utilities,0.10038777777777778
2023-02-22,Utilities,0.10825
2023-02-23,Utilities,0.168908
2023-02-24,Utilities,0.15701
2023-02-27,Utilities,0.200435
2023-02-28,Utilities,0.18202000000000002
2023-03-01,Utilities,0.2122
2023-03-02,Utilities,0.05464
2023-03-03,Utilities,0.02286
2023-03-06,Utilities,0.14919333333333334
2023-03-07,Utilities,0.16859666666666667
2023-03-08,Utilities,-0.006190000000000001
2023-03-09,Utilities,0.03182
2023-03-10,Utilities,0.30009
2023-03-13,Utilities,0.13155
2023-03-14,Utilities,-6.666666666666488e-05
2023-03-15,Utilities,0.24938666666666665
2023-03-16,Utilities,0.15057
2023-03-17,Utilities,0.20836666666666664
2023-03-20,Utilities,0.11274333333333333
2023-03-21,Utilities,0.18307
2023-03-22,Utilities,0.05616
2023-03-23,Utilities,0.0903
2023-03-24,Utilities,0.13816
2023-03-27,Utilities,0.21529499999999996
2023-03-28,Utilities,0.34919
2023-03-29,Utilities,0.08314999999999999
2023-03-30,Utilities,0.24939999999999998
2023-03-31,Utilities,0.08556666666666667
2023-04-03,Utilities,0.25463500000000006
2023-04-04,Utilities,0.17614000000000002
2023-04-05,Utilities,0.08632666666666666
2023-04-06,Utilities,0.24689999999999998
2023-04-10,Utilities,0.21220000000000003
2023-04-11,Utilities,0.11949999999999998
2023-04-12,Utilities,0.18570666666666663
2023-04-13,Utilities,0.144018
2023-04-14,Utilities,0.17895666666666665
2023-04-17,Utilities,0.112165
2023-04-18,Utilities,0.21515266666666663
2023-04-19,Utilities,0.33002333333333334
2023-04-20,Utilities,0.15214133333333332
2023-04-21,Utilities,0.0
2023-04-24,Utilities,0.07454769230769231
2023-04-25,Utilities,0.13776380952380954
2023-04-26,Utilities,0.2711490476190476
2023-04-27,Utilities,0.2164373333333333
2023-04-28,Utilities,0.11031666666666666
2023-05-01,Utilities,0.012559999999999993
2023-05-02,Utilities,0.14272666666666667
2023-05-03,Utilities,0.33413666666666664
2023-05-04,Utilities,0.06556133333333332
2023-05-05,Utilities,0.22553333333333336
2023-05-08,Utilities,0.22151666666666667
2023-05-09,Utilities,0.07595619047619048
2023-05-10,Utilities,0.22721333333333332
2023-05-11,Utilities,0.27552
2023-05-12,Utilities,0.18289499999999997
2023-05-15,Utilities,0.23318666666666665
2023-05-16,Utilities,0.14686000000000002
2023-05-17,Utilities,0.046
2023-05-18,Utilities,0.10533999999999999
2023-05-19,Utilities,0.13228
2023-05-22,Utilities,0.20932399999999998
2023-05-23,Utilities,0.09176
2023-05-24,Utilities,0.13824
2023-05-25,Utilities,0.06572
2023-05-26,Utilities,0.13502
2023-05-30,Utilities,0.11841066666666666
2023-05-31,Utilities,0.07782
2023-06-01,Utilities,0.20501333333333333
2023-06-02,Utilities,0.17678
2023-06-05,Utilities,0.2200133333333333
2023-06-06,Utilities,0.0
2023-06-07,Utilities,0.24211
2023-06-08,Utilities,0.13725800000000002
2023-06-09,Utilities,0.22194833333333333
2023-06-12,Utilities,0.14737333333333333
2023-06-13,Utilities,0.06728800000000001
2023-06-14,Utilities,0.17223666666666668
2023-06-15,Utilities,0.030410000000000003
2023-06-16,Utilities,0.25682
2023-06-20,Utilities,-0.042835
2023-06-21,Utilities,0.14704
2023-06-22,Utilities,0.24081999999999998
2023-06-23,Utilities,0.09839
2023-06-26,Utilities,0.193812
2023-06-27,Utilities,0.24819500000000003
2023-06-28,Utilities,0.018213333333333335
2023-06-29,Utilities,0.18372
2023-06-30,Utilities,0.23101000000000002
2023-07-03,Utilities,0.09927666666666667
2023-07-05,Utilities,0.16346666666666668
2023-07-06,Utilities,0.29619866666666667
2023-07-07,Utilities,0.14570666666666668
2023-07-10,Utilities,0.129344
2023-07-11,Utilities,0.21282533333333334
2023-07-12,Utilities,0.05464
2023-07-13,Utilities,0.09738
2023-07-14,Utilities,0.17019666666666666
2023-07-17,Utilities,0.037495
2023-07-18,Utilities,0.197428
2023-07-19,Utilities,0.11074999999999999
2023-07-20,Utilities,0.23279333333333332
2023-07-21,Utilities,0.11046
2023-07-24,Utilities,0.10438933333333333
2023-07-25,Utilities,0.19424666666666668
2023-07-26,Utilities,0.3447
2023-07-27,Utilities,0.020531428571428572
2023-07-28,Utilities,0.15464
2023-07-31,Utilities,0.31244
2023-08-01,Utilities,0.060992000000000005
2023-08-02,Utilities,0.08574000000000001
2023-08-03,Utilities,0.15535166666666667
2023-08-04,Utilities,-0.06295333333333333
2023-08-07,Utilities,0.28652500000000003
2023-08-08,Utilities,-0.04829555555555556
2023-08-09,Utilities,0.16316
2023-08-10,Utilities,0.167595
2023-08-11,Utilities,0.12215000000000001
2023-08-14,Utilities,0.2265
2023-08-15,Utilities,0.04218
2023-08-16,Utilities,0.12574999999999997
2023-08-17,Utilities,0.2660133333333333
2023-08-18,Utilities,0.13364
2023-08-21,Utilities,-0.06842666666666666
2023-08-22,Utilities,0.14701999999999998
2023-08-23,Utilities,0.2244766666666667
2023-08-24,Utilities,0.123855
2023-08-25,Utilities,0.18229333333333334
2023-08-28,Utilities,0.11869666666666667
2023-08-29,Utilities,0.23727499999999999
2023-08-30,Utilities,0.15118499999999999
2023-08-31,Utilities,0.27703500000000003
2023-09-01,Utilities,0.27232
2023-09-05,Utilities,0.17883333333333334
2023-09-06,Utilities,0.3133836363636363
2023-09-07,Utilities,0.35197
2023-09-08,Utilities,0.20478333333333337
2023-09-11,Utilities,-0.011366666666666659
2023-09-12,Utilities,-0.020779999999999986
2023-09-13,Utilities,0.23975333333333335
2023-09-14,Utilities,0.32075000000000004
2023-09-15,Utilities,0.26319
2023-09-18,Utilities,0.2758466666666667
2023-09-19,Utilities,0.22810000000000002
2023-09-20,Utilities,0.07082666666666668
2023-09-21,Utilities,0.1406933333333333
2023-09-22,Utilities,0.07726999999999999
2023-09-25,Utilities,0.1554066666666667
2023-09-26,Utilities,0.09202
2023-09-27,Utilities,0.13160866666666665
2023-09-28,Utilities,0.026646666666666673
2023-09-29,Utilities,0.45051800000000003
2023-10-02,Utilities,0.2476747619047619
2023-10-03,Utilities,0.31491500000000006
2023-10-04,Utilities,0.20099333333333336
2023-10-05,Utilities,0.19683333333333336
2023-10-06,Utilities,0.1954173333333333
2023-10-09,Utilities,-0.025455
2023-10-10,Utilities,0.218452
2023-10-11,Utilities,0.043239999999999994
2023-10-12,Utilities,0.16394999999999998
2023-10-13,Utilities,0.39412
2023-10-16,Utilities,0.12526833333333334
2023-10-17,Utilities,0.18508666666666668
2023-10-18,Utilities,0.066755
2023-10-19,Utilities,0.08502
2023-10-20,Utilities,0.0374
2023-10-23,Utilities,-0.071295
2023-10-24,Utilities,0.11826916666666668
2023-10-25,Utilities,0.07269
2023-10-26,Utilities,0.3194488571428571
2023-10-27,Utilities,0.20822666666666664
2023-10-30,Utilities,0.048555
2023-10-31,Utilities,0.08138799999999999
2023-11-01,Utilities,0.12455333333333334
2023-11-02,Utilities,0.2872446984126984
2023-11-03,Utilities,0.09900571428571428
2023-11-06,Utilities,0.1684225
2023-11-07,Utilities,0.24653999999999998
2023-11-08,Utilities,0.085992
2023-11-09,Utilities,0.21963999999999997
2023-11-10,Utilities,0.136575
2023-11-13,Utilities,0.10107333333333332
2023-11-14,Utilities,0.16689500000000002
2023-11-15,Utilities,0.059199999999999996
2023-11-16,Utilities,0.31727833333333333
2023-11-17,Utilities,0.18742333333333333
2023-11-20,Utilities,0.02732
2023-11-21,Utilities,0.08522
2023-11-22,Utilities,0.19160800000000003
2023-11-24,Utilities,0.13369999999999999
2023-11-27,Utilities,0.106725
2023-11-28,Utilities,0.05464
2023-11-29,Utilities,0.121775
2023-11-30,Utilities,0.20323333333333332
2023-12-01,Utilities,0.16358
2023-12-04,Utilities,0.25952000000000003
2023-12-05,Utilities,0.12248
2023-12-06,Utilities,0.22004
2023-12-07,Utilities,0.16623000000000002
2023-12-08,Utilities,0.02732
2023-12-11,Utilities,0.14943066666666666
2023-12-12,Utilities,0.15844
2023-12-13,Utilities,0.167635
2023-12-14,Utilities,0.10205733333333333
2023-12-15,Utilities,0.12516666666666665
2023-12-18,Utilities,0.2731
2023-12-19,Utilities,0.0
2023-12-20,Utilities,0.0
2023-12-21,Utilities,0.0
2023-12-22,Utilities,0.0
2023-12-26,Utilities,0.0
2023-12-27,Utilities,0.0
2023-12-28,Utilities,0.0
2023-12-29,Utilities,0.0
